{"single": {"stat": {"0": "MAE", "1": "MSE", "2": "RMSD", "3": "RMSD_step", "4": "pearsonr", "5": "kendalltau", "6": "chisq", "7": "percentage_fulfilled"}, "value": {"0": 0.720746539269327, "1": -0.5229162370325425, "2": 0.8738374432350061, "3": 0.4223247671581952, "4": 0.608647778374693, "5": 0.5075282391050864, "6": 36.03897259269598, "7": 0.9154228855721394}, "up": {"0": 0.7917004209796918, "1": -0.4229477672951575, "2": 0.9521821620077965, "3": 0.5164001878414166, "4": 0.68362548870004, "5": 0.5699699093570074, "6": 42.887180717746006, "7": 0.0}, "low": {"0": 0.6514145382664759, "1": 0.0, "2": 0.7938877990391129, "3": 0.31290645209262463, "4": 0.5220293978198942, "5": 0.43942849625378166, "6": 29.83953180700394, "7": 0.0}}}