{"single": {"stat": {"0": "MAE", "1": "MSE", "2": "RMSD", "3": "RMSD_step", "4": "pearsonr", "5": "kendalltau", "6": "chisq", "7": "percentage_fulfilled"}, "value": {"0": 0.6492562593506166, "1": -0.3549507980580726, "2": 0.8045585550209454, "3": 0.4204356896770644, "4": 0.6581244215456356, "5": 0.5306304977882451, "6": 30.504874709448323, "7": 0.9203980099502488}, "up": {"0": 0.7160153809269437, "1": -0.25290904315507134, "2": 0.8744516492025461, "3": 0.518704854775969, "4": 0.7265042262367561, "5": 0.588974949068971, "6": 35.67187590574377, "7": 0.0}, "low": {"0": 0.5849830621788629, "1": 0.0, "2": 0.7340562961274187, "3": 0.30526067483708086, "4": 0.5795413951383148, "5": 0.4644293828897963, "6": 25.564622178142976, "7": 0.0}}}