{"single": {"stat": {"0": "MAE", "1": "MSE", "2": "RMSD", "3": "RMSD_step", "4": "pearsonr", "5": "kendalltau", "6": "chisq", "7": "percentage_fulfilled"}, "value": {"0": 0.720746539269327, "1": -0.5229162370325425, "2": 0.8738374432350061, "3": 0.4223247671581952, "4": 0.608647778374693, "5": 0.5075282391050864, "6": 36.03897259269598, "7": 0.9154228855721394}, "up": {"0": 0.7896963545272806, "1": -0.42759994198554047, "2": 0.9522597350920349, "3": 0.5187528097388391, "4": 0.6837895635711488, "5": 0.5675046017177455, "6": 42.87407433849589, "7": 0.0}, "low": {"0": 0.6528192104984, "1": 0.0, "2": 0.7943518661474085, "3": 0.31290645209262463, "4": 0.5240715651464831, "5": 0.4397700914728221, "6": 29.82782739333391, "7": 0.0}}}