{"single": {"fulfil": {"best": 0.775, "random": [0.6100000000000001, 0.7124999999999999, 0.7225, 0.7575, 0.755], "low_energy": [0.725, 0.725, 0.8, 0.725, 0.725], "LICUV": [0.775, 0.775, 0.825, 0.775, 0.8], "NAMFIS": [0.7, 0.85, 0.875, 0.875, 0.875]}, "rmsd": {"best": 0.40750804165232224, "random": [0.5955673554597858, 0.47816057803336703, 0.43208068550414624, 0.35322325503933216, 0.3313075208253525], "low_energy": [0.5358898026766042, 0.5347228260012012, 0.49314401293822335, 0.38501443081693787, 0.3438739084299803], "LICUV": [0.5374797003564814, 0.4197355802651115, 0.39171309250424896, 0.33888591059766937, 0.3448179795356901], "NAMFIS": [0.4898318893380588, 0.338477240522518, 0.31654461767481057, 0.268892781263884, 0.27009095637766045]}, "mae": {"best": 0.2982562391757964, "random": [0.412471076118946, 0.31661226801643233, 0.28776882198687825, 0.24135055392453966, 0.2257399096484219], "low_energy": [0.35257215070724474, 0.35611660354938607, 0.3131639287541339, 0.2685319189909212, 0.2518891021298308], "LICUV": [0.3311985661983489, 0.2586144944330881, 0.2334461791219949, 0.23731996180632384, 0.24393513797647967], "NAMFIS": [0.3218355817794799, 0.21254756635993033, 0.2007535951067872, 0.18224195925363734, 0.1825341074208219]}, "bundle-size": [1, 3, 5, 10, 30]}}