{"single": {"fulfil": {"best": 0.475, "random": [0.4225, 0.4125, 0.42250000000000004, 0.43, 0.425], "low_energy": [0.45, 0.45, 0.425, 0.425, 0.425], "LICUV": [0.475, 0.425, 0.45, 0.45, 0.475], "NAMFIS": [0.475, 0.425, 0.425, 0.425, 0.425]}, "rmsd": {"best": 1.6632369566516532, "random": [2.5948513879102433, 2.332845485741447, 2.079974115321529, 2.0505570660020727, 1.941252879857661], "low_energy": [1.6632369566516532, 1.6961953376428909, 1.8094455989390026, 1.8633000891598923, 1.961676344552277], "LICUV": [2.414216411128615, 1.6809166645127462, 1.6371211533511165, 1.565415763532289, 1.7172434215972978], "NAMFIS": [1.8480921018454246, 1.5046835617117418, 1.4552247233102795, 1.4552247245482153, 1.4552247532059237]}, "mae": {"best": 1.1985451756715773, "random": [1.7998958345890042, 1.6167577045907293, 1.4859386373540464, 1.4765798872187192, 1.4165302712760017], "low_energy": [1.1985451756715773, 1.2277076151237944, 1.2958162479341568, 1.3320077636880963, 1.3890282835134926], "LICUV": [1.6221833446025848, 1.192880933306512, 1.1813461251576387, 1.1645500905604134, 1.2760478722715631], "NAMFIS": [1.2978368935585018, 1.1067454458214894, 1.0860493091767114, 1.086049339929974, 1.0860494555002127]}, "bundle-size": [1, 3, 5, 10, 30]}}