{"single": {"fulfil": {"best": 0.775, "random": [0.6775, 0.7175, 0.7575, 0.7475, 0.7675], "low_energy": [0.725, 0.725, 0.8, 0.725, 0.725], "LICUV": [0.775, 0.775, 0.825, 0.775, 0.8], "NAMFIS": [0.7, 0.85, 0.875, 0.875, 0.875]}, "rmsd": {"best": 0.40750804165232224, "random": [0.61061243123179, 0.46320637474047405, 0.41436810563957616, 0.35444185945991424, 0.350889102144464], "low_energy": [0.5358898026766042, 0.5347228260012012, 0.49314401293822335, 0.38501443081693787, 0.3438739084299803], "LICUV": [0.5374797003564814, 0.4197355802651115, 0.39171309250424896, 0.33888591059766937, 0.3448179795356901], "NAMFIS": [0.4898318893380588, 0.3384782247353355, 0.3165414552314813, 0.2688903208487455, 0.27008385851737776]}, "rmsd_stepwise": {"best": 0.14195069566578392, "random": [0.29511422056116093, 0.3033548423955469, 0.2988143946897066, 0.28073648155729114, 0.2909648645136805], "low_energy": [0.2295593605148786, 0.35451022552248057, 0.29702693480558295, 0.242404620418011, 0.27732652235226257], "LICUV": [0.29116576034966757, 0.32710854467592254, 0.321830700835082, 0.3204333003918288, 0.31757676237407545], "NAMFIS": [0.3120857254024926, 0.2270132154743419, 0.21924871721403527, 0.2170483817032507, 0.2170483817032507]}, "mae": {"best": 0.2982562391757964, "random": [0.40418285105228413, 0.31436719074585506, 0.27739147146709014, 0.2464223999883044, 0.2425096918704039], "low_energy": [0.35257215070724474, 0.35611660354938607, 0.3131639287541339, 0.2685319189909212, 0.2518891021298308], "LICUV": [0.3311985661983489, 0.2586144944330881, 0.2334461791219949, 0.23731996180632384, 0.24393513797647967], "NAMFIS": [0.3218355817794799, 0.21254878491425405, 0.20075061717241272, 0.1822447281097441, 0.18253538812732276]}, "bundle-size": [1, 3, 5, 10, 30]}}