{"single": {"fulfil": {"best": 0.775, "random": [0.62, 0.6975, 0.75, 0.7500000000000001, 0.7625000000000001], "low_energy": [0.725, 0.725, 0.8, 0.725, 0.725], "LICUV": [0.775, 0.775, 0.825, 0.775, 0.8], "NAMFIS": [0.7, 0.85, 0.875, 0.875, 0.875]}, "rmsd": {"best": 0.40750804165232224, "random": [0.6419520097955578, 0.49422495936130895, 0.406506730958965, 0.37769570538447256, 0.34248957827876625], "low_energy": [0.5358898026766042, 0.5347228260012012, 0.49314401293822335, 0.38501443081693787, 0.3438739084299803], "LICUV": [0.5374797003564814, 0.4197355802651115, 0.39171309250424896, 0.33888591059766937, 0.3448179795356901], "NAMFIS": [0.4898318893380588, 0.3384808021837873, 0.3165479456708231, 0.2688732758826419, 0.2700639321458102]}, "mae": {"best": 0.2982562391757964, "random": [0.4333568807601928, 0.3338420190962755, 0.2736458373359348, 0.25774643171187056, 0.2376256298573062], "low_energy": [0.35257215070724474, 0.35611660354938607, 0.3131639287541339, 0.2685319189909212, 0.2518891021298308], "LICUV": [0.3311985661983489, 0.2586144944330881, 0.2334461791219949, 0.23731996180632384, 0.24393513797647967], "NAMFIS": [0.3218355817794799, 0.21255070616268107, 0.2007556360813662, 0.18219025867013883, 0.18247724595056805]}, "bundle-size": [1, 3, 5, 10, 30]}}