{"minimum_sasa": 8.627480506896973, "minimum_psa": 6.909364223480225}