{"single": {"fulfil": {"best": 0.75, "random": [0.6400000000000001, 0.7175, 0.715, 0.7649999999999999, 0.7849999999999999], "low_energy": [0.625, 0.65, 0.725, 0.775, 0.75], "LICUV": [0.75, 0.75, 0.8, 0.775, 0.8], "NAMFIS": [0.625, 0.825, 0.85, 0.85, 0.85]}, "rmsd": {"best": 0.4315203106920174, "random": [0.6224990505673091, 0.4935844747521414, 0.4321096562119708, 0.3261561194438626, 0.31344058556252324], "low_energy": [0.77152504118034, 0.7498230618604754, 0.48538464234067613, 0.3338619385931774, 0.2927497097881537], "LICUV": [0.5843015408259578, 0.4191130929387773, 0.37405846071323556, 0.3268075311951179, 0.3665815685170791], "NAMFIS": [0.45662690609924694, 0.2860478539549294, 0.268772777839774, 0.25342715543012784, 0.25342715542610994]}, "rmsd_stepwise": {"best": 0.14362276978251046, "random": [0.3083253663105753, 0.31148201125332053, 0.3027278568019298, 0.2691727986840216, 0.2809612515217672], "low_energy": [0.36121323342314027, 0.30929759132589446, 0.3142451272494134, 0.3063086678499321, 0.3343837615674542], "LICUV": [0.5010464050364997, 0.3390943821416097, 0.2625595170623225, 0.2685470163677117, 0.3302726146685493], "NAMFIS": [0.5098087876841669, 0.12511994245522973, 0.2237297476868018, 0.2243546299945691, 0.2243546299945691]}, "mae": {"best": 0.2994579949378967, "random": [0.4200758710503577, 0.32550412020165664, 0.2893088910659597, 0.22732017445500358, 0.21323948623803402], "low_energy": [0.48692105436325067, 0.45052761722116064, 0.3121387727460828, 0.23530965388946506, 0.20271894953930128], "LICUV": [0.37939744591712943, 0.26354604115981306, 0.2458914708414804, 0.22028458344139965, 0.24222206224901766], "NAMFIS": [0.31878722906112655, 0.22152194917908113, 0.20490660547450731, 0.19557341981049986, 0.19557341980726023]}, "bundle-size": [1, 3, 5, 10, 30]}}