{"single": {"fulfil": {"best": 0.75, "random": [0.625, 0.7050000000000001, 0.7500000000000001, 0.7775, 0.78], "low_energy": [0.625, 0.65, 0.725, 0.775, 0.75], "LICUV": [0.75, 0.75, 0.8, 0.775, 0.8], "NAMFIS": [0.625, 0.825, 0.85, 0.85, 0.85]}, "rmsd": {"best": 0.4315203106920174, "random": [0.6429025102408875, 0.46821839015886324, 0.4112950071007905, 0.3416661044163199, 0.3159948222101302], "low_energy": [0.77152504118034, 0.7498230618604754, 0.48538464234067613, 0.3338619385931774, 0.2927497097881537], "LICUV": [0.5843015408259578, 0.4191130929387773, 0.37405846071323556, 0.3268075311951179, 0.3665815685170791], "NAMFIS": [0.45662690609924694, 0.28605175522643744, 0.2687790815314504, 0.2534330880087791, 0.25343308799815056]}, "mae": {"best": 0.2994579949378967, "random": [0.4475647376537323, 0.31119472754648275, 0.27843704825855486, 0.23445611385116377, 0.21730548374876216], "low_energy": [0.48692105436325067, 0.45052761722116064, 0.3121387727460828, 0.23530965388946506, 0.20271894953930128], "LICUV": [0.37939744591712943, 0.26354604115981306, 0.2458914708414804, 0.22028458344139965, 0.24222206224901766], "NAMFIS": [0.31878722906112655, 0.2215249544204954, 0.20490244237714741, 0.19557168902774177, 0.1955716890203582]}, "bundle-size": [1, 3, 5, 10, 30]}}