{"single": {"fulfil": {"best": 0.5, "random": [0.41999999999999993, 0.43, 0.42749999999999994, 0.42000000000000004, 0.4175], "low_energy": [0.425, 0.425, 0.425, 0.425, 0.425], "LICUV": [0.5, 0.45, 0.425, 0.45, 0.425], "NAMFIS": [0.45, 0.475, 0.475, 0.475, 0.475]}, "rmsd": {"best": 1.5341472799594371, "random": [2.244391952547848, 2.075948882808354, 1.9455376580330583, 1.8948420857565051, 1.7424892097400615], "low_energy": [2.44276754599046, 2.2469030542027837, 2.060811142407291, 1.9116355090537809, 1.695013064649306], "LICUV": [1.8292226767207345, 1.560091231639128, 1.4897911970813633, 1.3246171694225601, 1.4432474944269245], "NAMFIS": [1.5341472799594371, 1.2145888362501895, 1.2145888365073891, 1.214588836947781, 1.214588839105177]}, "mae": {"best": 1.1375318542718884, "random": [1.586763996338844, 1.486115184800681, 1.4059604484268562, 1.3964588483635834, 1.3090368598452946], "low_energy": [1.742599586129188, 1.58578353858932, 1.4844919185874064, 1.389351224170141, 1.2916229995437667], "LICUV": [1.3039431784152984, 1.1881987291838176, 1.0960963499493417, 1.0265774968425827, 1.0937397477186406], "NAMFIS": [1.1439388453960417, 0.939996038487816, 0.9399960386974575, 0.9399960389508418, 0.9399960407949278]}, "bundle-size": [1, 3, 5, 10, 30]}}