{"single": {"fulfil": {"best": 0.75, "random": [0.6225, 0.7075000000000001, 0.7550000000000001, 0.7925, 0.7925000000000001], "low_energy": [0.625, 0.65, 0.725, 0.775, 0.75], "LICUV": [0.75, 0.75, 0.8, 0.775, 0.8], "NAMFIS": [0.625, 0.825, 0.85, 0.85, 0.85]}, "rmsd": {"best": 0.4315203106920174, "random": [0.6378738936316932, 0.47841079697031696, 0.37947297031994054, 0.34343498741323497, 0.303494148354404], "low_energy": [0.77152504118034, 0.7498230618604754, 0.48538464234067613, 0.3338619385931774, 0.2927497097881537], "LICUV": [0.5843015408259578, 0.4191130929387773, 0.37405846071323556, 0.3268075311951179, 0.3665815685170791], "NAMFIS": [0.45662690609924694, 0.28604894515977003, 0.2687733823557776, 0.25342472082629014, 0.2534247207407448]}, "mae": {"best": 0.2994579949378967, "random": [0.4215833162546157, 0.32066286810698336, 0.2627920084676023, 0.23271024419314296, 0.20613281235160308], "low_energy": [0.48692105436325067, 0.45052761722116064, 0.3121387727460828, 0.23530965388946506, 0.20271894953930128], "LICUV": [0.37939744591712943, 0.26354604115981306, 0.2458914708414804, 0.22028458344139965, 0.24222206224901766], "NAMFIS": [0.31878722906112655, 0.22152282407527846, 0.20490632850263504, 0.19557142459935375, 0.19557142453675516]}, "bundle-size": [1, 3, 5, 10, 30]}}