{"minimum_sasa": 8.232795715332031, "minimum_psa": 6.243232727050781}