{"single": {"stat": {"0": "MAE", "1": "MSE", "2": "RMSD", "3": "pearsonr", "4": "kendalltau", "5": "chisq", "6": "percentage_fulfilled"}, "value": {"0": 0.319556310505745, "1": -0.2304511149241527, "2": 0.42986788664332376, "3": 0.6005419360420666, "4": 0.41131689204037003, "5": 1.9868838971908587, "6": 0.3548387096774194}, "up": {"0": 0.42375849155437517, "1": -0.10631485235120278, "2": 0.5383827279837239, "3": 0.7888362667569666, "4": 0.6356495594141294, "5": 3.1143484904721284, "6": 0.0}, "low": {"0": 0.22368501999661916, "1": 0.0, "2": 0.3106249447118623, "3": 0.3282762686707226, "4": 0.15591531436382075, "5": 1.0442617386394912, "6": 0.0}, "most-populated-1": {"0": 0.4266232358255693, "1": 0.2895658213092433, "2": 0.5601661204685584, "3": NaN, "4": NaN, "5": NaN, "6": 0.25806451612903225}}}