{"single": {"stat": {"0": "MAE", "1": "MSE", "2": "RMSD", "3": "RMSD_step", "4": "pearsonr", "5": "kendalltau", "6": "chisq", "7": "percentage_fulfilled"}, "value": {"0": 0.21345170454975573, "1": 0.031145838303074047, "2": 0.29860464188396324, "3": 0.17820792495321028, "4": 0.6980543507857335, "5": 0.4173913043478262, "6": 0.960582276833463, "7": 0.6129032258064516}, "up": {"0": 0.2901119394076268, "1": 0.13421874970308995, "2": 0.3802059730073823, "3": 0.26511120612301736, "4": 0.8527847282364793, "5": 0.6883635572217663, "6": 1.5236523809958047, "7": 0.0}, "low": {"0": 0.14417291607831478, "1": 0.0, "2": 0.21014319414878677, "3": 0.07727099332291985, "4": 0.33754656051538007, "5": 0.09750958607768412, "6": 0.49446894404271763, "7": 0.0}, "most-populated-1": {"0": 0.4266232358255693, "1": 0.2895658213092433, "2": 0.5601661204685584, "3": 0.17820792495321028, "4": NaN, "5": NaN, "6": NaN, "7": 0.25806451612903225}}}