{"single": {"fulfil": {"best": 0.9583333333333334, "random": [0.8375, 0.861111111111111, 0.8819444444444444, 0.9111111111111111, 0.9166666666666667], "low_energy": [0.8888888888888888, 0.8333333333333334, 0.8611111111111112, 0.875, 0.8888888888888888], "LICUV": [0.9583333333333334, 0.9583333333333334, 0.9444444444444444, 0.9444444444444444, 0.9027777777777778], "NAMFIS": [0.9166666666666666, 0.9305555555555556, 0.9583333333333334, 0.9305555555555556, 0.9444444444444444]}, "rmsd": {"best": 0.7847576008297865, "random": [1.4191426869056873, 1.0442727258401534, 1.0058248990732097, 0.937133380750728, 0.9454564020113112], "low_energy": [1.0660487257286462, 1.1094867334311267, 1.0003448251682723, 0.9460509884127124, 0.9325993848261099], "LICUV": [0.9580925256404155, 0.9113535119779506, 0.8938635127446728, 0.8989680742557007, 0.8643809876740692], "NAMFIS": [0.791426626871918, 0.7383122120501158, 0.8069394984062576, 0.8122122139050154, 0.80433614012603]}, "rmsd_stepwise": {"best": 0.3018461712712472, "random": [0.6176074055369629, 0.5758780592347217, 0.5272373868926203, 0.4597461167786207, 0.44523749613595937], "low_energy": [0.5185449728701348, 0.641179468722378, 0.5830951894845299, 0.5517648452415614, 0.5185449728701348], "LICUV": [0.3018461712712472, 0.3018461712712472, 0.35590260840104365, 0.35590260840104365, 0.4830458915396479], "NAMFIS": [0.40824829046386296, 0.402768199119819, 0.3018461712712472, 0.402768199119819, 0.37712361663282523]}, "mae": {"best": 0.5844417492548624, "random": [0.9328953138987222, 0.7684988238929367, 0.7854200726779257, 0.7457355123421158, 0.7653164133690168], "low_energy": [0.7229994383123186, 0.8372360379745882, 0.7720864699843317, 0.7541076496174905, 0.7639227495166966], "LICUV": [0.6794639216528998, 0.7148372941509662, 0.6752069729476377, 0.6747431712951412, 0.7071102830094325], "NAMFIS": [0.6008220473925273, 0.5785322241279124, 0.6596068301687557, 0.6703812610907032, 0.6647682968854957]}, "bundle-size": [1, 3, 5, 10, 30]}}