{"cis": {"fulfil": {"best": 0.8974358974358975, "random": [0.7538461538461538, 0.7846153846153846, 0.8128205128205128, 0.8076923076923077, 0.8205128205128205], "low_energy": [0.6923076923076923, 0.7435897435897436, 0.7692307692307693, 0.8205128205128205, 0.8205128205128205], "LICUV": [0.8974358974358975, 0.9230769230769231, 0.9230769230769231, 0.9487179487179487, 0.8974358974358975], "NAMFIS": [0.7948717948717948, 0.8461538461538461, 0.8717948717948718, 0.8717948717948718, 0.8717948717948718]}, "rmsd": {"best": 0.47525419874825536, "random": [0.8087066868442078, 0.6480031006904217, 0.552416718729702, 0.49729054553305285, 0.37797502678330697], "low_energy": [1.0307481182467408, 0.5550441091763678, 0.514595734888609, 0.37695937865292367, 0.30843317180344065], "LICUV": [0.47525419874825536, 0.41464582228702485, 0.3635567244235337, 0.30266806109575983, 0.32869752054123863], "NAMFIS": [0.661675217623937, 0.5727292388019793, 0.5232217471917844, 0.5235042268809339, 0.5235042268726812]}, "mae": {"best": 0.34116161346435525, "random": [0.5278365962321941, 0.4094180467717683, 0.3630336935528271, 0.33276078220927563, 0.2893586715315748], "low_energy": [0.6390252392108624, 0.40725076695131, 0.3642089539394471, 0.2755941774064688, 0.2361581019033521], "LICUV": [0.3493455170362422, 0.31104620158979535, 0.25938921493820233, 0.24840826228585527, 0.26663224166766014], "NAMFIS": [0.4567943286895751, 0.37535272063592384, 0.33590326234424916, 0.34290685546711214, 0.3429068554643461]}, "bundle-size": [1, 3, 5, 10, 30]}, "trans": {"fulfil": {"best": 0.9347826086956522, "random": [0.8043478260869567, 0.917391304347826, 0.9217391304347826, 0.9369565217391305, 0.9456521739130436], "low_energy": [0.782608695652174, 0.8478260869565217, 0.8913043478260869, 0.9347826086956522, 0.9782608695652174], "LICUV": [0.9347826086956522, 0.9782608695652174, 0.9782608695652174, 0.9565217391304348, 0.9782608695652174], "NAMFIS": [0.8913043478260869, 0.9130434782608695, 0.8695652173913043, 0.8695652173913043, 0.8695652173913043]}, "rmsd": {"best": 0.37804904381252913, "random": [0.9224536827516413, 0.5713301403968607, 0.4912961900699194, 0.4896698522629461, 0.48581941297189185], "low_energy": [0.5731290004913941, 0.4221827738467701, 0.41350997311740056, 0.44188162527441577, 0.45979983635838], "LICUV": [0.44938552479651117, 0.458378558581626, 0.497790853623807, 0.5210764418320095, 0.49145330590798914], "NAMFIS": [0.5801911174651261, 0.49702058153445305, 0.5465321345406519, 0.5277579631443335, 0.5276441848971929]}, "mae": {"best": 0.2602919833556465, "random": [0.5413864124339558, 0.3847296657540783, 0.3492986072052239, 0.3431502218885614, 0.35135034160652573], "low_energy": [0.4033450510190879, 0.3179956798742896, 0.30013595053249953, 0.3197965304148191, 0.3205585147297029], "LICUV": [0.28662861181342075, 0.33324339195079455, 0.3450831116571487, 0.37559004646209543, 0.3483085080957506], "NAMFIS": [0.3661250259565269, 0.33539944817522055, 0.3800073499777975, 0.3667752668395294, 0.36653501532712485]}, "bundle-size": [1, 3, 5, 10, 30]}}