{"cis": {"fulfil": {"best": 0.5897435897435898, "random": [0.5384615384615385, 0.5641025641025641, 0.5743589743589743, 0.5641025641025641, 0.5641025641025641], "low_energy": [0.5128205128205128, 0.48717948717948717, 0.5384615384615384, 0.5641025641025641, 0.5641025641025641], "LICUV": [0.5897435897435898, 0.5641025641025641, 0.5641025641025641, 0.5641025641025641, 0.5641025641025641], "NAMFIS": [0.5217391304347826, 0.5869565217391305, 0.6086956521739131, 0.6086956521739131, 0.6086956521739131]}, "rmsd": {"best": 2.1719562211661514, "random": [2.3223056426458566, 2.2023477838349996, 2.1562022125447786, 2.123009188817069, 2.123009188817069], "low_energy": [2.3885547962260563, 2.246154295902065, 2.1449901252975065, 2.123009188817069, 2.123009188817069], "LICUV": [2.1719562211661514, 2.1003222890420425, 2.1290273691375248, 2.123009188817069, 2.123009188817069], "NAMFIS": [1.9682734751131659, 1.8180810945555737, 1.7382747723068581, 1.7393808269358964, 1.7393808269358964]}, "mae": {"best": 1.4443332236852398, "random": [1.5426697545907435, 1.467904754080752, 1.433740728202342, 1.4236738817476138, 1.4236738817476138], "low_energy": [1.6085273745121098, 1.5230868411137726, 1.4581575338953232, 1.4236738817476136, 1.4236738817476136], "LICUV": [1.4443332236852398, 1.3910866208204449, 1.4132662787383514, 1.4236738817476133, 1.4236738817476133], "NAMFIS": [1.4044565986550368, 1.312275399586033, 1.2293411142741106, 1.231973841322334, 1.231973841322334]}, "bundle-size": [1, 3, 5, 10, 30]}, "trans": {"fulfil": {"best": 0.6956521739130435, "random": [0.5826086956521739, 0.5847826086956522, 0.6043478260869566, 0.5826086956521739, 0.5891304347826087], "low_energy": [0.5434782608695652, 0.5652173913043478, 0.5652173913043478, 0.6304347826086957, 0.6086956521739131], "LICUV": [0.6956521739130435, 0.7391304347826086, 0.6956521739130435, 0.6739130434782609, 0.6739130434782609], "NAMFIS": [0.5434782608695652, 0.5434782608695652, 0.5434782608695652, 0.5434782608695652, 0.5434782608695652]}, "rmsd": {"best": 1.4047749032828611, "random": [1.872191673612497, 1.7689121545668134, 1.6665364660332351, 1.5760556366665244, 1.4828208152704156], "low_energy": [2.1078599320880205, 1.8678946931602165, 1.7374822827328937, 1.6137467931329248, 1.4779405702859794], "LICUV": [1.4273240546146566, 1.2652395604606455, 1.3652400188603386, 1.4066487177783682, 1.341402556097592], "NAMFIS": [2.0130482065393873, 1.863208298721154, 1.7765809687509004, 1.7765809686830987, 1.7765809675125028]}, "mae": {"best": 0.9398220383602637, "random": [1.302610101824221, 1.2525262989425678, 1.1588821480427212, 1.1360362997067888, 1.0723911078779023], "low_energy": [1.5015450483819708, 1.304921185541083, 1.2283813162690838, 1.1184817494209967, 1.05937782441102], "LICUV": [0.971840981815172, 0.8451856655476963, 0.9195853881128274, 0.9439906664186021, 0.9399801313049495], "NAMFIS": [1.3755770536091014, 1.2801787787704821, 1.2460889294214699, 1.246088929351744, 1.2460889287019707]}, "bundle-size": [1, 3, 5, 10, 30]}}