{"cis": {"fulfil": {"best": 0.8974358974358975, "random": [0.7205128205128205, 0.7948717948717949, 0.8128205128205129, 0.8205128205128205, 0.8256410256410256], "low_energy": [0.6923076923076923, 0.7435897435897436, 0.7692307692307693, 0.8205128205128205, 0.8205128205128205], "LICUV": [0.8974358974358975, 0.9230769230769231, 0.9230769230769231, 0.9487179487179487, 0.8974358974358975], "NAMFIS": [0.7948717948717948, 0.8461538461538461, 0.8717948717948718, 0.8717948717948718, 0.8717948717948718]}, "rmsd": {"best": 0.47525419874825536, "random": [0.8546476874811407, 0.6317018221516961, 0.5048481087249929, 0.4304231221348441, 0.3696813165008477], "low_energy": [1.0307481182467408, 0.5550441091763678, 0.514595734888609, 0.37695937865292367, 0.30843317180344065], "LICUV": [0.47525419874825536, 0.41464582228702485, 0.3635567244235337, 0.30266806109575983, 0.32869752054123863], "NAMFIS": [0.661675217623937, 0.5727368871171961, 0.5232237482273676, 0.523519425609801, 0.5235194256007724]}, "mae": {"best": 0.34116161346435525, "random": [0.5514221482888245, 0.4038729942169862, 0.34472678106554033, 0.3064966086121298, 0.28266912589420434], "low_energy": [0.6390252392108624, 0.40725076695131, 0.3642089539394471, 0.2755941774064688, 0.2361581019033521], "LICUV": [0.3493455170362422, 0.31104620158979535, 0.25938921493820233, 0.24840826228585527, 0.26663224166766014], "NAMFIS": [0.4567943286895751, 0.3753553674945439, 0.3358977912631818, 0.3429014158296017, 0.3429014158249491]}, "bundle-size": [1, 3, 5, 10, 30]}, "trans": {"fulfil": {"best": 0.9347826086956522, "random": [0.8130434782608695, 0.8891304347826086, 0.8956521739130434, 0.9282608695652174, 0.9413043478260871], "low_energy": [0.782608695652174, 0.8478260869565217, 0.8913043478260869, 0.9347826086956522, 0.9782608695652174], "LICUV": [0.9347826086956522, 0.9782608695652174, 0.9782608695652174, 0.9565217391304348, 0.9782608695652174], "NAMFIS": [0.8913043478260869, 0.9130434782608695, 0.8695652173913043, 0.8695652173913043, 0.8695652173913043]}, "rmsd": {"best": 0.37804904381252913, "random": [0.797040962518526, 0.5662446610170176, 0.5034107754427544, 0.5178819984614673, 0.4824147586846923], "low_energy": [0.5731290004913941, 0.4221827738467701, 0.41350997311740056, 0.44188162527441577, 0.45979983635838], "LICUV": [0.44938552479651117, 0.458378558581626, 0.497790853623807, 0.5210764418320095, 0.49145330590798914], "NAMFIS": [0.5801911174651261, 0.49701501503739026, 0.5465229436132784, 0.5277120585805496, 0.5275995335289432]}, "mae": {"best": 0.2602919833556465, "random": [0.5000238640826681, 0.37835366053327885, 0.36208629389560226, 0.36166676652472796, 0.3463635846190567], "low_energy": [0.4033450510190879, 0.3179956798742896, 0.30013595053249953, 0.3197965304148191, 0.3205585147297029], "LICUV": [0.28662861181342075, 0.33324339195079455, 0.3450831116571487, 0.37559004646209543, 0.3483085080957506], "NAMFIS": [0.3661250259565269, 0.3353837512292703, 0.38000033107800596, 0.36673278669872367, 0.36649627108192534]}, "bundle-size": [1, 3, 5, 10, 30]}}