{"cis": {"fulfil": {"best": 0.8974358974358975, "random": [0.7435897435897436, 0.7769230769230769, 0.8025641025641026, 0.8128205128205128, 0.8205128205128205], "low_energy": [0.6923076923076923, 0.7435897435897436, 0.7692307692307693, 0.8205128205128205, 0.8205128205128205], "LICUV": [0.8974358974358975, 0.9230769230769231, 0.9230769230769231, 0.9487179487179487, 0.8974358974358975], "NAMFIS": [0.7948717948717948, 0.8461538461538461, 0.8717948717948718, 0.8717948717948718, 0.8717948717948718]}, "rmsd": {"best": 0.47525419874825536, "random": [0.8475570267368189, 0.5602173911937445, 0.5138891590057801, 0.5018035094919349, 0.3799971444308584], "low_energy": [1.0307481182467408, 0.5550441091763678, 0.514595734888609, 0.37695937865292367, 0.30843317180344065], "LICUV": [0.47525419874825536, 0.41464582228702485, 0.3635567244235337, 0.30266806109575983, 0.32869752054123863], "NAMFIS": [0.661675217623937, 0.5727293189600965, 0.5232208912192762, 0.5235039021483245, 0.5235039021471656]}, "rmsd_stepwise": {"best": 0.08882422861890553, "random": [0.2718137331088558, 0.18507680237556642, 0.19546616750972462, 0.20641557350296152, 0.12003328579402237], "low_energy": [0.29313513117367074, 0.2843210536320896, 0.12327788081174945, 0.10809539946091781, 0.10284416890093032], "LICUV": [0.08882422861890553, 0.07063811711635297, 0.06660253325435485, 0.05322906474223778, 0.0761072118284969], "NAMFIS": [0.1296345949394999, 0.10513727290474179, 0.09180525653907368, 0.09180525653907368, 0.09180525653907368]}, "mae": {"best": 0.34116161346435525, "random": [0.5376789036530714, 0.3883900414220999, 0.3522435662951694, 0.3348956262387931, 0.28585456351774674], "low_energy": [0.6390252392108624, 0.40725076695131, 0.3642089539394471, 0.2755941774064688, 0.2361581019033521], "LICUV": [0.3493455170362422, 0.31104620158979535, 0.25938921493820233, 0.24840826228585527, 0.26663224166766014], "NAMFIS": [0.4567943286895751, 0.37535271182407987, 0.33590215016303776, 0.34290607703891257, 0.3429060770383109]}, "bundle-size": [1, 3, 5, 10, 30]}, "trans": {"fulfil": {"best": 0.9347826086956522, "random": [0.8282608695652174, 0.882608695652174, 0.9239130434782608, 0.9478260869565218, 0.9391304347826088], "low_energy": [0.782608695652174, 0.8478260869565217, 0.8913043478260869, 0.9347826086956522, 0.9782608695652174], "LICUV": [0.9347826086956522, 0.9782608695652174, 0.9782608695652174, 0.9565217391304348, 0.9782608695652174], "NAMFIS": [0.8913043478260869, 0.9130434782608695, 0.8695652173913043, 0.8695652173913043, 0.8695652173913043]}, "rmsd": {"best": 0.37804904381252913, "random": [0.7634039628355683, 0.545298525949736, 0.47743545792012243, 0.4890155999754876, 0.47712456466550923], "low_energy": [0.5731290004913941, 0.4221827738467701, 0.41350997311740056, 0.44188162527441577, 0.45979983635838], "LICUV": [0.44938552479651117, 0.458378558581626, 0.497790853623807, 0.5210764418320095, 0.49145330590798914], "NAMFIS": [0.5801911174651261, 0.497011962254361, 0.5465090080125319, 0.5276898622985975, 0.5275723737091755]}, "rmsd_stepwise": {"best": 0.07622905984739282, "random": [0.16679231683564225, 0.11364161435041491, 0.07985253474928429, 0.06224193170037058, 0.06942651778046266], "low_energy": [0.2996302068710116, 0.12869748823602137, 0.09974968671629998, 0.07402995868301356, 0.05013026509266501], "LICUV": [0.08460907547168864, 0.03538606947717535, 0.03538606947717535, 0.05004345937369799, 0.03538606947717535], "NAMFIS": [0.10152104086902598, 0.09591663046625441, 0.11606782125307079, 0.12174456509608463, 0.12174456509608463]}, "mae": {"best": 0.2602919833556465, "random": [0.48489608518973626, 0.38299302003525926, 0.34058638127680185, 0.3477158907133997, 0.34047992748521505], "low_energy": [0.4033450510190879, 0.3179956798742896, 0.30013595053249953, 0.3197965304148191, 0.3205585147297029], "LICUV": [0.28662861181342075, 0.33324339195079455, 0.3450831116571487, 0.37559004646209543, 0.3483085080957506], "NAMFIS": [0.3661250259565269, 0.3353730597802861, 0.37998659480857083, 0.36671019178632536, 0.3664617698442688]}, "bundle-size": [1, 3, 5, 10, 30]}}