{"minimum_sasa": 8.25645923614502, "minimum_psa": 6.2509307861328125}