{"single": {"stat": {"0": "MAE", "1": "MSE", "2": "RMSD", "3": "pearsonr", "4": "kendalltau", "5": "chisq", "6": "percentage_fulfilled"}, "value": {"0": 0.4424219095921496, "1": 0.2966524494037366, "2": 0.6204023834297856, "3": 0.3636855392810566, "4": 0.2347826086956522, "5": 4.559033695900178, "6": 0.3548387096774194}, "up": {"0": 0.6010274758153807, "1": 0.4970223019275411, "2": 0.7917695187034283, "3": 0.6610682360897927, "4": 0.496083340066629, "5": 7.540983154819573, "6": 0.0}, "low": {"0": 0.2999546073488714, "1": 0.11294266316697191, "2": 0.41979562759833516, "3": 0.0, "4": 0.0, "5": 2.0249648936866556, "6": 0.0}, "most-populated-1": {"0": 0.5066341766234366, "1": 0.37511811379463417, "2": 0.6870434420277679, "3": NaN, "4": NaN, "5": NaN, "6": 0.3225806451612903}}}