{"minimum_sasa": 8.448779082298266, "minimum_psa": 6.258973550796519}