{"single": {"stat": {"0": "MAE", "1": "MSE", "2": "RMSD", "3": "RMSD_step", "4": "pearsonr", "5": "kendalltau", "6": "chisq", "7": "percentage_fulfilled"}, "value": {"0": 0.4424219095921496, "1": 0.2966524494037366, "2": 0.6204023834297856, "3": 0.1667816807453926, "4": 0.3636855392810566, "5": 0.2347826086956522, "6": 4.559033695900178, "7": 0.3548387096774194}, "up": {"0": 0.6039393545989779, "1": 0.49173338065958155, "2": 0.7932644354265377, "3": 0.22555397744894234, "4": 0.6634715603175438, "5": 0.49013742274710503, "6": 7.6074517473237036, "7": 0.0}, "low": {"0": 0.29698400634802646, "1": 0.11193086329962725, "2": 0.4256456858752648, "3": 0.10132827471128358, "4": 0.0, "5": 0.0, "6": 2.0866967748761174, "7": 0.0}, "most-populated-1": {"0": 0.5066341766234366, "1": 0.37511811379463417, "2": 0.6870434420277679, "3": 0.1667816807453926, "4": NaN, "5": NaN, "6": NaN, "7": 0.3225806451612903}}}