{"single": {"stat": {"0": "MAE", "1": "MSE", "2": "RMSD", "3": "RMSD_step", "4": "pearsonr", "5": "kendalltau", "6": "chisq", "7": "percentage_fulfilled"}, "value": {"0": 0.7170311439300086, "1": -0.6689798554480785, "2": 0.8655397581799613, "3": 0.3931092516348733, "4": 0.6731672667276734, "5": 0.5699633193951253, "6": 15.16851519806674, "7": 0.9302325581395349}, "up": {"0": 0.8221411439238124, "1": -0.5549292594121712, "2": 0.9802371483385679, "3": 0.5455954715763787, "4": 0.7792981967952304, "5": 0.6729970468337876, "6": 19.16055702453028, "7": 0.0}, "low": {"0": 0.6178170645999096, "1": 0.0, "2": 0.749413587382778, "3": 0.18832184227823856, "4": 0.5437053150998317, "5": 0.45274256923730977, "6": 11.575461469970286, "7": 0.0}}}