{"single": {"stat": {"0": "MAE", "1": "MSE", "2": "RMSD", "3": "RMSD_step", "4": "pearsonr", "5": "kendalltau", "6": "chisq", "7": "percentage_fulfilled"}, "value": {"0": 0.7170311439300086, "1": -0.6689798554480785, "2": 0.8655397581799613, "3": 0.3931092516348733, "4": 0.6731672667276734, "5": 0.5699633193951253, "6": 15.16851519806674, "7": 0.9302325581395349}, "up": {"0": 0.8212860360065044, "1": -0.5553817519384372, "2": 0.980906658075264, "3": 0.5455954715763787, "4": 0.7778170578927084, "5": 0.6731519979272887, "6": 19.322068137014405, "7": 0.0}, "low": {"0": 0.6158478952921884, "1": 0.0, "2": 0.7488931607470218, "3": 0.18832184227823856, "4": 0.5424591303770122, "5": 0.44991204247968375, "6": 11.547582226404193, "7": 0.0}}}