{"minimum_sasa": 9.400032768249522, "minimum_psa": 8.357137794494609}