{"single": {"stat": {"0": "MAE", "1": "MSE", "2": "RMSD", "3": "RMSD_step", "4": "pearsonr", "5": "kendalltau", "6": "chisq", "7": "percentage_fulfilled"}, "value": {"0": 0.8428091419915335, "1": -0.6432043802906882, "2": 1.0662144006974386, "3": 0.7571877794400363, "4": 0.4416036734603072, "5": 0.38332759152324564, "6": 19.006478684336145, "7": 0.7638888888888888}, "up": {"0": 0.9964893790703492, "1": -0.4423628844039938, "2": 1.2162004430024673, "3": 0.9067647005823627, "4": 0.5985857201623994, "5": 0.5278681443935701, "6": 24.63558234547255, "7": 0.0}, "low": {"0": 0.6947256649542662, "1": 0.0, "2": 0.9034984468632778, "3": 0.5830951894845299, "4": 0.2625004494644246, "5": 0.21122237675935623, "6": 13.77065674391831, "7": 0.0}}}