{"single": {"stat": {"0": "MAE", "1": "MSE", "2": "RMSD", "3": "RMSD_step", "4": "pearsonr", "5": "kendalltau", "6": "chisq", "7": "percentage_fulfilled"}, "value": {"0": 0.8428091419915335, "1": -0.6432043802906882, "2": 1.0662144006974386, "3": 0.7571877794400363, "4": 0.4416036734603072, "5": 0.38332759152324564, "6": 19.006478684336145, "7": 0.7638888888888888}, "up": {"0": 0.9965229272024414, "1": -0.4399380517801335, "2": 1.2146226949496877, "3": 0.9067647005823627, "4": 0.5987285938333345, "5": 0.5272476215600999, "6": 24.582378824403094, "7": 0.0}, "low": {"0": 0.6980119510762554, "1": 0.0, "2": 0.9069834021959606, "3": 0.5830951894845299, "4": 0.26813447866532303, "5": 0.21547935627599038, "6": 13.778816703377888, "7": 0.0}}}