{"single": {"stat": {"0": "MAE", "1": "MSE", "2": "RMSD", "3": "RMSD_step", "4": "pearsonr", "5": "kendalltau", "6": "chisq", "7": "percentage_fulfilled"}, "value": {"0": 0.9557758982916611, "1": -0.7571748687593588, "2": 1.1057330447214413, "3": 0.6683312551921139, "4": 0.387363129967203, "5": 0.4501007848853593, "6": 20.25194242896656, "7": 0.8194444444444444}, "up": {"0": 1.0807701287278426, "1": -0.565988446403362, "2": 1.2124992359065774, "3": 0.8219218670625299, "4": 0.539575942717617, "5": 0.5803015309428071, "6": 24.420311165860994, "7": 0.0}, "low": {"0": 0.827916133397469, "1": 0.0, "2": 0.9862676592209914, "3": 0.4830458915396479, "4": 0.21006728913772954, "5": 0.27959828026827976, "6": 16.286348089825054, "7": 0.0}}}