{"single": {"fulfil": {"best": 0.7878787878787878, "random": [0.656060606060606, 0.6893939393939394, 0.6833333333333333, 0.7272727272727273, 0.743939393939394], "low_energy": [0.6818181818181818, 0.7272727272727273, 0.6818181818181818, 0.7272727272727273, 0.7272727272727273], "LICUV": [0.7878787878787878, 0.7575757575757576, 0.7878787878787878, 0.7727272727272727, 0.7575757575757576], "NAMFIS": [0.7272727272727273, 0.7575757575757576, 0.7575757575757576, 0.7575757575757576, 0.7575757575757576]}, "rmsd": {"best": 1.4046134522965261, "random": [2.036338468919546, 1.8758290572794547, 1.7548991923031003, 1.5549582656657228, 1.4665009394685395], "low_energy": [1.5266503359274362, 1.6153622729126837, 1.630989296044744, 1.5573925908499022, 1.5222465959665628], "LICUV": [1.466936975058536, 1.2506067814501125, 1.3079294894482343, 1.2695726304923887, 1.3072837580229892], "NAMFIS": [1.4046134522965261, 1.2853538358022423, 1.2924023549510584, 1.2924023549535903, 1.2924023549580472]}, "mae": {"best": 1.0832196329579205, "random": [1.475633562694896, 1.3837023763709935, 1.3484513156000504, 1.236136579607074, 1.1812823064427591], "low_energy": [1.2002966259465073, 1.2688967485662723, 1.2621687507212984, 1.2335730829310796, 1.2418083671110867], "LICUV": [1.1485903190843987, 1.0440210082389774, 1.0850391301634081, 1.066684852784822, 1.1000186895332797], "NAMFIS": [1.0832196329579205, 1.063822701693532, 1.0724915961342016, 1.0724915961369152, 1.0724915961398513]}, "bundle-size": [1, 3, 5, 10, 30]}}