{"single": {"fulfil": {"best": 0.9090909090909091, "random": [0.7909090909090909, 0.8015151515151514, 0.7863636363636364, 0.8212121212121211, 0.8484848484848484], "low_energy": [0.8636363636363636, 0.8787878787878788, 0.8333333333333334, 0.8787878787878788, 0.8484848484848485], "LICUV": [0.9090909090909091, 0.9090909090909091, 0.8484848484848485, 0.8636363636363636, 0.8484848484848485], "NAMFIS": [0.8636363636363636, 0.9242424242424242, 0.9090909090909091, 0.8939393939393939, 0.8939393939393939]}, "rmsd": {"best": 0.8938994296473319, "random": [1.4894790126308888, 1.1566356271257852, 1.1990892965775775, 1.106719635007942, 1.0539445085355679], "low_energy": [0.8938994296473319, 1.0050500678658358, 1.0703131221234576, 1.074226002587535, 1.054544033575323], "LICUV": [0.9725559039251056, 1.01194042384055, 1.009192902550246, 1.034830395827713, 1.0420573710080558], "NAMFIS": [0.8938994296473319, 0.9388897232431983, 0.9626789356394824, 0.9663558840202054, 0.9663558840211961]}, "mae": {"best": 0.7099201065121274, "random": [1.0843536214395004, 0.9332162565155043, 0.9986840913449436, 0.9347482800434983, 0.8847567909588842], "low_energy": [0.7099201065121274, 0.8260061727729724, 0.9189965245232092, 0.9254180320872063, 0.890115221189937], "LICUV": [0.8036101406270807, 0.875959952679249, 0.8394852459306463, 0.8558209074041988, 0.8899876877985167], "NAMFIS": [0.7099201065121274, 0.7674455458668741, 0.8081329062974367, 0.8104617259235101, 0.8104617259250199]}, "bundle-size": [1, 3, 5, 10, 30]}}