{"single": {"fulfil": {"best": 0.9090909090909091, "random": [0.8196969696969696, 0.8045454545454545, 0.809090909090909, 0.8257575757575758, 0.8257575757575758], "low_energy": [0.8636363636363636, 0.8787878787878788, 0.8333333333333334, 0.8787878787878788, 0.8484848484848485], "LICUV": [0.9090909090909091, 0.9090909090909091, 0.8484848484848485, 0.8636363636363636, 0.8484848484848485], "NAMFIS": [0.8636363636363636, 0.9242424242424242, 0.9090909090909091, 0.8939393939393939, 0.8939393939393939]}, "rmsd": {"best": 0.8938994296473319, "random": [1.3329167878093007, 1.3056293736445794, 1.1523852429706316, 1.0867274865495886, 1.0694423248242797], "low_energy": [0.8938994296473319, 1.0050500678658358, 1.0703131221234576, 1.074226002587535, 1.054544033575323], "LICUV": [0.9725559039251056, 1.01194042384055, 1.009192902550246, 1.034830395827713, 1.0420573710080558], "NAMFIS": [0.8938994296473319, 0.9388857100116138, 0.9626510163455749, 0.9663342811500499, 0.966334281150329]}, "rmsd_stepwise": {"best": 0.45126085985421294, "random": [0.6416748687525125, 0.6849471963121634, 0.6936557372849121, 0.6614943503856338, 0.6651931181531304], "low_energy": [0.5302943722236935, 0.557048499058233, 0.6531972647421806, 0.557048499058233, 0.6227991553292183], "LICUV": [0.4644971213662962, 0.4644971213662962, 0.6227991553292183, 0.5908391567007969, 0.6090230627070626], "NAMFIS": [0.5302943722236935, 0.4206776639776551, 0.4644971213662962, 0.5045249791095129, 0.5045249791095129]}, "mae": {"best": 0.7099201065121274, "random": [1.0030965236100282, 1.0178144839056293, 0.9629324502526577, 0.9168809656092517, 0.9010969836525955], "low_energy": [0.7099201065121274, 0.8260061727729724, 0.9189965245232092, 0.9254180320872063, 0.890115221189937], "LICUV": [0.8036101406270807, 0.875959952679249, 0.8394852459306463, 0.8558209074041988, 0.8899876877985167], "NAMFIS": [0.7099201065121274, 0.7674431146473939, 0.808097897856375, 0.81043063616716, 0.8104306361675504]}, "bundle-size": [1, 3, 5, 10, 30]}}