{"single": {"fulfil": {"best": 0.9090909090909091, "random": [0.7803030303030303, 0.8318181818181818, 0.8393939393939395, 0.806060606060606, 0.8303030303030303], "low_energy": [0.8636363636363636, 0.8787878787878788, 0.8333333333333334, 0.8787878787878788, 0.8484848484848485], "LICUV": [0.9090909090909091, 0.9090909090909091, 0.8484848484848485, 0.8636363636363636, 0.8484848484848485], "NAMFIS": [0.8636363636363636, 0.9242424242424242, 0.9090909090909091, 0.8939393939393939, 0.8939393939393939]}, "rmsd": {"best": 0.8938994296473319, "random": [1.3703184453680726, 1.106492884583127, 1.1465577640719407, 1.1179798787762585, 1.0742282422311906], "low_energy": [0.8938994296473319, 1.0050500678658358, 1.0703131221234576, 1.074226002587535, 1.054544033575323], "LICUV": [0.9725559039251056, 1.01194042384055, 1.009192902550246, 1.034830395827713, 1.0420573710080558], "NAMFIS": [0.8938994296473319, 0.9388889663341712, 0.9626757741715151, 0.9663531920297262, 0.9663531920307186]}, "mae": {"best": 0.7099201065121274, "random": [1.0389908851999226, 0.903162981364013, 0.9482054774764433, 0.9412406759601115, 0.913442646256437], "low_energy": [0.7099201065121274, 0.8260061727729724, 0.9189965245232092, 0.9254180320872063, 0.890115221189937], "LICUV": [0.8036101406270807, 0.875959952679249, 0.8394852459306463, 0.8558209074041988, 0.8899876877985167], "NAMFIS": [0.7099201065121274, 0.7674450860606615, 0.8081292275265781, 0.8104583127705032, 0.8104583127720381]}, "bundle-size": [1, 3, 5, 10, 30]}}