{"minimum_sasa": 9.732988357543945, "minimum_psa": 8.598764419555664}