{"single": {"fulfil": {"best": 0.9302325581395349, "random": [0.755813953488372, 0.8267441860465116, 0.8209302325581396, 0.85, 0.855813953488372], "low_energy": [0.9302325581395349, 0.8953488372093024, 0.9069767441860465, 0.8604651162790697, 0.8604651162790697], "LICUV": [0.9302325581395349, 0.9418604651162791, 0.9418604651162791, 0.9534883720930233, 0.8837209302325582], "NAMFIS": [0.9302325581395349, 0.9534883720930233, 0.9534883720930233, 0.9534883720930233, 0.9534883720930233]}, "rmsd": {"best": 0.7214283096613615, "random": [2.1022845063031057, 1.6137544063461273, 1.54532015038657, 1.2039853268655412, 1.1134117973861257], "low_energy": [0.7214283096613615, 0.823289291450612, 0.8545237663218751, 0.9397544776534809, 1.0342086757010538], "LICUV": [0.7214283096613615, 0.8008605461436427, 0.7659547033802716, 0.8230019584663759, 0.880401322516346], "NAMFIS": [0.7214283096613615, 0.7172164292476132, 0.7327920486242342, 0.737378302501183, 0.7373783025022712]}, "rmsd_stepwise": {"best": 0.36119955188104774, "random": [0.7346680051435733, 0.6218522662095037, 0.6431460668178203, 0.5861298331272728, 0.5748924002949775], "low_energy": [0.36119955188104774, 0.46668050920776466, 0.4483821044911437, 0.5657881927627753, 0.5657881927627753], "LICUV": [0.36119955188104774, 0.35322435060519974, 0.35322435060519974, 0.30822070014844877, 0.5230723192473394], "NAMFIS": [0.36119955188104774, 0.30822070014844877, 0.30822070014844877, 0.30822070014844877, 0.30822070014844877]}, "mae": {"best": 0.5363148617189984, "random": [1.2000109400860095, 0.9983885047849576, 0.9926519247571448, 0.8724283993533362, 0.8357618898838217], "low_energy": [0.5363148617189984, 0.6517790547822854, 0.6675176063247312, 0.7138927373376348, 0.7749517217311684], "LICUV": [0.5363148617189984, 0.6340371764555184, 0.5985445638454572, 0.6670402334456018, 0.6959434035637512], "NAMFIS": [0.5363148617189984, 0.533038051693871, 0.5732182975613426, 0.5783927184156424, 0.5783927184136032]}, "bundle-size": [1, 3, 5, 10, 30]}}