{"single": {"stat": {"0": "MAE", "1": "MSE", "2": "RMSD", "3": "RMSD_step", "4": "pearsonr", "5": "kendalltau", "6": "chisq", "7": "percentage_fulfilled"}, "value": {"0": 0.37762315547994296, "1": 0.09570665977638489, "2": 0.5302836049060237, "3": 0.4392980293840273, "4": 0.6365955316284517, "5": 0.5203456483416571, "6": 2.8583121345533864, "7": 0.5862068965517241}, "up": {"0": 0.5212399650501431, "1": 0.2920713713219585, "2": 0.6834315615234307, "3": 0.6222999603190805, "4": 0.8443614358333482, "5": 0.7391304347826086, "6": 5.359041903094497, "7": 0.0}, "low": {"0": 0.2498219766890632, "1": 0.0, "2": 0.3607982769567882, "3": 0.18966235853773125, "4": 0.3308338932127116, "5": 0.26020152557743886, "6": 1.1635463087067137, "7": 0.0}, "most-populated-1": {"0": 0.467660837502315, "1": 0.3127565364179938, "2": 0.6894377129596264, "3": 0.4392980293840273, "4": NaN, "5": NaN, "6": NaN, "7": 0.6551724137931034}}}