{"minimum_sasa": 8.884788632392906, "minimum_psa": 7.313891024589563}