{"single": {"stat": {"0": "MAE", "1": "MSE", "2": "RMSD", "3": "pearsonr", "4": "kendalltau", "5": "chisq", "6": "percentage_fulfilled"}, "value": {"0": 0.37762315547994296, "1": 0.09570665977638489, "2": 0.5302836049060237, "3": 0.6365955316284517, "4": 0.5203456483416571, "5": 2.8583121345533864, "6": 0.5862068965517241}, "up": {"0": 0.5197745240297261, "1": 0.2923988974451778, "2": 0.6923440420859267, "3": 0.8389961545586392, "4": 0.734542405978818, "5": 5.336473737365813, "6": 0.0}, "low": {"0": 0.2509141930000232, "1": 0.0, "2": 0.3607466539064376, "3": 0.3400051191109203, "4": 0.26328863078484394, "5": 1.1806645823112114, "6": 0.0}, "most-populated-1": {"0": 0.467660837502315, "1": 0.3127565364179938, "2": 0.6894377129596264, "3": NaN, "4": NaN, "5": NaN, "6": 0.6551724137931034}}}