{"38": {"0": {"Atom 1": "(1,)", "Atom 2": "(25,)", "NMR exp": [3.17], "lower bound": 2.85, "upper bound": 3.49, "md": [2.100426938633638], "lower": [2.0453502297785615], "upper": [3.249465802763498]}, "1": {"Atom 1": "(1,)", "Atom 2": "(69,)", "NMR exp": [2.17], "lower bound": 1.95, "upper bound": 2.39, "md": [3.297532776116644], "lower": [3.0562746425272156], "upper": [4.486078940001692]}, "2": {"Atom 1": "(25,)", "Atom 2": "(32,)", "NMR exp": [2.65], "lower bound": 2.39, "upper bound": 2.92, "md": [3.6597946002804713], "lower": [2.7325930803842367], "upper": [4.135632590241398]}, "3": {"Atom 1": "(32,)", "Atom 2": "(45,)", "NMR exp": [2.93], "lower bound": 2.64, "upper bound": 3.22, "md": [2.6939716232095696], "lower": [2.479885044901654], "upper": [3.5989530079835084]}, "4": {"Atom 1": "(1,)", "Atom 2": "(3,)", "NMR exp": [2.5100000000000002], "lower bound": 2.2600000000000002, "upper bound": 2.7600000000000002, "md": [1.8807937764644778], "lower": [1.837640429946296], "upper": [2.2678765847566753]}, "5": {"Atom 1": "(1,)", "Atom 2": "(71,)", "NMR exp": [2.67], "lower bound": 2.4, "upper bound": 2.94, "md": [2.0985752730632767], "lower": [1.9796323898557562], "upper": [2.264058721240205]}, "6": {"Atom 1": "(1,)", "Atom 2": "(47,)", "NMR exp": [3.34], "lower bound": 3.0100000000000002, "upper bound": 3.67, "md": [5.584392036289482], "lower": [5.398388405004437], "upper": [6.062449302992484]}, "7": {"Atom 1": "(1,)", "Atom 2": "(5, 6)", "NMR exp": [2.93, 3.04], "lower bound": 2.64, "upper bound": 3.34, "md": [3.5466085864653887, 2.1155123949052412], "lower": [3.048343605010135, 2.0178728078975934], "upper": [3.983941614790114, 3.456776454324652]}, "8": {"Atom 1": "(1,)", "Atom 2": "(8, 9)", "NMR exp": [2.9], "lower bound": 2.61, "upper bound": 4.09, "md": [1.878540720789255, 4.602483219233084], "lower": [1.8030390344040232, 3.3114439357555403], "upper": [3.866460750823614, 4.979370914741026]}, "9": {"Atom 1": "(1,)", "Atom 2": "(73,)", "NMR exp": [2.91], "lower bound": 2.62, "upper bound": 3.2, "md": [2.192833890241689], "lower": [2.049601784566398], "upper": [4.145145373847899]}, "10": {"Atom 1": "(1,)", "Atom 2": "(75, 76, 77, 79, 80, 81)", "NMR exp": [3.5500000000000003, 3.86], "lower bound": 3.2, "upper bound": 6.3500000000000005, "md": [3.211966746919331, 2.603141245351416, 6.052082702948712, 3.8753344626879604, 4.356156085644074, 1.7870932497937309], "lower": [2.816227483819471, 2.3990169760823203, 3.7576890895887285, 3.0136060565680256, 3.536057270569449, 1.699876483474552], "upper": [4.421820551077891, 4.155741851637897, 6.117941627674458, 5.035987375493703, 5.167411734783379, 4.860731129103619]}, "11": {"Atom 1": "(3,)", "Atom 2": "(5, 6)", "NMR exp": [2.61, 2.79], "lower bound": 2.35, "upper bound": 3.0700000000000003, "md": [2.2633850835883997, 3.2016648844936997], "lower": [2.183640607307014, 2.734367993855714], "upper": [2.757246126437905, 3.2239029677360693]}, "12": {"Atom 1": "(3,)", "Atom 2": "(8, 9)", "NMR exp": [2.59], "lower bound": 2.33, "upper bound": 3.75, "md": [2.654468814423398, 2.6310008270657046], "lower": [2.374358669430186, 2.3820116107103804], "upper": [3.3859340794730555, 3.2952832769035587]}, "13": {"Atom 1": "(3,)", "Atom 2": "(11, 12)", "NMR exp": [3.06], "lower bound": 2.75, "upper bound": 4.2700000000000005, "md": [3.323151590988458, 3.3669752761953267], "lower": [2.407212785084371, 2.554137419327576], "upper": [4.517600186375859, 4.54732232922456]}, "14": {"Atom 1": "(3,)", "Atom 2": "(27, 28)", "NMR exp": [3.92], "lower bound": 3.5300000000000002, "upper bound": 5.21, "md": [4.63030787782899, 4.496884234893855], "lower": [4.428771204482379, 4.269853155149561], "upper": [4.948099944901062, 4.700540298868841]}, "15": {"Atom 1": "(5, 6)", "Atom 2": "(11, 12)", "NMR exp": [2.93], "lower bound": 2.62, "upper bound": 4.15, "md": [2.681025226592004, 2.7865779243365254, 2.8337317277249765, 2.1257765910425137], "lower": [2.4056335972131784, 2.456447178528858, 2.48253456727845, 2.0573456182618166], "upper": [3.455374041583429, 3.5393321240648357, 3.617583898552848, 3.2649495974510963]}, "16": {"Atom 1": "(5, 6)", "Atom 2": "(14,)", "NMR exp": [3.81, 4.26], "lower bound": 3.43, "upper bound": 4.69, "md": [2.9379205707925595, 2.975841074215196], "lower": [2.4317949043504745, 2.4603370426509636], "upper": [4.321219111742421, 4.344319027674658]}, "17": {"Atom 1": "(8, 9)", "Atom 2": "(11, 12)", "NMR exp": [2.6], "lower bound": 2.34, "upper bound": 3.86, "md": [2.633282730994842, 2.4877473778866994, 2.520409375299327, 2.6291335420629283], "lower": [2.4279260757052583, 2.3261748530300266, 2.345696301893464, 2.4271635963547733], "upper": [3.005116438337513, 2.8695216185504906, 2.89387371651047, 3.0032264883960567]}, "18": {"Atom 1": "(8, 9)", "Atom 2": "(14,)", "NMR exp": [3.5300000000000002], "lower bound": 3.18, "upper bound": 4.78, "md": [2.621190683926996, 2.681415356293754], "lower": [2.384735264320422, 2.4092859091894776], "upper": [3.408184285633336, 3.477999586336164]}, "19": {"Atom 1": "(11, 12)", "Atom 2": "(14,)", "NMR exp": [2.87], "lower bound": 2.58, "upper bound": 4.0600000000000005, "md": [2.5399795373363827, 2.385174106159127], "lower": [2.3252696830834307, 2.250988120192278], "upper": [2.891263938612228, 2.8470590853219795]}, "20": {"Atom 1": "(25,)", "Atom 2": "(27, 28)", "NMR exp": [2.27, 2.61], "lower bound": 2.04, "upper bound": 2.87, "md": [2.6842598533192357, 2.6555860884274733], "lower": [2.4835391928233745, 2.4271832863109046], "upper": [2.908420389582984, 2.879894440279467]}, "21": {"Atom 1": "(25,)", "Atom 2": "(3,)", "NMR exp": [2.33], "lower bound": 2.1, "upper bound": 2.56, "md": [3.219992231226153], "lower": [2.793778995481067], "upper": [3.514478835923904]}, "22": {"Atom 1": "(25,)", "Atom 2": "(5, 6)", "NMR exp": [3.48, 4.21], "lower bound": 3.13, "upper bound": 4.63, "md": [5.004884602436444, 3.095667921994866], "lower": [3.7601862064824907, 2.6159785414410455], "upper": [5.037665480595425, 4.203858832830362]}, "23": {"Atom 1": "(25,)", "Atom 2": "(8, 9)", "NMR exp": [3.84], "lower bound": 3.46, "upper bound": 5.12, "md": [2.810367615456028, 3.6970547631031514], "lower": [2.4143021902423736, 3.195770246778881], "upper": [5.035327743918993, 5.031573457268107]}, "24": {"Atom 1": "(32,)", "Atom 2": "(27, 28)", "NMR exp": [2.3000000000000003, 2.91], "lower bound": 2.07, "upper bound": 3.2, "md": [1.7907323219143942, 2.125367000342771], "lower": [1.7455887083077102, 2.019240740540887], "upper": [2.864473695908067, 3.0250907595922474]}, "25": {"Atom 1": "(32,)", "Atom 2": "(34,)", "NMR exp": [2.71], "lower bound": 2.44, "upper bound": 2.98, "md": [2.242048413206253], "lower": [2.14094856613692], "upper": [2.8059041063937262]}, "26": {"Atom 1": "(32,)", "Atom 2": "(36, 37)", "NMR exp": [2.73, 2.79], "lower bound": 2.46, "upper bound": 3.0700000000000003, "md": [2.0724221710379873, 1.7910392850620052], "lower": [2.0021174627287075, 1.749980908496117], "upper": [3.573969912886592, 3.0937102787260087]}, "27": {"Atom 1": "(34,)", "Atom 2": "(36, 37)", "NMR exp": [2.62, 2.87], "lower bound": 2.36, "upper bound": 3.16, "md": [2.0260789322942316, 2.2710781698787743], "lower": [1.9803320086109144, 2.2001900792698192], "upper": [2.834789724623672, 2.8270948834043033]}, "28": {"Atom 1": "(45,)", "Atom 2": "(34,)", "NMR exp": [2.33], "lower bound": 2.1, "upper bound": 2.56, "md": [1.803217835667545], "lower": [1.7645369878031696], "upper": [2.603156663748413]}, "29": {"Atom 1": "(45,)", "Atom 2": "(47,)", "NMR exp": [2.69], "lower bound": 2.42, "upper bound": 2.96, "md": [2.5920931820773343], "lower": [2.5546559438506855], "upper": [2.9450299099895765]}, "30": {"Atom 1": "(45,)", "Atom 2": "(49, 50)", "NMR exp": [2.82, 2.88], "lower bound": 2.54, "upper bound": 3.17, "md": [3.250229926695879, 3.1478409777243854], "lower": [2.6805697060334106, 2.628678752803989], "upper": [3.658601810912324, 3.5759235970315735]}, "31": {"Atom 1": "(47,)", "Atom 2": "(49, 50)", "NMR exp": [2.42, 2.56], "lower bound": 2.18,