{"single": {"stat": {"0": "MAE", "1": "MSE", "2": "RMSD", "3": "RMSD_step", "4": "pearsonr", "5": "kendalltau", "6": "chisq", "7": "percentage_fulfilled"}, "value": {"0": 0.35599497329457186, "1": 0.1837226025002591, "2": 0.6366482369993054, "3": 0.26983328186122635, "4": 0.6207938302335043, "5": 0.5611367436792953, "6": 5.756725902673858, "7": 0.75}, "up": {"0": 0.5375509843559086, "1": 0.39230354812051205, "2": 0.9231469961654601, "3": 0.41195805282137715, "4": 0.8791767611162356, "5": 0.7396266466907693, "6": 12.505194091420996, "7": 0.0}, "low": {"0": 0.21190975114702343, "1": 0.0115457138851631, "2": 0.30894179816492073, "3": 0.10409130607308183, "4": 0.3121049724629641, "5": 0.34678963327520645, "6": 1.2229484257210517, "7": 0.0}}}