{"single": {"stat": {"0": "MAE", "1": "MSE", "2": "RMSD", "3": "RMSD_step", "4": "pearsonr", "5": "kendalltau", "6": "chisq", "7": "percentage_fulfilled"}, "value": {"0": 0.48001357836711345, "1": -0.039622763705608875, "2": 0.6598399718131704, "3": 0.5977645857693479, "4": 0.4897895700266233, "5": 0.2908644588796348, "6": 6.084639673582775, "7": 0.45}, "up": {"0": 0.6313859777168459, "1": 0.1693808820329321, "2": 0.858712068818478, "3": 0.8554144457224977, "4": 0.7067233647675646, "5": 0.5242320057044261, "6": 9.853574255308677, "7": 0.0}, "low": {"0": 0.34914299166057544, "1": 0.0, "2": 0.4724142401115382, "3": 0.3273164504333399, "4": 0.2182032937187072, "5": 0.04007421954289363, "6": 3.246084196711742, "7": 0.0}}}