{"single": {"stat": {"0": "MAE", "1": "MSE", "2": "RMSD", "3": "RMSD_step", "4": "pearsonr", "5": "kendalltau", "6": "chisq", "7": "percentage_fulfilled"}, "value": {"0": 0.48001357836711345, "1": -0.039622763705608875, "2": 0.6598399718131704, "3": 0.5977645857693479, "4": 0.4897895700266233, "5": 0.2908644588796348, "6": 6.084639673582775, "7": 0.45}, "up": {"0": 0.629705894379544, "1": 0.17773875380569604, "2": 0.8535626771050678, "3": 0.8581649746836636, "4": 0.7097284943868355, "5": 0.5212854939474091, "6": 9.950235381854212, "7": 0.0}, "low": {"0": 0.347395494354914, "1": 0.0, "2": 0.4706523370201574, "3": 0.32772969036834537, "4": 0.22622697902913944, "5": 0.03566643775092562, "6": 3.174279724237613, "7": 0.0}}}