{"38": {"0": {"Atom 1": "(1,)", "Atom 2": "(25,)", "NMR exp": [3.17], "lower bound": 2.85, "upper bound": 3.49, "md": [3.019817902830217], "lower": [2.7674515482169495], "upper": [3.5026034752896837]}, "1": {"Atom 1": "(1,)", "Atom 2": "(69,)", "NMR exp": [2.17], "lower bound": 1.95, "upper bound": 2.39, "md": [4.437115263742605], "lower": [4.252407367717662], "upper": [4.597067268413488]}, "2": {"Atom 1": "(25,)", "Atom 2": "(32,)", "NMR exp": [2.65], "lower bound": 2.39, "upper bound": 2.92, "md": [3.125726484600033], "lower": [2.429835241613785], "upper": [4.0623399161791856]}, "3": {"Atom 1": "(32,)", "Atom 2": "(45,)", "NMR exp": [2.93], "lower bound": 2.64, "upper bound": 3.22, "md": [2.941494401129079], "lower": [2.6309631126148423], "upper": [3.7617634847211545]}, "4": {"Atom 1": "(1,)", "Atom 2": "(3,)", "NMR exp": [2.5100000000000002], "lower bound": 2.2600000000000002, "upper bound": 2.7600000000000002, "md": [2.231787500726115], "lower": [2.1366661307639174], "upper": [2.3449608624233647]}, "5": {"Atom 1": "(1,)", "Atom 2": "(71,)", "NMR exp": [2.67], "lower bound": 2.4, "upper bound": 2.94, "md": [2.1028238177579266], "lower": [1.9823076989440214], "upper": [2.266552843500082]}, "6": {"Atom 1": "(1,)", "Atom 2": "(47,)", "NMR exp": [3.34], "lower bound": 3.0100000000000002, "upper bound": 3.67, "md": [5.868175245949232], "lower": [5.6197490227263], "upper": [6.201274615070466]}, "7": {"Atom 1": "(1,)", "Atom 2": "(5, 6)", "NMR exp": [2.93, 3.04], "lower bound": 2.64, "upper bound": 3.34, "md": [3.6958121885491355, 3.259463857258062], "lower": [3.2310556979902905, 2.956278694684628], "upper": [4.017235748925214, 3.656348528383144]}, "8": {"Atom 1": "(1,)", "Atom 2": "(8, 9)", "NMR exp": [2.9], "lower bound": 2.61, "upper bound": 4.09, "md": [3.145650537639405, 3.33988790266862], "lower": [2.745748002249389, 2.922950581707104], "upper": [4.303698553229785, 4.492880297578776]}, "9": {"Atom 1": "(1,)", "Atom 2": "(73,)", "NMR exp": [2.91], "lower bound": 2.62, "upper bound": 3.2, "md": [3.6806383513196916], "lower": [2.8574017703078267], "upper": [4.270638767490373]}, "10": {"Atom 1": "(1,)", "Atom 2": "(75, 76, 77, 79, 80, 81)", "NMR exp": [3.5500000000000003, 3.86], "lower bound": 3.2, "upper bound": 6.3500000000000005, "md": [3.304701737711239, 3.320616722479957, 3.321607076920728, 3.9716326584892703, 4.002484037847765, 3.9799317678027912], "lower": [2.8681449575077167, 2.8756588096391, 2.879115530935358, 3.103700465551214, 3.125034726221281, 3.107698935176202], "upper": [4.4727239882557726, 4.479370433871965, 4.482076859319456, 5.05429704683912, 5.063273130082454, 5.056381048982599]}, "11": {"Atom 1": "(3,)", "Atom 2": "(5, 6)", "NMR exp": [2.61, 2.79], "lower bound": 2.35, "upper bound": 3.0700000000000003, "md": [2.5506143871555826, 2.706704219734415], "lower": [2.374134345080162, 2.4461973511457673], "upper": [2.9357447626096724, 3.0171416509106077]}, "12": {"Atom 1": "(3,)", "Atom 2": "(8, 9)", "NMR exp": [2.59], "lower bound": 2.33, "upper bound": 3.75, "md": [2.7523651250403316, 2.6347529965068963], "lower": [2.4140912151494303, 2.3836934727193895], "upper": [3.423868907007648, 3.297898482303726]}, "13": {"Atom 1": "(3,)", "Atom 2": "(11, 12)", "NMR exp": [3.06], "lower bound": 2.75, "upper bound": 4.2700000000000005, "md": [3.213500749451934, 3.2966554728870143], "lower": [2.3808523358319493, 2.529364014201845], "upper": [4.509325785158518, 4.540294715836506]}, "14": {"Atom 1": "(3,)", "Atom 2": "(27, 28)", "NMR exp": [3.92], "lower bound": 3.5300000000000002, "upper bound": 5.21, "md": [4.708826747237966, 4.462481306454495], "lower": [4.4828222002070275, 4.245497339515567], "upper": [4.990577289450221, 4.683234671861419]}, "15": {"Atom 1": "(5, 6)", "Atom 2": "(11, 12)", "NMR exp": [2.93], "lower bound": 2.62, "upper bound": 4.15, "md": [2.7371242718604147, 2.790804758091276, 2.8436636805874778, 2.7793471444258415], "lower": [2.4290484906278667, 2.4582969658194207, 2.487072803060171, 2.456489198392032], "upper": [3.4830427123163696, 3.5413676297946366, 3.622177608519671, 3.5482829375501264]}, "16": {"Atom 1": "(5, 6)", "Atom 2": "(14,)", "NMR exp": [3.81, 4.26], "lower bound": 3.43, "upper bound": 4.69, "md": [2.9773932920486117, 3.063710022820864], "lower": [2.449456945472659, 2.500978574035858], "upper": [4.333507456123933, 4.3684945006625036]}, "17": {"Atom 1": "(8, 9)", "Atom 2": "(11, 12)", "NMR exp": [2.6], "lower bound": 2.34, "upper bound": 3.86, "md": [2.6650249180285983, 2.492125394754608, 2.4967969253146416, 2.664512287856476], "lower": [2.439222735035146, 2.3284719195618173, 2.33382994620347, 2.4401332467555417], "upper": [3.0146163050389614, 2.8734362861280784, 2.872733220779711, 3.0142749554954045]}, "18": {"Atom 1": "(8, 9)", "Atom 2": "(14,)", "NMR exp": [3.5300000000000002], "lower bound": 3.18, "upper bound": 4.78, "md": [2.769675315279631, 2.7470139022311773], "lower": [2.461620903002241, 2.440636977700608], "upper": [3.4915964219878655, 3.51709336425107]}, "19": {"Atom 1": "(11, 12)", "Atom 2": "(14,)", "NMR exp": [2.87], "lower bound": 2.58, "upper bound": 4.0600000000000005, "md": [2.656803575617965, 2.610706313379055], "lower": [2.375799020815151, 2.347325024430489], "upper": [2.9142538192181946, 2.901360935746578]}, "20": {"Atom 1": "(25,)", "Atom 2": "(27, 28)", "NMR exp": [2.27, 2.61], "lower bound": 2.04, "upper bound": 2.87, "md": [2.7820183444560787, 2.682088453277565], "lower": [2.5752213221022617, 2.4460399421632872], "upper": [2.9374770132890737, 2.8878418389427325]}, "21": {"Atom 1": "(25,)", "Atom 2": "(3,)", "NMR exp": [2.33], "lower bound": 2.1, "upper bound": 2.56, "md": [2.9813940957548732], "lower": [2.6751584453008928], "upper": [3.432313837174871]}, "22": {"Atom 1": "(25,)", "Atom 2": "(5, 6)", "NMR exp": [3.48, 4.21], "lower bound": 3.13, "upper bound": 4.63, "md": [3.339313545069885, 3.433984668823177], "lower": [2.7325898545231997, 2.7839530099326915], "upper": [4.314405126020791, 4.259434629696947]}, "23": {"Atom 1": "(25,)", "Atom 2": "(8, 9)", "NMR exp": [3.84], "lower bound": 3.46, "upper bound": 5.12, "md": [4.663338051271185, 4.50994753686169], "lower": [4.131457927236428, 3.8625352463593012], "upper": [5.274596502188618, 5.173578358203834]}, "24": {"Atom 1": "(32,)", "Atom 2": "(27, 28)", "NMR exp": [2.3000000000000003, 2.91], "lower bound": 2.07, "upper bound": 3.2, "md": [2.4789437733784654, 2.4205929413453227], "lower": [2.1796513531098527, 2.1709388668892338], "upper": [3.1086054147293636, 3.2583187335709365]}, "25": {"Atom 1": "(32,)", "Atom 2": "(34,)", "NMR exp": [2.71], "lower bound": 2.44, "upper bound": 2.98, "md": [2.424050030775505], "lower": [2.216718977096177], "upper": [2.921525519645885]}, "26": {"Atom 1": "(32,)", "Atom 2": "(36, 37)", "NMR exp": [2.73, 2.79], "lower bound": 2.46, "upper bound": 3.0700000000000003, "md": [3.0568900723201726, 2.722714711278404], "lower": [2.5705724442671025, 2.4092737216507034], "upper": [3.814888641016865, 3.3732437892202056]}, "27": {"Atom 1": "(34,)", "Atom 2": "(36, 37)", "NMR exp": [2.62, 2.87], "lower bound": 2.36, "upper bound": 3.16, "md": [2.646236347572626, 2.6680477093204837], "lower": [2.426996327151889, 2.4634901440223684], "upper": [3.015599968787652, 3.0055432931561477]}, "28": {"Atom 1": "(45,)", "Atom 2": "(34,)", "NMR exp": [2.33], "lower bound": 2.1, "upper bound": 2.56, "md": [2.456644532547002], "lower": [2.23654763193468], "upper": [2.774188399664364]}, "29": {"Atom 1": "(45,)", "Atom 2": "(47,)", "NMR exp": [2.69], "lower bound": 2.42, "upper bound": 2.96, "md": [2.9265914313438306], "lower": [2.8519634963436555], "upper": [2.9975043368817085]}, "30": {"Atom 1": "(45,)", "Atom 2": "(49, 50)", "NMR exp": [2.82, 2.88], "lower bound": 2.54, "upper bound": 3.17, "md": [2.7807433308449414, 2.8519338132474874], "lower": [2.5092455532971503, 2.480641828242775], "upper": [3.4023063659605803, 3.454433728229896]}, "31": {"Atom 1": "(47,)", "Atom 2": "(49, 50)", "NMR exp": [2.42, 2.56], "lower bound": 2.18,