{"single": {"fulfil": {"best": 0.9154228855721394, "random": [0.8114427860696518, 0.8343283582089551, 0.8487562189054728, 0.8840796019900499, 0.9144278606965175], "low_energy": [0.8855721393034826, 0.9104477611940298, 0.8855721393034826, 0.900497512437811, 0.9253731343283582], "LICUV": [0.9154228855721394, 0.9303482587064676, 0.9104477611940298, 0.9154228855721394, 0.9353233830845771], "NAMFIS": [0.9154228855721394, 0.9203980099502488, 0.9303482587064676, 0.9353233830845771, 0.9353233830845771]}, "rmsd": {"best": 0.8164467200550396, "random": [1.5934448136815278, 1.288318317595706, 1.1849994634217185, 1.0542530948553928, 0.9527340510104925], "low_energy": [1.121729592779864, 1.009032646901255, 1.0202021604862075, 0.9671155389605679, 0.9969766747975805], "LICUV": [0.8164467200550396, 0.834090854383767, 0.8475386976046964, 0.8868242905446931, 0.845530289651937], "NAMFIS": [0.8164467200550396, 0.7767085914887502, 0.7785836072197103, 0.7626175995121512, 0.76261759943273]}, "rmsd_stepwise": {"best": 0.4223247671581953, "random": [0.6727436825628379, 0.6351256122065322, 0.6039121548825401, 0.5318199971941372, 0.4557113558789738], "low_energy": [0.5118010341015956, 0.457605709180542, 0.5225749488010574, 0.4846396825380142, 0.418538085905254], "LICUV": [0.4223247671581953, 0.3743651342357395, 0.44526251410562473, 0.4353188343756665, 0.37964371881256087], "NAMFIS": [0.4223247671581953, 0.4069666946412982, 0.3743651342357395, 0.3646711869984598, 0.3646711869984598]}, "mae": {"best": 0.6007986661806627, "random": [0.9782806577967171, 0.8665436841660121, 0.8598456654999571, 0.8140154655915135, 0.7759649421472503], "low_energy": [0.7353757507172387, 0.6949507562177023, 0.7456720428487751, 0.7575210176067129, 0.826852912658595], "LICUV": [0.6007986661806627, 0.6503196889955993, 0.652175336920432, 0.7012004568541577, 0.7029417577175083], "NAMFIS": [0.6007986661806627, 0.5945537003160734, 0.6013392950690648, 0.5958403263213382, 0.595840326203098]}, "bundle-size": [1, 3, 5, 10, 30]}}