{"single": {"fulfil": {"best": 0.681592039800995, "random": [0.5427860696517414, 0.6059701492537315, 0.6268656716417911, 0.6646766169154229, 0.718905472636816], "low_energy": [0.5174129353233831, 0.6268656716417911, 0.6517412935323383, 0.6766169154228856, 0.7313432835820896], "LICUV": [0.681592039800995, 0.7412935323383084, 0.7611940298507462, 0.8159203980099502, 0.8109452736318408], "NAMFIS": [0.5422885572139303, 0.6318407960199005, 0.6666666666666666, 0.7164179104477612, 0.8009950248756219]}, "rmsd": {"best": 2.0162204274055093, "random": [2.8181926784082227, 2.214176607369786, 2.018402897447418, 1.6670670046134461, 1.44868605026493], "low_energy": [2.6143327879502696, 2.210494252235744, 1.9785343664558963, 1.659646332886421, 1.4055011878612476], "LICUV": [2.0162204274055093, 1.5083738481084275, 1.4010511325737351, 1.2345601981878105, 1.1349280557914774], "NAMFIS": [2.497973601293736, 1.696187294409988, 1.5835750867543696, 1.4120128990531684, 1.1677009533141502]}, "mae": {"best": 1.3699405270429388, "random": [1.9814556580277813, 1.5842395645805476, 1.4443334563492471, 1.2187865209395319, 1.077400738842322], "low_energy": [1.874392628669738, 1.5069420137910976, 1.3819739701534317, 1.1929460000573961, 1.0484342467782208], "LICUV": [1.3699405270429388, 1.0533648131971014, 0.9872787683442709, 0.8885233186561055, 0.8342426690966559], "NAMFIS": [1.8266618767781038, 1.2836959924955944, 1.2147864725164474, 1.074912888534996, 0.8914637841800036]}, "bundle-size": [1, 3, 5, 10, 30]}}