{"single": {"fulfil": {"best": 0.9154228855721394, "random": [0.8009950248756219, 0.8383084577114428, 0.8582089552238805, 0.8865671641791044, 0.9079601990049753], "low_energy": [0.8855721393034826, 0.9104477611940298, 0.8855721393034826, 0.900497512437811, 0.9253731343283582], "LICUV": [0.9154228855721394, 0.9303482587064676, 0.9104477611940298, 0.9154228855721394, 0.9353233830845771], "NAMFIS": [0.9154228855721394, 0.9203980099502488, 0.9303482587064676, 0.9353233830845771, 0.9353233830845771]}, "rmsd": {"best": 0.8164467200550396, "random": [1.6987191165625095, 1.2666293402773845, 1.1507074212715478, 1.042788297223148, 0.9898080335149493], "low_energy": [1.121729592779864, 1.009032646901255, 1.0202021604862075, 0.9671155389605679, 0.9969766747975805], "LICUV": [0.8164467200550396, 0.834090854383767, 0.8475386976046964, 0.8868242905446931, 0.845530289651937], "NAMFIS": [0.8164467200550396, 0.7767051660446526, 0.7785680020236236, 0.7625861650568886, 0.7625861652862002]}, "mae": {"best": 0.6007986661806627, "random": [1.0422353860750717, 0.8746605460003591, 0.8259002301303422, 0.8146933117506618, 0.8096093034692045], "low_energy": [0.7353757507172387, 0.6949507562177023, 0.7456720428487751, 0.7575210176067129, 0.826852912658595], "LICUV": [0.6007986661806627, 0.6503196889955993, 0.652175336920432, 0.7012004568541577, 0.7029417577175083], "NAMFIS": [0.6007986661806627, 0.5945424756502687, 0.6013202201672739, 0.5957950504236337, 0.5957950507120688]}, "bundle-size": [1, 3, 5, 10, 30]}}