{"single": {"fulfil": {"best": 0.9154228855721394, "random": [0.8134328358208954, 0.846766169154229, 0.8572139303482587, 0.8800995024875622, 0.9154228855721394], "low_energy": [0.8855721393034826, 0.9104477611940298, 0.8855721393034826, 0.900497512437811, 0.9253731343283582], "LICUV": [0.9154228855721394, 0.9303482587064676, 0.9104477611940298, 0.9154228855721394, 0.9353233830845771], "NAMFIS": [0.9154228855721394, 0.9203980099502488, 0.9303482587064676, 0.9353233830845771, 0.9353233830845771]}, "rmsd": {"best": 0.8164467200550396, "random": [1.63268068979101, 1.2394961971375917, 1.174655227974548, 1.0646151663155818, 0.9609846492615773], "low_energy": [1.121729592779864, 1.009032646901255, 1.0202021604862075, 0.9671155389605679, 0.9969766747975805], "LICUV": [0.8164467200550396, 0.834090854383767, 0.8475386976046964, 0.8868242905446931, 0.845530289651937], "NAMFIS": [0.8164467200550396, 0.7767046848539493, 0.7785820512721853, 0.762580860535093, 0.7625808606920835]}, "mae": {"best": 0.6007986661806627, "random": [1.0030519178850732, 0.8481293870482304, 0.8442439741783296, 0.8249684486608665, 0.7900631561325558], "low_energy": [0.7353757507172387, 0.6949507562177023, 0.7456720428487751, 0.7575210176067129, 0.826852912658595], "LICUV": [0.6007986661806627, 0.6503196889955993, 0.652175336920432, 0.7012004568541577, 0.7029417577175083], "NAMFIS": [0.6007986661806627, 0.594541022900725, 0.601339151656565, 0.5957941774389234, 0.5957941776442786]}, "bundle-size": [1, 3, 5, 10, 30]}}