{"minimum_sasa": 11.039253234863281, "minimum_psa": 9.443018913269043}