{"single": {"fulfil": {"best": 0.8, "random": [0.495, 0.65, 0.6950000000000001, 0.7750000000000001, 0.745], "low_energy": [0.5, 0.45, 0.6, 0.75, 0.8], "LICUV": [0.8, 0.75, 0.8, 0.85, 0.9], "NAMFIS": [0.7, 0.85, 0.9, 0.9, 0.9]}, "rmsd": {"best": 0.2837115287152149, "random": [0.7606906467016935, 0.4729250185704378, 0.34548768862229573, 0.27931967316212536, 0.2612344528822372], "low_energy": [0.538799453856559, 0.5856590478204597, 0.35192832269364327, 0.21983030939376896, 0.2599342965344678], "LICUV": [0.41597112784188633, 0.28503635770697844, 0.22210613874946655, 0.24467058540377787, 0.17840369569299097], "NAMFIS": [0.2837115287152149, 0.18019343768774196, 0.17904966999352592, 0.15665517100008772, 0.1566551709998214]}, "rmsd_stepwise": {"best": 0.12824780699879432, "random": [0.2241266923716047, 0.19890242133104902, 0.15259901645259388, 0.12008922705873482, 0.1410295600239311], "low_energy": [0.20662768449556806, 0.22790348834539592, 0.19027283043041116, 0.11689204421174271, 0.12343014218577252], "LICUV": [0.1600585830250912, 0.18288999425884406, 0.12343014218577252, 0.11968186997202214, 0.09150136611002051], "NAMFIS": [0.1426797112416478, 0.10223746866975926, 0.09767932227447118, 0.09767932227447118, 0.09767932227447118]}, "mae": {"best": 0.22828011655807487, "random": [0.5212492900848388, 0.33325129095261713, 0.25612241991559037, 0.21185655568618583, 0.19020761962564725], "low_energy": [0.41310157871246334, 0.45827304516244816, 0.2863393629096263, 0.18371588354693658, 0.18227486978641755], "LICUV": [0.2961127557754516, 0.2114338335889033, 0.18643105829040613, 0.18766091446853728, 0.12963130258610786], "NAMFIS": [0.22828011655807487, 0.14469148995400932, 0.14807143049520988, 0.12980623745614328, 0.12980623745582898]}, "bundle-size": [1, 3, 5, 10, 30]}}