{"22": {"0": {"Atom 1": "(3,)", "Atom 2": "(26,)", "NMR exp": 3.19, "lower bound": 0.0, "upper bound": 3.5100000000000002, "md": [3.4559257772373013], "lower": [2.9555529094681083], "upper": [4.311014589411706]}, "1": {"Atom 1": "(3,)", "Atom 2": "(13, 14)", "NMR exp": 1.83, "lower bound": 0.0, "upper bound": 3.16, "md": [3.0772750881793636, 2.856811509006386], "lower": [2.7060675044229923, 2.4154137606204085], "upper": [4.61147239731126, 4.360570972706627]}, "2": {"Atom 1": "(22,)", "Atom 2": "(26,)", "NMR exp": 2.93, "lower bound": 0.0, "upper bound": 3.22, "md": [3.3680774166868854], "lower": [3.233326083146372], "upper": [3.587911369245109]}, "3": {"Atom 1": "(19, 20)", "Atom 2": "(26,)", "NMR exp": 2.73, "lower bound": 0.0, "upper bound": 4.2700000000000005, "md": [3.1115199227234838, 4.272423174670707], "lower": [2.707361287799152, 4.009230160987596], "upper": [3.6898699416322303, 4.511539337866036]}, "4": {"Atom 1": "(16, 17)", "Atom 2": "(26,)", "NMR exp": 2.71, "lower bound": 0.0, "upper bound": 4.24, "md": [1.7850666042833572, 4.079701354135634], "lower": [1.700731803900877, 3.821536005774829], "upper": [3.4949764231139966, 4.631891403100132]}, "5": {"Atom 1": "(13, 14)", "Atom 2": "(26,)", "NMR exp": 2.63, "lower bound": 0.0, "upper bound": 4.14, "md": [1.869931792645153, 3.8301897439020376], "lower": [1.7581125068603665, 3.6194465759955445], "upper": [2.8246813939046937, 4.169510747191135]}, "6": {"Atom 1": "(47,)", "Atom 2": "(59,)", "NMR exp": 2.57, "lower bound": 0.0, "upper bound": 2.83, "md": [3.426606205273395], "lower": [3.3218952216834325], "upper": [3.597265827103741]}, "7": {"Atom 1": "(49,)", "Atom 2": "(59,)", "NMR exp": 3.39, "lower bound": 0.0, "upper bound": 3.73, "md": [2.4801845450749576], "lower": [2.2055708818718522], "upper": [3.725105578225018]}, "8": {"Atom 1": "(61,)", "Atom 2": "(1,)", "NMR exp": 2.17, "lower bound": 0.0, "upper bound": 2.39, "md": [2.3560550859670237], "lower": [2.161262390609799], "upper": [3.5326059218729933]}, "9": {"Atom 1": "(1,)", "Atom 2": "(3,)", "NMR exp": 2.6, "lower bound": 0.0, "upper bound": 2.86, "md": [2.424605115961062], "lower": [2.2285306952135513], "upper": [2.9064244858390196]}, "10": {"Atom 1": "(1,)", "Atom 2": "(5, 6)", "NMR exp": 2.37, "lower bound": 0.0, "upper bound": 3.83, "md": [3.177860173953809, 2.7859432704187777], "lower": [2.6420684866604294, 2.5238242729435565], "upper": [3.5945688994326415, 3.509650376062718]}, "11": {"Atom 1": "(16, 17)", "Atom 2": "(13, 14)", "NMR exp": 1.73, "lower bound": 0.0, "upper bound": 4.19, "md": [2.468808124765276, 2.616484834902994, 3.180949540829384, 2.091511119099313], "lower": [2.2645811164637686, 2.546880619061732, 2.83816650254146, 2.03452120319522], "upper": [2.539636729587202, 2.915688725304578, 3.2091549940797006, 2.341636314224357]}, "12": {"Atom 1": "(26,)", "Atom 2": "(28,)", "NMR exp": 2.31, "lower bound": 0.0, "upper bound": 2.54, "md": [3.0868697309159696], "lower": [2.8470859250229905], "upper": [3.113589062572709]}, "13": {"Atom 1": "(28,)", "Atom 2": "(35, 36, 37, 39, 40, 41)", "NMR exp": 3.23, "lower bound": 0.0, "upper bound": 6.99, "md": [3.9682381498581627, 2.9148920951087853, 1.8779893996129797, 2.69583437517303, 2.8972069044001665, 2.3557023986011525], "lower": [2.910774569265654, 2.386834673743694, 1.8564556432098567, 2.3065012945194154, 2.374254125776001, 2.1701780451237727], "upper": [4.646833665471868, 4.353856472504306, 4.08026749466432, 4.333961871154168, 4.384666828866553, 4.229333460249031]}, "14": {"Atom 1": "(45,)", "Atom 2": "(50,)", "NMR exp": 2.75, "lower bound": 0.0, "upper bound": 3.02, "md": [2.8619927004431105], "lower": [2.472042809467686], "upper": [3.5191328866077054]}, "15": {"Atom 1": "(45,)", "Atom 2": "(49,)", "NMR exp": 3.02, "lower bound": 0.0, "upper bound": 3.3200000000000003, "md": [2.339150760639177], "lower": [2.1901428820156967], "upper": [3.077431961247628]}, "16": {"Atom 1": "(47,)", "Atom 2": "(50,)", "NMR exp": 2.2600000000000002, "lower bound": 0.0, "upper bound": 2.49, "md": [2.1388974774728244], "lower": [2.0850997662734922], "upper": [2.9009623738246013]}, "17": {"Atom 1": "(47,)", "Atom 2": "(49,)", "NMR exp": 2.11, "lower bound": 0.0, "upper bound": 2.32, "md": [2.765780354752776], "lower": [2.4366193526334734], "upper": [3.0279339842989086]}, "18": {"Atom 1": "(50,)", "Atom 2": "(54, 55)", "NMR exp": 2.6, "lower bound": 0.0, "upper bound": 6.0600000000000005, "md": [3.6837485706685063, 2.6244400867026445], "lower": [3.4864345769330036, 2.2725055648446437], "upper": [4.00411926139293, 3.401357333861459]}, "19": {"Atom 1": "(49,)", "Atom 2": "(54, 55)", "NMR exp": 3.31, "lower bound": 0.0, "upper bound": 7.11, "md": [3.755856892622732, 3.8368335985062796], "lower": [3.517190421654984, 2.734957490771263], "upper": [4.005124828755767, 3.8668386005803135]}, "20": {"Atom 1": "(59,)", "Atom 2": "(63, 64)", "NMR exp": 2.49, "lower bound": 0.0, "upper bound": 3.98, "md": [3.4777134999802644, 3.489526481740147], "lower": [2.8546266515895273, 2.7513737356615797], "upper": [3.8592075396093652, 3.716092253416062]}, "21": {"Atom 1": "(61,)", "Atom 2": "(63, 64)", "NMR exp": 2.08, "lower bound": 0.0, "upper bound": 3.47, "md": [3.1381257720374838, 2.0262205924750827], "lower": [2.47336198529808, 1.9706499516781097], "upper": [3.1704131648273353, 2.8346605967147163]}}}