{"single": {"stat": {"0": "MAE", "1": "MSE", "2": "RMSD", "3": "pearsonr", "4": "kendalltau", "5": "chisq", "6": "percentage_fulfilled"}, "value": {"0": 0.4943706630986211, "1": 0.1360932979768392, "2": 0.588829255529213, "3": 0.3646817675029827, "4": 0.23427387005083175, "5": 3.072334188667916, "6": 0.8181818181818182}, "up": {"0": 0.6304326759270732, "1": 0.3694849470930257, "2": 0.7005026997574482, "3": 0.6735834230091334, "4": 0.5327333305393734, "5": 4.513906076514648, "6": 0.0}, "low": {"0": 0.36478481623625597, "1": 0.0, "2": 0.4555305006546324, "3": 0.0, "4": 0.0, "5": 1.7470981729133859, "6": 0.0}, "most-populated-1": {"0": 0.6475719061764802, "1": 0.5124305482344194, "2": 0.8309187212520043, "3": NaN, "4": NaN, "5": NaN, "6": 0.5454545454545454}}}