{"cis": {"stat": {"0": "MAE", "1": "MSE", "2": "RMSD", "3": "RMSD_step", "4": "pearsonr", "5": "kendalltau", "6": "chisq", "7": "percentage_fulfilled"}, "value": {"0": 0.4810521932999572, "1": 0.18846722310231512, "2": 0.6740203219326274, "3": 0.28661597643662146, "4": 0.2862059392923147, "5": 0.11343689284091989, "6": 6.333468600754877, "7": 0.717948717948718}, "up": {"0": 0.6356403182194726, "1": 0.39082039465987006, "2": 0.8685177912906428, "3": 0.4664514155589231, "4": 0.5639634161076665, "5": 0.3521254206341489, "6": 10.365732246776226, "7": 0.0}, "low": {"0": 0.34155936120031793, "1": 0.0, "2": 0.4749626635916442, "3": 0.10122297041521301, "4": 0.0, "5": 0.0, "6": 3.2065312224109093, "7": 0.0}}, "trans": {"stat": {"0": "MAE", "1": "MSE", "2": "RMSD", "3": "RMSD_step", "4": "pearsonr", "5": "kendalltau", "6": "chisq", "7": "percentage_fulfilled"}, "value": {"0": 0.45397842914282593, "1": 0.12200219144415461, "2": 0.765946874826301, "3": 0.1143126909155227, "4": 0.5870889600033159, "5": 0.49659887395699215, "6": 7.956968752862125, "7": 0.9130434782608695}, "up": {"0": 0.6492272370267568, "1": 0.35668043065487887, "2": 1.0309565476099654, "3": 0.16268133694835538, "4": 0.7653855001422429, "5": 0.6746521830404917, "6": 14.437098907455484, "7": 0.0}, "low": {"0": 0.29104318213280117, "1": 0.0, "2": 0.4479220385199877, "3": 0.05455352377731189, "4": 0.39732182561938173, "5": 0.28303667619609096, "6": 2.746236967413148, "7": 0.0}}}