{"cis": {"stat": {"0": "MAE", "1": "MSE", "2": "RMSD", "3": "RMSD_step", "4": "pearsonr", "5": "kendalltau", "6": "chisq", "7": "percentage_fulfilled"}, "value": {"0": 0.637150930398918, "1": -0.022306094198120442, "2": 0.8292293320463376, "3": 0.11475726891674783, "4": 0.3074707468875184, "5": 0.17015533926137985, "6": 8.792374586605606, "7": 0.8205128205128205}, "up": {"0": 0.8125913572604396, "1": 0.2462220239397539, "2": 1.0605112798281204, "3": 0.15057283760221904, "4": 0.5616357123466695, "5": 0.39778268234864, "6": 13.761232607030381, "7": 0.0}, "low": {"0": 0.4829985524233059, "1": 0.0, "2": 0.6024264551664733, "3": 0.0679743541382544, "4": 0.0, "5": 0.0, "6": 4.799549323404369, "7": 0.0}}, "trans": {"stat": {"0": "MAE", "1": "MSE", "2": "RMSD", "3": "RMSD_step", "4": "pearsonr", "5": "kendalltau", "6": "chisq", "7": "percentage_fulfilled"}, "value": {"0": 0.8088326905712387, "1": -0.2876129958682713, "2": 1.089636404566778, "3": 0.13622232467231807, "4": 0.2610965278097382, "5": 0.03988326848249027, "6": 15.199306042547805, "7": 0.8478260869565217}, "up": {"0": 1.0239518479940521, "1": 0.010895800972353424, "2": 1.30058535582097, "3": 0.18009055693081794, "4": 0.5378630247238859, "5": 0.28714827454576497, "6": 21.08029059006826, "7": 0.0}, "low": {"0": 0.6007857276138643, "1": 0.0, "2": 0.8579530697869953, "3": 0.08132062148225914, "4": 0.0, "5": 0.0, "6": 9.980919881984676, "7": 0.0}}}