{"cis": {"stat": {"0": "MAE", "1": "MSE", "2": "RMSD", "3": "RMSD_step", "4": "pearsonr", "5": "kendalltau", "6": "chisq", "7": "percentage_fulfilled"}, "value": {"0": 0.637150930398918, "1": -0.022306094198120442, "2": 0.8292293320463376, "3": 0.11475726891674783, "4": 0.3074707468875184, "5": 0.17015533926137985, "6": 8.792374586605606, "7": 0.8205128205128205}, "up": {"0": 0.8093866627971472, "1": 0.24904116629724243, "2": 1.057865036000701, "3": 0.15053174878979064, "4": 0.5674405089960772, "5": 0.39335806117298944, "6": 14.005225688916674, "7": 0.0}, "low": {"0": 0.48190616157863686, "1": 0.0, "2": 0.6027103493482242, "3": 0.06944837595708721, "4": 0.0, "5": 0.0, "6": 4.814757379871456, "7": 0.0}}, "trans": {"stat": {"0": "MAE", "1": "MSE", "2": "RMSD", "3": "RMSD_step", "4": "pearsonr", "5": "kendalltau", "6": "chisq", "7": "percentage_fulfilled"}, "value": {"0": 0.8088326905712387, "1": -0.2876129958682713, "2": 1.089636404566778, "3": 0.13622232467231807, "4": 0.2610965278097382, "5": 0.03988326848249027, "6": 15.199306042547805, "7": 0.8478260869565217}, "up": {"0": 1.025867568020768, "1": 0.013704382371300984, "2": 1.3007039701534981, "3": 0.1814271620005215, "4": 0.5348715579063689, "5": 0.289200075883763, "6": 20.941117358633022, "7": 0.0}, "low": {"0": 0.6000906867903716, "1": 0.0, "2": 0.8628864437136264, "3": 0.08067648760434425, "4": 0.0, "5": 0.0, "6": 9.967185874277842, "7": 0.0}}}