{"single": {"fulfil": {"best": 1.0, "random": [0.70625, 0.84375, 0.90625, 0.96875, 1.0], "low_energy": [0.875, 0.875, 0.9375, 0.9375, 1.0], "LICUV": [1.0, 1.0, 1.0, 1.0, 1.0], "NAMFIS": [1.0, 1.0, 1.0, 1.0, 1.0]}, "rmsd": {"best": 0.33559905094299625, "random": [0.9013588001568362, 0.6235445136091691, 0.5860823295350256, 0.49151368537801615, 0.5274483424073338], "low_energy": [0.48290426426014477, 0.4802147322254966, 0.4722052820740781, 0.45884451730633996, 0.44984429274444737], "LICUV": [0.33559905094299625, 0.3244998649042596, 0.3605110950577275, 0.33797649210570385, 0.38530649777216347], "NAMFIS": [0.33559905094299625, 0.3120194889607424, 0.2934962179163216, 0.298861416477181, 0.29886141663936694]}, "rmsd_stepwise": {"best": 0.0, "random": [0.32469940695564176, 0.22912568902666056, 0.14092561515526433, 0.05570000000000001, 0.0], "low_energy": [0.16899999999999998, 0.16899999999999998, 0.119, 0.119, 0.0], "LICUV": [0.0, 0.0, 0.0, 0.0, 0.0], "NAMFIS": [0.0, 0.0, 0.0, 0.0, 0.0]}, "mae": {"best": 0.26791631877422334, "random": [0.7098475859165191, 0.49962787191914443, 0.4636091920337238, 0.38775258227322495, 0.4060472983281129], "low_energy": [0.39678570866584795, 0.3988443668434996, 0.3782884359721934, 0.38375744959605085, 0.3817209266986118], "LICUV": [0.26791631877422334, 0.2790384373124539, 0.2976426415448886, 0.28711045878510266, 0.3180220344514197], "NAMFIS": [0.26791631877422334, 0.24942581944964048, 0.24556659409330667, 0.24038937171825117, 0.24038937189226992]}, "bundle-size": [1, 3, 5, 10, 30]}}