{"minimum_sasa": 9.679929618835484, "minimum_psa": 4.075368452072148}