{"single": {"stat": {"0": "MAE", "1": "MSE", "2": "RMSD", "3": "RMSD_step", "4": "pearsonr", "5": "kendalltau", "6": "chisq", "7": "percentage_fulfilled"}, "value": {"0": 0.23328321228578222, "1": -0.0006923716795440849, "2": 0.27868963237844774, "3": 0.0, "4": 0.8905299883057898, "5": 0.65, "6": 0.37522516851218096, "7": 1.0}, "up": {"0": 0.30893144901040304, "1": 0.13503541433221766, "2": 0.3397192087118642, "3": 0.0, "4": 0.9549352777555192, "5": 0.8584070796460177, "6": 0.5763358673051887, "7": 0.0}, "low": {"0": 0.16014400544069385, "1": 0.0, "2": 0.20619619190104768, "3": 0.0, "4": 0.7852258818504052, "5": 0.34513274336283184, "6": 0.20371716064261683, "7": 0.0}, "most-populated-1": {"0": 0.38411769211292257, "1": 0.26538694918155664, "2": 0.4923397311691502, "3": 0.0, "4": NaN, "5": NaN, "6": NaN, "7": 0.75}}}