{"single": {"stat": {"0": "MAE", "1": "MSE", "2": "RMSD", "3": "pearsonr", "4": "kendalltau", "5": "chisq", "6": "percentage_fulfilled"}, "value": {"0": 0.3567426285855204, "1": -0.17681646166505002, "2": 0.49250339546351485, "3": 0.8253893000515424, "4": 0.65, "5": 1.1337790924700013, "6": 0.9375}, "up": {"0": 0.5326736011357996, "1": 0.052775572935545516, "2": 0.6544826871644572, "3": 0.9368441071866067, "4": 0.8771929824561403, "5": 2.0252340294329043, "6": 0.0}, "low": {"0": 0.19983466116654686, "1": 0.0, "2": 0.29499747898067274, "3": 0.6872915063057612, "4": 0.38053097345132736, "5": 0.40837447454876885, "6": 0.0}, "most-populated-1": {"0": 0.38411769211292257, "1": 0.26538694918155664, "2": 0.4923397311691502, "3": NaN, "4": NaN, "5": NaN, "6": 0.75}}}