{"66": {"0": {"Atom 1": "(82,)", "Atom 2": "(94,)", "NMR exp": 3.5, "lower bound": 2.3, "upper bound": 4.7, "md": [2.4255491549911556], "lower": [2.272010758786784], "upper": [2.913269632233641]}, "1": {"Atom 1": "(98, 99)", "Atom 2": "(94,)", "NMR exp": 3.5, "lower bound": 2.3, "upper bound": 4.7, "md": [2.5684050193751875, 2.644136229460058], "lower": [2.3334525174162537, 2.3677750475528545], "upper": [2.969004709035847, 3.303264766018612]}, "2": {"Atom 1": "(3,)", "Atom 2": "(1,)", "NMR exp": 4.5, "lower bound": 2.9, "upper bound": 6.1, "md": [2.9090378750746586], "lower": [2.8193159058225845], "upper": [2.9927128112971206]}, "3": {"Atom 1": "(3,)", "Atom 2": "(18,)", "NMR exp": 4.5, "lower bound": 2.9, "upper bound": 6.1, "md": [3.8540298690386563], "lower": [3.3293716172374075], "upper": [3.889894099265419]}, "4": {"Atom 1": "(5, 6)", "Atom 2": "(1,)", "NMR exp": 4.5, "lower bound": 2.9, "upper bound": 6.1, "md": [1.9781994571584953, 3.055401741231919], "lower": [1.90324768089291, 2.5668161215524457], "upper": [3.0149077633333183, 3.659987247663827]}, "5": {"Atom 1": "(5, 6)", "Atom 2": "(18,)", "NMR exp": 4.5, "lower bound": 2.9, "upper bound": 6.1, "md": [2.3620427000287565, 3.7034182451139483], "lower": [2.1838991955753873, 3.057656851074365], "upper": [3.904297616228707, 4.330004361505522]}, "6": {"Atom 1": "(8, 9)", "Atom 2": "(1,)", "NMR exp": 4.5, "lower bound": 2.9, "upper bound": 6.1, "md": [2.344067148595033, 3.126553953205495], "lower": [2.1187109826388673, 2.604292136063032], "upper": [3.8341472022518484, 4.117303378395474]}, "7": {"Atom 1": "(8, 9)", "Atom 2": "(1,)", "NMR exp": 4.5, "lower bound": 2.9, "upper bound": 6.1, "md": [2.344067148595033, 3.126553953205495], "lower": [2.1187109826388673, 2.604292136063032], "upper": [3.8341472022518484, 4.117303378395474]}, "8": {"Atom 1": "(1,)", "Atom 2": "(18,)", "NMR exp": 4.5, "lower bound": 2.9, "upper bound": 6.1, "md": [2.092390017558089], "lower": [1.8660481515138285], "upper": [2.6430125129143995]}, "9": {"Atom 1": "(20,)", "Atom 2": "(18,)", "NMR exp": 4.5, "lower bound": 2.9, "upper bound": 6.1, "md": [2.5532538942167493], "lower": [2.493381398835691], "upper": [2.9389509025272105]}, "10": {"Atom 1": "(22, 23)", "Atom 2": "(18,)", "NMR exp": 4.5, "lower bound": 2.9, "upper bound": 6.1, "md": [3.5489158003391057, 3.269546512576271], "lower": [2.5201408965022702, 2.5985633415067713], "upper": [3.752181222827548, 3.6553077364813253]}, "11": {"Atom 1": "(22, 23)", "Atom 2": "(18,)", "NMR exp": 4.5, "lower bound": 2.9, "upper bound": 6.1, "md": [3.5489158003391057, 3.269546512576271], "lower": [2.5201408965022702, 2.5985633415067713], "upper": [3.752181222827548, 3.6553077364813253]}, "12": {"Atom 1": "(40,)", "Atom 2": "(58,)", "NMR exp": 4.5, "lower bound": 2.9, "upper bound": 6.1, "md": [3.8801778337698596], "lower": [3.535537148940171], "upper": [4.5096308296013214]}, "13": {"Atom 1": "(37, 38)", "Atom 2": "(80,)", "NMR exp": 4.5, "lower bound": 2.9, "upper bound": 6.1, "md": [5.92561509699261, 6.287479575214899], "lower": [5.744277520204107, 5.952878343552827], "upper": [6.7518862962827, 7.185999513018366]}, "14": {"Atom 1": "(37, 38)", "Atom 2": "(80,)", "NMR exp": 4.5, "lower bound": 2.9, "upper bound": 6.1, "md": [5.92561509699261, 6.287479575214899], "lower": [5.744277520204107, 5.952878343552827], "upper": [6.7518862962827, 7.185999513018366]}, "15": {"Atom 1": "(31, 32)", "Atom 2": "(18,)", "NMR exp": 4.5, "lower bound": 2.9, "upper bound": 6.1, "md": [5.057042935424097, 4.61172496736837], "lower": [4.829889820442354, 4.236762294037171], "upper": [5.3070253318910865, 4.937771761004937]}, "16": {"Atom 1": "(31, 32)", "Atom 2": "(40,)", "NMR exp": 4.5, "lower bound": 2.9, "upper bound": 6.1, "md": [3.498992198952068, 2.519432415162696], "lower": [3.469726482920484, 2.446109876929049], "upper": [3.9473975752223542, 3.5263689015292234]}, "17": {"Atom 1": "(31, 32)", "Atom 2": "(37, 38)", "NMR exp": 4.5, "lower bound": 2.9, "upper bound": 6.1, "md": [3.0710729081876496, 3.7759687214439333, 3.5185656431018395, 2.2783308162863176], "lower": [2.823648954905485, 3.7008715581825857, 3.4833875792892655, 2.221241155718579], "upper": [3.8210387743231453, 3.990913245306389, 3.9644920807669357, 3.644965462596181]}, "18": {"Atom 1": "(31, 32)", "Atom 2": "(37, 38)", "NMR exp": 4.5, "lower bound": 2.9, "upper bound": 6.1, "md": [3.0710729081876496, 3.7759687214439333, 3.5185656431018395, 2.2783308162863176], "lower": [2.823648954905485, 3.7008715581825857, 3.4833875792892655, 2.221241155718579], "upper": [3.8210387743231453, 3.990913245306389, 3.9644920807669357, 3.644965462596181]}, "19": {"Atom 1": "(31, 32)", "Atom 2": "(34, 35)", "NMR exp": 4.5, "lower bound": 2.9, "upper bound": 6.1, "md": [2.328858158302646, 2.885431379432318, 2.6870597734996293, 2.7235121781839835], "lower": [2.2056754983868703, 2.725326460529548, 2.601972547734259, 2.2907685324846363], "upper": [2.4371656241191126, 3.0048727360878384, 2.9262560124272805, 2.758390972972593]}, "20": {"Atom 1": "(31, 32)", "Atom 2": "(34, 35)", "NMR exp": 4.5, "lower bound": 2.9, "upper bound": 6.1, "md": [2.328858158302646, 2.885431379432318, 2.6870597734996293, 2.7235121781839835], "lower": [2.2056754983868703, 2.725326460529548, 2.601972547734259, 2.2907685324846363], "upper": [2.4371656241191126, 3.0048727360878384, 2.9262560124272805, 2.758390972972593]}, "21": {"Atom 1": "(31, 32)", "Atom 2": "(18,)", "NMR exp": 4.5, "lower bound": 2.9, "upper bound": 6.1, "md": [5.057042935424097, 4.61172496736837], "lower": [4.829889820442354, 4.236762294037171], "upper": [5.3070253318910865, 4.937771761004937]}, "22": {"Atom 1": "(31, 32)", "Atom 2": "(40,)", "NMR exp": 4.5, "lower bound": 2.9, "upper bound": 6.1, "md": [3.498992198952068, 2.519432415162696], "lower": [3.469726482920484, 2.446109876929049], "upper": [3.9473975752223542, 3.5263689015292234]}, "23": {"Atom 1": "(31, 32)", "Atom 2": "(37, 38)", "NMR exp": 4.5, "lower bound": 2.9, "upper bound": 6.1, "md": [3.0710729081876496, 3.7759687214439333, 3.5185656431018395, 2.2783308162863176], "lower": [2.823648954905485, 3.7008715581825857, 3.4833875792892655, 2.221241155718579], "upper": [3.8210387743231453, 3.990913245306389, 3.9644920807669357, 3.644965462596181]}, "24": {"Atom 1": "(31, 32)", "Atom 2": "(37, 38)", "NMR exp": 4.5, "lower bound": 2.9, "upper bound": 6.1, "md": [3.0710729081876496, 3.7759687214439333, 3.5185656431018395, 2.2783308162863176], "lower": [2.823648954905485, 3.7008715581825857, 3.4833875792892655, 2.221241155718579], "upper": [3.8210387743231453, 3.990913245306389, 3.9644920807669357, 3.644965462596181]}, "25": {"Atom 1": "(31, 32)", "Atom 2": "(34, 35)", "NMR exp": 4.5, "lower bound": 2.9, "upper bound": 6.1, "md": [2.328858158302646, 2.885431379432318, 2.6870597734996293, 2.7235121781839835], "lower": [2.2056754983868703, 2.725326460529548, 2.601972547734259, 2.2907685324846363], "upper": [2.4371656241191126, 3.0048727360878384, 2.9262560124272805, 2.758390972972593]}, "26": {"Atom 1": "(31, 32)", "Atom 2": "(34, 35)", "NMR exp": 4.5, "lower bound": 2.9, "upper bound": 6.1, "md": [2.328858158302646, 2.885431379432318, 2.6870597734996293, 2.7235121781839835], "lower": [2.2056754983868703, 2.725326460529548, 2.601972547734259, 2.2907685324846363], "upper": [2.4371656241191126, 3.0048727360878384, 2.9262560124272805, 2.758390972972593]}, "27": {"Atom 1": "(54,)", "Atom 2": "(58,)", "NMR exp": 4.5, "lower bound": 2.9, "upper bound": 6.1, "md": [2.528639199101718], "lower": [2.3236555900461044], "upper": [3.10326001241127]}, "28": {"Atom 1": "(51, 52)", "Atom 2": "(58,)", "NMR exp": 4.5, "lower bound": 2.9, "upper bound": 6.1, "md": [2.235665817875696, 4.381627037622394], "lower": [2.1024207806818493, 4.078766021809087], "upper": [4.249992623310028, 4.661423682774281]}, "29": {"Atom 1": "(48, 49)", "Atom 2": "(58,)", "NMR exp": 4.5, "lower bound": 2.9, "upper bound": 6.1, "md": [2.6727587326806983, 5.135416322549938],