{"single": {"stat": {"0": "MAE", "1": "MSE", "2": "RMSD", "3": "RMSD_step", "4": "pearsonr", "5": "kendalltau", "6": "chisq", "7": "percentage_fulfilled"}, "value": {"0": 1.1862290005833072, "1": -1.0301011124919393, "2": 1.335593354817479, "3": 0.8732429166557044, "4": 0.22639902175651996, "5": 0.23935814289293922, "6": 18.76053578476344, "7": 0.7021276595744681}, "up": {"0": 1.3599945146888326, "1": -0.776541062582239, "2": 1.4856955122812248, "3": 1.0694997836531068, "4": 1.0, "5": 1.0, "6": 23.12568528367088, "7": 0.0}, "low": {"0": 1.0088573013574011, "1": 0.0, "2": 1.1766150634214063, "3": 0.6601095976056276, "4": 0.0, "5": 0.0, "6": 14.584261910843681, "7": 0.0}, "most-populated-1": {"0": 0.9612230798031421, "1": -0.7312273319731367, "2": 1.1773717015200782, "3": 0.8732429166557044, "4": NaN, "5": NaN, "6": NaN, "7": 0.8297872340425532}}}