{"single": {"stat": {"0": "MAE", "1": "MSE", "2": "RMSD", "3": "pearsonr", "4": "kendalltau", "5": "chisq", "6": "percentage_fulfilled"}, "value": {"0": 1.2446538752185303, "1": -1.0867774304835558, "2": 1.4014453869110786, "3": 0.1953820676218632, "4": 0.20054330891030045, "5": 20.633208653167138, "6": 0.7021276595744681}, "up": {"0": 1.425235507064121, "1": -0.8279189932861208, "2": 1.5836936411979519, "3": 1.0, "4": 1.0, "5": 26.26446669859359, "6": 0.0}, "low": {"0": 1.06251355618087, "1": 0.0, "2": 1.2190311105019374, "3": 0.0, "4": 0.0, "5": 15.58589372885396, "6": 0.0}, "most-populated-1": {"0": 0.9612230798031421, "1": -0.7312273319731367, "2": 1.1773717015200782, "3": NaN, "4": NaN, "5": NaN, "6": 0.8297872340425532}}}