{"single": {"fulfil": {"best": 0.7727272727272727, "random": [0.5272727272727272, 0.7772727272727272, 0.7636363636363637, 0.8, 0.8590909090909091], "low_energy": [0.6818181818181818, 0.5454545454545454, 0.6363636363636364, 0.7727272727272727, 0.7727272727272727], "LICUV": [0.7727272727272727, 0.6818181818181818, 0.7727272727272727, 0.7727272727272727, 0.8181818181818182], "NAMFIS": [0.6363636363636364, 0.8636363636363636, 0.8636363636363636, 0.8636363636363636, 0.8636363636363636]}, "rmsd": {"best": 0.2840970508528116, "random": [0.5156297279163425, 0.30254981499544, 0.2632830851036581, 0.27535863154474094, 0.21555635051016422], "low_energy": [0.38610421116196597, 0.2614369474855978, 0.26995988150075506, 0.24234688065084548, 0.22955378208957683], "LICUV": [0.4299745840346681, 0.29135534301460897, 0.25996403459979, 0.26694807046387553, 0.2297085782330398], "NAMFIS": [0.3752812296509372, 0.16531492322967922, 0.18146038165626413, 0.17899206493342135, 0.1789920649252088]}, "mae": {"best": 0.22164947553114445, "random": [0.3868191237449644, 0.2174738544360229, 0.18625682683095302, 0.18940579837974375, 0.1554061696656001], "low_energy": [0.28995390631935797, 0.20736403322984137, 0.20593996026114675, 0.18109272508320393, 0.16613930785889697], "LICUV": [0.31203992843627915, 0.23591928347638183, 0.20439318139751214, 0.211406918928716, 0.16148130449487044], "NAMFIS": [0.27669322577389793, 0.127451155373454, 0.1341530069813208, 0.1254048564884034, 0.12540485648034924]}, "bundle-size": [1, 3, 5, 10, 30]}}