{"single": {"fulfil": {"best": 0.7727272727272727, "random": [0.5681818181818181, 0.6772727272727272, 0.7545454545454546, 0.8318181818181817, 0.840909090909091], "low_energy": [0.6818181818181818, 0.5454545454545454, 0.6363636363636364, 0.7727272727272727, 0.7727272727272727], "LICUV": [0.7727272727272727, 0.6818181818181818, 0.7727272727272727, 0.7727272727272727, 0.8181818181818182], "NAMFIS": [0.6363636363636364, 0.8636363636363636, 0.8636363636363636, 0.8636363636363636, 0.8636363636363636]}, "rmsd": {"best": 0.2840970508528116, "random": [0.5269017218799725, 0.3512965293579105, 0.28907010163153646, 0.22333686348857182, 0.22272939899879757], "low_energy": [0.38610421116196597, 0.2614369474855978, 0.26995988150075506, 0.24234688065084548, 0.22955378208957683], "LICUV": [0.4299745840346681, 0.29135534301460897, 0.25996403459979, 0.26694807046387553, 0.2297085782330398], "NAMFIS": [0.3752812296509372, 0.16531364903297852, 0.1814523549939, 0.17898981874204462, 0.17898981872833464]}, "rmsd_stepwise": {"best": 0.11849434202065975, "random": [0.2902884318351668, 0.20766610681020467, 0.1410177571822051, 0.09625252629736666, 0.11133040691415903], "low_energy": [0.28904230580566315, 0.3000681740720083, 0.28499601273127884, 0.11222947271307367, 0.13684762594679067], "LICUV": [0.1295797402795247, 0.21511096502207241, 0.1792154619952805, 0.12420657280221817, 0.10235854984940308], "NAMFIS": [0.2975047745988136, 0.08604966853245546, 0.08314827937868809, 0.09375984796760864, 0.09375984796760864]}, "mae": {"best": 0.22164947553114445, "random": [0.3968424727699972, 0.2496650280873462, 0.2039373170879098, 0.1617522860449707, 0.15989316673784318], "low_energy": [0.28995390631935797, 0.20736403322984137, 0.20593996026114675, 0.18109272508320393, 0.16613930785889697], "LICUV": [0.31203992843627915, 0.23591928347638183, 0.20439318139751214, 0.211406918928716, 0.16148130449487044], "NAMFIS": [0.27669322577389793, 0.12745162240338836, 0.13415167985998128, 0.12541045829961675, 0.1254104582834786]}, "bundle-size": [1, 3, 5, 10, 30]}}