{"single": {"fulfil": {"best": 0.7727272727272727, "random": [0.4818181818181818, 0.6954545454545455, 0.740909090909091, 0.8318181818181817, 0.8272727272727274], "low_energy": [0.6818181818181818, 0.5454545454545454, 0.6363636363636364, 0.7727272727272727, 0.7727272727272727], "LICUV": [0.7727272727272727, 0.6818181818181818, 0.7727272727272727, 0.7727272727272727, 0.8181818181818182], "NAMFIS": [0.6363636363636364, 0.8636363636363636, 0.8636363636363636, 0.8636363636363636, 0.8636363636363636]}, "rmsd": {"best": 0.2840970508528116, "random": [0.5750568330357808, 0.3329964692876689, 0.27966154861656356, 0.23521997655859023, 0.22220159134854858], "low_energy": [0.38610421116196597, 0.2614369474855978, 0.26995988150075506, 0.24234688065084548, 0.22955378208957683], "LICUV": [0.4299745840346681, 0.29135534301460897, 0.25996403459979, 0.26694807046387553, 0.2297085782330398], "NAMFIS": [0.3752812296509372, 0.16532119843583615, 0.1814656393793014, 0.1789855406423079, 0.17898554063798014]}, "mae": {"best": 0.22164947553114445, "random": [0.43086141612313, 0.23657059804434968, 0.2053530960046562, 0.1667411236515891, 0.16111335993140863], "low_energy": [0.28995390631935797, 0.20736403322984137, 0.20593996026114675, 0.18109272508320393, 0.16613930785889697], "LICUV": [0.31203992843627915, 0.23591928347638183, 0.20439318139751214, 0.211406918928716, 0.16148130449487044], "NAMFIS": [0.27669322577389793, 0.12745691136197473, 0.13414697998205016, 0.12537507888133792, 0.12537507887983218]}, "bundle-size": [1, 3, 5, 10, 30]}}