{"single": {"fulfil": {"best": 0.4090909090909091, "random": [0.2954545454545454, 0.31363636363636366, 0.33636363636363636, 0.3272727272727273, 0.3318181818181819], "low_energy": [0.22727272727272727, 0.36363636363636365, 0.3181818181818182, 0.36363636363636365, 0.3181818181818182], "LICUV": [0.4090909090909091, 0.36363636363636365, 0.36363636363636365, 0.36363636363636365, 0.36363636363636365], "NAMFIS": [0.2727272727272727, 0.3181818181818182, 0.3181818181818182, 0.3181818181818182, 0.3181818181818182]}, "rmsd": {"best": 1.3091047944613439, "random": [1.9121648551748305, 1.7810481088453831, 1.670843758471073, 1.7134355779141668, 1.6465982148552183], "low_energy": [2.1756545792081936, 1.6637553555919302, 1.6291471858249895, 1.5624742926104562, 1.5923414116680348], "LICUV": [1.9674832201836605, 1.5965311557787258, 1.5228813692497665, 1.561326012168321, 1.6142762966770077], "NAMFIS": [1.3091047944613439, 1.3039460455051273, 1.3039460455167662, 1.3039460455442784, 1.3039460455990308]}, "mae": {"best": 0.9985210136933756, "random": [1.395766159794547, 1.2954671717963946, 1.2273538609036831, 1.2571057069277631, 1.2207006391924666], "low_energy": [1.6237482155453073, 1.2194773115243223, 1.2015265135852389, 1.1707826245437205, 1.2011063793860368], "LICUV": [1.3522883159464054, 1.0935408407620086, 1.0878326094437023, 1.1205370938078183, 1.1740526864293503], "NAMFIS": [0.9985210136933756, 1.0016563017409785, 1.001656301749741, 1.001656301769103, 1.0016563017993474]}, "bundle-size": [1, 3, 5, 10, 30]}}