{"minimum_sasa": 7.230553150177002, "minimum_psa": 5.535516262054443}