{"single": {"fulfil": {"best": 0.6060606060606061, "random": [0.3545454545454546, 0.4333333333333333, 0.5272727272727271, 0.5969696969696969, 0.6181818181818183], "low_energy": [0.42424242424242425, 0.42424242424242425, 0.45454545454545453, 0.45454545454545453, 0.45454545454545453], "LICUV": [0.6060606060606061, 0.6060606060606061, 0.6666666666666666, 0.5757575757575758, 0.5151515151515151], "NAMFIS": [0.45454545454545453, 0.5151515151515151, 0.48484848484848486, 0.6060606060606061, 0.6060606060606061]}, "rmsd": {"best": 0.28817758074983985, "random": [0.5535310119165419, 0.37441434971000254, 0.3266507073407031, 0.2498870191576099, 0.22087120212487577], "low_energy": [0.6502220049913633, 0.3481428533355556, 0.2831099994315037, 0.2795416229272331, 0.2637638213906132], "LICUV": [0.44257099562925306, 0.2582515606716883, 0.2303271615044774, 0.22694447771782741, 0.22456552502352575], "NAMFIS": [0.35191507319726056, 0.25439705227800363, 0.2334025050530207, 0.20275889852500753, 0.2024945266008259]}, "rmsd_stepwise": {"best": 0.09509166231812465, "random": [0.1511787222135082, 0.13502133776639472, 0.12047317943225318, 0.10542104934138026, 0.1030782459908707], "low_energy": [0.16868475169541988, 0.12970829743791423, 0.12141838510878095, 0.1282634599233747, 0.12500909057853643], "LICUV": [0.09556847457887636, 0.10358717599347436, 0.10454808955836078, 0.1118711379898833, 0.12667065384474238], "NAMFIS": [0.12597498549194983, 0.12348475553073278, 0.11889644080612184, 0.11273460386718406, 0.11273460386718406]}, "mae": {"best": 0.21392157728021782, "random": [0.38811676336057255, 0.27675233494741724, 0.23672735570856585, 0.1905623651045801, 0.1682082033223033], "low_energy": [0.43030402096835035, 0.2767002951396348, 0.2328018870876384, 0.2184665396853278, 0.21732788158962668], "LICUV": [0.2690364753838741, 0.19808697906784098, 0.16700556780971682, 0.17389152705682345, 0.18503183725470657], "NAMFIS": [0.26824503522930715, 0.2019346746349192, 0.18494909283885796, 0.16207850086935305, 0.16168276393519185]}, "bundle-size": [1, 3, 5, 10, 30]}}