{"single": {"stat": {"0": "MAE", "1": "MSE", "2": "RMSD", "3": "RMSD_step", "4": "pearsonr", "5": "kendalltau", "6": "chisq", "7": "percentage_fulfilled"}, "value": {"0": 0.4085417708372778, "1": 0.2214332844119867, "2": 0.632895192257853, "3": 0.252351106756204, "4": 0.6751260310190403, "5": 0.45852187028657615, "6": 5.383300202649609, "7": 0.7027027027027027}, "up": {"0": 0.5789985479336942, "1": 0.42027285319874147, "2": 0.8564112481152611, "3": 0.37181584960546066, "4": 0.8483777291257354, "5": 0.6769494426451487, "6": 9.936860011764347, "7": 0.0}, "low": {"0": 0.26791686981229884, "1": 0.04307981160502423, "2": 0.3766698315021292, "3": 0.10889617723212851, "4": 0.38860873758046227, "5": 0.21472627489923318, "6": 1.8984835249085559, "7": 0.0}}}