{"41": {"0": {"Atom 1": "(1,)", "Atom 2": "(25,)", "NMR exp": [2.64], "lower bound": 2.38, "upper bound": 2.91, "md": [3.076965362829026]}, "1": {"Atom 1": "(45,)", "Atom 2": "(32,)", "NMR exp": [2.37], "lower bound": 2.13, "upper bound": 2.6, "md": [4.3826836242169005]}, "2": {"Atom 1": "(1,)", "Atom 2": "(3,)", "NMR exp": [2.81], "lower bound": 2.5300000000000002, "upper bound": 3.09, "md": [2.3033481909654454]}, "3": {"Atom 1": "(1,)", "Atom 2": "(71,)", "NMR exp": [2.12], "lower bound": 1.9100000000000001, "upper bound": 2.33, "md": [2.221093162811143]}, "4": {"Atom 1": "(1,)", "Atom 2": "(5, 6)", "NMR exp": [3.0300000000000002], "lower bound": 2.73, "upper bound": 3.93, "md": [3.49222040537774, 3.053412786006937]}, "5": {"Atom 1": "(1,)", "Atom 2": "(75, 76, 77, 79, 80, 81)", "NMR exp": [3.63], "lower bound": 3.27, "upper bound": 4.63, "md": [2.633980192608433, 2.638952505281615, 2.650336130644347, 4.371394341226426, 4.377743706457661, 4.36647350580085]}, "6": {"Atom 1": "(1,)", "Atom 2": "(75, 76, 77, 79, 80, 81)", "NMR exp": [3.1], "lower bound": 2.79, "upper bound": 4.1, "md": [2.633980192608433, 2.638952505281615, 2.650336130644347, 4.371394341226426, 4.377743706457661, 4.36647350580085]}, "7": {"Atom 1": "(1,)", "Atom 2": "(11, 12)", "NMR exp": [4.42], "lower bound": 3.97, "upper bound": 5.3100000000000005, "md": [4.149976946347193, 4.344213374017969]}, "8": {"Atom 1": "(3,)", "Atom 2": "(5, 6)", "NMR exp": [2.46], "lower bound": 2.22, "upper bound": 3.36, "md": [2.5197153012347235, 2.7831206067234557]}, "9": {"Atom 1": "(3,)", "Atom 2": "(11, 12)", "NMR exp": [3.52], "lower bound": 3.16, "upper bound": 4.42, "md": [3.3773619012058433, 3.4823868166107577]}, "10": {"Atom 1": "(5, 6)", "Atom 2": "(11, 12)", "NMR exp": [3.2], "lower bound": 2.88, "upper bound": 5.0, "md": [2.714214579645192, 2.785346010893331, 2.900217510932357, 2.7822504102608296]}, "11": {"Atom 1": "(5, 6)", "Atom 2": "(14,)", "NMR exp": [3.2], "lower bound": 2.86, "upper bound": 5.28, "md": [2.9527344285128465, 2.9627688625774042]}, "12": {"Atom 1": "(25,)", "Atom 2": "(3,)", "NMR exp": [2.89], "lower bound": 2.59, "upper bound": 3.17, "md": [2.5114393632804703]}, "13": {"Atom 1": "(25,)", "Atom 2": "(27, 28)", "NMR exp": [2.5100000000000002], "lower bound": 2.19, "upper bound": 2.84, "md": [2.933083121417101, 2.4154717184224404]}, "14": {"Atom 1": "(25,)", "Atom 2": "(5, 6)", "NMR exp": [3.3200000000000003], "lower bound": 2.98, "upper bound": 4.22, "md": [3.7986602191927368, 3.8975600733576554]}, "15": {"Atom 1": "(32,)", "Atom 2": "(27, 28)", "NMR exp": [2.45], "lower bound": 1.92, "upper bound": 3.0500000000000003, "md": [2.247435776997582, 3.297691615600489]}, "16": {"Atom 1": "(32,)", "Atom 2": "(34,)", "NMR exp": [2.73], "lower bound": 2.45, "upper bound": 2.99, "md": [2.9543874591917882]}, "17": {"Atom 1": "(32,)", "Atom 2": "(36, 37)", "NMR exp": [2.21], "lower bound": 1.99, "upper bound": 3.11, "md": [2.7708305941714593, 2.7709608786689155]}, "18": {"Atom 1": "(34,)", "Atom 2": "(36, 37)", "NMR exp": [2.87], "lower bound": 2.59, "upper bound": 3.77, "md": [2.7671330898776545, 2.5524373283922586]}, "19": {"Atom 1": "(45,)", "Atom 2": "(27, 28)", "NMR exp": [4.26], "lower bound": 3.83, "upper bound": 5.16, "md": [6.184988146452668, 7.0061632213354]}, "20": {"Atom 1": "(45,)", "Atom 2": "(34,)", "NMR exp": [2.91], "lower bound": 2.62, "upper bound": 3.2, "md": [3.607335669558663]}, "21": {"Atom 1": "(47,)", "Atom 2": "(49, 50)", "NMR exp": [2.6, 2.69], "lower bound": 2.34, "upper bound": 2.96, "md": [2.7943644557892595, 2.488951245132611]}, "22": {"Atom 1": "(47,)", "Atom 2": "(53,)", "NMR exp": [3.73], "lower bound": 3.36, "upper bound": 4.11, "md": [3.7314685706846356]}, "23": {"Atom 1": "(47,)", "Atom 2": "(75, 76, 77, 79, 80, 81)", "NMR exp": [4.05], "lower bound": 3.65, "upper bound": 5.05, "md": [4.023551449884026, 4.046435066603618, 4.0301431845857305, 4.202095947724714, 4.213357497675938, 4.211951398712494]}, "24": {"Atom 1": "(49, 50)", "Atom 2": "(53,)", "NMR exp": [3.33], "lower bound": 3.0, "upper bound": 4.23, "md": [2.664866446696525, 3.1632090248244134]}, "25": {"Atom 1": "(69,)", "Atom 2": "(47,)", "NMR exp": [2.15], "lower bound": 1.93, "upper bound": 2.36, "md": [3.63624904875081]}, "26": {"Atom 1": "(69,)", "Atom 2": "(71,)", "NMR exp": [2.7], "lower bound": 2.43, "upper bound": 2.97, "md": [2.1746740446636115]}, "27": {"Atom 1": "(69,)", "Atom 2": "(73,)", "NMR exp": [2.42], "lower bound": 2.18, "upper bound": 2.66, "md": [3.5592699806948533]}, "28": {"Atom 1": "(69,)", "Atom 2": "(75, 76, 77, 79, 80, 81)", "NMR exp": [2.64], "lower bound": 2.37, "upper bound": 3.64, "md": [4.873144164366778, 4.880055522793193, 4.888788501846551, 3.1683290956968557, 3.170725014079292, 3.176067994757218]}, "29": {"Atom 1": "(69,)", "Atom 2": "(75, 76, 77, 79, 80, 81)", "NMR exp": [3.42], "lower bound": 3.0700000000000003, "upper bound": 4.42, "md": [4.873144164366778, 4.880055522793193, 4.888788501846551, 3.1683290956968557, 3.170725014079292, 3.176067994757218]}, "30": {"Atom 1": "(71,)", "Atom 2": "(73,)", "NMR exp": [3.14], "lower bound": 2.82, "upper bound": 3.45, "md": [3.0033560359568243]}, "31": {"Atom 1": "(71,)", "Atom 2": "(75, 76, 77, 79, 80, 81)", "NMR exp": [2.5300000000000002], "lower bound": 2.2800000000000002, "upper bound": 3.5300000000000002, "md": [2.9793494700547027, 2.9814663255431033, 2.9984689964961073, 2.7355084891205843, 2.7413002964376765, 2.7351901127443]}, "32": {"Atom 1": "(71,)", "Atom 2": "(75, 76, 77, 79, 80, 81)", "NMR exp": [2.49], "lower bound": 2.24, "upper bound": 3.49, "md": [2.9793494700547027, 2.9814663255431033, 2.9984689964961073, 2.7355084891205843, 2.7413002964376765, 2.7351901127443]}, "33": {"Atom 1": "(73,)", "Atom 2": "(75, 76, 77, 79, 80, 81)", "NMR exp": [2.25], "lower bound": 2.02, "upper bound": 3.25, "md": [2.541647895006265, 2.5438385682999476, 2.534627910030515, 2.5655473810696456, 2.563110773865199, 2.5661720593340758]}, "34": {"Atom 1": "(73,)", "Atom 2": "(75, 76, 77, 79, 80, 81)", "NMR exp": [2.42], "lower bound": 2.17, "upper bound": 2.49, "md": [2.541647895006265, 2.5438385682999476, 2.534627910030515, 2.5655473810696456, 2.563110773865199, 2.5661720593340758]}, "35": {"Atom 1": "(75, 76, 77, 79, 80, 81)", "Atom 2": "(53,)", "NMR exp": [3.74], "lower bound": 3.29, "upper bound": 4.66, "md": [5.452318369384878, 5.405214449542109, 5.433224661466214, 3.936835408356427, 3.9298907291228455, 3.9243377467392273]}, "36": {"Atom 1": "(75, 76, 77, 79, 80, 81)", "Atom 2": "(53,)", "NMR exp": [3.8200000000000003], "lower bound": 3.45, "upper bound": 4.82, "md": [5.452318369384878, 5.405214449542109, 5.433224661466214, 3.936835408356427, 3.9298907291228455, 3.9243377467392273]}}}