{"minimum_sasa": 8.332840995788562, "minimum_psa": 7.0894848346710155}