{"single": {"stat": {"0": "MAE", "1": "MSE", "2": "RMSD", "3": "RMSD_step", "4": "pearsonr", "5": "kendalltau", "6": "chisq", "7": "percentage_fulfilled"}, "value": {"0": 0.4085417708372778, "1": 0.2214332844119867, "2": 0.632895192257853, "3": 0.252351106756204, "4": 0.6751260310190403, "5": 0.45852187028657615, "6": 5.383300202649609, "7": 0.7027027027027027}, "up": {"0": 0.5742377273326067, "1": 0.4227262300037119, "2": 0.8518773942441757, "3": 0.37224964331425153, "4": 0.846359049595823, "5": 0.6759818018364344, "6": 9.875206149128118, "7": 0.0}, "low": {"0": 0.26507156134274956, "1": 0.042367553225608125, "2": 0.37334363334211107, "3": 0.10760287346710762, "4": 0.38930819711145215, "5": 0.2009322329614753, "6": 1.9565240943669573, "7": 0.0}}}