{"cis": {"fulfil": {"best": 0.23076923076923078, "random": [0.19230769230769232, 0.21923076923076926, 0.25769230769230766, 0.30769230769230765, 0.30769230769230765], "low_energy": [0.15384615384615385, 0.19230769230769232, 0.3076923076923077, 0.3076923076923077, 0.3076923076923077], "LICUV": [0.23076923076923078, 0.23076923076923078, 0.23076923076923078, 0.3076923076923077, 0.3076923076923077], "NAMFIS": [0.19047619047619047, 0.19047619047619047, 0.19047619047619047, 0.19047619047619047, 0.19047619047619047]}, "rmsd": {"best": 1.7250299767302555, "random": [2.8228388627174588, 2.076419692622543, 1.8922978628662215, 1.8612235603256095, 1.8612235603256095], "low_energy": [2.5563378439444246, 1.6013059014823416, 1.814095958261383, 1.8612235603256098, 1.8612235603256098], "LICUV": [2.431024266999116, 1.7621233422156206, 1.7852519177610722, 1.8612235603256098, 1.8612235603256098], "NAMFIS": [2.246484811923602, 2.2637922705669284, 2.2637922705669284, 2.2637922705669284, 2.2637922705669284]}, "mae": {"best": 1.200245547661414, "random": [1.696862303256988, 1.3215798735751565, 1.213098561588203, 1.1942815070562358, 1.1942815070562358], "low_energy": [1.5155253608410173, 1.0959224714448605, 1.1789309929819063, 1.1942815070562358, 1.1942815070562358], "LICUV": [1.5258689994078414, 1.1616086735602709, 1.1648718050146338, 1.1942815070562358, 1.1942815070562358], "NAMFIS": [1.4838828382037936, 1.4427715729178738, 1.4427715729178738, 1.4427715729178738, 1.4427715729178738]}, "bundle-size": [1, 3, 5, 10, 30]}, "trans": {"fulfil": {"best": 0.38095238095238093, "random": [0.17142857142857143, 0.2619047619047619, 0.27142857142857146, 0.29047619047619044, 0.30476190476190473], "low_energy": [0.09523809523809523, 0.14285714285714285, 0.23809523809523808, 0.2857142857142857, 0.3333333333333333], "LICUV": [0.38095238095238093, 0.2857142857142857, 0.3333333333333333, 0.38095238095238093, 0.3333333333333333], "NAMFIS": [0.19047619047619047, 0.19047619047619047, 0.19047619047619047, 0.19047619047619047, 0.19047619047619047]}, "rmsd": {"best": 1.6902515205927622, "random": [2.3766525574886073, 2.0434174257360036, 2.0995812860256433, 2.0598219589117477, 1.9879792065688702], "low_energy": [2.541980711289592, 2.2877590455803705, 2.236615045976432, 2.1725869223920746, 2.153242794480621], "LICUV": [2.287793865647571, 2.4060805606707634, 2.3735991232615343, 2.0426862887703523, 2.0112384290026704], "NAMFIS": [2.0810132009633358, 2.241407689759637, 2.241407689682418, 2.2414076884821337, 2.2414076875793505]}, "mae": {"best": 1.0912784317561557, "random": [1.561080800601414, 1.3276479006994555, 1.3367247068921215, 1.2895123626560667, 1.2591982689257661], "low_energy": [1.5370086424691336, 1.4511953761168963, 1.406268039690835, 1.3895558701257473, 1.3069108731899532], "LICUV": [1.3646289748237241, 1.4209862589258249, 1.404368923416503, 1.2451239101946197, 1.238664414597987], "NAMFIS": [1.404067106701079, 1.4359365698971118, 1.4359365690452546, 1.4359365687274472, 1.435936572090072]}, "bundle-size": [1, 3, 5, 10, 30]}}