{"63": {"0": {"Atom 1": "(18,)", "Atom 2": "(80,)", "NMR exp": 3.5, "lower bound": 2.3, "upper bound": 4.7, "md": [3.85520858734802], "lower": [3.4316613148007735], "upper": [4.954519556367054]}, "1": {"Atom 1": "(18,)", "Atom 2": "(94,)", "NMR exp": 4.5, "lower bound": 2.9, "upper bound": 6.1, "md": [3.141841247090281], "lower": [2.7498877522942635], "upper": [4.441639448799906]}, "2": {"Atom 1": "(58,)", "Atom 2": "(80,)", "NMR exp": 3.5, "lower bound": 2.3, "upper bound": 4.7, "md": [2.4086283657692316], "lower": [2.076147224574692], "upper": [3.0969302468633466]}, "3": {"Atom 1": "(84,)", "Atom 2": "(94,)", "NMR exp": 3.5, "lower bound": 2.3, "upper bound": 4.7, "md": [3.2724053177063435], "lower": [2.436666516057286], "upper": [4.085607057925761]}, "4": {"Atom 1": "(96,)", "Atom 2": "(94,)", "NMR exp": 3.5, "lower bound": 2.3, "upper bound": 4.7, "md": [2.822833680261311], "lower": [2.6011877632210103], "upper": [2.9342144344314947]}, "5": {"Atom 1": "(96,)", "Atom 2": "(94,)", "NMR exp": 3.5, "lower bound": 2.3, "upper bound": 4.7, "md": [2.822833680261311], "lower": [2.6011877632210103], "upper": [2.9342144344314947]}, "6": {"Atom 1": "(96,)", "Atom 2": "(94,)", "NMR exp": 3.5, "lower bound": 2.3, "upper bound": 4.7, "md": [2.822833680261311], "lower": [2.6011877632210103], "upper": [2.9342144344314947]}, "7": {"Atom 1": "(98, 99)", "Atom 2": "(94,)", "NMR exp": 3.5, "lower bound": 2.3, "upper bound": 4.7, "md": [2.6443260799689328, 2.7207296229892175], "lower": [2.3563321313809853, 2.4142179675744595], "upper": [3.3239761670297345, 3.3737690453162044]}, "8": {"Atom 1": "(20,)", "Atom 2": "(18,)", "NMR exp": 4.5, "lower bound": 2.9, "upper bound": 6.1, "md": [2.9196229013661115], "lower": [2.8281174633579247], "upper": [2.992179097716553]}, "9": {"Atom 1": "(22, 23)", "Atom 2": "(18,)", "NMR exp": 4.5, "lower bound": 2.9, "upper bound": 6.1, "md": [4.177557647525269, 3.4309927151206034], "lower": [2.553472157738821, 2.6810815126359193], "upper": [4.22903700045772, 3.673692937358113]}, "10": {"Atom 1": "(22, 23)", "Atom 2": "(80,)", "NMR exp": 4.5, "lower bound": 2.9, "upper bound": 6.1, "md": [3.5482135940324278, 4.267552302284896], "lower": [3.05637474854946, 3.4331084820552773], "upper": [5.104709272799859, 5.473849737387413]}, "11": {"Atom 1": "(22, 23)", "Atom 2": "(18,)", "NMR exp": 4.5, "lower bound": 2.9, "upper bound": 6.1, "md": [4.177557647525269, 3.4309927151206034], "lower": [2.553472157738821, 2.6810815126359193], "upper": [4.22903700045772, 3.673692937358113]}, "12": {"Atom 1": "(22, 23)", "Atom 2": "(80,)", "NMR exp": 4.5, "lower bound": 2.9, "upper bound": 6.1, "md": [3.5482135940324278, 4.267552302284896], "lower": [3.05637474854946, 3.4331084820552773], "upper": [5.104709272799859, 5.473849737387413]}, "13": {"Atom 1": "(40,)", "Atom 2": "(58,)", "NMR exp": 4.5, "lower bound": 2.9, "upper bound": 6.1, "md": [4.064797348198052], "lower": [3.5844436291491126], "upper": [5.240907417674636]}, "14": {"Atom 1": "(37, 38)", "Atom 2": "(18,)", "NMR exp": 4.5, "lower bound": 2.9, "upper bound": 6.1, "md": [7.091570318116005, 5.906153673155864], "lower": [6.688513673911431, 5.226046858830402], "upper": [7.436994546570082, 7.086837076012178]}, "15": {"Atom 1": "(31, 32)", "Atom 2": "(18,)", "NMR exp": 4.5, "lower bound": 2.9, "upper bound": 6.1, "md": [4.947952475481682, 2.1996989430823835], "lower": [4.637295013834185, 2.068068518057742], "upper": [5.259629788962129, 4.719094946747247]}, "16": {"Atom 1": "(31, 32)", "Atom 2": "(40,)", "NMR exp": 4.5, "lower bound": 2.9, "upper bound": 6.1, "md": [3.5744272283960634, 3.4488332983581764], "lower": [3.5362856742349082, 3.2227212567704986], "upper": [3.9440910389223705, 3.678272984292634]}, "17": {"Atom 1": "(31, 32)", "Atom 2": "(37, 38)", "NMR exp": 4.5, "lower bound": 2.9, "upper bound": 6.1, "md": [3.67492932342795, 3.801087343172873, 3.705115725361179, 3.127568838916201], "lower": [3.054392036188232, 3.719175312743562, 3.6399828209849314, 2.8569583618495935], "upper": [4.022408184538526, 3.9956747458319755, 3.970162403630555, 3.8633731176639956]}, "18": {"Atom 1": "(31, 32)", "Atom 2": "(37, 38)", "NMR exp": 4.5, "lower bound": 2.9, "upper bound": 6.1, "md": [3.67492932342795, 3.801087343172873, 3.705115725361179, 3.127568838916201], "lower": [3.054392036188232, 3.719175312743562, 3.6399828209849314, 2.8569583618495935], "upper": [4.022408184538526, 3.9956747458319755, 3.970162403630555, 3.8633731176639956]}, "19": {"Atom 1": "(31, 32)", "Atom 2": "(34, 35)", "NMR exp": 3.5, "lower bound": 2.3, "upper bound": 4.7, "md": [2.550786717462744, 2.846238843680995, 2.771176937611582, 1.8985366637136518], "lower": [2.284319226111341, 2.700980692902227, 2.655276282927719, 1.8639432874304849], "upper": [2.6065886172190997, 2.991832044044277, 2.960033607279941, 2.3251704096444867]}, "20": {"Atom 1": "(31, 32)", "Atom 2": "(34, 35)", "NMR exp": 3.5, "lower bound": 2.3, "upper bound": 4.7, "md": [2.550786717462744, 2.846238843680995, 2.771176937611582, 1.8985366637136518], "lower": [2.284319226111341, 2.700980692902227, 2.655276282927719, 1.8639432874304849], "upper": [2.6065886172190997, 2.991832044044277, 2.960033607279941, 2.3251704096444867]}, "21": {"Atom 1": "(31, 32)", "Atom 2": "(18,)", "NMR exp": 4.5, "lower bound": 2.9, "upper bound": 6.1, "md": [4.947952475481682, 2.1996989430823835], "lower": [4.637295013834185, 2.068068518057742], "upper": [5.259629788962129, 4.719094946747247]}, "22": {"Atom 1": "(31, 32)", "Atom 2": "(37, 38)", "NMR exp": 4.5, "lower bound": 2.9, "upper bound": 6.1, "md": [3.67492932342795, 3.801087343172873, 3.705115725361179, 3.127568838916201], "lower": [3.054392036188232, 3.719175312743562, 3.6399828209849314, 2.8569583618495935], "upper": [4.022408184538526, 3.9956747458319755, 3.970162403630555, 3.8633731176639956]}, "23": {"Atom 1": "(31, 32)", "Atom 2": "(37, 38)", "NMR exp": 4.5, "lower bound": 2.9, "upper bound": 6.1, "md": [3.67492932342795, 3.801087343172873, 3.705115725361179, 3.127568838916201], "lower": [3.054392036188232, 3.719175312743562, 3.6399828209849314, 2.8569583618495935], "upper": [4.022408184538526, 3.9956747458319755, 3.970162403630555, 3.8633731176639956]}, "24": {"Atom 1": "(31, 32)", "Atom 2": "(34, 35)", "NMR exp": 4.5, "lower bound": 2.9, "upper bound": 6.1, "md": [2.550786717462744, 2.846238843680995, 2.771176937611582, 1.8985366637136518], "lower": [2.284319226111341, 2.700980692902227, 2.655276282927719, 1.8639432874304849], "upper": [2.6065886172190997, 2.991832044044277, 2.960033607279941, 2.3251704096444867]}, "25": {"Atom 1": "(31, 32)", "Atom 2": "(34, 35)", "NMR exp": 4.5, "lower bound": 2.9, "upper bound": 6.1, "md": [2.550786717462744, 2.846238843680995, 2.771176937611582, 1.8985366637136518], "lower": [2.284319226111341, 2.700980692902227, 2.655276282927719, 1.8639432874304849], "upper": [2.6065886172190997, 2.991832044044277, 2.960033607279941, 2.3251704096444867]}, "26": {"Atom 1": "(54,)", "Atom 2": "(51, 52)", "NMR exp": 3.5, "lower bound": 2.3, "upper bound": 4.7, "md": [2.3974590254350834, 2.2418585431721136], "lower": [2.362245974491048, 2.1463259513887123], "upper": [2.848204496564449, 2.3759669396525283]}, "27": {"Atom 1": "(54,)", "Atom 2": "(48, 49)", "NMR exp": 4.5, "lower bound": 2.9, "upper bound": 6.1, "md": [3.8087755741386062, 3.229016445643065], "lower": [3.7300567851027835, 2.914249852824146], "upper": [3.992062154445893, 3.9515114007488537]}, "28": {"Atom 1": "(54,)", "Atom 2": "(48, 49)", "NMR exp": 4.5, "lower bound": 2.9, "upper bound": 6.1, "md": [3.8087755741386062, 3.229016445643065], "lower": [3.7300567851027835, 2.914249852824146], "upper": [3.992062154445893, 3.9515114007488537]}, "29": {"Atom 1": "(54,)", "Atom 2": "(58,)", "NMR exp": 4.5, "lower bound": 2.9, "upper bound": 6.1, "md": [2.309078902370207], "lower": [2.133045032941549], "upper": [3.0436340393355743]}, "30": {"Atom 1": "(45, 46)", "Atom 2": "(40,)", "NMR exp": 4.5, "lower bound": 2.9, "upper bound": 6.1,