{"single": {"stat": {"0": "MAE", "1": "MSE", "2": "RMSD", "3": "RMSD_step", "4": "pearsonr", "5": "kendalltau", "6": "chisq", "7": "percentage_fulfilled"}, "value": {"0": 1.0171712352270936, "1": -0.801275189612957, "2": 1.1742356976201274, "3": 0.7877855422677292, "4": 0.361447432617744, "5": 0.3786772951655861, "6": 20.661244907741583, "7": 0.7575757575757576}, "up": {"0": 1.161303283333829, "1": -0.5930898703932954, "2": 1.3061741207469397, "3": 0.9445216843043952, "4": 0.49180394920735254, "5": 0.5064550228110668, "6": 25.513584502380194, "7": 0.0}, "low": {"0": 0.8753781288876189, "1": 0.0, "2": 1.030857610185729, "3": 0.6220001553635148, "4": 0.2236097918160147, "5": 0.2328761549277529, "6": 16.03830816863365, "7": 0.0}, "most-populated-1": {"0": 0.8808587789535522, "1": -0.4614745739734535, "2": 1.1017051712172967, "3": 0.7877855422677292, "4": NaN, "5": NaN, "6": NaN, "7": 0.8181818181818182}}}