{"single": {"stat": {"0": "MAE", "1": "MSE", "2": "RMSD", "3": "pearsonr", "4": "kendalltau", "5": "chisq", "6": "percentage_fulfilled"}, "value": {"0": 1.0095462999167635, "1": -0.8682695592256431, "2": 1.2016070430490067, "3": 0.32571997986919277, "4": 0.2624242203517719, "5": 21.6106019262896, "6": 0.7121212121212122}, "up": {"0": 1.1690319128396636, "1": -0.6627023438891766, "2": 1.353632575044284, "3": 0.47052892895893583, "4": 0.4078645487591845, "5": 27.296885266237215, "6": 0.0}, "low": {"0": 0.8556296599405194, "1": 0.0, "2": 1.0392130900787584, "3": 0.17126623879318187, "4": 0.10439430915830492, "5": 16.447110449979366, "6": 0.0}, "most-populated-1": {"0": 0.8808587789535522, "1": -0.4614745739734535, "2": 1.1017051712172967, "3": NaN, "4": NaN, "5": NaN, "6": 0.8181818181818182}}}