{"22": {"0": {"Atom 1": "(3,)", "Atom 2": "(26,)", "NMR exp": 3.19, "lower bound": 0.0, "upper bound": 3.5100000000000002, "md": [4.429034273505995], "lower": [4.073249057443863], "upper": [4.985387617133973]}, "1": {"Atom 1": "(3,)", "Atom 2": "(13, 14)", "NMR exp": 1.83, "lower bound": 0.0, "upper bound": 3.16, "md": [4.439285489641849, 3.9189340900133076], "lower": [3.93844672155627, 3.4197088599434964], "upper": [4.802624763503047, 4.288034889820835]}, "2": {"Atom 1": "(22,)", "Atom 2": "(26,)", "NMR exp": 2.93, "lower bound": 0.0, "upper bound": 3.22, "md": [3.2399822889244723], "lower": [2.687815339235078], "upper": [3.5125832615812747]}, "3": {"Atom 1": "(19, 20)", "Atom 2": "(26,)", "NMR exp": 2.73, "lower bound": 0.0, "upper bound": 4.2700000000000005, "md": [3.2201024015681563, 4.166137036865194], "lower": [2.6306202247356802, 3.6068732770441305], "upper": [3.949200153277941, 4.51795736576436]}, "4": {"Atom 1": "(16, 17)", "Atom 2": "(26,)", "NMR exp": 2.71, "lower bound": 0.0, "upper bound": 4.24, "md": [2.931055312978845, 4.353402677127024], "lower": [2.5310059899832784, 4.040094536435883], "upper": [3.8953969987490504, 4.788397136012006]}, "5": {"Atom 1": "(13, 14)", "Atom 2": "(26,)", "NMR exp": 2.63, "lower bound": 0.0, "upper bound": 4.14, "md": [2.3300827108346716, 3.797304277299624], "lower": [2.0510656848876487, 3.562822157228483], "upper": [3.31806278836191, 4.43108704246119]}, "6": {"Atom 1": "(47,)", "Atom 2": "(59,)", "NMR exp": 2.57, "lower bound": 0.0, "upper bound": 2.83, "md": [3.4752989082622863], "lower": [3.2964296101414763], "upper": [3.591404329126041]}, "7": {"Atom 1": "(49,)", "Atom 2": "(59,)", "NMR exp": 3.39, "lower bound": 0.0, "upper bound": 3.73, "md": [3.5262481925677434], "lower": [3.021379577481378], "upper": [3.89423456034719]}, "8": {"Atom 1": "(61,)", "Atom 2": "(1,)", "NMR exp": 2.17, "lower bound": 0.0, "upper bound": 2.39, "md": [3.4821147781660193], "lower": [3.276006420987134], "upper": [3.60465952263759]}, "9": {"Atom 1": "(1,)", "Atom 2": "(3,)", "NMR exp": 2.6, "lower bound": 0.0, "upper bound": 2.86, "md": [2.9174188536686745], "lower": [2.7954086024411318], "upper": [2.997966213311765]}, "10": {"Atom 1": "(1,)", "Atom 2": "(5, 6)", "NMR exp": 2.37, "lower bound": 0.0, "upper bound": 3.83, "md": [2.866024689536003, 3.348805626485971], "lower": [2.5779841003227357, 2.989904833787711], "upper": [3.6276303910779792, 3.777200824846416]}, "11": {"Atom 1": "(16, 17)", "Atom 2": "(13, 14)", "NMR exp": 1.73, "lower bound": 0.0, "upper bound": 4.19, "md": [2.2888547415170617, 2.8644551459170615, 2.822787974827337, 2.2802696995206784], "lower": [2.1802930746518023, 2.712505223769101, 2.706903991024954, 2.174518761354323], "upper": [2.4176518951054726, 2.9892954915674856, 2.9627080663783696, 2.4080504338409168]}, "12": {"Atom 1": "(26,)", "Atom 2": "(28,)", "NMR exp": 2.31, "lower bound": 0.0, "upper bound": 2.54, "md": [2.803959023165014], "lower": [2.5479339903256992], "upper": [2.944078659392553]}, "13": {"Atom 1": "(28,)", "Atom 2": "(35, 36, 37, 39, 40, 41)", "NMR exp": 3.23, "lower bound": 0.0, "upper bound": 6.99, "md": [3.040459984139417, 3.0358105740413848, 3.020451924933837, 2.9196449950987287, 2.9386551894963344, 2.9531426285238895], "lower": [2.431155353655839, 2.430845382600353, 2.423747411605464, 2.3722888060704794, 2.378805810187141, 2.3850659757376493], "upper": [4.450192529953791, 4.4483470810694765, 4.443916985865683, 4.3974939907012445, 4.398373016057243, 4.401548127068453]}, "14": {"Atom 1": "(45,)", "Atom 2": "(50,)", "NMR exp": 2.75, "lower bound": 0.0, "upper bound": 3.02, "md": [2.516262860078349], "lower": [2.353474778971126], "upper": [2.9458770640242067]}, "15": {"Atom 1": "(45,)", "Atom 2": "(49,)", "NMR exp": 3.02, "lower bound": 0.0, "upper bound": 3.3200000000000003, "md": [2.748139272924711], "lower": [2.50941919858848], "upper": [3.108840035903567]}, "16": {"Atom 1": "(47,)", "Atom 2": "(50,)", "NMR exp": 2.2600000000000002, "lower bound": 0.0, "upper bound": 2.49, "md": [2.966604618560105], "lower": [2.6551628304841355], "upper": [3.071048504957583]}, "17": {"Atom 1": "(47,)", "Atom 2": "(49,)", "NMR exp": 2.11, "lower bound": 0.0, "upper bound": 2.32, "md": [2.480110607072598], "lower": [2.3607969558234636], "upper": [2.6874702048592214]}, "18": {"Atom 1": "(50,)", "Atom 2": "(54, 55)", "NMR exp": 2.6, "lower bound": 0.0, "upper bound": 6.0600000000000005, "md": [3.50998440432317, 2.262944050395037], "lower": [3.4115430245601686, 2.1321065300314745], "upper": [3.6625265070225095, 2.570956665285042]}, "19": {"Atom 1": "(49,)", "Atom 2": "(54, 55)", "NMR exp": 3.31, "lower bound": 0.0, "upper bound": 7.11, "md": [3.959777241400203, 3.262638544633079], "lower": [3.78890746974724, 2.7221572763566195], "upper": [4.07291789815533, 3.506370437834172]}, "20": {"Atom 1": "(59,)", "Atom 2": "(63, 64)", "NMR exp": 2.49, "lower bound": 0.0, "upper bound": 3.98, "md": [3.2953565806961413, 3.2938716834630775], "lower": [2.578029803594415, 2.973766640423503], "upper": [3.8772915667772834, 3.5586334508559463]}, "21": {"Atom 1": "(61,)", "Atom 2": "(63, 64)", "NMR exp": 2.08, "lower bound": 0.0, "upper bound": 3.47, "md": [2.5090430654245437, 2.3766185112598284], "lower": [2.3874542176622886, 2.2668983110662593], "upper": [2.759620266059136, 2.548518346144854]}}}