{"single": {"stat": {"0": "MAE", "1": "MSE", "2": "RMSD", "3": "pearsonr", "4": "kendalltau", "5": "chisq", "6": "percentage_fulfilled"}, "value": {"0": 0.51190577617281, "1": 0.27167143858107035, "2": 0.6606351758365747, "3": 0.34332293589477253, "4": 0.24295068005271442, "5": 3.898865991749003, "6": 0.6363636363636364}, "up": {"0": 0.6957054672320733, "1": 0.5178466357142676, "2": 0.8467956644121438, "3": 0.7628879586344002, "4": 0.583710407239819, "5": 6.68274775799947, "6": 0.0}, "low": {"0": 0.3436911887615655, "1": 0.013266555734315018, "2": 0.44439691430096956, "3": 0.0, "4": 0.0, "5": 1.6576208770157674, "6": 0.0}, "most-populated-1": {"0": 0.6653179576180196, "1": 0.5543167911876329, "2": 0.8346647602032334, "3": NaN, "4": NaN, "5": NaN, "6": 0.5454545454545454}}}