{"22": {"0": {"Atom 1": "(3,)", "Atom 2": "(26,)", "NMR exp": 3.19, "lower bound": 0.0, "upper bound": 3.5100000000000002, "md": [3.9394314246720725], "lower": [3.5062465300618033], "upper": [4.7721641914261195]}, "1": {"Atom 1": "(3,)", "Atom 2": "(13, 14)", "NMR exp": 1.83, "lower bound": 0.0, "upper bound": 3.16, "md": [4.547179234955084, 3.178758250095322], "lower": [4.018894925599308, 2.4721231712289438], "upper": [4.823179329933475, 4.213822749175847]}, "2": {"Atom 1": "(22,)", "Atom 2": "(26,)", "NMR exp": 2.93, "lower bound": 0.0, "upper bound": 3.22, "md": [3.384529895781206], "lower": [2.9625839826182934], "upper": [3.5552166470225672]}, "3": {"Atom 1": "(19, 20)", "Atom 2": "(26,)", "NMR exp": 2.73, "lower bound": 0.0, "upper bound": 4.2700000000000005, "md": [3.7537024943563657, 4.411878667031304], "lower": [3.0807797406676185, 3.949751867057133], "upper": [4.121373586672087, 4.612189622488626]}, "4": {"Atom 1": "(16, 17)", "Atom 2": "(26,)", "NMR exp": 2.71, "lower bound": 0.0, "upper bound": 4.24, "md": [2.965849320844726, 4.321177950106987], "lower": [2.552481526876782, 4.019995973390528], "upper": [3.914800319031911, 4.772175744119995]}, "5": {"Atom 1": "(13, 14)", "Atom 2": "(26,)", "NMR exp": 2.63, "lower bound": 0.0, "upper bound": 4.14, "md": [2.0794924788346423, 3.4791241275685763], "lower": [1.8908438886358716, 3.3552339750156577], "upper": [3.123215484930551, 4.182298118938445]}, "6": {"Atom 1": "(47,)", "Atom 2": "(59,)", "NMR exp": 2.57, "lower bound": 0.0, "upper bound": 2.83, "md": [3.31505642114755], "lower": [2.9398961000614094], "upper": [3.5477369984926774]}, "7": {"Atom 1": "(49,)", "Atom 2": "(59,)", "NMR exp": 3.39, "lower bound": 0.0, "upper bound": 3.73, "md": [1.9645662706480191], "lower": [1.8679064838940458], "upper": [3.7785224186203763]}, "8": {"Atom 1": "(61,)", "Atom 2": "(1,)", "NMR exp": 2.17, "lower bound": 0.0, "upper bound": 2.39, "md": [3.5181457814399786], "lower": [3.329289389433221], "upper": [3.622280495594212]}, "9": {"Atom 1": "(1,)", "Atom 2": "(3,)", "NMR exp": 2.6, "lower bound": 0.0, "upper bound": 2.86, "md": [2.8821545363869885], "lower": [2.7511998382590956], "upper": [2.985469210010256]}, "10": {"Atom 1": "(1,)", "Atom 2": "(5, 6)", "NMR exp": 2.37, "lower bound": 0.0, "upper bound": 3.83, "md": [2.7882233660918225, 3.262815241763261], "lower": [2.5409389987203435, 2.9246974040100557], "upper": [3.573428315439086, 3.750970541110654]}, "11": {"Atom 1": "(16, 17)", "Atom 2": "(13, 14)", "NMR exp": 1.73, "lower bound": 0.0, "upper bound": 4.19, "md": [2.280093320577202, 2.4663334768835643, 2.927963333108652, 1.9686037224103907], "lower": [2.17468745819002, 2.414881445980549, 2.7634794256109925, 1.9276562427401975], "upper": [2.4128334173607127, 2.911277709256542, 3.02110683974904, 2.3265874697600175]}, "12": {"Atom 1": "(26,)", "Atom 2": "(28,)", "NMR exp": 2.31, "lower bound": 0.0, "upper bound": 2.54, "md": [2.550103631687443], "lower": [2.220930204771387], "upper": [2.902791489280958]}, "13": {"Atom 1": "(28,)", "Atom 2": "(35, 36, 37, 39, 40, 41)", "NMR exp": 3.23, "lower bound": 0.0, "upper bound": 6.99, "md": [4.2722248111653185, 3.626365797443102, 1.8037539269139997, 2.8059241566659816, 5.613753876920141, 2.551935053797444], "lower": [3.034749840021023, 2.6508743663360668, 1.7754414234396718, 2.3358297525190963, 3.6737668823130023, 2.25119526396794], "upper": [4.754397838515563, 4.570242043029301, 4.147432716914076, 4.370834163122919, 5.6765764213088055, 4.299832191187362]}, "14": {"Atom 1": "(45,)", "Atom 2": "(50,)", "NMR exp": 2.75, "lower bound": 0.0, "upper bound": 3.02, "md": [2.772438355551212], "lower": [2.464203417065871], "upper": [3.303816429185858]}, "15": {"Atom 1": "(45,)", "Atom 2": "(49,)", "NMR exp": 3.02, "lower bound": 0.0, "upper bound": 3.3200000000000003, "md": [2.7156522509040832], "lower": [2.4877078073907875], "upper": [3.0904998015814336]}, "16": {"Atom 1": "(47,)", "Atom 2": "(50,)", "NMR exp": 2.2600000000000002, "lower bound": 0.0, "upper bound": 2.49, "md": [2.2413399082049077], "lower": [2.17029677965552], "upper": [3.0293038913366113]}, "17": {"Atom 1": "(47,)", "Atom 2": "(49,)", "NMR exp": 2.11, "lower bound": 0.0, "upper bound": 2.32, "md": [2.5550899720394775], "lower": [2.4037654359651737], "upper": [2.7634418360447066]}, "18": {"Atom 1": "(50,)", "Atom 2": "(54, 55)", "NMR exp": 2.6, "lower bound": 0.0, "upper bound": 6.0600000000000005, "md": [3.137032726601703, 1.8516773273182738], "lower": [3.0894304462745223, 1.8015524139292485], "upper": [3.550699241374746, 2.3876354788358487]}, "19": {"Atom 1": "(49,)", "Atom 2": "(54, 55)", "NMR exp": 3.31, "lower bound": 0.0, "upper bound": 7.11, "md": [3.225093758244069, 2.9803787286316106], "lower": [3.1734347198132697, 2.414599746699209], "upper": [3.9940881619414315, 3.478313220463463]}, "20": {"Atom 1": "(59,)", "Atom 2": "(63, 64)", "NMR exp": 2.49, "lower bound": 0.0, "upper bound": 3.98, "md": [2.2312776196551436, 3.025199845759703], "lower": [2.128452695817296, 2.696976005521546], "upper": [3.7736333820887062, 3.487017311037122]}, "21": {"Atom 1": "(61,)", "Atom 2": "(63, 64)", "NMR exp": 2.08, "lower bound": 0.0, "upper bound": 3.47, "md": [2.1938636657433226, 1.9427975552866086], "lower": [2.1370821825022355, 1.906694649379227], "upper": [2.602647164922833, 2.4328169936296797]}}}