{"single": {"stat": {"0": "MAE", "1": "MSE", "2": "RMSD", "3": "RMSD_step", "4": "pearsonr", "5": "kendalltau", "6": "chisq", "7": "percentage_fulfilled"}, "value": {"0": 0.5507782049648882, "1": 0.4253716070562758, "2": 0.7223100520945044, "3": 0.3225537305487399, "4": 0.3191426539363893, "5": 0.23427387005083175, "6": 5.267253362552286, "7": 0.5909090909090909}, "up": {"0": 0.7682419466574308, "1": 0.6828368672933317, "2": 0.9910117743195912, "3": 0.5191615836337121, "4": 0.7039714624907594, "5": 0.5818181818181819, "6": 10.787926693342566, "7": 0.0}, "low": {"0": 0.3740572630672282, "1": 0.1945174233095845, "2": 0.4480244633286778, "3": 0.1195626498430299, "4": 0.0, "5": 0.0, "6": 1.805134446101086, "7": 0.0}, "most-populated-1": {"0": 0.6653179576180196, "1": 0.5543167911876329, "2": 0.8346647602032334, "3": 0.3225537305487399, "4": NaN, "5": NaN, "6": NaN, "7": 0.5454545454545454}}}