{"minimum_sasa": 6.936848096847538, "minimum_psa": 5.2737274837493935}