{"single": {"fulfil": {"best": 0.8681318681318682, "random": [0.767032967032967, 0.7659340659340659, 0.7725274725274726, 0.8, 0.8263736263736263], "low_energy": [0.7362637362637363, 0.7362637362637363, 0.7802197802197802, 0.7582417582417582, 0.7692307692307693], "LICUV": [0.8681318681318682, 0.8681318681318682, 0.9120879120879121, 0.9010989010989011, 0.9010989010989011], "NAMFIS": [0.8351648351648352, 0.8791208791208791, 0.8461538461538461, 0.8791208791208791, 0.8791208791208791]}, "rmsd": {"best": 1.0862836975072077, "random": [2.00440754802207, 1.725972902101319, 1.655034249798026, 1.337637230421433, 1.2368576074840525], "low_energy": [1.93149506779771, 1.5525977940384783, 1.6369738146186994, 1.6443916433369423, 1.2140431163017584], "LICUV": [1.1909407948000945, 0.9083914754393773, 0.8187307732096223, 0.8326472602010281, 0.8343897088167003], "NAMFIS": [1.1807945402934494, 0.9712771982270504, 0.9103394140274111, 0.8235511882192548, 0.8235511888617243]}, "mae": {"best": 0.7811174138561707, "random": [1.1876300400430027, 1.1560791296422985, 1.1141388778659764, 0.9669739673409714, 0.9231081644121331], "low_energy": [1.2113315084478353, 1.0333103607998797, 1.0831894330863174, 1.098768491832662, 0.9138660230453188], "LICUV": [0.7997333919608984, 0.7439868981961684, 0.6636615606590688, 0.6801831911714443, 0.6898041837014197], "NAMFIS": [0.8167713704999985, 0.7403284861763582, 0.7091252569860358, 0.6589596756697941, 0.6589596761883986]}, "bundle-size": [1, 3, 5, 10, 30]}}