{"single": {"fulfil": {"best": 0.8681318681318682, "random": [0.7516483516483516, 0.7890109890109891, 0.8021978021978022, 0.8076923076923077, 0.8252747252747252], "low_energy": [0.7362637362637363, 0.7362637362637363, 0.7802197802197802, 0.7582417582417582, 0.7692307692307693], "LICUV": [0.8681318681318682, 0.8681318681318682, 0.9120879120879121, 0.9010989010989011, 0.9010989010989011], "NAMFIS": [0.8351648351648352, 0.8791208791208791, 0.8461538461538461, 0.8791208791208791, 0.8791208791208791]}, "rmsd": {"best": 1.0862836975072077, "random": [2.1768592818797172, 1.607338125998151, 1.448612142825716, 1.3622923772451674, 1.1763898904089405], "low_energy": [1.93149506779771, 1.5525977940384783, 1.6369738146186994, 1.6443916433369423, 1.2140431163017584], "LICUV": [1.1909407948000945, 0.9083914754393773, 0.8187307732096223, 0.8326472602010281, 0.8343897088167003], "NAMFIS": [1.1807945402934494, 0.9712772125809852, 0.9103394224599158, 0.823551173850622, 0.8235511741171159]}, "rmsd_stepwise": {"best": 0.4909063158984726, "random": [0.7455299402217997, 0.6915612185493748, 0.6690767887566743, 0.6651465038447172, 0.6333231826837246], "low_energy": [0.7686866207233742, 0.7606388292556648, 0.7092016870869898, 0.7478173368081066, 0.7287653264933102], "LICUV": [0.5387205028767516, 0.5271736790774818, 0.4215356541175463, 0.453678493896477, 0.4670458951022565], "NAMFIS": [0.6120583179856185, 0.49978017145563075, 0.5886285046474697, 0.5119452237182334, 0.5119452237182334]}, "mae": {"best": 0.7811174138561707, "random": [1.261713802683484, 1.0437190209901661, 0.9910303211398119, 0.9722062842252083, 0.9053266532073836], "low_energy": [1.2113315084478353, 1.0333103607998797, 1.0831894330863174, 1.098768491832662, 0.9138660230453188], "LICUV": [0.7997333919608984, 0.7439868981961684, 0.6636615606590688, 0.6801831911714443, 0.6898041837014197], "NAMFIS": [0.8167713704999985, 0.7403284882457801, 0.7091252562581394, 0.6589596643267961, 0.6589596645279905]}, "bundle-size": [1, 3, 5, 10, 30]}}