{"single": {"fulfil": {"best": 0.6153846153846154, "random": [0.4417582417582418, 0.4967032967032967, 0.5307692307692308, 0.5967032967032967, 0.6318681318681318], "low_energy": [0.45054945054945056, 0.5494505494505495, 0.5384615384615384, 0.5714285714285714, 0.6263736263736264], "LICUV": [0.6153846153846154, 0.6703296703296703, 0.6483516483516484, 0.7142857142857143, 0.7802197802197802], "NAMFIS": [0.4835164835164835, 0.5604395604395604, 0.5824175824175825, 0.7362637362637363, 0.7032967032967034]}, "rmsd": {"best": 2.3815452635359837, "random": [3.7112707614367375, 2.7321583905580837, 2.539420128987173, 2.0876130896896847, 1.783437644969642], "low_energy": [3.81971542626686, 3.0005910287719666, 2.807093781513451, 2.725388455676451, 2.0149639677584092], "LICUV": [2.38674773969825, 1.8767399556908693, 1.7405295764296398, 1.3579776659316274, 1.26297450583609], "NAMFIS": [2.417256283320875, 1.7859863586548814, 1.523361859705595, 1.2493229843985216, 1.2421729423018366]}, "mae": {"best": 1.5369676162908361, "random": [2.6259908391617146, 1.970971206766237, 1.8058280791304768, 1.4880044589858685, 1.2995927728216798], "low_energy": [2.7195756794332144, 2.0455857911666477, 1.9830777553689511, 1.863136950418832, 1.4043900267519922], "LICUV": [1.5369676162908361, 1.1901798191508721, 1.187702776782003, 0.9768114303299341, 0.8953975040393457], "NAMFIS": [1.7877867530990426, 1.341212873115957, 1.1599080014992416, 0.9436895870386789, 0.9516004430533994]}, "bundle-size": [1, 3, 5, 10, 30]}}