{"single": {"fulfil": {"best": 0.8681318681318682, "random": [0.7274725274725276, 0.7791208791208791, 0.7945054945054946, 0.8142857142857143, 0.8318681318681318], "low_energy": [0.7362637362637363, 0.7362637362637363, 0.7802197802197802, 0.7582417582417582, 0.7692307692307693], "LICUV": [0.8681318681318682, 0.8681318681318682, 0.9120879120879121, 0.9010989010989011, 0.9010989010989011], "NAMFIS": [0.8351648351648352, 0.8791208791208791, 0.8461538461538461, 0.8791208791208791, 0.8791208791208791]}, "rmsd": {"best": 1.0862836975072077, "random": [2.0829300497019543, 1.6416683007260073, 1.5012676860363954, 1.332839222350767, 1.2378280632564862], "low_energy": [1.93149506779771, 1.5525977940384783, 1.6369738146186994, 1.6443916433369423, 1.2140431163017584], "LICUV": [1.1909407948000945, 0.9083914754393773, 0.8187307732096223, 0.8326472602010281, 0.8343897088167003], "NAMFIS": [1.1807945402934494, 0.9712765833602031, 0.9103389552635541, 0.8235564741877173, 0.823556474366518]}, "mae": {"best": 0.7811174138561707, "random": [1.269349078948681, 1.0910594964386449, 1.0279880613356795, 0.9580543485484989, 0.9262321389987296], "low_energy": [1.2113315084478353, 1.0333103607998797, 1.0831894330863174, 1.098768491832662, 0.9138660230453188], "LICUV": [0.7997333919608984, 0.7439868981961684, 0.6636615606590688, 0.6801831911714443, 0.6898041837014197], "NAMFIS": [0.8167713704999985, 0.7403283385786157, 0.7091241508146692, 0.6589645898601731, 0.6589645900242082]}, "bundle-size": [1, 3, 5, 10, 30]}}