{"minimum_sasa": 11.54800796508789, "minimum_psa": 9.111235618591309}