{"single": {"stat": {"0": "MAE", "1": "MSE", "2": "RMSD", "3": "RMSD_step", "4": "pearsonr", "5": "kendalltau", "6": "chisq", "7": "percentage_fulfilled"}, "value": {"0": 0.4085417708372778, "1": 0.2214332844119867, "2": 0.632895192257853, "3": 0.252351106756204, "4": 0.6751260310190403, "5": 0.45852187028657615, "6": 5.383300202649609, "7": 0.7027027027027027}, "up": {"0": 0.5752048137284075, "1": 0.42451448832875904, "2": 0.8536977548966168, "3": 0.3708703238682469, "4": 0.8468559356521924, "5": 0.6831568255190021, "6": 10.037046684949496, "7": 0.0}, "low": {"0": 0.26406456942608914, "1": 0.0373353561738004, "2": 0.3716015778833273, "3": 0.10716115644890427, "4": 0.3721608514771752, "5": 0.19605004762588163, "6": 1.8777727735495962, "7": 0.0}, "most-populated-1": {"0": 0.470673124725754, "1": 0.29625302830257905, "2": 0.7164269993026429, "3": 0.252351106756204, "4": NaN, "5": NaN, "6": NaN, "7": 0.6756756756756757}}}