{"single": {"stat": {"0": "MAE", "1": "MSE", "2": "RMSD", "3": "pearsonr", "4": "kendalltau", "5": "chisq", "6": "percentage_fulfilled"}, "value": {"0": 0.4085417708372778, "1": 0.2214332844119867, "2": 0.632895192257853, "3": 0.6751260310190403, "4": 0.45852187028657615, "5": 5.383300202649609, "6": 0.7027027027027027}, "up": {"0": 0.5788869884247214, "1": 0.4224036000361433, "2": 0.8549885976069757, "3": 0.8480094109415939, "4": 0.6825426708858167, "5": 9.937509223989787, "6": 0.0}, "low": {"0": 0.2677096249188018, "1": 0.043516242318230605, "2": 0.37659050715580505, "3": 0.39184882997344095, "4": 0.20433461014522875, "5": 1.9165620066257496, "6": 0.0}, "most-populated-1": {"0": 0.470673124725754, "1": 0.29625302830257905, "2": 0.7164269993026429, "3": NaN, "4": NaN, "5": NaN, "6": 0.6756756756756757}}}