{"single": {"fulfil": {"best": 0.984375, "random": [0.896875, 0.8375, 0.8453125, 0.8421875, 0.846875], "low_energy": [0.859375, 0.78125, 0.796875, 0.796875, 0.8125], "LICUV": [0.984375, 0.875, 0.875, 0.84375, 0.84375], "NAMFIS": [0.984375, 0.890625, 0.890625, 0.890625, 0.890625]}, "rmsd": {"best": 0.7569717307274897, "random": [1.0917520027184018, 1.0662072698355507, 1.0149666040325043, 1.0347297578348802, 1.0496093848255315], "low_energy": [1.3354894429637734, 1.2119648764502493, 1.1268112529869614, 1.189586740247834, 1.1155980435397252], "LICUV": [0.7569717307274897, 0.96703568022768, 1.0009371877523283, 1.0832345228943234, 1.0542106943427634], "NAMFIS": [0.7569717307274897, 0.7962640053233192, 0.8927368775068101, 0.9288591207240697, 0.9288591207248109]}, "mae": {"best": 0.5836532823741436, "random": [0.7906473409384487, 0.7957711730238199, 0.7528916336232744, 0.8069450567526145, 0.8324216388533217], "low_energy": [0.8318665958940981, 0.8884013160383513, 0.8425568549677638, 0.9013558873209802, 0.8620395944948982], "LICUV": [0.5836532823741436, 0.7812868352130957, 0.7998119537023681, 0.8650715211052036, 0.8794889790987092], "NAMFIS": [0.5836532823741436, 0.6004014678527086, 0.702385684466379, 0.7447394843410771, 0.7447394843405679]}, "bundle-size": [1, 3, 5, 10, 30]}}