{"single": {"fulfil": {"best": 0.6875, "random": [0.471875, 0.53125, 0.58125, 0.6125, 0.6375], "low_energy": [0.40625, 0.53125, 0.453125, 0.515625, 0.578125], "LICUV": [0.6875, 0.71875, 0.71875, 0.75, 0.78125], "NAMFIS": [0.53125, 0.609375, 0.640625, 0.65625, 0.65625]}, "rmsd": {"best": 1.8263983810605044, "random": [2.9779939786395535, 2.3692117458320534, 1.945973321485314, 1.904180925913526, 1.6750110970718137], "low_energy": [3.0020497129975023, 2.322794258276313, 2.313434541074254, 1.9557056653965592, 1.6428967775515826], "LICUV": [1.9954260599623357, 1.7635228932539506, 1.6726858280287582, 1.4224998504664956, 1.375863793361197], "NAMFIS": [2.4684855858055714, 1.7893025653049521, 1.6204401138642726, 1.6093140721630397, 1.6093138024629898]}, "mae": {"best": 1.3843628149479623, "random": [2.191937475278973, 1.7879986111607624, 1.497487530539562, 1.4636202845179398, 1.2909414461168578], "low_energy": [2.3373355604708186, 1.8339143494456818, 1.8662370640466928, 1.5182567501018296, 1.2997026127334288], "LICUV": [1.4176940247416492, 1.2615793857137656, 1.1905978063184748, 1.059879823910189, 1.0366665875133836], "NAMFIS": [1.8852622322738166, 1.3691253693355943, 1.253970660942606, 1.2416342757601089, 1.2416340958531418]}, "bundle-size": [1, 3, 5, 10, 30]}}