{"single": {"fulfil": {"best": 0.984375, "random": [0.8734375, 0.85, 0.8296875, 0.8390625, 0.8453125], "low_energy": [0.859375, 0.78125, 0.796875, 0.796875, 0.8125], "LICUV": [0.984375, 0.875, 0.875, 0.84375, 0.84375], "NAMFIS": [0.984375, 0.890625, 0.890625, 0.890625, 0.890625]}, "rmsd": {"best": 0.7569717307274897, "random": [1.1796777637075646, 1.038974748977065, 1.0755832552559694, 1.027159301456814, 1.056586962213765], "low_energy": [1.3354894429637734, 1.2119648764502493, 1.1268112529869614, 1.189586740247834, 1.1155980435397252], "LICUV": [0.7569717307274897, 0.96703568022768, 1.0009371877523283, 1.0832345228943234, 1.0542106943427634], "NAMFIS": [0.7569717307274897, 0.796260122708619, 0.8927371497521948, 0.9287111318587115, 0.9287111318601954]}, "mae": {"best": 0.5836532823741436, "random": [0.8112353682518003, 0.7900953281541068, 0.8019987227723625, 0.7946690382946497, 0.826063337724251], "low_energy": [0.8318665958940981, 0.8884013160383513, 0.8425568549677638, 0.9013558873209802, 0.8620395944948982], "LICUV": [0.5836532823741436, 0.7812868352130957, 0.7998119537023681, 0.8650715211052036, 0.8794889790987092], "NAMFIS": [0.5836532823741436, 0.6003799925387279, 0.7023896783832659, 0.7445836909627616, 0.7445836909630639]}, "bundle-size": [1, 3, 5, 10, 30]}}