{"single": {"fulfil": {"best": 0.984375, "random": [0.85625, 0.809375, 0.8203125, 0.834375, 0.8515625], "low_energy": [0.859375, 0.78125, 0.796875, 0.796875, 0.8125], "LICUV": [0.984375, 0.875, 0.875, 0.84375, 0.84375], "NAMFIS": [0.984375, 0.890625, 0.890625, 0.890625, 0.890625]}, "rmsd": {"best": 0.7569717307274897, "random": [1.1974021733128943, 1.112991845782966, 1.0279086137844424, 1.0271045390499043, 1.0306695265401926], "low_energy": [1.3354894429637734, 1.2119648764502493, 1.1268112529869614, 1.189586740247834, 1.1155980435397252], "LICUV": [0.7569717307274897, 0.96703568022768, 1.0009371877523283, 1.0832345228943234, 1.0542106943427634], "NAMFIS": [0.7569717307274897, 0.7962511643022558, 0.892676836667202, 0.928817868580128, 0.9288178685824517]}, "rmsd_stepwise": {"best": 0.08750000000000002, "random": [0.5188393220209074, 0.6608099418720821, 0.6394429234000144, 0.6234645463616849, 0.5893796494372552], "low_energy": [0.5270792160577003, 0.6912398281349244, 0.6747684788132888, 0.6747684788132888, 0.6690711845536316], "LICUV": [0.08750000000000002, 0.5363359488231232, 0.5363359488231232, 0.606346641781745, 0.606346641781745], "NAMFIS": [0.08750000000000002, 0.49765073093485945, 0.49765073093485945, 0.49765073093485945, 0.49765073093485945]}, "mae": {"best": 0.5836532823741436, "random": [0.8316982725635169, 0.8209773249975427, 0.7852382738479714, 0.7903327758417681, 0.8171836425797345], "low_energy": [0.8318665958940981, 0.8884013160383513, 0.8425568549677638, 0.9013558873209802, 0.8620395944948982], "LICUV": [0.5836532823741436, 0.7812868352130957, 0.7998119537023681, 0.8650715211052036, 0.8794889790987092], "NAMFIS": [0.5836532823741436, 0.600364747585399, 0.7023426793698797, 0.7446329571072621, 0.7446329571046433]}, "bundle-size": [1, 3, 5, 10, 30]}}