{"minimum_sasa": 8.66119384765625, "minimum_psa": 7.567197322845459}