{"single": {"stat": {"0": "MAE", "1": "MSE", "2": "RMSD", "3": "RMSD_step", "4": "pearsonr", "5": "kendalltau", "6": "chisq", "7": "percentage_fulfilled"}, "value": {"0": 0.31533214688143596, "1": 0.2177047526917932, "2": 0.6704443817706397, "3": 0.2934103869538599, "4": 0.5284295109296308, "5": 0.5622168872455557, "6": 4.776647723343794, "7": 0.6551724137931034}, "up": {"0": 0.5562382045509383, "1": 0.4763661935736401, "2": 1.0340238138878266, "3": 0.4597675574641514, "4": 0.8969333928931141, "5": 0.7837385314729861, "6": 11.319377498979124, "7": 0.0}, "low": {"0": 0.136179460113147, "1": 0.02021179670213293, "2": 0.1903023778874969, "3": 0.06108078250327044, "4": 0.0, "5": 0.2868018593091853, "6": 0.3879010904506142, "7": 0.0}}}