{"minimum_sasa": 8.64225145339966, "minimum_psa": 7.372118844985984}