{"single": {"stat": {"0": "MAE", "1": "MSE", "2": "RMSD", "3": "RMSD_step", "4": "pearsonr", "5": "kendalltau", "6": "chisq", "7": "percentage_fulfilled"}, "value": {"0": 0.31533214688143596, "1": 0.2177047526917932, "2": 0.6704443817706397, "3": 0.2934103869538599, "4": 0.5284295109296308, "5": 0.5622168872455557, "6": 4.776647723343794, "7": 0.6551724137931034}, "up": {"0": 0.558076539001077, "1": 0.48417462224058694, "2": 1.0370846261252207, "3": 0.4600386040237081, "4": 0.8937534640401638, "5": 0.7785450874634804, "6": 11.297070642446165, "7": 0.0}, "low": {"0": 0.13313566855719636, "1": 0.022424619441422152, "2": 0.19099704239266982, "3": 0.06113297092482379, "4": 0.0, "5": 0.2721519816841914, "6": 0.38787600041766, "7": 0.0}}}