{"35": {"0": {"Atom 1": "(1,)", "Atom 2": "(25,)", "NMR exp": 2.6, "lower bound": 2.47, "upper bound": 2.73, "md": [2.9439544718586705]}, "1": {"Atom 1": "(1,)", "Atom 2": "(66,)", "NMR exp": 2.15, "lower bound": 2.05, "upper bound": 2.25, "md": [4.402309096991958]}, "2": {"Atom 1": "(25,)", "Atom 2": "(32,)", "NMR exp": 2.68, "lower bound": 2.5500000000000003, "upper bound": 2.81, "md": [2.7660266592183103]}, "3": {"Atom 1": "(1,)", "Atom 2": "(3,)", "NMR exp": 2.5, "lower bound": 2.38, "upper bound": 2.62, "md": [2.252702259355899]}, "4": {"Atom 1": "(1,)", "Atom 2": "(68,)", "NMR exp": 2.58, "lower bound": 2.45, "upper bound": 2.71, "md": [2.140404265886973]}, "5": {"Atom 1": "(1,)", "Atom 2": "(47,)", "NMR exp": 3.43, "lower bound": 3.2600000000000002, "upper bound": 3.6, "md": [6.002102919806697]}, "6": {"Atom 1": "(1,)", "Atom 2": "(70,)", "NMR exp": 2.94, "lower bound": 2.79, "upper bound": 3.09, "md": [3.482062624875765]}, "7": {"Atom 1": "(1,)", "Atom 2": "(5, 6)", "NMR exp": 3.17, "lower bound": 2.95, "upper bound": 4.29, "md": [3.6487852538548635, 3.3270982078816833]}, "8": {"Atom 1": "(1,)", "Atom 2": "(8, 9)", "NMR exp": 2.98, "lower bound": 2.83, "upper bound": 4.03, "md": [2.9452806854587292, 3.2158167307412158]}, "9": {"Atom 1": "(3,)", "Atom 2": "(5, 6)", "NMR exp": 2.7600000000000002, "lower bound": 2.56, "upper bound": 3.85, "md": [2.5006297108186186, 2.7816649440176495]}, "10": {"Atom 1": "(3,)", "Atom 2": "(8, 9)", "NMR exp": 2.72, "lower bound": 2.59, "upper bound": 3.49, "md": [2.906002937329735, 2.611646575105183]}, "11": {"Atom 1": "(3,)", "Atom 2": "(11, 12)", "NMR exp": 3.22, "lower bound": 3.06, "upper bound": 3.96, "md": [3.2265794716357776, 3.4447656956115993]}, "12": {"Atom 1": "(5, 6)", "Atom 2": "(11, 12)", "NMR exp": 2.93, "lower bound": 2.91, "upper bound": 4.07, "md": [2.7426084086091773, 2.778466550639146, 2.9079563491163913, 2.7838079227410293]}, "13": {"Atom 1": "(25,)", "Atom 2": "(27, 28)", "NMR exp": 2.6, "lower bound": 2.35, "upper bound": 3.75, "md": [2.83500129139726, 2.6370266804061737]}, "14": {"Atom 1": "(25,)", "Atom 2": "(3,)", "NMR exp": 2.44, "lower bound": 2.32, "upper bound": 2.56, "md": [2.836005575083529]}, "15": {"Atom 1": "(25,)", "Atom 2": "(5, 6)", "NMR exp": 3.73, "lower bound": 3.49, "upper bound": 4.86, "md": [3.9764120225565622, 3.9558663876538027]}, "16": {"Atom 1": "(32,)", "Atom 2": "(27, 28)", "NMR exp": 2.45, "lower bound": 2.33, "upper bound": 3.48, "md": [2.30753701705104, 3.1938183693434197]}, "17": {"Atom 1": "(32,)", "Atom 2": "(34,)", "NMR exp": 2.8000000000000003, "lower bound": 2.66, "upper bound": 2.94, "md": [2.91949281362205]}, "18": {"Atom 1": "(32,)", "Atom 2": "(36, 37)", "NMR exp": 2.94, "lower bound": 2.8000000000000003, "upper bound": 3.87, "md": [2.9672817493214363, 2.5517861432709363]}, "19": {"Atom 1": "(34,)", "Atom 2": "(36, 37)", "NMR exp": 2.71, "lower bound": 2.57, "upper bound": 3.75, "md": [2.659565187036719, 2.686496499027655]}, "20": {"Atom 1": "(45,)", "Atom 2": "(34,)", "NMR exp": 2.4, "lower bound": 2.2800000000000002, "upper bound": 2.52, "md": [2.361926729023076]}, "21": {"Atom 1": "(45,)", "Atom 2": "(47,)", "NMR exp": 2.8000000000000003, "lower bound": 2.66, "upper bound": 2.94, "md": [2.9225874413251356]}, "22": {"Atom 1": "(45,)", "Atom 2": "(49, 50)", "NMR exp": 3.17, "lower bound": 2.91, "upper bound": 4.32, "md": [3.0374200521594608, 2.6543282850200542]}, "23": {"Atom 1": "(47,)", "Atom 2": "(49, 50)", "NMR exp": 2.7800000000000002, "lower bound": 2.64, "upper bound": 3.8200000000000003, "md": [2.5944359865198123, 2.6647845547089393]}, "24": {"Atom 1": "(47,)", "Atom 2": "(55, 56)", "NMR exp": 2.93, "lower bound": 2.7800000000000002, "upper bound": 3.68, "md": [3.5247570940051194, 3.476674522324445]}, "25": {"Atom 1": "(66,)", "Atom 2": "(47,)", "NMR exp": 2.19, "lower bound": 2.08, "upper bound": 2.3000000000000003, "md": [2.3260235545200656]}, "26": {"Atom 1": "(66,)", "Atom 2": "(68,)", "NMR exp": 2.7800000000000002, "lower bound": 2.64, "upper bound": 2.92, "md": [2.8846462056455984]}, "27": {"Atom 1": "(66,)", "Atom 2": "(70,)", "NMR exp": 2.72, "lower bound": 2.59, "upper bound": 2.85, "md": [2.608247797356831]}, "28": {"Atom 1": "(68,)", "Atom 2": "(70,)", "NMR exp": 2.68, "lower bound": 2.5500000000000003, "upper bound": 2.81, "md": [2.711631717623077]}}}