{"50a": {"0": {"Atom 1": "(1,)", "Atom 2": "(78,)", "NMR exp": 0.0, "lower bound": 2.77, "upper bound": 3.0, "md": [1.5164275141954429], "lower": [1.4580733414221716], "upper": [2.6210118168902197]}, "1": {"Atom 1": "(1,)", "Atom 2": "(3,)", "NMR exp": 0.0, "lower bound": 2.43, "upper bound": 2.54, "md": [2.9462512397912426], "lower": [2.8567520832891526], "upper": [3.015564361369816]}, "2": {"Atom 1": "(3,)", "Atom 2": "(5, 6)", "NMR exp": 0.0, "lower bound": 2.71, "upper bound": 2.93, "md": [2.40189067149937, 2.2965442593080825], "lower": [2.2898996554161037, 2.1934755491437876], "upper": [2.6312587245644736, 2.982719193233245]}, "3": {"Atom 1": "(3,)", "Atom 2": "(5, 6)", "NMR exp": 0.0, "lower bound": 2.61, "upper bound": 2.75, "md": [2.40189067149937, 2.2965442593080825], "lower": [2.2898996554161037, 2.1934755491437876], "upper": [2.6312587245644736, 2.982719193233245]}, "4": {"Atom 1": "(25,)", "Atom 2": "(3,)", "NMR exp": 0.0, "lower bound": 2.14, "upper bound": 2.18, "md": [3.289369613401546], "lower": [3.1360815447126593], "upper": [3.5209199394818143]}, "5": {"Atom 1": "(25,)", "Atom 2": "(27, 28)", "NMR exp": 0.0, "lower bound": 2.22, "upper bound": 3.79, "md": [2.001125092326576, 2.5669359822280957], "lower": [1.9600343466331769, 2.323290434640514], "upper": [2.566559725885119, 2.973886336342655]}, "6": {"Atom 1": "(32,)", "Atom 2": "(34,)", "NMR exp": 0.0, "lower bound": 2.66, "upper bound": 2.87, "md": [2.7066168171275162], "lower": [2.6485711802816536], "upper": [2.952117285674262]}, "7": {"Atom 1": "(32,)", "Atom 2": "(36, 37)", "NMR exp": 0.0, "lower bound": 2.4, "upper bound": 3.3000000000000003, "md": [3.6457687974820594, 2.441541249769878], "lower": [3.5357569830952653, 2.323909622696407], "upper": [3.794213492870399, 3.046859083863486]}, "8": {"Atom 1": "(34,)", "Atom 2": "(36, 37)", "NMR exp": 0.0, "lower bound": 2.42, "upper bound": 3.3200000000000003, "md": [2.029966075130199, 2.4493457939734036], "lower": [1.9969573522477582, 2.3059855994003406], "upper": [2.483938585190501, 2.538129973073243]}, "9": {"Atom 1": "(44,)", "Atom 2": "(32,)", "NMR exp": 0.0, "lower bound": 2.34, "upper bound": 2.4, "md": [1.8992506467134112], "lower": [1.8017105181046817], "upper": [2.4488054904583807]}, "10": {"Atom 1": "(44,)", "Atom 2": "(48, 49)", "NMR exp": 0.0, "lower bound": 2.29, "upper bound": 2.35, "md": [3.085268801060897, 3.0134029839876497], "lower": [2.4118658948758176, 2.675305257425426], "upper": [3.81455253987923, 3.6111605257080486]}, "11": {"Atom 1": "(44,)", "Atom 2": "(48, 49)", "NMR exp": 0.0, "lower bound": 3.15, "upper bound": 3.39, "md": [3.085268801060897, 3.0134029839876497], "lower": [2.4118658948758176, 2.675305257425426], "upper": [3.81455253987923, 3.6111605257080486]}, "12": {"Atom 1": "(46,)", "Atom 2": "(65, 66)", "NMR exp": 0.0, "lower bound": 2.08, "upper bound": 3.0300000000000002, "md": [2.288729979498267, 3.130674339862597], "lower": [2.1659181346726353, 2.2079288035021936], "upper": [3.0625221708008095, 3.214100410434805]}, "13": {"Atom 1": "(46,)", "Atom 2": "(48, 49)", "NMR exp": 0.0, "lower bound": 2.82, "upper bound": 3.0500000000000003, "md": [2.291292596399406, 3.1553818865800185], "lower": [2.1972571345860854, 2.511351532092666], "upper": [3.0010043399865003, 3.183851545504705]}, "14": {"Atom 1": "(46,)", "Atom 2": "(48, 49)", "NMR exp": 0.0, "lower bound": 2.45, "upper bound": 2.63, "md": [2.291292596399406, 3.1553818865800185], "lower": [2.1972571345860854, 2.511351532092666], "upper": [3.0010043399865003, 3.183851545504705]}, "15": {"Atom 1": "(78,)", "Atom 2": "(48, 49)", "NMR exp": 0.0, "lower bound": 3.15, "upper bound": 4.05, "md": [2.3564802377784257, 4.255927507355168], "lower": [2.1757428033001416, 3.471744380264567], "upper": [4.133160961793256, 5.269450295672826]}, "16": {"Atom 1": "(78,)", "Atom 2": "(74,)", "NMR exp": 0.0, "lower bound": 3.52, "upper bound": 3.64, "md": [2.8070728493417914], "lower": [2.55216755570331], "upper": [3.5743024039176077]}, "17": {"Atom 1": "(78,)", "Atom 2": "(71, 72)", "NMR exp": 0.0, "lower bound": 2.5100000000000002, "upper bound": 2.54, "md": [2.213052755155093, 4.029266931651627], "lower": [2.0875205077778443, 3.8023271880106835], "upper": [3.079990935407555, 4.349872392967944]}, "18": {"Atom 1": "(78,)", "Atom 2": "(65, 66)", "NMR exp": 0.0, "lower bound": 3.0700000000000003, "upper bound": 4.2700000000000005, "md": [2.9530674260462364, 3.602075590635177], "lower": [2.7613727500676006, 3.5079427263239746], "upper": [3.503362684891808, 4.459840149087307]}, "19": {"Atom 1": "(78,)", "Atom 2": "(80,)", "NMR exp": 0.0, "lower bound": 2.52, "upper bound": 2.62, "md": [2.633330896193472], "lower": [2.5774854601967276], "upper": [2.929034412583934]}, "20": {"Atom 1": "(78,)", "Atom 2": "(82, 83, 84)", "NMR exp": 0.0, "lower bound": 2.46, "upper bound": 3.5100000000000002, "md": [2.6390411917065735, 1.8219606248155669, 2.6315166583030773], "lower": [2.3855848218385236, 1.7767759284343883, 2.3803598803496557], "upper": [3.396432898507381, 3.0879722569500894, 3.391902936797172]}}}