{"trans": {"stat": {"0": "MAE", "1": "MSE", "2": "RMSD", "3": "RMSD_step", "4": "pearsonr", "5": "kendalltau", "6": "chisq", "7": "percentage_fulfilled"}, "value": {"0": 0.2537258254040599, "1": 0.0501462307694224, "2": 0.37591331182137677, "3": 0.049521520093601265, "4": 0.5418447950217268, "5": 0.31980998003666944, "6": 1.2289485421039013, "7": 0.5238095238095238}, "up": {"0": 0.38539554563212947, "1": 0.22147427486604826, "2": 0.5551356919270279, "3": 0.0673138961951733, "4": 0.8814131386476739, "5": 0.6632660050904684, "6": 2.8706986788932762, "7": 0.0}, "low": {"0": 0.1520458852785773, "1": 0.0, "2": 0.20026928510282285, "3": 0.026947921556039846, "4": 0.0, "5": 0.0, "6": 0.28960524058463866, "7": 0.0}}}