{"50a": {"0": {"Atom 1": "(1,)", "Atom 2": "(78,)", "NMR exp": 0.0, "lower bound": 2.77, "upper bound": 3.0, "md": [2.3491320606563275], "lower": [2.070846926600663], "upper": [2.804583341012133]}, "1": {"Atom 1": "(1,)", "Atom 2": "(3,)", "NMR exp": 0.0, "lower bound": 2.43, "upper bound": 2.54, "md": [2.93768090664699], "lower": [2.849712488955754], "upper": [3.0113742106466774]}, "2": {"Atom 1": "(3,)", "Atom 2": "(5, 6)", "NMR exp": 0.0, "lower bound": 2.71, "upper bound": 2.93, "md": [2.478517744207929, 2.830860652486904], "lower": [2.34287024620656, 2.444745916962789], "upper": [2.6765126249537183, 3.042764273332451]}, "3": {"Atom 1": "(3,)", "Atom 2": "(5, 6)", "NMR exp": 0.0, "lower bound": 2.61, "upper bound": 2.75, "md": [2.478517744207929, 2.830860652486904], "lower": [2.34287024620656, 2.444745916962789], "upper": [2.6765126249537183, 3.042764273332451]}, "4": {"Atom 1": "(25,)", "Atom 2": "(3,)", "NMR exp": 0.0, "lower bound": 2.14, "upper bound": 2.18, "md": [3.4521858451559644], "lower": [3.3163194172206056], "upper": [3.5729150699951315]}, "5": {"Atom 1": "(25,)", "Atom 2": "(27, 28)", "NMR exp": 0.0, "lower bound": 2.22, "upper bound": 3.79, "md": [2.4962264053219574, 2.955880140418894], "lower": [2.355789033030069, 2.8774926030130032], "upper": [2.6763845023331188, 3.0234515613049777]}, "6": {"Atom 1": "(32,)", "Atom 2": "(34,)", "NMR exp": 0.0, "lower bound": 2.66, "upper bound": 2.87, "md": [2.933326334854176], "lower": [2.862201336122274], "upper": [2.998974752410446]}, "7": {"Atom 1": "(32,)", "Atom 2": "(36, 37)", "NMR exp": 0.0, "lower bound": 2.4, "upper bound": 3.3000000000000003, "md": [3.6420599200517216, 2.894901896048114], "lower": [3.5335964101309782, 2.672946303456307], "upper": [3.791528005993128, 3.2003077132436033]}, "8": {"Atom 1": "(34,)", "Atom 2": "(36, 37)", "NMR exp": 0.0, "lower bound": 2.42, "upper bound": 3.3200000000000003, "md": [2.448823674550078, 2.359107036590359], "lower": [2.344424790921716, 2.254711917443292], "upper": [2.569100367859515, 2.4819776615317775]}, "9": {"Atom 1": "(44,)", "Atom 2": "(32,)", "NMR exp": 0.0, "lower bound": 2.34, "upper bound": 2.4, "md": [2.2777713483822555], "lower": [2.0890629390172646], "upper": [2.5795847557072893]}, "10": {"Atom 1": "(44,)", "Atom 2": "(48, 49)", "NMR exp": 0.0, "lower bound": 2.29, "upper bound": 2.35, "md": [2.4100768747369923, 3.454303177710578], "lower": [2.231578606610437, 3.061141945128633], "upper": [3.0226993977481107, 3.667223394206088]}, "11": {"Atom 1": "(44,)", "Atom 2": "(48, 49)", "NMR exp": 0.0, "lower bound": 3.15, "upper bound": 3.39, "md": [2.4100768747369923, 3.454303177710578], "lower": [2.231578606610437, 3.061141945128633], "upper": [3.0226993977481107, 3.667223394206088]}, "12": {"Atom 1": "(46,)", "Atom 2": "(65, 66)", "NMR exp": 0.0, "lower bound": 2.08, "upper bound": 3.0300000000000002, "md": [2.789549150578197, 2.166186767144932], "lower": [2.4984443920898745, 2.0362573089364044], "upper": [3.236907846756814, 2.4040664279400734]}, "13": {"Atom 1": "(46,)", "Atom 2": "(48, 49)", "NMR exp": 0.0, "lower bound": 2.82, "upper bound": 3.0500000000000003, "md": [2.8810890370436644, 2.490899163055996], "lower": [2.4026698114942273, 2.365733819720844], "upper": [3.043530042070238, 2.654185571110607]}, "14": {"Atom 1": "(46,)", "Atom 2": "(48, 49)", "NMR exp": 0.0, "lower bound": 2.45, "upper bound": 2.63, "md": [2.8810890370436644, 2.490899163055996], "lower": [2.4026698114942273, 2.365733819720844], "upper": [3.043530042070238, 2.654185571110607]}, "15": {"Atom 1": "(78,)", "Atom 2": "(48, 49)", "NMR exp": 0.0, "lower bound": 3.15, "upper bound": 4.05, "md": [3.831564153823798, 3.427909241314074], "lower": [3.4725975882812015, 3.0158751475109558], "upper": [4.410337146683552, 4.344056708576576]}, "16": {"Atom 1": "(78,)", "Atom 2": "(74,)", "NMR exp": 0.0, "lower bound": 3.52, "upper bound": 3.64, "md": [3.5356597381143833], "lower": [3.399627400114695], "upper": [3.6522593313580916]}, "17": {"Atom 1": "(78,)", "Atom 2": "(71, 72)", "NMR exp": 0.0, "lower bound": 2.5100000000000002, "upper bound": 2.54, "md": [2.754717775762022, 4.080920452169556], "lower": [2.473261978292776, 3.8365369966077956], "upper": [3.3032864040883974, 4.375621924143099]}, "18": {"Atom 1": "(78,)", "Atom 2": "(65, 66)", "NMR exp": 0.0, "lower bound": 3.0700000000000003, "upper bound": 4.2700000000000005, "md": [3.246732963434273, 4.387630323894803], "lower": [2.984220833238562, 4.200218571766078], "upper": [3.6223994195830898, 4.606335619769317]}, "19": {"Atom 1": "(78,)", "Atom 2": "(80,)", "NMR exp": 0.0, "lower bound": 2.52, "upper bound": 2.62, "md": [2.9021933233547235], "lower": [2.8046015687930748], "upper": [2.986861992772214]}, "20": {"Atom 1": "(78,)", "Atom 2": "(82, 83, 84)", "NMR exp": 0.0, "lower bound": 2.46, "upper bound": 3.5100000000000002, "md": [2.6885168893663614, 2.683656544850821, 2.6871650865933043], "lower": [2.409819154065247, 2.4064710006727448, 2.4078880637293514], "upper": [3.4309664175028907, 3.4277687392978105, 3.430710890591525]}}}