{"trans": {"stat": {"0": "MAE", "1": "MSE", "2": "RMSD", "3": "RMSD_step", "4": "pearsonr", "5": "kendalltau", "6": "chisq", "7": "percentage_fulfilled"}, "value": {"0": 0.4420586198335907, "1": -0.13504298866129583, "2": 0.5487482900692376, "3": 0.11547005383792519, "4": 0.4648033663286901, "5": 0.29117028033189307, "6": 2.3491441183556474, "7": 0.3333333333333333}, "up": {"0": 0.5923266059632556, "1": 0.09701708781178642, "2": 0.7146940639458592, "3": 0.1827345198514897, "4": 0.8130270515363687, "5": 0.6751683985726511, "6": 4.046405579409907, "7": 0.0}, "low": {"0": 0.3164396484582693, "1": 0.0, "2": 0.3697872106539628, "3": 0.04787135538781693, "4": 0.0, "5": 0.0, "6": 1.0186003457654806, "7": 0.0}}}