{"trans": {"stat": {"0": "MAE", "1": "MSE", "2": "RMSD", "3": "RMSD_step", "4": "pearsonr", "5": "kendalltau", "6": "chisq", "7": "percentage_fulfilled"}, "value": {"0": 0.4420586198335907, "1": -0.13504298866129583, "2": 0.5487482900692376, "3": 0.11547005383792519, "4": 0.4648033663286901, "5": 0.29117028033189307, "6": 2.3491441183556474, "7": 0.3333333333333333}, "up": {"0": 0.5941742910858395, "1": 0.10122095903202274, "2": 0.7200699264552012, "3": 0.18215353608365428, "4": 0.8151595278309458, "5": 0.6733033179828763, "6": 4.073880113271253, "7": 0.0}, "low": {"0": 0.3161280391259123, "1": 0.0, "2": 0.3692008783210862, "3": 0.04701823354523526, "4": 0.0, "5": 0.0, "6": 1.0247607012416675, "7": 0.0}}}