{"single": {"fulfil": {"best": 0.68, "random": [0.42800000000000005, 0.372, 0.344, 0.2919999999999999, 0.248], "low_energy": [0.48, 0.28, 0.36, 0.24, 0.2], "LICUV": [0.68, 0.56, 0.48, 0.32, 0.28], "NAMFIS": [0.48, 0.52, 0.56, 0.48, 0.48]}, "rmsd": {"best": 0.25698116596218085, "random": [0.556282139609025, 0.459017658678356, 0.46882678365443936, 0.463985630323925, 0.45839829533861964], "low_energy": [0.6333874436339128, 0.4929259733483866, 0.4529704718133717, 0.47805492803117294, 0.48713637208927196], "LICUV": [0.5456260701239547, 0.2904861068514523, 0.30549953937712576, 0.4419946362692779, 0.40398021485726626], "NAMFIS": [0.25698116596218085, 0.28920137773089594, 0.30453361612167856, 0.31359797999650174, 0.31359798008198214]}, "rmsd_stepwise": {"best": 0.10547037498748169, "random": [0.16272718422010093, 0.19270800375609778, 0.1990062124489071, 0.20140898412240382, 0.21442918007505235], "low_energy": [0.18853116453255142, 0.19366982212001949, 0.16959952830123082, 0.21226398658274553, 0.2214678306210633], "LICUV": [0.12715345060201858, 0.16351146748775752, 0.17189531698100438, 0.2140934375453857, 0.21637929660667624], "NAMFIS": [0.15100993344810135, 0.13706932552544351, 0.1555763478167552, 0.1760340876080539, 0.1760340876080539]}, "mae": {"best": 0.20254629173278807, "random": [0.377722682571411, 0.33473269074986567, 0.34904070648027213, 0.3578879642969414, 0.3659671064617089], "low_energy": [0.382136929321289, 0.3575384315946287, 0.32786410255540943, 0.3688735906612819, 0.3746975550366678], "LICUV": [0.317737425994873, 0.21860799961316027, 0.2252974249022337, 0.3123718858325294, 0.3085316386764791], "NAMFIS": [0.20254629173278807, 0.2160501172269764, 0.2228232626264667, 0.23195228592203562, 0.2319522860007981]}, "bundle-size": [1, 3, 5, 10, 30]}}