{"single": {"stat": {"0": "MAE", "1": "MSE", "2": "RMSD", "3": "RMSD_step", "4": "pearsonr", "5": "kendalltau", "6": "chisq", "7": "percentage_fulfilled"}, "value": {"0": 1.1862290005833072, "1": -1.0301011124919393, "2": 1.335593354817479, "3": 0.8732429166557044, "4": 0.22639902175651996, "5": 0.23935814289293922, "6": 18.76053578476344, "7": 0.7021276595744681}, "up": {"0": 1.3612593099180057, "1": -0.7774714575901485, "2": 1.481380951366267, "3": 1.0437249168855074, "4": 1.0, "5": 1.0, "6": 23.09110025584826, "7": 0.0}, "low": {"0": 1.0139417184138002, "1": 0.0, "2": 1.1764802754092654, "3": 0.6601095976056276, "4": 0.0, "5": 0.0, "6": 14.621436815427403, "7": 0.0}}}