{"single": {"stat": {"0": "MAE", "1": "MSE", "2": "RMSD", "3": "RMSD_step", "4": "pearsonr", "5": "kendalltau", "6": "chisq", "7": "percentage_fulfilled"}, "value": {"0": 1.2446538752185303, "1": -1.0867774304835558, "2": 1.4014453869110786, "3": 0.8732429166557044, "4": 0.1953820676218632, "5": 0.20054330891030045, "6": 20.633208653167138, "7": 0.7021276595744681}, "up": {"0": 1.4286523276210559, "1": -0.8321798258548005, "2": 1.5798008978827964, "3": 1.0437249168855074, "4": 1.0, "5": 1.0, "6": 26.15191057607098, "7": 0.0}, "low": {"0": 1.0624257367349514, "1": 0.0, "2": 1.2202335813232188, "3": 0.6601095976056276, "4": 0.0, "5": 0.0, "6": 15.57048769658987, "7": 0.0}}}