{"single": {"stat": {"0": "MAE", "1": "MSE", "2": "RMSD", "3": "RMSD_step", "4": "pearsonr", "5": "kendalltau", "6": "chisq", "7": "percentage_fulfilled"}, "value": {"0": 1.2446538752185303, "1": -1.0867774304835558, "2": 1.4014453869110786, "3": 0.8732429166557044, "4": 0.1953820676218632, "5": 0.20054330891030045, "6": 20.633208653167138, "7": 0.7021276595744681}, "up": {"0": 1.431781051525329, "1": -0.8284808735954267, "2": 1.5775928840631566, "3": 1.0437249168855074, "4": 1.0, "5": 1.0, "6": 26.186643761589732, "7": 0.0}, "low": {"0": 1.0662977098683966, "1": 0.0, "2": 1.2172410472396256, "3": 0.6601095976056276, "4": 0.0, "5": 0.0, "6": 15.688066735630034, "7": 0.0}}}