{"minimum_sasa": 9.444921970367435, "minimum_psa": 8.204620738029458}