{"66": {"0": {"Atom 1": "(82,)", "Atom 2": "(94,)", "NMR exp": 3.5, "lower bound": 2.3, "upper bound": 4.7, "md": [2.459596260653604], "lower": [2.2930092202907213], "upper": [2.952287161872067]}, "1": {"Atom 1": "(98, 99)", "Atom 2": "(94,)", "NMR exp": 3.5, "lower bound": 2.3, "upper bound": 4.7, "md": [2.4858181312214653, 2.5205522384964834], "lower": [2.2859661101177378, 2.3095699906510996], "upper": [2.895711089444495, 3.1546501155630846]}, "2": {"Atom 1": "(3,)", "Atom 2": "(1,)", "NMR exp": 4.5, "lower bound": 2.9, "upper bound": 6.1, "md": [2.9226711560457126], "lower": [2.8308070114584964], "upper": [2.99874783134771]}, "3": {"Atom 1": "(3,)", "Atom 2": "(18,)", "NMR exp": 4.5, "lower bound": 2.9, "upper bound": 6.1, "md": [3.3076792377046544], "lower": [3.0602256144607822], "upper": [3.5109041975295012]}, "4": {"Atom 1": "(5, 6)", "Atom 2": "(1,)", "NMR exp": 4.5, "lower bound": 2.9, "upper bound": 6.1, "md": [2.5914934009152146, 2.9813337918718776], "lower": [2.34224712125404, 2.5402867214061313], "upper": [3.3571579136404317, 3.6466855225870773]}, "5": {"Atom 1": "(5, 6)", "Atom 2": "(18,)", "NMR exp": 4.5, "lower bound": 2.9, "upper bound": 6.1, "md": [3.4632052789749377, 3.6561609751607076], "lower": [2.991614073103359, 3.026329018888068], "upper": [4.157685528093473, 4.320593249278391]}, "6": {"Atom 1": "(8, 9)", "Atom 2": "(1,)", "NMR exp": 4.5, "lower bound": 2.9, "upper bound": 6.1, "md": [2.7576721934000994, 3.079400442736356], "lower": [2.3506386271322715, 2.5792313884555123], "upper": [4.032884895789322, 4.101403532176267]}, "7": {"Atom 1": "(8, 9)", "Atom 2": "(1,)", "NMR exp": 4.5, "lower bound": 2.9, "upper bound": 6.1, "md": [2.7576721934000994, 3.079400442736356], "lower": [2.3506386271322715, 2.5792313884555123], "upper": [4.032884895789322, 4.101403532176267]}, "8": {"Atom 1": "(1,)", "Atom 2": "(18,)", "NMR exp": 4.5, "lower bound": 2.9, "upper bound": 6.1, "md": [2.1862857484828373], "lower": [1.921204523854736], "upper": [2.684789816088645]}, "9": {"Atom 1": "(20,)", "Atom 2": "(18,)", "NMR exp": 4.5, "lower bound": 2.9, "upper bound": 6.1, "md": [2.919516214127186], "lower": [2.8294448776903867], "upper": [2.9935197601215875]}, "10": {"Atom 1": "(22, 23)", "Atom 2": "(18,)", "NMR exp": 4.5, "lower bound": 2.9, "upper bound": 6.1, "md": [2.4444697923839986, 3.0585179930092345], "lower": [2.2473757646503905, 2.563157592722189], "upper": [2.8206080089059964, 3.6367704942119587]}, "11": {"Atom 1": "(22, 23)", "Atom 2": "(18,)", "NMR exp": 4.5, "lower bound": 2.9, "upper bound": 6.1, "md": [2.4444697923839986, 3.0585179930092345], "lower": [2.2473757646503905, 2.563157592722189], "upper": [2.8206080089059964, 3.6367704942119587]}, "12": {"Atom 1": "(40,)", "Atom 2": "(58,)", "NMR exp": 4.5, "lower bound": 2.9, "upper bound": 6.1, "md": [3.9162072607251956], "lower": [3.5554808299669913], "upper": [4.531785035319484]}, "13": {"Atom 1": "(37, 38)", "Atom 2": "(80,)", "NMR exp": 4.5, "lower bound": 2.9, "upper bound": 6.1, "md": [6.216846429756145, 6.306978643522953], "lower": [5.947038152844941, 5.966137681645501], "upper": [7.038728980227697, 7.210930359707643]}, "14": {"Atom 1": "(37, 38)", "Atom 2": "(80,)", "NMR exp": 4.5, "lower bound": 2.9, "upper bound": 6.1, "md": [6.216846429756145, 6.306978643522953], "lower": [5.947038152844941, 5.966137681645501], "upper": [7.038728980227697, 7.210930359707643]}, "15": {"Atom 1": "(31, 32)", "Atom 2": "(18,)", "NMR exp": 4.5, "lower bound": 2.9, "upper bound": 6.1, "md": [5.029839012200121, 4.602564527620685], "lower": [4.812104290975256, 4.228909181267153], "upper": [5.290528207802536, 4.9336836172891125]}, "16": {"Atom 1": "(31, 32)", "Atom 2": "(40,)", "NMR exp": 4.5, "lower bound": 2.9, "upper bound": 6.1, "md": [3.9166679619902074, 3.453330720682678], "lower": [3.804237224770162, 3.234851383581497], "upper": [4.034328930799553, 3.6843832830971683]}, "17": {"Atom 1": "(31, 32)", "Atom 2": "(37, 38)", "NMR exp": 4.5, "lower bound": 2.9, "upper bound": 6.1, "md": [3.2653743250294665, 3.91334012260495, 3.9170540227016093, 3.269895429578171], "lower": [2.9249785549749605, 3.804023911847049, 3.8044467526608705, 2.9383500543328314], "upper": [3.9004775950552766, 4.040442503039842, 4.044717028281948, 3.8999500290231857]}, "18": {"Atom 1": "(31, 32)", "Atom 2": "(37, 38)", "NMR exp": 4.5, "lower bound": 2.9, "upper bound": 6.1, "md": [3.2653743250294665, 3.91334012260495, 3.9170540227016093, 3.269895429578171], "lower": [2.9249785549749605, 3.804023911847049, 3.8044467526608705, 2.9383500543328314], "upper": [3.9004775950552766, 4.040442503039842, 4.044717028281948, 3.8999500290231857]}, "19": {"Atom 1": "(31, 32)", "Atom 2": "(34, 35)", "NMR exp": 4.5, "lower bound": 2.9, "upper bound": 6.1, "md": [2.2899827026694077, 2.8325116150052057, 2.826645583201992, 2.287335223300552], "lower": [2.1824369834624684, 2.697563485833942, 2.689037390926318, 2.1792603572092206], "upper": [2.4140394128162725, 2.983605400266839, 2.979907481812414, 2.41063241628287]}, "20": {"Atom 1": "(31, 32)", "Atom 2": "(34, 35)", "NMR exp": 4.5, "lower bound": 2.9, "upper bound": 6.1, "md": [2.2899827026694077, 2.8325116150052057, 2.826645583201992, 2.287335223300552], "lower": [2.1824369834624684, 2.697563485833942, 2.689037390926318, 2.1792603572092206], "upper": [2.4140394128162725, 2.983605400266839, 2.979907481812414, 2.41063241628287]}, "21": {"Atom 1": "(31, 32)", "Atom 2": "(18,)", "NMR exp": 4.5, "lower bound": 2.9, "upper bound": 6.1, "md": [5.029839012200121, 4.602564527620685], "lower": [4.812104290975256, 4.228909181267153], "upper": [5.290528207802536, 4.9336836172891125]}, "22": {"Atom 1": "(31, 32)", "Atom 2": "(40,)", "NMR exp": 4.5, "lower bound": 2.9, "upper bound": 6.1, "md": [3.9166679619902074, 3.453330720682678], "lower": [3.804237224770162, 3.234851383581497], "upper": [4.034328930799553, 3.6843832830971683]}, "23": {"Atom 1": "(31, 32)", "Atom 2": "(37, 38)", "NMR exp": 4.5, "lower bound": 2.9, "upper bound": 6.1, "md": [3.2653743250294665, 3.91334012260495, 3.9170540227016093, 3.269895429578171], "lower": [2.9249785549749605, 3.804023911847049, 3.8044467526608705, 2.9383500543328314], "upper": [3.9004775950552766, 4.040442503039842, 4.044717028281948, 3.8999500290231857]}, "24": {"Atom 1": "(31, 32)", "Atom 2": "(37, 38)", "NMR exp": 4.5, "lower bound": 2.9, "upper bound": 6.1, "md": [3.2653743250294665, 3.91334012260495, 3.9170540227016093, 3.269895429578171], "lower": [2.9249785549749605, 3.804023911847049, 3.8044467526608705, 2.9383500543328314], "upper": [3.9004775950552766, 4.040442503039842, 4.044717028281948, 3.8999500290231857]}, "25": {"Atom 1": "(31, 32)", "Atom 2": "(34, 35)", "NMR exp": 4.5, "lower bound": 2.9, "upper bound": 6.1, "md": [2.2899827026694077, 2.8325116150052057, 2.826645583201992, 2.287335223300552], "lower": [2.1824369834624684, 2.697563485833942, 2.689037390926318, 2.1792603572092206], "upper": [2.4140394128162725, 2.983605400266839, 2.979907481812414, 2.41063241628287]}, "26": {"Atom 1": "(31, 32)", "Atom 2": "(34, 35)", "NMR exp": 4.5, "lower bound": 2.9, "upper bound": 6.1, "md": [2.2899827026694077, 2.8325116150052057, 2.826645583201992, 2.287335223300552], "lower": [2.1824369834624684, 2.697563485833942, 2.689037390926318, 2.1792603572092206], "upper": [2.4140394128162725, 2.983605400266839, 2.979907481812414, 2.41063241628287]}, "27": {"Atom 1": "(54,)", "Atom 2": "(58,)", "NMR exp": 4.5, "lower bound": 2.9, "upper bound": 6.1, "md": [2.637016078882093], "lower": [2.3868646145677266], "upper": [3.1685332615238746]}, "28": {"Atom 1": "(51, 52)", "Atom 2": "(58,)", "NMR exp": 4.5, "lower bound": 2.9, "upper bound": 6.1, "md": [4.020291432443337, 4.530183455393486], "lower": [3.5126561668118534, 4.281115880285275], "upper": [4.417169572233495, 4.708950836231742]}, "29": {"Atom 1": "(48, 49)", "Atom 2": "(58,)", "NMR exp": 4.5, "lower bound": 2.9, "upper bound": 6.1, "md": [4.283486566140576, 5.251126141946293],