{"single": {"fulfil": {"best": 1.0, "random": [0.6625, 0.84375, 0.875, 0.95625, 0.99375], "low_energy": [0.9375, 0.9375, 1.0, 1.0, 1.0], "LICUV": [1.0, 0.9375, 1.0, 1.0, 1.0], "NAMFIS": [0.9375, 1.0, 1.0, 1.0, 1.0]}, "rmsd": {"best": 0.3460252062127725, "random": [0.9648269270757742, 0.6145005162792028, 0.5881253604989554, 0.4994472116126378, 0.4630255223849904], "low_energy": [0.36945472906985405, 0.35802836464582233, 0.32200696938748385, 0.281657139246716, 0.34656062190526704], "LICUV": [0.37990933021156076, 0.34566555302536933, 0.30932115289133977, 0.27471707173574567, 0.26777708695354335], "NAMFIS": [0.36945472906985405, 0.26564370961661127, 0.2493283384148759, 0.27281887760130613, 0.2732480975902746]}, "mae": {"best": 0.2688769620656968, "random": [0.7260114166736601, 0.4859867425894288, 0.4626500898754249, 0.4059415562822145, 0.3650822907409935], "low_energy": [0.2688769620656968, 0.2584670268015753, 0.2348740952522045, 0.21684246250890543, 0.2701140546481664], "LICUV": [0.28135298192501074, 0.2316918878462461, 0.23346744560909252, 0.20999499206941616, 0.2177259071891232], "NAMFIS": [0.2688769620656968, 0.17990990324659537, 0.18146215301671245, 0.19280171700491136, 0.19357663642766224]}, "bundle-size": [1, 3, 5, 10, 30]}}