{"single": {"fulfil": {"best": 1.0, "random": [0.6, 0.7625, 0.90625, 0.95, 0.99375], "low_energy": [0.9375, 0.9375, 1.0, 1.0, 1.0], "LICUV": [1.0, 0.9375, 1.0, 1.0, 1.0], "NAMFIS": [0.9375, 1.0, 1.0, 1.0, 1.0]}, "rmsd": {"best": 0.3460252062127725, "random": [1.038806135359978, 0.7676116494197706, 0.5419771058654707, 0.5086261880608699, 0.47401335411915646], "low_energy": [0.36945472906985405, 0.35802836464582233, 0.32200696938748385, 0.281657139246716, 0.34656062190526704], "LICUV": [0.37990933021156076, 0.34566555302536933, 0.30932115289133977, 0.27471707173574567, 0.26777708695354335], "NAMFIS": [0.36945472906985405, 0.26563095530385006, 0.24932128152672, 0.272543569247078, 0.2730844976979338]}, "mae": {"best": 0.2688769620656968, "random": [0.8103409543037413, 0.6232368935083591, 0.438744970991401, 0.41472773230896065, 0.3733863874753394], "low_energy": [0.2688769620656968, 0.2584670268015753, 0.2348740952522045, 0.21684246250890543, 0.2701140546481664], "LICUV": [0.28135298192501074, 0.2316918878462461, 0.23346744560909252, 0.20999499206941616, 0.2177259071891232], "NAMFIS": [0.2688769620656968, 0.1798789917543686, 0.18144873916235774, 0.193180270840954, 0.19349089930346508]}, "bundle-size": [1, 3, 5, 10, 30]}}