{"single": {"fulfil": {"best": 1.0, "random": [0.675, 0.8625, 0.84375, 0.94375, 0.9875], "low_energy": [0.9375, 0.9375, 1.0, 1.0, 1.0], "LICUV": [1.0, 0.9375, 1.0, 1.0, 1.0], "NAMFIS": [0.9375, 1.0, 1.0, 1.0, 1.0]}, "rmsd": {"best": 0.3460252062127725, "random": [0.848735944102635, 0.6145247534358934, 0.5878164919911321, 0.5149152034115323, 0.4597612929497553], "low_energy": [0.36945472906985405, 0.35802836464582233, 0.32200696938748385, 0.281657139246716, 0.34656062190526704], "LICUV": [0.37990933021156076, 0.34566555302536933, 0.30932115289133977, 0.27471707173574567, 0.26777708695354335], "NAMFIS": [0.36945472906985405, 0.2656332532466176, 0.24931918681681134, 0.2726132998801257, 0.2731324488304789]}, "rmsd_stepwise": {"best": 0.0, "random": [0.3540760702767485, 0.23296523910799422, 0.22697282128669022, 0.10029428152555257, 0.022300000000000007], "low_energy": [0.1825, 0.1825, 0.0, 0.0, 0.0], "LICUV": [0.0, 0.1825, 0.0, 0.0, 0.0], "NAMFIS": [0.1825, 0.0, 0.0, 0.0, 0.0]}, "mae": {"best": 0.2688769620656968, "random": [0.6701490603685378, 0.4865902684688031, 0.47608824105808073, 0.40478664613107895, 0.3623390684838834], "low_energy": [0.2688769620656968, 0.2584670268015753, 0.2348740952522045, 0.21684246250890543, 0.2701140546481664], "LICUV": [0.28135298192501074, 0.2316918878462461, 0.23346744560909252, 0.20999499206941616, 0.2177259071891232], "NAMFIS": [0.2688769620656968, 0.17987283621840097, 0.18144784890218787, 0.19266224822608236, 0.19349524518098293]}, "bundle-size": [1, 3, 5, 10, 30]}}