{"single": {"fulfil": {"best": 0.625, "random": [0.4, 0.41875, 0.40625, 0.41875, 0.43125], "low_energy": [0.4375, 0.4375, 0.4375, 0.4375, 0.4375], "LICUV": [0.625, 0.4375, 0.4375, 0.4375, 0.4375], "NAMFIS": [0.5, 0.5, 0.5, 0.5, 0.5]}, "rmsd": {"best": 1.1260490172282385, "random": [1.5904559392003244, 1.4180331549808673, 1.3987859277212027, 1.293161681345293, 1.2744766075655556], "low_energy": [1.258975988151045, 1.2134932090207728, 1.2525882778418977, 1.249527887443205, 1.2714222648998894], "LICUV": [1.5260399898995651, 1.315595867510199, 1.098409817100241, 1.1215502740153165, 1.123168834934424], "NAMFIS": [1.1755651057814231, 1.0967163372894702, 1.0890602501548117, 1.0890602501231943, 1.0890602499846376]}, "mae": {"best": 0.879103988409042, "random": [1.245357712745666, 1.1441106484788626, 1.1425638809736924, 1.076141088744429, 1.069687993801018], "low_energy": [1.0746565830707546, 1.0055686700313242, 1.0213747536647404, 1.0189915756482277, 1.0256804429641502], "LICUV": [1.0905175095796582, 0.9446990492172966, 0.8947492247355135, 0.9035277909299038, 0.9231821748206417], "NAMFIS": [0.9218247157335278, 0.8860180759763352, 0.88272546250723, 0.8827254625001324, 0.8827254624669731]}, "bundle-size": [1, 3, 5, 10, 30]}}