{"minimum_sasa": 9.560150146484375, "minimum_psa": 4.431669235229492}