{"single": {"fulfil": {"best": 0.8275862068965517, "random": [0.5862068965517242, 0.5586206896551724, 0.6137931034482758, 0.606896551724138, 0.6], "low_energy": [0.5517241379310345, 0.4482758620689655, 0.5172413793103449, 0.5862068965517241, 0.6896551724137931], "LICUV": [0.8275862068965517, 0.7931034482758621, 0.8620689655172413, 0.8620689655172413, 0.8275862068965517], "NAMFIS": [0.6896551724137931, 0.8275862068965517, 0.7931034482758621, 0.7931034482758621, 0.7931034482758621]}, "rmsd": {"best": 0.31120404334426605, "random": [0.8115896907104265, 0.6586204512536746, 0.4973654614181909, 0.4751522896338711, 0.42842419188424524], "low_energy": [1.0451011660745197, 0.7042470588141945, 0.7274834379469877, 0.5544748441417117, 0.4044618951886293], "LICUV": [0.6956185275021045, 0.48138293068275506, 0.37859919939388714, 0.3427017968196487, 0.3613866849965417], "NAMFIS": [0.46408505372069525, 0.3292241143710442, 0.3009792962206633, 0.28018752707242534, 0.28018752707345873]}, "mae": {"best": 0.25082780048764974, "random": [0.5634757594733402, 0.4656498551012699, 0.3752792717087931, 0.34914592656273946, 0.325675987852286], "low_energy": [0.6831010266008046, 0.5232883294431346, 0.5316400271423034, 0.409431757468073, 0.2952652308704704], "LICUV": [0.4327155155971132, 0.3263139837487744, 0.25510370256819853, 0.24142567612793664, 0.27455970667225116], "NAMFIS": [0.3528200307385673, 0.26164271867015426, 0.24193738562618117, 0.22542465343712711, 0.22542465337647855]}, "bundle-size": [1, 3, 5, 10, 30]}}