{"single": {"fulfil": {"best": 0.8275862068965517, "random": [0.5827586206896551, 0.596551724137931, 0.6, 0.6137931034482758, 0.6275862068965516], "low_energy": [0.5517241379310345, 0.4482758620689655, 0.5172413793103449, 0.5862068965517241, 0.6896551724137931], "LICUV": [0.8275862068965517, 0.7931034482758621, 0.8620689655172413, 0.8620689655172413, 0.8275862068965517], "NAMFIS": [0.6896551724137931, 0.8275862068965517, 0.7931034482758621, 0.7931034482758621, 0.7931034482758621]}, "rmsd": {"best": 0.31120404334426605, "random": [0.7438624890800469, 0.5825729197816436, 0.5011469887532348, 0.4511202070013304, 0.4249079116661273], "low_energy": [1.0451011660745197, 0.7042470588141945, 0.7274834379469877, 0.5544748441417117, 0.4044618951886293], "LICUV": [0.6956185275021045, 0.48138293068275506, 0.37859919939388714, 0.3427017968196487, 0.3613866849965417], "NAMFIS": [0.46408505372069525, 0.3292189607921791, 0.30103604334663553, 0.28023261896050206, 0.28023261898650925]}, "rmsd_stepwise": {"best": 0.1789336228306752, "random": [0.4383403691285424, 0.3349712611053202, 0.3353519113373868, 0.3250777542966616, 0.331446679903122], "low_energy": [0.5109322109027098, 0.575640572723568, 0.38952668006538227, 0.30962713950369625, 0.2511559482569099], "LICUV": [0.25347923808061884, 0.28053520278211075, 0.1945286079484064, 0.22611409997365617, 0.27993841687303184], "NAMFIS": [0.33000000000000007, 0.2548630463872571, 0.30477238539039553, 0.36151978054338607, 0.36151978054338607]}, "mae": {"best": 0.25082780048764974, "random": [0.5207352495193481, 0.41663900364555995, 0.3719630254300805, 0.34003808120178236, 0.31718240030585587], "low_energy": [0.6831010266008046, 0.5232883294431346, 0.5316400271423034, 0.409431757468073, 0.2952652308704704], "LICUV": [0.4327155155971132, 0.3263139837487744, 0.25510370256819853, 0.24142567612793664, 0.27455970667225116], "NAMFIS": [0.3528200307385673, 0.2616445597352296, 0.2419739487022121, 0.22544991275437654, 0.2254499127258645]}, "bundle-size": [1, 3, 5, 10, 30]}}