{"single": {"fulfil": {"best": 0.8275862068965517, "random": [0.5724137931034483, 0.6137931034482759, 0.6137931034482758, 0.6413793103448275, 0.6068965517241379], "low_energy": [0.5517241379310345, 0.4482758620689655, 0.5172413793103449, 0.5862068965517241, 0.6896551724137931], "LICUV": [0.8275862068965517, 0.7931034482758621, 0.8620689655172413, 0.8620689655172413, 0.8275862068965517], "NAMFIS": [0.6896551724137931, 0.8275862068965517, 0.7931034482758621, 0.7931034482758621, 0.7931034482758621]}, "rmsd": {"best": 0.31120404334426605, "random": [0.7544474728360384, 0.5953328508175051, 0.5198885255497868, 0.4516749821417987, 0.45184881800808074], "low_energy": [1.0451011660745197, 0.7042470588141945, 0.7274834379469877, 0.5544748441417117, 0.4044618951886293], "LICUV": [0.6956185275021045, 0.48138293068275506, 0.37859919939388714, 0.3427017968196487, 0.3613866849965417], "NAMFIS": [0.46408505372069525, 0.3292190341149428, 0.3010773300367139, 0.2802383973263775, 0.2802383973347848]}, "mae": {"best": 0.25082780048764974, "random": [0.545378986572397, 0.4335339687853682, 0.376684475631927, 0.34095797103796005, 0.33921642395501717], "low_energy": [0.6831010266008046, 0.5232883294431346, 0.5316400271423034, 0.409431757468073, 0.2952652308704704], "LICUV": [0.4327155155971132, 0.3263139837487744, 0.25510370256819853, 0.24142567612793664, 0.27455970667225116], "NAMFIS": [0.3528200307385673, 0.2616449452058958, 0.2419973228571791, 0.22544037919002247, 0.22544037917426987]}, "bundle-size": [1, 3, 5, 10, 30]}}