{"single": {"fulfil": {"best": 0.3793103448275862, "random": [0.22758620689655173, 0.29655172413793107, 0.32758620689655177, 0.31034482758620696, 0.3379310344827586], "low_energy": [0.27586206896551724, 0.27586206896551724, 0.3103448275862069, 0.3103448275862069, 0.27586206896551724], "LICUV": [0.3793103448275862, 0.3448275862068966, 0.3448275862068966, 0.3793103448275862, 0.3448275862068966], "NAMFIS": [0.3793103448275862, 0.3793103448275862, 0.3793103448275862, 0.3793103448275862, 0.3793103448275862]}, "rmsd": {"best": 1.8671725737242104, "random": [2.6777657649287785, 2.4754287305177964, 2.230757423314661, 2.190489553510403, 2.050704393611616], "low_energy": [2.6170030754564078, 2.487386919204125, 2.1648127248702584, 2.2662165512391486, 2.130548817188694], "LICUV": [1.912735917419367, 2.190917270913441, 2.201886140324416, 2.0544502096948962, 2.082520949169057], "NAMFIS": [1.912735917419367, 1.6719327380649707, 1.596097643108094, 1.5961017583439154, 1.5961015245696284]}, "mae": {"best": 1.4422896490425896, "random": [2.0046958683112566, 1.8429408174658892, 1.6869750509298556, 1.6851490936814777, 1.5778099141578292], "low_energy": [1.875613281480197, 1.8065490969149711, 1.5604251319638058, 1.6630599839059597, 1.5830539642462818], "LICUV": [1.5097862144996375, 1.6424988351146086, 1.6420523949905985, 1.5394438646872768, 1.5660229607224074], "NAMFIS": [1.5097862144996375, 1.3203097148728864, 1.2835215994995857, 1.2835260777135287, 1.2835251977506748]}, "bundle-size": [1, 3, 5, 10, 30]}}