{"minimum_sasa": 7.890775680541992, "minimum_psa": 6.375579833984375}