{"single": {"stat": {"0": "MAE", "1": "MSE", "2": "RMSD", "3": "RMSD_step", "4": "pearsonr", "5": "kendalltau", "6": "chisq", "7": "percentage_fulfilled"}, "value": {"0": 0.47286624927712895, "1": -0.08059150996572177, "2": 0.6524733236535579, "3": 0.26499167578490856, "4": 0.49351264853544685, "5": 0.4090329122881487, "6": 4.292416925557023, "7": 0.5588235294117647}, "up": {"0": 0.6288196664946503, "1": 0.1386421727289434, "2": 0.8148199039831829, "3": 0.3350812017477343, "4": 0.7126621512636014, "5": 0.6158398336094546, "6": 6.463328146408937, "7": 0.0}, "low": {"0": 0.3294331993845252, "1": 0.0, "2": 0.4715468474144476, "3": 0.18027756377319942, "4": 0.25846479891544816, "5": 0.17963210150556583, "6": 2.4230540789815356, "7": 0.0}}}