{"single": {"stat": {"0": "MAE", "1": "MSE", "2": "RMSD", "3": "RMSD_step", "4": "pearsonr", "5": "kendalltau", "6": "chisq", "7": "percentage_fulfilled"}, "value": {"0": 0.47286624927712895, "1": -0.08059150996572177, "2": 0.6524733236535579, "3": 0.26499167578490856, "4": 0.49351264853544685, "5": 0.4090329122881487, "6": 4.292416925557023, "7": 0.5588235294117647}, "up": {"0": 0.6329028948846565, "1": 0.13946906803272233, "2": 0.8154201607550143, "3": 0.3355225288329972, "4": 0.7104542391540992, "5": 0.6183027926069, "6": 6.523379162827997, "7": 0.0}, "low": {"0": 0.3303840154870076, "1": 0.0, "2": 0.4728634830683572, "3": 0.17966472042308657, "4": 0.2564186202854943, "5": 0.18233093575441378, "6": 2.3851083762508405, "7": 0.0}}}