{"single": {"stat": {"0": "MAE", "1": "MSE", "2": "RMSD", "3": "RMSD_step", "4": "pearsonr", "5": "kendalltau", "6": "chisq", "7": "percentage_fulfilled"}, "value": {"0": 0.3268078167391364, "1": -0.22596838761711144, "2": 0.4642069030218824, "3": 0.22261811141372065, "4": 0.6378633871132643, "5": 0.5820159941368812, "6": 2.041903872665644, "7": 0.6764705882352942}, "up": {"0": 0.44337726166955455, "1": -0.09354766173513761, "2": 0.6096718544503674, "3": 0.293808661226596, "4": 0.799682929280663, "5": 0.715943769558391, "6": 3.268749434862677, "7": 0.0}, "low": {"0": 0.2234350575795256, "1": 0.0, "2": 0.3082935953160661, "3": 0.13503130774738076, "4": 0.49313403629232877, "5": 0.42938092461114097, "6": 1.038435607702139, "7": 0.0}}}