{"single": {"stat": {"0": "MAE", "1": "MSE", "2": "RMSD", "3": "RMSD_step", "4": "pearsonr", "5": "kendalltau", "6": "chisq", "7": "percentage_fulfilled"}, "value": {"0": 0.2089301289328878, "1": 0.06834567408978307, "2": 0.3414323982236706, "3": 0.3620678160901296, "4": 0.6965697020804427, "5": 0.5622168872455557, "6": 1.1962005607149762, "7": 0.6206896551724138}, "up": {"0": 0.3187346095123734, "1": 0.19694043520250457, "2": 0.4889858669952227, "3": 0.5344426680686202, "4": 0.8731754258389512, "5": 0.7716346959080663, "6": 2.4360884598686665, "7": 0.0}, "low": {"0": 0.12148028262512536, "1": 0.0, "2": 0.1707293526225163, "3": 0.07622448664229328, "4": 0.44616684504450405, "5": 0.3039081592425871, "6": 0.2969456282514409, "7": 0.0}, "most-populated-1": {"0": 0.5475489021169726, "1": 0.3484379330996808, "2": 0.8219323553231799, "3": 0.3620678160901296, "4": NaN, "5": NaN, "6": NaN, "7": 0.3448275862068966}}}