{"single": {"stat": {"0": "MAE", "1": "MSE", "2": "RMSD", "3": "pearsonr", "4": "kendalltau", "5": "chisq", "6": "percentage_fulfilled"}, "value": {"0": 0.3248971715587519, "1": 0.013577016955195543, "2": 0.46140662073445293, "3": 0.5726769829789158, "4": 0.44280799083942, "5": 2.0282958985473565, "6": 0.41379310344827586}, "up": {"0": 0.45422854457966577, "1": 0.1873502065713113, "2": 0.6272368553992772, "3": 0.800611397512749, "4": 0.6571527702270292, "5": 3.630714355753822, "6": 0.0}, "low": {"0": 0.21654206346288626, "1": 0.0, "2": 0.286779444268357, "3": 0.31634147818811836, "4": 0.1997356803123127, "5": 0.8330669661261461, "6": 0.0}, "most-populated-1": {"0": 0.5475489021169726, "1": 0.3484379330996808, "2": 0.8219323553231799, "3": NaN, "4": NaN, "5": NaN, "6": 0.3448275862068966}}}