{"35": {"0": {"Atom 1": "(1,)", "Atom 2": "(25,)", "NMR exp": 2.6, "lower bound": 2.47, "upper bound": 2.73, "md": [2.750095371030567], "lower": [2.305780045704939], "upper": [3.477343482105799]}, "1": {"Atom 1": "(1,)", "Atom 2": "(66,)", "NMR exp": 2.15, "lower bound": 2.05, "upper bound": 2.25, "md": [3.0709803027819826], "lower": [2.436994092229281], "upper": [4.4241253135766225]}, "2": {"Atom 1": "(25,)", "Atom 2": "(32,)", "NMR exp": 2.68, "lower bound": 2.5500000000000003, "upper bound": 2.81, "md": [2.745690472637803], "lower": [2.264165215939175], "upper": [3.9794614522465586]}, "3": {"Atom 1": "(1,)", "Atom 2": "(3,)", "NMR exp": 2.5, "lower bound": 2.38, "upper bound": 2.62, "md": [2.2928557968665526], "lower": [2.173817194102968], "upper": [2.704304953475745]}, "4": {"Atom 1": "(1,)", "Atom 2": "(68,)", "NMR exp": 2.58, "lower bound": 2.45, "upper bound": 2.71, "md": [2.1819068979764173], "lower": [2.030702249060797], "upper": [2.9405705606315338]}, "5": {"Atom 1": "(1,)", "Atom 2": "(47,)", "NMR exp": 3.43, "lower bound": 3.2600000000000002, "upper bound": 3.6, "md": [4.647790470570885], "lower": [3.6596426766205776], "upper": [6.090414865374302]}, "6": {"Atom 1": "(1,)", "Atom 2": "(70,)", "NMR exp": 2.94, "lower bound": 2.79, "upper bound": 3.09, "md": [3.325140694132121], "lower": [2.7123823395067057], "upper": [4.2145853688935695]}, "7": {"Atom 1": "(1,)", "Atom 2": "(5, 6)", "NMR exp": 3.17, "lower bound": 2.95, "upper bound": 4.29, "md": [3.483074304375749, 3.130820719922466], "lower": [2.926390682663736, 2.776658624281101], "upper": [3.949342423545027, 3.625722511212783]}, "8": {"Atom 1": "(1,)", "Atom 2": "(8, 9)", "NMR exp": 2.98, "lower bound": 2.83, "upper bound": 4.03, "md": [3.142419840060223, 3.312034724135407], "lower": [2.7185417465810238, 2.8609877968721182], "upper": [4.305367797434934, 4.459741894194029]}, "9": {"Atom 1": "(3,)", "Atom 2": "(5, 6)", "NMR exp": 2.7600000000000002, "lower bound": 2.56, "upper bound": 3.85, "md": [2.5447711158990547, 2.6852607885835145], "lower": [2.372128749364556, 2.435942228415519], "upper": [2.928025304210294, 3.014486403025638]}, "10": {"Atom 1": "(3,)", "Atom 2": "(8, 9)", "NMR exp": 2.72, "lower bound": 2.59, "upper bound": 3.49, "md": [2.786646353042678, 2.6551434283890987], "lower": [2.4346617206205194, 2.3921054628246647], "upper": [3.473088375453991, 3.3805409203235173]}, "11": {"Atom 1": "(3,)", "Atom 2": "(11, 12)", "NMR exp": 3.22, "lower bound": 3.06, "upper bound": 3.96, "md": [3.1847263172643783, 3.2746592480421883], "lower": [2.3787150009302467, 2.511253532041092], "upper": [4.520814299608748, 4.551701904526354]}, "12": {"Atom 1": "(5, 6)", "Atom 2": "(11, 12)", "NMR exp": 2.93, "lower bound": 2.91, "upper bound": 4.07, "md": [2.735187910230482, 2.8124557341558534, 2.834557154345845, 2.7624742268085667], "lower": [2.4280890296622886, 2.4705102315519345, 2.487056114278464, 2.448297153695389], "upper": [3.4906160961919843, 3.548990305888024, 3.60731547158922, 3.541703493597327]}, "13": {"Atom 1": "(25,)", "Atom 2": "(27, 28)", "NMR exp": 2.6, "lower bound": 2.35, "upper bound": 3.75, "md": [2.7613783138458587, 2.5990202384758745], "lower": [2.5092995363717883, 2.3576384971805595], "upper": [2.9375478062659273, 2.8732664096208262]}, "14": {"Atom 1": "(25,)", "Atom 2": "(3,)", "NMR exp": 2.44, "lower bound": 2.32, "upper bound": 2.56, "md": [2.7780818052826546], "lower": [2.41504055985516], "upper": [3.326601323625747]}, "15": {"Atom 1": "(25,)", "Atom 2": "(5, 6)", "NMR exp": 3.73, "lower bound": 3.49, "upper bound": 4.86, "md": [3.266361239004871, 3.370348524856187], "lower": [2.6477894410470215, 2.6659826783124103], "upper": [4.321561373382487, 4.289101034915909]}, "16": {"Atom 1": "(32,)", "Atom 2": "(27, 28)", "NMR exp": 2.45, "lower bound": 2.33, "upper bound": 3.48, "md": [2.4334131610951477, 2.64150291386549], "lower": [2.175783091212478, 2.2100475299568205], "upper": [3.1032853795867976, 3.3590083139725726]}, "17": {"Atom 1": "(32,)", "Atom 2": "(34,)", "NMR exp": 2.8000000000000003, "lower bound": 2.66, "upper bound": 2.94, "md": [2.5922251512135817], "lower": [2.232651974182411], "upper": [2.930489636821679]}, "18": {"Atom 1": "(32,)", "Atom 2": "(36, 37)", "NMR exp": 2.94, "lower bound": 2.8000000000000003, "upper bound": 3.87, "md": [2.9251872312953333, 2.6608618670047015], "lower": [2.546959895303755, 2.3788013268399393], "upper": [3.6728514758627124, 3.315561482366551]}, "19": {"Atom 1": "(34,)", "Atom 2": "(36, 37)", "NMR exp": 2.71, "lower bound": 2.57, "upper bound": 3.75, "md": [2.6856618519780535, 2.6176764655850366], "lower": [2.444961185142899, 2.4349113518302334], "upper": [3.0280574715156936, 2.9793376197353263]}, "20": {"Atom 1": "(45,)", "Atom 2": "(34,)", "NMR exp": 2.4, "lower bound": 2.2800000000000002, "upper bound": 2.52, "md": [2.371184384724517], "lower": [2.1753414429394295], "upper": [2.6961086930263503]}, "21": {"Atom 1": "(45,)", "Atom 2": "(47,)", "NMR exp": 2.8000000000000003, "lower bound": 2.66, "upper bound": 2.94, "md": [2.9152738311238795], "lower": [2.8361848660122635], "upper": [2.9892803111679145]}, "22": {"Atom 1": "(45,)", "Atom 2": "(49, 50)", "NMR exp": 3.17, "lower bound": 2.91, "upper bound": 4.32, "md": [2.9941657016682792, 2.667737441311979], "lower": [2.606687921397767, 2.3785157466687927], "upper": [3.643716613031354, 3.3787869240011346]}, "23": {"Atom 1": "(47,)", "Atom 2": "(49, 50)", "NMR exp": 2.7800000000000002, "lower bound": 2.64, "upper bound": 3.8200000000000003, "md": [2.5861587200026976, 2.6271653319394526], "lower": [2.4014579723409732, 2.4174109292450856], "upper": [2.971235021162804, 3.0008138466388683]}, "24": {"Atom 1": "(47,)", "Atom 2": "(55, 56)", "NMR exp": 2.93, "lower bound": 2.7800000000000002, "upper bound": 3.68, "md": [3.4483015637008743, 3.418774185547648], "lower": [2.5597926920553697, 2.526171838886398], "upper": [4.603398274889839, 4.5942333129519755]}, "25": {"Atom 1": "(66,)", "Atom 2": "(47,)", "NMR exp": 2.19, "lower bound": 2.08, "upper bound": 2.3000000000000003, "md": [2.2741898452740323], "lower": [2.1202498003578563], "upper": [2.567183128232193]}, "26": {"Atom 1": "(66,)", "Atom 2": "(68,)", "NMR exp": 2.7800000000000002, "lower bound": 2.64, "upper bound": 2.92, "md": [2.872062325386932], "lower": [2.774568880372094], "upper": [2.9647160223605185]}, "27": {"Atom 1": "(66,)", "Atom 2": "(70,)", "NMR exp": 2.72, "lower bound": 2.59, "upper bound": 2.85, "md": [2.6042236019286205], "lower": [2.359417124063362], "upper": [3.439693368183052]}, "28": {"Atom 1": "(68,)", "Atom 2": "(70,)", "NMR exp": 2.68, "lower bound": 2.5500000000000003, "upper bound": 2.81, "md": [2.6536591222516637], "lower": [2.4126606683843534], "upper": [3.022911663160804]}}}