{"single": {"fulfil": {"best": 0.4, "random": [0.288, 0.32399999999999995, 0.316, 0.33599999999999997, 0.328], "low_energy": [0.36, 0.32, 0.36, 0.36, 0.32], "LICUV": [0.4, 0.4, 0.36, 0.36, 0.32], "NAMFIS": [0.28, 0.28, 0.28, 0.28, 0.28]}, "rmsd": {"best": 0.47588430750736194, "random": [0.7265767977868476, 0.6866158356588257, 0.6724622913140528, 0.6394747244578047, 0.6394401058466003], "low_energy": [0.9370872871188176, 0.7178787176620411, 0.7749826336795433, 0.6797353348253692, 0.619347648798278], "LICUV": [0.820882284732931, 0.6668808448900292, 0.6338114226684102, 0.6107769345511307, 0.6337214063969543], "NAMFIS": [0.4839335148771084, 0.4791753607202186, 0.47968372672251525, 0.4796837267230268, 0.4796837267252688]}, "mae": {"best": 0.35533429031372066, "random": [0.5138674603652953, 0.48125959325100887, 0.48258662107246125, 0.45881825887870387, 0.46087654719608373], "low_energy": [0.6217150619506836, 0.49585068906060686, 0.5221666051121494, 0.48557942475356897, 0.45249600446671434], "LICUV": [0.5543269145965575, 0.44119729559016024, 0.44010116167896723, 0.4334598750387314, 0.4580372132131737], "NAMFIS": [0.36798232727050767, 0.3606217192261875, 0.3608057521362765, 0.36080575213689026, 0.3608057521382132]}, "bundle-size": [1, 3, 5, 10, 30]}}