{"single": {"fulfil": {"best": 0.48, "random": [0.2840000000000001, 0.4640000000000001, 0.5120000000000001, 0.516, 0.5120000000000001], "low_energy": [0.24, 0.36, 0.48, 0.48, 0.6], "LICUV": [0.48, 0.48, 0.56, 0.44, 0.4], "NAMFIS": [0.28, 0.52, 0.6, 0.6, 0.6]}, "rmsd": {"best": 0.37548253762193523, "random": [0.6579345356091029, 0.3874971257868795, 0.33852206281022423, 0.3442497270746289, 0.3526991992799891], "low_energy": [0.39647228917198735, 0.34204114117351525, 0.2862522252042368, 0.32318381954760994, 0.35170747125949225], "LICUV": [0.5707747902988985, 0.39917745012609085, 0.3363720859021776, 0.25417797778707313, 0.3313438455190216], "NAMFIS": [0.3998266752739239, 0.35992187369199424, 0.3368710272932548, 0.3290384588121381, 0.32903845879685817]}, "mae": {"best": 0.2761224956512451, "random": [0.4476503698539732, 0.27884804073649405, 0.23479078745447826, 0.23726488953264296, 0.23384556151142694], "low_energy": [0.29170885124206536, 0.2660552428140288, 0.22093109085036866, 0.24540929114917076, 0.23355718061016145], "LICUV": [0.36770680274963363, 0.2775311088147507, 0.22506968185179757, 0.20041619268086144, 0.24252861966385642], "NAMFIS": [0.3110009281158446, 0.24252040080632825, 0.2110934070877692, 0.202280853457221, 0.20228085344025185]}, "bundle-size": [1, 3, 5, 10, 30]}}