{"single": {"fulfil": {"best": 0.48, "random": [0.34400000000000003, 0.45600000000000007, 0.4959999999999999, 0.5080000000000001, 0.4880000000000001], "low_energy": [0.24, 0.36, 0.48, 0.48, 0.6], "LICUV": [0.48, 0.48, 0.56, 0.44, 0.4], "NAMFIS": [0.28, 0.52, 0.6, 0.6, 0.6]}, "rmsd": {"best": 0.37548253762193523, "random": [0.5942806854171865, 0.41991350495094854, 0.36564837784091986, 0.34577612309229167, 0.34813460298894827], "low_energy": [0.39647228917198735, 0.34204114117351525, 0.2862522252042368, 0.32318381954760994, 0.35170747125949225], "LICUV": [0.5707747902988985, 0.39917745012609085, 0.3363720859021776, 0.25417797778707313, 0.3313438455190216], "NAMFIS": [0.3998266752739239, 0.35992856462457856, 0.33686823029979845, 0.32903758701596825, 0.3290375870416294]}, "rmsd_stepwise": {"best": 0.08440379138403672, "random": [0.10394313724094242, 0.11419183973092899, 0.10760430602418873, 0.11502987714352966, 0.11533619280171077], "low_energy": [0.13198484761517132, 0.12899612397277674, 0.11378927893259536, 0.11499565209172036, 0.10671457257563274], "LICUV": [0.09562426470305535, 0.09264987857520372, 0.07722693830523122, 0.1188107739222331, 0.12196720870791457], "NAMFIS": [0.10774042880924505, 0.12596824996799783, 0.11725186565679878, 0.11842297074469965, 0.11842297074469965]}, "mae": {"best": 0.2761224956512451, "random": [0.4069973400878905, 0.29487435771382325, 0.24329411119483485, 0.23323930678349783, 0.24236857178242777], "low_energy": [0.29170885124206536, 0.2660552428140288, 0.22093109085036866, 0.24540929114917076, 0.23355718061016145], "LICUV": [0.36770680274963363, 0.2775311088147507, 0.22506968185179757, 0.20041619268086144, 0.24252861966385642], "NAMFIS": [0.3110009281158446, 0.24253112030570836, 0.21109495138711346, 0.2022875905819294, 0.20228759060821652]}, "bundle-size": [1, 3, 5, 10, 30]}}