{"single": {"fulfil": {"best": 0.48, "random": [0.248, 0.4800000000000001, 0.484, 0.496, 0.45999999999999996], "low_energy": [0.24, 0.36, 0.48, 0.48, 0.6], "LICUV": [0.48, 0.48, 0.56, 0.44, 0.4], "NAMFIS": [0.28, 0.52, 0.6, 0.6, 0.6]}, "rmsd": {"best": 0.37548253762193523, "random": [0.6196056132478258, 0.4123713345521393, 0.3492299026845354, 0.34719613068167327, 0.3425691313848518], "low_energy": [0.39647228917198735, 0.34204114117351525, 0.2862522252042368, 0.32318381954760994, 0.35170747125949225], "LICUV": [0.5707747902988985, 0.39917745012609085, 0.3363720859021776, 0.25417797778707313, 0.3313438455190216], "NAMFIS": [0.3998266752739239, 0.35992143701782353, 0.33687582449519243, 0.32904305585447186, 0.3290430558221116]}, "mae": {"best": 0.2761224956512451, "random": [0.4315442973709106, 0.2741972279643587, 0.2424345356033412, 0.24053239964581138, 0.23256180086652392], "low_energy": [0.29170885124206536, 0.2660552428140288, 0.22093109085036866, 0.24540929114917076, 0.23355718061016145], "LICUV": [0.36770680274963363, 0.2775311088147507, 0.22506968185179757, 0.20041619268086144, 0.24252861966385642], "NAMFIS": [0.3110009281158446, 0.24251713639960554, 0.21110012386799704, 0.20228711119519283, 0.20228711116230358]}, "bundle-size": [1, 3, 5, 10, 30]}}