{"minimum_sasa": 7.865981578826904, "minimum_psa": 5.506261825561523}