{"single": {"stat": {"0": "MAE", "1": "MSE", "2": "RMSD", "3": "RMSD_step", "4": "pearsonr", "5": "kendalltau", "6": "chisq", "7": "percentage_fulfilled"}, "value": {"0": 0.7945989762296517, "1": -0.508625362601203, "2": 0.9614798734993473, "3": 0.5724126570927655, "4": 0.5449710425915482, "5": 0.47193629234925677, "6": 13.92713443577198, "7": 0.859375}, "up": {"0": 0.9310089354328867, "1": -0.2999862915115988, "2": 1.0943811927411222, "3": 0.7483314773547881, "4": 0.6645588339909033, "5": 0.6055315177177084, "6": 17.787750338118585, "7": 0.0}, "low": {"0": 0.665052859974514, "1": 0.0, "2": 0.8251253546880325, "3": 0.367848474239054, "4": 0.41540828951721875, "5": 0.3156807294932769, "6": 10.34478475625474, "7": 0.0}}}