{"single": {"stat": {"0": "MAE", "1": "MSE", "2": "RMSD", "3": "RMSD_step", "4": "pearsonr", "5": "kendalltau", "6": "chisq", "7": "percentage_fulfilled"}, "value": {"0": 0.7018178965458022, "1": -0.41500831390016896, "2": 0.8884435062628627, "3": 0.5245533814589322, "4": 0.5189673083577271, "5": 0.3915777317472188, "6": 11.96361131365267, "7": 0.859375}, "up": {"0": 0.8343815417222187, "1": -0.21646549654364872, "2": 1.009509080795399, "3": 0.6873863542433759, "4": 0.6493522367808736, "5": 0.5422584436633568, "6": 15.401802230352962, "7": 0.0}, "low": {"0": 0.5714489653790535, "1": 0.0, "2": 0.7532158854528178, "3": 0.3318979511837938, "4": 0.35332355125633186, "5": 0.20796296992741664, "6": 8.677857011769992, "7": 0.0}}}