{"single": {"stat": {"0": "MAE", "1": "MSE", "2": "RMSD", "3": "RMSD_step", "4": "pearsonr", "5": "kendalltau", "6": "chisq", "7": "percentage_fulfilled"}, "value": {"0": 0.7018178965458022, "1": -0.41500831390016896, "2": 0.8884435062628627, "3": 0.5245533814589322, "4": 0.5189673083577271, "5": 0.3915777317472188, "6": 11.96361131365267, "7": 0.859375}, "up": {"0": 0.8366511232341358, "1": -0.21960261760272806, "2": 1.0131155705242827, "3": 0.6801883930206395, "4": 0.6508240531147776, "5": 0.5407871464555821, "6": 15.39397120786621, "7": 0.0}, "low": {"0": 0.5701868202377249, "1": 0.0, "2": 0.7554955745809855, "3": 0.3318979511837938, "4": 0.3600381551885854, "5": 0.2079626412948847, "6": 8.782858772118967, "7": 0.0}}}