{"58": {"0": {"Atom 1": "(3,)", "Atom 2": "(1,)", "NMR exp": 4.5, "lower bound": 2.9, "upper bound": 6.1, "md": [2.9556704897044392], "lower": [2.876318102529401], "upper": [3.0198828827219324]}, "1": {"Atom 1": "(35,)", "Atom 2": "(33,)", "NMR exp": 3.5, "lower bound": 2.3, "upper bound": 4.7, "md": [2.9063646386552424], "lower": [2.806060911515229], "upper": [2.9873818177734814]}, "2": {"Atom 1": "(35,)", "Atom 2": "(45,)", "NMR exp": 4.5, "lower bound": 2.9, "upper bound": 6.1, "md": [3.3308330079156834], "lower": [3.082415732627932], "upper": [3.5259487199089374]}, "3": {"Atom 1": "(47,)", "Atom 2": "(45,)", "NMR exp": 3.5, "lower bound": 2.3, "upper bound": 4.7, "md": [2.8782217332886457], "lower": [2.7732883202666048], "upper": [2.9722883301067786]}, "4": {"Atom 1": "(64,)", "Atom 2": "(73,)", "NMR exp": 3.5, "lower bound": 2.3, "upper bound": 4.7, "md": [2.385711368809867], "lower": [2.2096940068785123], "upper": [2.686646611228581]}, "5": {"Atom 1": "(64,)", "Atom 2": "(62,)", "NMR exp": 3.5, "lower bound": 2.3, "upper bound": 4.7, "md": [2.837198252946118], "lower": [2.598437760628033], "upper": [2.9507136271488665]}, "6": {"Atom 1": "(75,)", "Atom 2": "(73,)", "NMR exp": 3.5, "lower bound": 2.3, "upper bound": 4.7, "md": [2.6914263619758665], "lower": [2.4159864037282404], "upper": [2.8454958642696284]}, "7": {"Atom 1": "(75,)", "Atom 2": "(1,)", "NMR exp": 4.5, "lower bound": 2.9, "upper bound": 6.1, "md": [3.6376216137427], "lower": [3.406455285800841], "upper": [4.30048021731364]}, "8": {"Atom 1": "(98,)", "Atom 2": "(1,)", "NMR exp": 4.5, "lower bound": 2.9, "upper bound": 6.1, "md": [3.237847277497039], "lower": [2.765471495434644], "upper": [3.473007278128815]}, "9": {"Atom 1": "(45,)", "Atom 2": "(33,)", "NMR exp": 3.5, "lower bound": 2.3, "upper bound": 4.7, "md": [2.3786268288999675], "lower": [2.1185267724193655], "upper": [2.789338483806359]}, "10": {"Atom 1": "(62,)", "Atom 2": "(1,)", "NMR exp": 4.5, "lower bound": 2.9, "upper bound": 6.1, "md": [3.7287375972045314], "lower": [3.4829842552715107], "upper": [4.688486146126142]}, "11": {"Atom 1": "(5, 6)", "Atom 2": "(15,)", "NMR exp": 3.5, "lower bound": 2.3, "upper bound": 4.7, "md": [2.8552454892104775, 2.931334999874622], "lower": [2.5784893138562284, 2.622818903846374], "upper": [3.7414651308861693, 3.6346932270302705]}, "12": {"Atom 1": "(5, 6)", "Atom 2": "(1,)", "NMR exp": 3.5, "lower bound": 2.3, "upper bound": 4.7, "md": [2.696184731648273, 3.3622028474121035], "lower": [2.490927960999524, 2.766786159014874], "upper": [3.0862049846077912, 3.8148378194349912]}, "13": {"Atom 1": "(5, 6)", "Atom 2": "(15,)", "NMR exp": 3.5, "lower bound": 2.3, "upper bound": 4.7, "md": [2.8552454892104775, 2.931334999874622], "lower": [2.5784893138562284, 2.622818903846374], "upper": [3.7414651308861693, 3.6346932270302705]}, "14": {"Atom 1": "(3,)", "Atom 2": "(15,)", "NMR exp": 4.5, "lower bound": 2.9, "upper bound": 6.1, "md": [3.251914501200424], "lower": [2.7118384633341224], "upper": [4.3580196228042265]}, "15": {"Atom 1": "(3,)", "Atom 2": "(11,)", "NMR exp": 4.5, "lower bound": 2.9, "upper bound": 6.1, "md": [5.0796694863047716], "lower": [4.751830952624964], "upper": [5.638738663645798]}, "16": {"Atom 1": "(3,)", "Atom 2": "(57, 58)", "NMR exp": 4.5, "lower bound": 2.9, "upper bound": 6.1, "md": [6.732182744352488, 6.706411394370626], "lower": [5.443407839878481, 5.392623326282739], "upper": [10.160317782114607, 9.91804669399675]}, "17": {"Atom 1": "(5, 6)", "Atom 2": "(45,)", "NMR exp": 4.5, "lower bound": 2.9, "upper bound": 6.1, "md": [4.733764820823383, 4.849051817362887], "lower": [4.197763036968421, 4.362653816333086], "upper": [6.229824255564288, 6.248631559801774]}, "18": {"Atom 1": "(5, 6)", "Atom 2": "(1,)", "NMR exp": 4.5, "lower bound": 2.9, "upper bound": 6.1, "md": [2.696184731648273, 3.3622028474121035], "lower": [2.490927960999524, 2.766786159014874], "upper": [3.0862049846077912, 3.8148378194349912]}, "19": {"Atom 1": "(5, 6)", "Atom 2": "(33,)", "NMR exp": 4.5, "lower bound": 2.9, "upper bound": 6.1, "md": [6.397812343191424, 6.200448590254126], "lower": [5.909555336354712, 5.727871143835612], "upper": [7.149863394865055, 6.77860146972197]}, "20": {"Atom 1": "(5, 6)", "Atom 2": "(45,)", "NMR exp": 4.5, "lower bound": 2.9, "upper bound": 6.1, "md": [4.733764820823383, 4.849051817362887], "lower": [4.197763036968421, 4.362653816333086], "upper": [6.229824255564288, 6.248631559801774]}, "21": {"Atom 1": "(20, 21)", "Atom 2": "(26, 27)", "NMR exp": 3.5, "lower bound": 2.3, "upper bound": 4.7, "md": [3.2191248165196518, 3.9029763901686256, 3.9161843450519283, 3.290983392664124], "lower": [2.8887487533102987, 3.794285633706596, 3.8010456324630204, 2.9426092197172746], "upper": [3.892639089964667, 4.028118440423725, 4.050659945500525, 3.919240434149588]}, "22": {"Atom 1": "(20, 21)", "Atom 2": "(26, 27)", "NMR exp": 3.5, "lower bound": 2.3, "upper bound": 4.7, "md": [3.2191248165196518, 3.9029763901686256, 3.9161843450519283, 3.290983392664124], "lower": [2.8887487533102987, 3.794285633706596, 3.8010456324630204, 2.9426092197172746], "upper": [3.892639089964667, 4.028118440423725, 4.050659945500525, 3.919240434149588]}, "23": {"Atom 1": "(20, 21)", "Atom 2": "(26, 27)", "NMR exp": 3.5, "lower bound": 2.3, "upper bound": 4.7, "md": [3.2191248165196518, 3.9029763901686256, 3.9161843450519283, 3.290983392664124], "lower": [2.8887487533102987, 3.794285633706596, 3.8010456324630204, 2.9426092197172746], "upper": [3.892639089964667, 4.028118440423725, 4.050659945500525, 3.919240434149588]}, "24": {"Atom 1": "(20, 21)", "Atom 2": "(26, 27)", "NMR exp": 3.5, "lower bound": 2.3, "upper bound": 4.7, "md": [3.2191248165196518, 3.9029763901686256, 3.9161843450519283, 3.290983392664124], "lower": [2.8887487533102987, 3.794285633706596, 3.8010456324630204, 2.9426092197172746], "upper": [3.892639089964667, 4.028118440423725, 4.050659945500525, 3.919240434149588]}, "25": {"Atom 1": "(20, 21)", "Atom 2": "(1,)", "NMR exp": 4.5, "lower bound": 2.9, "upper bound": 6.1, "md": [3.2013374999422193, 4.041008719165362], "lower": [2.877255458519724, 3.64345012209668], "upper": [3.9759982965383394, 4.621997777256187]}, "26": {"Atom 1": "(20, 21)", "Atom 2": "(29,)", "NMR exp": 4.5, "lower bound": 2.9, "upper bound": 6.1, "md": [3.9220744871389894, 3.503504099959671], "lower": [3.8102365056513787, 3.279782487032833], "upper": [4.045591874521638, 3.7436307904044246]}, "27": {"Atom 1": "(20, 21)", "Atom 2": "(23, 24)", "NMR exp": 3.5, "lower bound": 2.3, "upper bound": 4.7, "md": [2.2913476570869364, 2.839217525509928, 2.812047459303589, 2.2917336228785232], "lower": [2.182292874975845, 2.699140668945523, 2.676741289499289, 2.18384656733103], "upper": [2.4157188338522553, 2.989543676830213, 2.9746358093581247, 2.4155589865728]}, "28": {"Atom 1": "(20, 21)", "Atom 2": "(23, 24)", "NMR exp": 4.5, "lower bound": 2.9, "upper bound": 6.1, "md": [2.2913476570869364, 2.839217525509928, 2.812047459303589, 2.2917336228785232], "lower": [2.182292874975845, 2.699140668945523, 2.676741289499289, 2.18384656733103], "upper": [2.4157188338522553, 2.989543676830213, 2.9746358093581247, 2.4155589865728]}, "29": {"Atom 1": "(20, 21)", "Atom 2": "(1,)", "NMR exp": 4.5, "lower bound": 2.9, "upper bound": 6.1, "md": [3.2013374999422193, 4.041008719165362], "lower": [2.877255458519724, 3.64345012209668], "upper": [3.9759982965383394, 4.621997777256187]}, "30": {"Atom 1": "(20, 21)", "Atom 2": "(23, 24)", "NMR exp": 4.5, "lower bound": 2.9, "upper bound": 6.1, "md": [2.2913476570869364, 2.839217525509928, 2.812047459303589, 2.2917336228785232], "lower": [2.182292874975845, 2.699140668945523, 2.676741289499289, 2.18384656733103], "upper": [2.4157188338522553, 2.989543676830213, 2.9746358093581247, 2.4155589865728]}, "31": {"Atom 1": "(20, 21)", "Atom 2": "(23, 24)", "NMR exp": 3.5, "lower bound": 2.3, "upper bound": 4.7, "md": [2.2913476570869364, 2.839217525509928, 2.812047459303589, 2.2917336228785232],