{"single": {"stat": {"0": "MAE", "1": "MSE", "2": "RMSD", "3": "RMSD_step", "4": "pearsonr", "5": "kendalltau", "6": "chisq", "7": "percentage_fulfilled"}, "value": {"0": 0.6776081379979435, "1": -0.43389765239095157, "2": 0.8518657453104627, "3": 0.3969738471160507, "4": 0.6482778692524218, "5": 0.5571190872979096, "6": 30.29577097238614, "7": 0.9}, "up": {"0": 0.7591861483984051, "1": -0.32236672699628527, "2": 0.9591899109109098, "3": 0.4979369201722123, "4": 0.7525799378205499, "5": 0.6358016773877957, "6": 38.79293801017777, "7": 0.0}, "low": {"0": 0.6013846303492633, "1": 0.0, "2": 0.7507794034638696, "3": 0.28356968227559576, "4": 0.5233435326683434, "5": 0.46803698439840713, "6": 23.437823759023985, "7": 0.0}}}