{"minimum_sasa": 9.9124875354767, "minimum_psa": 8.934597492218018}