{"single": {"stat": {"0": "MAE", "1": "MSE", "2": "RMSD", "3": "RMSD_step", "4": "pearsonr", "5": "kendalltau", "6": "chisq", "7": "percentage_fulfilled"}, "value": {"0": 0.6776081379979435, "1": -0.43389765239095157, "2": 0.8518657453104627, "3": 0.3969738471160507, "4": 0.6482778692524218, "5": 0.5571190872979096, "6": 30.29577097238614, "7": 0.9}, "up": {"0": 0.7582289736007656, "1": -0.32027434685840134, "2": 0.9582874049674798, "3": 0.49811409040381843, "4": 0.7524146797585086, "5": 0.6366334207927912, "6": 38.93841897444601, "7": 0.0}, "low": {"0": 0.6035575756982896, "1": 0.0, "2": 0.7505398204080465, "3": 0.2832583522469321, "4": 0.5204388056678102, "5": 0.46858325683659974, "6": 23.65034057431352, "7": 0.0}}}