{"49a": {"0": {"Atom 1": "(1,)", "Atom 2": "(3,)", "NMR exp": 0.0, "lower bound": 2.7600000000000002, "upper bound": 2.7800000000000002, "md": [2.966965027348207]}, "1": {"Atom 1": "(1,)", "Atom 2": "(5, 6)", "NMR exp": 0.0, "lower bound": 3.1, "upper bound": 4.0600000000000005, "md": [2.63749253083703, 3.6784682358823204]}, "2": {"Atom 1": "(1,)", "Atom 2": "(74,)", "NMR exp": 0.0, "lower bound": 3.6, "upper bound": 3.8000000000000003, "md": [5.1395061481321145]}, "3": {"Atom 1": "(1,)", "Atom 2": "(80, 81)", "NMR exp": 0.0, "lower bound": 3.1, "upper bound": 4.2, "md": [3.1305774823319257, 3.398959500363719]}, "4": {"Atom 1": "(3,)", "Atom 2": "(5, 6)", "NMR exp": 0.0, "lower bound": 2.4, "upper bound": 3.34, "md": [2.9926780731937996, 2.3850454998762456]}, "5": {"Atom 1": "(3,)", "Atom 2": "(8, 9)", "NMR exp": 0.0, "lower bound": 2.85, "upper bound": 3.84, "md": [3.0763695126175334, 2.7606402393499248]}, "6": {"Atom 1": "(25,)", "Atom 2": "(27, 28)", "NMR exp": 0.0, "lower bound": 2.44, "upper bound": 2.7, "md": [2.3761073535908124, 2.9444434951742062]}, "7": {"Atom 1": "(32,)", "Atom 2": "(34,)", "NMR exp": 0.0, "lower bound": 2.72, "upper bound": 2.84, "md": [2.929025916358638]}, "8": {"Atom 1": "(32,)", "Atom 2": "(36, 37)", "NMR exp": 0.0, "lower bound": 2.52, "upper bound": 3.42, "md": [3.7463167477023567, 3.035917144056164]}, "9": {"Atom 1": "(32,)", "Atom 2": "(44,)", "NMR exp": 0.0, "lower bound": 2.4, "upper bound": 2.57, "md": [4.266089756132007]}, "10": {"Atom 1": "(34,)", "Atom 2": "(36, 37)", "NMR exp": 0.0, "lower bound": 2.49, "upper bound": 3.39, "md": [2.431339058295577, 2.411750602812539]}, "11": {"Atom 1": "(44,)", "Atom 2": "(34,)", "NMR exp": 0.0, "lower bound": 3.0, "upper bound": 3.14, "md": [2.5548014375784978]}, "12": {"Atom 1": "(44,)", "Atom 2": "(46,)", "NMR exp": 0.0, "lower bound": 2.64, "upper bound": 2.66, "md": [2.806045412364003]}, "13": {"Atom 1": "(44,)", "Atom 2": "(48, 49)", "NMR exp": 0.0, "lower bound": 2.45, "upper bound": 2.62, "md": [2.4386321874717742, 2.525285775504768]}, "14": {"Atom 1": "(44,)", "Atom 2": "(48, 49)", "NMR exp": 0.0, "lower bound": 3.08, "upper bound": 3.36, "md": [2.4386321874717742, 2.525285775504768]}, "15": {"Atom 1": "(46,)", "Atom 2": "(65, 66)", "NMR exp": 0.0, "lower bound": 2.13, "upper bound": 4.3, "md": [4.182288263116222, 4.041064755554116]}, "16": {"Atom 1": "(46,)", "Atom 2": "(48, 49)", "NMR exp": 0.0, "lower bound": 2.67, "upper bound": 2.97, "md": [2.46428768885606, 2.8245961213344577]}, "17": {"Atom 1": "(46,)", "Atom 2": "(48, 49)", "NMR exp": 0.0, "lower bound": 2.52, "upper bound": 2.58, "md": [2.46428768885606, 2.8245961213344577]}, "18": {"Atom 1": "(74,)", "Atom 2": "(71, 72)", "NMR exp": 0.0, "lower bound": 2.83, "upper bound": 3.0300000000000002, "md": [2.9697254779929882, 2.3152792071625745]}, "19": {"Atom 1": "(74,)", "Atom 2": "(71, 72)", "NMR exp": 0.0, "lower bound": 2.32, "upper bound": 2.38, "md": [2.9697254779929882, 2.3152792071625745]}, "20": {"Atom 1": "(78,)", "Atom 2": "(1,)", "NMR exp": 0.0, "lower bound": 2.64, "upper bound": 2.71, "md": [2.2932449386054747]}, "21": {"Atom 1": "(78,)", "Atom 2": "(74,)", "NMR exp": 0.0, "lower bound": 2.06, "upper bound": 2.15, "md": [3.4147538414909238]}, "22": {"Atom 1": "(78,)", "Atom 2": "(71, 72)", "NMR exp": 0.0, "lower bound": 3.14, "upper bound": 4.38, "md": [3.24173540573511, 4.3907858839936535]}, "23": {"Atom 1": "(78,)", "Atom 2": "(80, 81)", "NMR exp": 0.0, "lower bound": 2.13, "upper bound": 3.36, "md": [2.3629747352935517, 2.9542084131796935]}}}