{"trans": {"stat": {"0": "MAE", "1": "MSE", "2": "RMSD", "3": "pearsonr", "4": "kendalltau", "5": "chisq", "6": "percentage_fulfilled"}, "value": {"0": 0.4108895278835223, "1": 0.12236416570143026, "2": 0.62598796165135, "3": 0.4455173053480915, "4": 0.3593472342771107, "5": 3.4280661134863992, "6": 0.4583333333333333}, "up": {"0": 0.6177186372788499, "1": 0.37732432822291384, "2": 0.8595989493333678, "3": 0.7802147290866539, "4": 0.6718210623751775, "5": 6.702544378510605, "6": 0.0}, "low": {"0": 0.2351396756741005, "1": 0.0, "2": 0.3520114486191229, "3": 0.0, "4": 0.026410147692742608, "5": 0.9645703778397661, "6": 0.0}, "most-populated-1": {"0": 0.43933454036712644, "1": 0.14222303390502913, "2": 0.6551460887152154, "3": NaN, "4": NaN, "5": NaN, "6": 0.4166666666666667}}}