{"trans": {"stat": {"0": "MAE", "1": "MSE", "2": "RMSD", "3": "RMSD_step", "4": "pearsonr", "5": "kendalltau", "6": "chisq", "7": "percentage_fulfilled"}, "value": {"0": 0.4108895278835223, "1": 0.12236416570143026, "2": 0.62598796165135, "3": 0.10606110660055043, "4": 0.4455173053480915, "5": 0.3593472342771107, "6": 3.4280661134863992, "7": 0.4583333333333333}, "up": {"0": 0.6126242426770996, "1": 0.38397521172410004, "2": 0.8632647356548928, "3": 0.1704684110415366, "4": 0.784348066975064, "5": 0.6654030339565069, "6": 6.7459661292376465, "7": 0.0}, "low": {"0": 0.23926901086081262, "1": 0.0, "2": 0.3514698260840199, "3": 0.03723482626380559, "4": 0.0, "5": 0.018937739680211448, "6": 0.911553800747023, "7": 0.0}, "most-populated-1": {"0": 0.43933454036712644, "1": 0.14222303390502913, "2": 0.6551460887152154, "3": 0.10606110660055043, "4": NaN, "5": NaN, "6": NaN, "7": 0.4166666666666667}}}