{"single": {"stat": {"0": "MAE", "1": "MSE", "2": "RMSD", "3": "RMSD_step", "4": "pearsonr", "5": "kendalltau", "6": "chisq", "7": "percentage_fulfilled"}, "value": {"0": 1.0095462999167635, "1": -0.8682695592256431, "2": 1.2016070430490067, "3": 0.8584693919818553, "4": 0.32571997986919277, "5": 0.2624242203517719, "6": 21.6106019262896, "7": 0.7121212121212122}, "up": {"0": 1.1713053062575836, "1": -0.6695800503109843, "2": 1.355557387684888, "3": 1.0042334631373564, "4": 0.47565339135469725, "5": 0.4120243384109407, "6": 27.296846831268226, "7": 0.0}, "low": {"0": 0.8559922363247274, "1": 0.0, "2": 1.0412081393161945, "3": 0.6822422923379532, "4": 0.16790191476448005, "5": 0.10130747267158599, "6": 16.469716751923492, "7": 0.0}}}