{"single": {"stat": {"0": "MAE", "1": "MSE", "2": "RMSD", "3": "RMSD_step", "4": "pearsonr", "5": "kendalltau", "6": "chisq", "7": "percentage_fulfilled"}, "value": {"0": 1.0095462999167635, "1": -0.8682695592256431, "2": 1.2016070430490067, "3": 0.8584693919818553, "4": 0.32571997986919277, "5": 0.2624242203517719, "6": 21.6106019262896, "7": 0.7121212121212122}, "up": {"0": 1.1696753976945333, "1": -0.6653213341161921, "2": 1.3543055811765266, "3": 1.0042334631373564, "4": 0.4715232819637871, "5": 0.41233773274490404, "6": 27.25033270900019, "7": 0.0}, "low": {"0": 0.8512189496299775, "1": 0.0, "2": 1.0442927892420244, "3": 0.6822422923379532, "4": 0.1671276305802362, "5": 0.10246557965801951, "6": 16.33332031473276, "7": 0.0}}}