{"63": {"0": {"Atom 1": "(18,)", "Atom 2": "(80,)", "NMR exp": 3.5, "lower bound": 2.3, "upper bound": 4.7, "md": [3.7479065268809353], "lower": [3.3804926989937214], "upper": [4.857720572751053]}, "1": {"Atom 1": "(18,)", "Atom 2": "(94,)", "NMR exp": 4.5, "lower bound": 2.9, "upper bound": 6.1, "md": [3.929968708093833], "lower": [3.2716917676520376], "upper": [4.564667151516498]}, "2": {"Atom 1": "(58,)", "Atom 2": "(80,)", "NMR exp": 3.5, "lower bound": 2.3, "upper bound": 4.7, "md": [2.353529916108997], "lower": [2.0492916315354486], "upper": [3.0654736454487006]}, "3": {"Atom 1": "(84,)", "Atom 2": "(94,)", "NMR exp": 3.5, "lower bound": 2.3, "upper bound": 4.7, "md": [2.8281785956801957], "lower": [2.271315461464243], "upper": [3.980665368990649]}, "4": {"Atom 1": "(96,)", "Atom 2": "(94,)", "NMR exp": 3.5, "lower bound": 2.3, "upper bound": 4.7, "md": [2.7995710824715516], "lower": [2.5655297522679055], "upper": [2.925208224008258]}, "5": {"Atom 1": "(96,)", "Atom 2": "(94,)", "NMR exp": 3.5, "lower bound": 2.3, "upper bound": 4.7, "md": [2.7995710824715516], "lower": [2.5655297522679055], "upper": [2.925208224008258]}, "6": {"Atom 1": "(96,)", "Atom 2": "(94,)", "NMR exp": 3.5, "lower bound": 2.3, "upper bound": 4.7, "md": [2.7995710824715516], "lower": [2.5655297522679055], "upper": [2.925208224008258]}, "7": {"Atom 1": "(98, 99)", "Atom 2": "(94,)", "NMR exp": 3.5, "lower bound": 2.3, "upper bound": 4.7, "md": [2.5672566955001592, 2.6060739193777045], "lower": [2.319891421040408, 2.361765419082181], "upper": [3.255718530689566, 3.2682336606041242]}, "8": {"Atom 1": "(20,)", "Atom 2": "(18,)", "NMR exp": 4.5, "lower bound": 2.9, "upper bound": 6.1, "md": [2.9159973767873333], "lower": [2.8252401347374683], "upper": [2.9904181756177657]}, "9": {"Atom 1": "(22, 23)", "Atom 2": "(18,)", "NMR exp": 4.5, "lower bound": 2.9, "upper bound": 6.1, "md": [2.4457415289349456, 3.0444731187044476], "lower": [2.23939869056181, 2.5755540171303175], "upper": [2.884397379462693, 3.619601191480508]}, "10": {"Atom 1": "(22, 23)", "Atom 2": "(80,)", "NMR exp": 4.5, "lower bound": 2.9, "upper bound": 6.1, "md": [3.5935001940013103, 3.768613117260322], "lower": [3.0837662491480216, 3.1389998977532976], "upper": [5.130051638920815, 5.112070614958638]}, "11": {"Atom 1": "(22, 23)", "Atom 2": "(18,)", "NMR exp": 4.5, "lower bound": 2.9, "upper bound": 6.1, "md": [2.4457415289349456, 3.0444731187044476], "lower": [2.23939869056181, 2.5755540171303175], "upper": [2.884397379462693, 3.619601191480508]}, "12": {"Atom 1": "(22, 23)", "Atom 2": "(80,)", "NMR exp": 4.5, "lower bound": 2.9, "upper bound": 6.1, "md": [3.5935001940013103, 3.768613117260322], "lower": [3.0837662491480216, 3.1389998977532976], "upper": [5.130051638920815, 5.112070614958638]}, "13": {"Atom 1": "(40,)", "Atom 2": "(58,)", "NMR exp": 4.5, "lower bound": 2.9, "upper bound": 6.1, "md": [3.932032728554563], "lower": [3.521826111337907], "upper": [5.1277844150510274]}, "14": {"Atom 1": "(37, 38)", "Atom 2": "(18,)", "NMR exp": 4.5, "lower bound": 2.9, "upper bound": 6.1, "md": [7.09608824857307, 6.727461993913135], "lower": [6.6924662355060835, 6.069092734452604], "upper": [7.438947081038455, 7.260937065134561]}, "15": {"Atom 1": "(31, 32)", "Atom 2": "(18,)", "NMR exp": 4.5, "lower bound": 2.9, "upper bound": 6.1, "md": [4.978683366189654, 4.405351901442353], "lower": [4.670764932716083, 3.7912503071512296], "upper": [5.275495114415281, 4.8865411458412815]}, "16": {"Atom 1": "(31, 32)", "Atom 2": "(40,)", "NMR exp": 4.5, "lower bound": 2.9, "upper bound": 6.1, "md": [3.9062287573749894, 3.4321260456458704], "lower": [3.7938834628941795, 3.2112377310396023], "upper": [4.028439221722932, 3.6698102502033296]}, "17": {"Atom 1": "(31, 32)", "Atom 2": "(37, 38)", "NMR exp": 4.5, "lower bound": 2.9, "upper bound": 6.1, "md": [3.2176769138969092, 3.911713637753223, 3.9043014733958445, 3.284688296150614], "lower": [2.8908918367977217, 3.800265383521054, 3.7919877992320927, 2.932963393064895], "upper": [3.8921102707753876, 4.0394966665035525, 4.034398831428458, 3.923663033478345]}, "18": {"Atom 1": "(31, 32)", "Atom 2": "(37, 38)", "NMR exp": 4.5, "lower bound": 2.9, "upper bound": 6.1, "md": [3.2176769138969092, 3.911713637753223, 3.9043014733958445, 3.284688296150614], "lower": [2.8908918367977217, 3.800265383521054, 3.7919877992320927, 2.932963393064895], "upper": [3.8921102707753876, 4.0394966665035525, 4.034398831428458, 3.923663033478345]}, "19": {"Atom 1": "(31, 32)", "Atom 2": "(34, 35)", "NMR exp": 3.5, "lower bound": 2.3, "upper bound": 4.7, "md": [2.2949263939467746, 2.838860490072986, 2.816627506804127, 2.289111666178772], "lower": [2.186480869196866, 2.697190573580248, 2.680171976165828, 2.181097542138596], "upper": [2.4182712520098484, 2.989059776467049, 2.9784083664186527, 2.4135518924854624]}, "20": {"Atom 1": "(31, 32)", "Atom 2": "(34, 35)", "NMR exp": 3.5, "lower bound": 2.3, "upper bound": 4.7, "md": [2.2949263939467746, 2.838860490072986, 2.816627506804127, 2.289111666178772], "lower": [2.186480869196866, 2.697190573580248, 2.680171976165828, 2.181097542138596], "upper": [2.4182712520098484, 2.989059776467049, 2.9784083664186527, 2.4135518924854624]}, "21": {"Atom 1": "(31, 32)", "Atom 2": "(18,)", "NMR exp": 4.5, "lower bound": 2.9, "upper bound": 6.1, "md": [4.978683366189654, 4.405351901442353], "lower": [4.670764932716083, 3.7912503071512296], "upper": [5.275495114415281, 4.8865411458412815]}, "22": {"Atom 1": "(31, 32)", "Atom 2": "(37, 38)", "NMR exp": 4.5, "lower bound": 2.9, "upper bound": 6.1, "md": [3.2176769138969092, 3.911713637753223, 3.9043014733958445, 3.284688296150614], "lower": [2.8908918367977217, 3.800265383521054, 3.7919877992320927, 2.932963393064895], "upper": [3.8921102707753876, 4.0394966665035525, 4.034398831428458, 3.923663033478345]}, "23": {"Atom 1": "(31, 32)", "Atom 2": "(37, 38)", "NMR exp": 4.5, "lower bound": 2.9, "upper bound": 6.1, "md": [3.2176769138969092, 3.911713637753223, 3.9043014733958445, 3.284688296150614], "lower": [2.8908918367977217, 3.800265383521054, 3.7919877992320927, 2.932963393064895], "upper": [3.8921102707753876, 4.0394966665035525, 4.034398831428458, 3.923663033478345]}, "24": {"Atom 1": "(31, 32)", "Atom 2": "(34, 35)", "NMR exp": 4.5, "lower bound": 2.9, "upper bound": 6.1, "md": [2.2949263939467746, 2.838860490072986, 2.816627506804127, 2.289111666178772], "lower": [2.186480869196866, 2.697190573580248, 2.680171976165828, 2.181097542138596], "upper": [2.4182712520098484, 2.989059776467049, 2.9784083664186527, 2.4135518924854624]}, "25": {"Atom 1": "(31, 32)", "Atom 2": "(34, 35)", "NMR exp": 4.5, "lower bound": 2.9, "upper bound": 6.1, "md": [2.2949263939467746, 2.838860490072986, 2.816627506804127, 2.289111666178772], "lower": [2.186480869196866, 2.697190573580248, 2.680171976165828, 2.181097542138596], "upper": [2.4182712520098484, 2.989059776467049, 2.9784083664186527, 2.4135518924854624]}, "26": {"Atom 1": "(54,)", "Atom 2": "(51, 52)", "NMR exp": 3.5, "lower bound": 2.3, "upper bound": 4.7, "md": [2.7912303346997667, 2.2693988617392042], "lower": [2.6752418950681833, 2.164341871437083], "upper": [2.9522295067124724, 2.3906957941086002]}, "27": {"Atom 1": "(54,)", "Atom 2": "(48, 49)", "NMR exp": 4.5, "lower bound": 2.9, "upper bound": 6.1, "md": [3.902898947291669, 3.432438090697577], "lower": [3.7957086395506106, 2.996875564979473], "upper": [4.032489583317532, 3.9932038738093953]}, "28": {"Atom 1": "(54,)", "Atom 2": "(48, 49)", "NMR exp": 4.5, "lower bound": 2.9, "upper bound": 6.1, "md": [3.902898947291669, 3.432438090697577], "lower": [3.7957086395506106, 2.996875564979473], "upper": [4.032489583317532, 3.9932038738093953]}, "29": {"Atom 1": "(54,)", "Atom 2": "(58,)", "NMR exp": 4.5, "lower bound": 2.9, "upper bound": 6.1, "md": [2.4953975781799675], "lower": [2.223525667864973], "upper": [3.1433392630664603]}, "30": {"Atom 1": "(45, 46)", "Atom 2": "(40,)", "NMR exp": 4.5, "lower bound": 2.9, "upper bound": 6.1,