{"minimum_sasa": 9.51215203285217, "minimum_psa": 8.413352203369115}