{"single": {"stat": {"0": "MAE", "1": "MSE", "2": "RMSD", "3": "RMSD_step", "4": "pearsonr", "5": "kendalltau", "6": "chisq", "7": "percentage_fulfilled"}, "value": {"0": 1.0171712352270936, "1": -0.801275189612957, "2": 1.1742356976201274, "3": 0.7877855422677292, "4": 0.361447432617744, "5": 0.3786772951655861, "6": 20.661244907741583, "7": 0.7575757575757576}, "up": {"0": 1.1599950382239488, "1": -0.5895173583293812, "2": 1.3080336433551225, "3": 0.9445216843043952, "4": 0.4919873336483319, "5": 0.507683350077429, "6": 25.401385809446474, "7": 0.0}, "low": {"0": 0.8761337572791523, "1": 0.0, "2": 1.03394630277942, "3": 0.5908391567007969, "4": 0.22423376895844846, "5": 0.23432934698592928, "6": 16.10259334337134, "7": 0.0}}}