{"single": {"stat": {"0": "MAE", "1": "MSE", "2": "RMSD", "3": "RMSD_step", "4": "pearsonr", "5": "kendalltau", "6": "chisq", "7": "percentage_fulfilled"}, "value": {"0": 0.40921628561742396, "1": 0.21923216382821784, "2": 0.4912968310075476, "3": 0.20128752238195655, "4": 0.5807400105598288, "5": 0.2385325116281667, "6": 2.078790404213744, "7": 0.20833333333333334}, "up": {"0": 0.5208038009214949, "1": 0.38700087410869743, "2": 0.6006991227100252, "3": 0.2659354556484504, "4": 0.8521289200664842, "5": 0.5038498805602362, "6": 3.191865377275447, "7": 0.0}, "low": {"0": 0.3065464959309632, "1": 0.03445856699309173, "2": 0.37031162385581823, "3": 0.12903286018575635, "4": 0.04176742198500497, "5": 0.0, "6": 1.148423958245289, "7": 0.0}}}