{"33": {"0": {"Atom 1": "(32,)", "Atom 2": "(44,)", "NMR exp": 2.5, "lower bound": 2.3000000000000003, "upper bound": 2.61, "md": [2.294825145037342], "lower": [2.0362596964537096], "upper": [3.397135293664004]}, "1": {"Atom 1": "(1,)", "Atom 2": "(3,)", "NMR exp": 2.5500000000000003, "lower bound": 2.43, "upper bound": 2.87, "md": [2.9237172565766287], "lower": [2.773090916974659], "upper": [3.004475566258547]}, "2": {"Atom 1": "(25,)", "Atom 2": "(27, 28)", "NMR exp": 2.35, "lower bound": 2.2600000000000002, "upper bound": 2.44, "md": [2.4963420224594137, 2.836841472345695], "lower": [2.3259159185810896, 2.5618574738365028], "upper": [2.8011361878346674, 2.974271945469241]}, "3": {"Atom 1": "(25,)", "Atom 2": "(27, 28)", "NMR exp": 3.1, "lower bound": 2.88, "upper bound": 3.3200000000000003, "md": [2.4963420224594137, 2.836841472345695], "lower": [2.3259159185810896, 2.5618574738365028], "upper": [2.8011361878346674, 2.974271945469241]}, "4": {"Atom 1": "(32,)", "Atom 2": "(34,)", "NMR exp": 2.89, "lower bound": 2.71, "upper bound": 3.0700000000000003, "md": [2.891851111020815], "lower": [2.7416601582065976], "upper": [2.974400282755874]}, "5": {"Atom 1": "(44,)", "Atom 2": "(46,)", "NMR exp": 2.67, "lower bound": 2.5300000000000002, "upper bound": 2.81, "md": [2.736604416846315], "lower": [2.324457292793528], "upper": [2.923446263804424]}, "6": {"Atom 1": "(64,)", "Atom 2": "(66,)", "NMR exp": 2.4, "lower bound": 2.3000000000000003, "upper bound": 2.5, "md": [2.9356549404966144], "lower": [2.8535302520963395], "upper": [3.006612618036831]}, "7": {"Atom 1": "(1,)", "Atom 2": "(66,)", "NMR exp": 2.9, "lower bound": 2.3000000000000003, "upper bound": 2.95, "md": [3.470537685290704], "lower": [3.326718268060624], "upper": [3.59430625951949]}, "8": {"Atom 1": "(25,)", "Atom 2": "(3,)", "NMR exp": 2.34, "lower bound": 2.25, "upper bound": 2.43, "md": [2.877777661078441], "lower": [2.4872752517484815], "upper": [3.378231640064725]}, "9": {"Atom 1": "(32,)", "Atom 2": "(27, 28)", "NMR exp": 4.0, "lower bound": 3.5300000000000002, "upper bound": 4.47, "md": [2.987704636621923, 3.036400287574257], "lower": [2.6795432571865243, 2.637168528032591], "upper": [3.433918194331344, 3.454640435213655]}, "10": {"Atom 1": "(32,)", "Atom 2": "(27, 28)", "NMR exp": 2.27, "lower bound": 2.18, "upper bound": 2.36, "md": [2.987704636621923, 3.036400287574257], "lower": [2.6795432571865243, 2.637168528032591], "upper": [3.433918194331344, 3.454640435213655]}, "11": {"Atom 1": "(44,)", "Atom 2": "(34,)", "NMR exp": 2.85, "lower bound": 2.68, "upper bound": 3.02, "md": [3.054329639151444], "lower": [2.450639658556839], "upper": [3.5077335008052324]}, "12": {"Atom 1": "(64,)", "Atom 2": "(46,)", "NMR exp": 2.4, "lower bound": 2.3000000000000003, "upper bound": 2.5, "md": [3.4156668131996275], "lower": [3.211283097028769], "upper": [3.5626703463183103]}, "13": {"Atom 1": "(44,)", "Atom 2": "(27, 28)", "NMR exp": 4.17, "lower bound": 3.64, "upper bound": 4.7, "md": [4.847657759648759, 5.341584228596724], "lower": [4.328872287566369, 4.912202444040963], "upper": [5.68073640249928, 6.033294750604369]}, "14": {"Atom 1": "(44,)", "Atom 2": "(48, 49)", "NMR exp": 2.75, "lower bound": 2.6, "upper bound": 2.9, "md": [3.1152518175847663, 3.071099841402061], "lower": [2.5936308693906196, 2.644497670610146], "upper": [3.8335895742435797, 3.6061588676900342]}, "15": {"Atom 1": "(44,)", "Atom 2": "(36, 37)", "NMR exp": 3.2, "lower bound": 2.96, "upper bound": 3.44, "md": [2.7662978296566623, 3.628362016348102], "lower": [2.3615420090343804, 3.3249987574855084], "upper": [3.3668225992812313, 3.9267181962439635]}, "16": {"Atom 1": "(44,)", "Atom 2": "(36, 37)", "NMR exp": 3.2, "lower bound": 2.96, "upper bound": 3.44, "md": [2.7662978296566623, 3.628362016348102], "lower": [2.3615420090343804, 3.3249987574855084], "upper": [3.3668225992812313, 3.9267181962439635]}, "17": {"Atom 1": "(32,)", "Atom 2": "(36, 37)", "NMR exp": 2.92, "lower bound": 2.74, "upper bound": 3.1, "md": [3.615056460541856, 3.0693990615123963], "lower": [3.2920625048967826, 2.7449798273639905], "upper": [3.8863391285623905, 3.5501158353371434]}, "18": {"Atom 1": "(32,)", "Atom 2": "(36, 37)", "NMR exp": 2.71, "lower bound": 2.56, "upper bound": 2.86, "md": [3.615056460541856, 3.0693990615123963], "lower": [3.2920625048967826, 2.7449798273639905], "upper": [3.8863391285623905, 3.5501158353371434]}, "19": {"Atom 1": "(64,)", "Atom 2": "(48, 49)", "NMR exp": 2.7, "lower bound": 2.56, "upper bound": 2.84, "md": [3.0869884612634966, 2.894822970883879], "lower": [2.4035724870775352, 2.3787508801718906], "upper": [4.104879701494589, 4.0847796889331995]}, "20": {"Atom 1": "(1,)", "Atom 2": "(68,)", "NMR exp": 2.35, "lower bound": 2.2600000000000002, "upper bound": 2.44, "md": [3.1620924829500794], "lower": [2.690066052999539], "upper": [4.108571807763748]}, "21": {"Atom 1": "(1,)", "Atom 2": "(5, 6)", "NMR exp": 3.22, "lower bound": 2.98, "upper bound": 3.46, "md": [2.7918284398671416, 3.052549525632867], "lower": [2.4766444100056217, 2.5424731573295], "upper": [3.7616801522438124, 3.615750707629357]}, "22": {"Atom 1": "(1,)", "Atom 2": "(5, 6)", "NMR exp": 3.22, "lower bound": 2.98, "upper bound": 3.46, "md": [2.7918284398671416, 3.052549525632867], "lower": [2.4766444100056217, 2.5424731573295], "upper": [3.7616801522438124, 3.615750707629357]}, "23": {"Atom 1": "(66,)", "Atom 2": "(68,)", "NMR exp": 3.08, "lower bound": 2.87, "upper bound": 3.29, "md": [2.5670245823064985], "lower": [2.3942696055693746], "upper": [2.9516406053506903]}}}