{"single": {"stat": {"0": "MAE", "1": "MSE", "2": "RMSD", "3": "RMSD_step", "4": "pearsonr", "5": "kendalltau", "6": "chisq", "7": "percentage_fulfilled"}, "value": {"0": 0.4985196134199694, "1": 0.038172772665461985, "2": 0.5871980081300702, "3": 0.20165977949672229, "4": 0.16548317184763237, "5": 0.025688116636879487, "6": 2.861460226433299, "7": 0.16666666666666666}, "up": {"0": 0.6251655799155268, "1": 0.26815095286397855, "2": 0.7175337194917379, "3": 0.26492982558865547, "4": 0.4579126783965358, "5": 0.2851587425211111, "6": 4.208908455481934, "7": 0.0}, "low": {"0": 0.3778013876045514, "1": 0.0, "2": 0.45442881138919466, "3": 0.12953361844751607, "4": 0.0, "5": 0.0, "6": 1.771373795345694, "7": 0.0}}}