{"single": {"stat": {"0": "MAE", "1": "MSE", "2": "RMSD", "3": "RMSD_step", "4": "pearsonr", "5": "kendalltau", "6": "chisq", "7": "percentage_fulfilled"}, "value": {"0": 0.4985196134199694, "1": 0.038172772665461985, "2": 0.5871980081300702, "3": 0.20165977949672229, "4": 0.16548317184763237, "5": 0.025688116636879487, "6": 2.861460226433299, "7": 0.16666666666666666}, "up": {"0": 0.623734609219756, "1": 0.27319264556242595, "2": 0.7162578804269671, "3": 0.26430845290838556, "4": 0.4583605845238833, "5": 0.28683454046477685, "6": 4.163295098500021, "7": 0.0}, "low": {"0": 0.3797498181514067, "1": 0.0, "2": 0.4536700632453264, "3": 0.13231905884389183, "4": 0.0, "5": 0.0, "6": 1.7455275349990147, "7": 0.0}}}