{"33": {"0": {"Atom 1": "(32,)", "Atom 2": "(44,)", "NMR exp": 2.5, "lower bound": 2.3000000000000003, "upper bound": 2.61, "md": [2.1910529997198736], "lower": [1.9712006486989555], "upper": [3.2943528657486305]}, "1": {"Atom 1": "(1,)", "Atom 2": "(3,)", "NMR exp": 2.5500000000000003, "lower bound": 2.43, "upper bound": 2.87, "md": [2.09585302530281], "lower": [2.0333273693350784], "upper": [2.9518182878551102]}, "2": {"Atom 1": "(25,)", "Atom 2": "(27, 28)", "NMR exp": 2.35, "lower bound": 2.2600000000000002, "upper bound": 2.44, "md": [2.666872880136983, 2.953278046237191], "lower": [2.389934028354249, 2.7122301649517198], "upper": [2.870879558266571, 3.0196250914259357]}, "3": {"Atom 1": "(25,)", "Atom 2": "(27, 28)", "NMR exp": 3.1, "lower bound": 2.88, "upper bound": 3.3200000000000003, "md": [2.666872880136983, 2.953278046237191], "lower": [2.389934028354249, 2.7122301649517198], "upper": [2.870879558266571, 3.0196250914259357]}, "4": {"Atom 1": "(32,)", "Atom 2": "(34,)", "NMR exp": 2.89, "lower bound": 2.71, "upper bound": 3.0700000000000003, "md": [2.924100795539816], "lower": [2.7845811575155675], "upper": [2.9903681167153766]}, "5": {"Atom 1": "(44,)", "Atom 2": "(46,)", "NMR exp": 2.67, "lower bound": 2.5300000000000002, "upper bound": 2.81, "md": [2.183866235836442], "lower": [2.0997001314277255], "upper": [2.873742580863941]}, "6": {"Atom 1": "(64,)", "Atom 2": "(66,)", "NMR exp": 2.4, "lower bound": 2.3000000000000003, "upper bound": 2.5, "md": [2.836299279123097], "lower": [2.756502789144493], "upper": [2.974256577522352]}, "7": {"Atom 1": "(1,)", "Atom 2": "(66,)", "NMR exp": 2.9, "lower bound": 2.3000000000000003, "upper bound": 2.95, "md": [3.533812207691719], "lower": [3.3789676327782723], "upper": [3.627858697621431]}, "8": {"Atom 1": "(25,)", "Atom 2": "(3,)", "NMR exp": 2.34, "lower bound": 2.25, "upper bound": 2.43, "md": [2.196227054673567], "lower": [2.0497051528181505], "upper": [3.233409337517763]}, "9": {"Atom 1": "(32,)", "Atom 2": "(27, 28)", "NMR exp": 4.0, "lower bound": 3.5300000000000002, "upper bound": 4.47, "md": [2.9458861758421264, 3.2530493666802327], "lower": [2.65728259721135, 2.7668128984226663], "upper": [3.4182493650926835, 3.5092760699798156]}, "10": {"Atom 1": "(32,)", "Atom 2": "(27, 28)", "NMR exp": 2.27, "lower bound": 2.18, "upper bound": 2.36, "md": [2.9458861758421264, 3.2530493666802327], "lower": [2.65728259721135, 2.7668128984226663], "upper": [3.4182493650926835, 3.5092760699798156]}, "11": {"Atom 1": "(44,)", "Atom 2": "(34,)", "NMR exp": 2.85, "lower bound": 2.68, "upper bound": 3.02, "md": [3.302565976601571], "lower": [2.5293092027321538], "upper": [3.5233940379664794]}, "12": {"Atom 1": "(64,)", "Atom 2": "(46,)", "NMR exp": 2.4, "lower bound": 2.3000000000000003, "upper bound": 2.5, "md": [3.302462763415326], "lower": [3.083191463513092], "upper": [3.526804470915626]}, "13": {"Atom 1": "(44,)", "Atom 2": "(27, 28)", "NMR exp": 4.17, "lower bound": 3.64, "upper bound": 4.7, "md": [2.889159413657488, 7.1255860003227705], "lower": [2.715706059653755, 5.47275919185997], "upper": [5.310209949088277, 7.213824973917783]}, "14": {"Atom 1": "(44,)", "Atom 2": "(48, 49)", "NMR exp": 2.75, "lower bound": 2.6, "upper bound": 2.9, "md": [3.3428913020601816, 3.2235902238313754], "lower": [2.7291281412415174, 2.754412876301583], "upper": [3.8953815072593745, 3.664079044690897]}, "15": {"Atom 1": "(44,)", "Atom 2": "(36, 37)", "NMR exp": 3.2, "lower bound": 2.96, "upper bound": 3.44, "md": [2.8700875441320766, 3.1511208684807355], "lower": [2.44414622105764, 2.43146296447044], "upper": [3.4194031172885104, 3.812945321097205]}, "16": {"Atom 1": "(44,)", "Atom 2": "(36, 37)", "NMR exp": 3.2, "lower bound": 2.96, "upper bound": 3.44, "md": [2.8700875441320766, 3.1511208684807355], "lower": [2.44414622105764, 2.43146296447044], "upper": [3.4194031172885104, 3.812945321097205]}, "17": {"Atom 1": "(32,)", "Atom 2": "(36, 37)", "NMR exp": 2.92, "lower bound": 2.74, "upper bound": 3.1, "md": [3.730864197130237, 3.202104525020319], "lower": [3.421092768607226, 2.805216429494738], "upper": [3.9447529921175906, 3.59489818949117]}, "18": {"Atom 1": "(32,)", "Atom 2": "(36, 37)", "NMR exp": 2.71, "lower bound": 2.56, "upper bound": 2.86, "md": [3.730864197130237, 3.202104525020319], "lower": [3.421092768607226, 2.805216429494738], "upper": [3.9447529921175906, 3.59489818949117]}, "19": {"Atom 1": "(64,)", "Atom 2": "(48, 49)", "NMR exp": 2.7, "lower bound": 2.56, "upper bound": 2.84, "md": [4.818624951364093, 3.336575445172968], "lower": [3.630944099869348, 2.5831401458103103], "upper": [4.867575949927597, 4.20133479045825]}, "20": {"Atom 1": "(1,)", "Atom 2": "(68,)", "NMR exp": 2.35, "lower bound": 2.2600000000000002, "upper bound": 2.44, "md": [3.4539338356295564], "lower": [2.7754756668892706], "upper": [4.16184785906472]}, "21": {"Atom 1": "(1,)", "Atom 2": "(5, 6)", "NMR exp": 3.22, "lower bound": 2.98, "upper bound": 3.46, "md": [2.6070154985445138, 2.44100358264135], "lower": [2.39561315463502, 2.251455282114064], "upper": [3.646352689903924, 3.504740179013341]}, "22": {"Atom 1": "(1,)", "Atom 2": "(5, 6)", "NMR exp": 3.22, "lower bound": 2.98, "upper bound": 3.46, "md": [2.6070154985445138, 2.44100358264135], "lower": [2.39561315463502, 2.251455282114064], "upper": [3.646352689903924, 3.504740179013341]}, "23": {"Atom 1": "(66,)", "Atom 2": "(68,)", "NMR exp": 3.08, "lower bound": 2.87, "upper bound": 3.29, "md": [2.4470790347878095], "lower": [2.32674958477183], "upper": [2.8623775071023574]}}}