{"single": {"fulfil": {"best": 0.8681318681318682, "random": [0.7472527472527473, 0.8032967032967033, 0.8120879120879122, 0.8725274725274726, 0.8978021978021978], "low_energy": [0.7582417582417582, 0.8571428571428571, 0.8461538461538461, 0.8351648351648352, 0.9120879120879121], "LICUV": [0.8681318681318682, 0.9120879120879121, 0.945054945054945, 0.945054945054945, 0.9230769230769231], "NAMFIS": [0.8681318681318682, 0.9230769230769231, 0.9230769230769231, 0.9230769230769231, 0.9230769230769231]}, "rmsd": {"best": 0.9326662794655423, "random": [2.054054803550371, 1.6254197401943231, 1.454935362763811, 1.0582561587632342, 0.8924045075250898], "low_energy": [1.9607333656903194, 1.184143311160426, 1.1871536254422173, 1.136288801010463, 0.915275902842096], "LICUV": [0.9326662794655423, 0.8135501292027312, 0.7561654712939445, 0.6926039952125574, 0.7627156344073803], "NAMFIS": [0.9326662794655423, 0.7383731338840213, 0.7478755888035832, 0.7461718291260961, 0.7461718291175908]}, "mae": {"best": 0.7171703152604154, "random": [1.2473735856485886, 1.0198381256396383, 0.9674291206104956, 0.7707084185725153, 0.6839431170613142], "low_energy": [1.1972039683834532, 0.8108957934586626, 0.8020150333954237, 0.7985210767809172, 0.6482084456662257], "LICUV": [0.7171703152604154, 0.6281101660513111, 0.588996856766799, 0.5536783550887354, 0.6071818987095466], "NAMFIS": [0.7171703152604154, 0.568909026623969, 0.582378325735379, 0.5798860108975235, 0.5798860108914305]}, "bundle-size": [1, 3, 5, 10, 30]}}