{"single": {"fulfil": {"best": 0.5604395604395604, "random": [0.42857142857142866, 0.4736263736263736, 0.4989010989010989, 0.5296703296703296, 0.5538461538461539], "low_energy": [0.4945054945054945, 0.45054945054945056, 0.4835164835164835, 0.5274725274725275, 0.5274725274725275], "LICUV": [0.5604395604395604, 0.5934065934065934, 0.6153846153846154, 0.6373626373626373, 0.6483516483516484], "NAMFIS": [0.4725274725274725, 0.5164835164835165, 0.5494505494505495, 0.5494505494505495, 0.5494505494505495]}, "rmsd": {"best": 2.4349814114340482, "random": [3.50083245819793, 3.0194995987486988, 2.672625862150021, 2.3774923000435164, 2.0664749591254825], "low_energy": [3.248770713940978, 2.8792385382581784, 2.7337199493039726, 2.763694420570283, 2.2127957881245477], "LICUV": [2.936668038098595, 2.380519376580832, 2.1294381745966637, 1.812846195668415, 1.7308934157019755], "NAMFIS": [2.4349814114340482, 1.906250168831095, 1.770349240455368, 1.7332569119443617, 1.7325995195060664]}, "mae": {"best": 1.8897698811122345, "random": [2.64246408347245, 2.266516712111049, 2.0702719737020194, 1.852807691340176, 1.6693956502286642], "low_energy": [2.353893490152044, 2.2186178493336057, 2.091006775496884, 2.104755284380738, 1.7616382527783554], "LICUV": [1.8946964512814526, 1.6558991789128956, 1.4700114478676898, 1.377321639014236, 1.3501524752737992], "NAMFIS": [1.8897698811122345, 1.5129434837498232, 1.4219230506211786, 1.4115678771410773, 1.4153944174329431]}, "bundle-size": [1, 3, 5, 10, 30]}}