{"single": {"fulfil": {"best": 0.8681318681318682, "random": [0.7571428571428571, 0.7978021978021979, 0.8527472527472529, 0.8516483516483516, 0.8791208791208792], "low_energy": [0.7582417582417582, 0.8571428571428571, 0.8461538461538461, 0.8351648351648352, 0.9120879120879121], "LICUV": [0.8681318681318682, 0.9120879120879121, 0.945054945054945, 0.945054945054945, 0.9230769230769231], "NAMFIS": [0.8681318681318682, 0.9230769230769231, 0.9230769230769231, 0.9230769230769231, 0.9230769230769231]}, "rmsd": {"best": 0.9326662794655423, "random": [1.9356293069263137, 1.5152811786783524, 1.3062957064178025, 1.1206084658419517, 0.9737217584035506], "low_energy": [1.9607333656903194, 1.184143311160426, 1.1871536254422173, 1.136288801010463, 0.915275902842096], "LICUV": [0.9326662794655423, 0.8135501292027312, 0.7561654712939445, 0.6926039952125574, 0.7627156344073803], "NAMFIS": [0.9326662794655423, 0.7383734532938611, 0.7478739050993743, 0.7461700900847238, 0.7461700898307911]}, "mae": {"best": 0.7171703152604154, "random": [1.1781486147052636, 0.9963489232274245, 0.8639289027409877, 0.8106833533683364, 0.7340595190136694], "low_energy": [1.1972039683834532, 0.8108957934586626, 0.8020150333954237, 0.7985210767809172, 0.6482084456662257], "LICUV": [0.7171703152604154, 0.6281101660513111, 0.588996856766799, 0.5536783550887354, 0.6071818987095466], "NAMFIS": [0.7171703152604154, 0.5689078026948455, 0.5823778663919645, 0.5798850601975896, 0.5798850599277423]}, "bundle-size": [1, 3, 5, 10, 30]}}