{"single": {"fulfil": {"best": 0.8681318681318682, "random": [0.7571428571428572, 0.8318681318681318, 0.8428571428571427, 0.8538461538461538, 0.8934065934065935], "low_energy": [0.7582417582417582, 0.8571428571428571, 0.8461538461538461, 0.8351648351648352, 0.9120879120879121], "LICUV": [0.8681318681318682, 0.9120879120879121, 0.945054945054945, 0.945054945054945, 0.9230769230769231], "NAMFIS": [0.8681318681318682, 0.9230769230769231, 0.9230769230769231, 0.9230769230769231, 0.9230769230769231]}, "rmsd": {"best": 0.9326662794655423, "random": [1.9855174993866107, 1.4117139250349322, 1.275553653771766, 1.1304005273488855, 0.94750210261817], "low_energy": [1.9607333656903194, 1.184143311160426, 1.1871536254422173, 1.136288801010463, 0.915275902842096], "LICUV": [0.9326662794655423, 0.8135501292027312, 0.7561654712939445, 0.6926039952125574, 0.7627156344073803], "NAMFIS": [0.9326662794655423, 0.7383748878696302, 0.7478774042240492, 0.7461682079401482, 0.7461682076248223]}, "rmsd_stepwise": {"best": 0.5153682136146889, "random": [0.7283300380993076, 0.6096041226098902, 0.5950280158329821, 0.5665011714462456, 0.4748987669903314], "low_energy": [0.7395424781059413, 0.5642265930915064, 0.5886285046474697, 0.6120583179856185, 0.4358898943540673], "LICUV": [0.5271736790774818, 0.4358898943540673, 0.3249682993837946, 0.3249682993837946, 0.40232838809625626], "NAMFIS": [0.5271736790774818, 0.37047637880537976, 0.37047637880537976, 0.37047637880537976, 0.37047637880537976]}, "mae": {"best": 0.7171703152604154, "random": [1.2136289937155584, 0.9246336375493145, 0.871232880003707, 0.7998602843272221, 0.7079353230328972], "low_energy": [1.1972039683834532, 0.8108957934586626, 0.8020150333954237, 0.7985210767809172, 0.6482084456662257], "LICUV": [0.7171703152604154, 0.6281101660513111, 0.588996856766799, 0.5536783550887354, 0.6071818987095466], "NAMFIS": [0.7171703152604154, 0.5689025208569433, 0.5823864643425938, 0.5798850311318147, 0.5798850309295709]}, "bundle-size": [1, 3, 5, 10, 30]}}