{"minimum_sasa": 12.059544563293457, "minimum_psa": 10.238807678222656}