{"minimum_sasa": 6.952265210151677, "minimum_psa": 5.584810066223156}