{"single": {"stat": {"0": "MAE", "1": "MSE", "2": "RMSD", "3": "pearsonr", "4": "kendalltau", "5": "chisq", "6": "percentage_fulfilled"}, "value": {"0": 0.4985196134199694, "1": 0.038172772665461985, "2": 0.5871980081300702, "3": 0.16548317184763237, "4": 0.025688116636879487, "5": 2.861460226433299, "6": 0.16666666666666666}, "up": {"0": 0.6242028066768519, "1": 0.26712553989761195, "2": 0.7192152338001772, "3": 0.4561967620255131, "4": 0.2830335355884302, "5": 4.164322548154863, "6": 0.0}, "low": {"0": 0.376625711439769, "1": 0.0, "2": 0.45611044268995843, "3": 0.0, "4": 0.0, "5": 1.757553583982271, "6": 0.0}, "most-populated-1": {"0": 0.48179027120272305, "1": 0.3809368018309274, "2": 0.5776303585619427, "3": NaN, "4": NaN, "5": NaN, "6": 0.20833333333333334}}}