{"single": {"stat": {"0": "MAE", "1": "MSE", "2": "RMSD", "3": "RMSD_step", "4": "pearsonr", "5": "kendalltau", "6": "chisq", "7": "percentage_fulfilled"}, "value": {"0": 0.40921628561742396, "1": 0.21923216382821784, "2": 0.4912968310075476, "3": 0.20128752238195655, "4": 0.5807400105598288, "5": 0.2385325116281667, "6": 2.078790404213744, "7": 0.20833333333333334}, "up": {"0": 0.5218163433103907, "1": 0.38903157702505836, "2": 0.6028980525507178, "3": 0.2664838562711181, "4": 0.8571815667302725, "5": 0.5075757575757576, "6": 3.195472455067302, "7": 0.0}, "low": {"0": 0.3046905459163322, "1": 0.042051190586292274, "2": 0.3710690783298483, "3": 0.1289529143113384, "4": 0.04146627192245696, "5": 0.0, "6": 1.1595119187510627, "7": 0.0}, "most-populated-1": {"0": 0.48179027120272305, "1": 0.3809368018309274, "2": 0.5776303585619427, "3": 0.20128752238195655, "4": NaN, "5": NaN, "6": NaN, "7": 0.20833333333333334}}}