{"cis": {"fulfil": {"best": 0.43478260869565216, "random": [0.2782608695652174, 0.2782608695652174, 0.23043478260869565, 0.1956521739130435, 0.1565217391304348], "low_energy": [0.2608695652173913, 0.2608695652173913, 0.2608695652173913, 0.21739130434782608, 0.13043478260869565], "LICUV": [0.43478260869565216, 0.17391304347826086, 0.2608695652173913, 0.21739130434782608, 0.13043478260869565], "NAMFIS": [0.17391304347826086, 0.2608695652173913, 0.2608695652173913, 0.2608695652173913, 0.2608695652173913]}, "rmsd": {"best": 0.27914347341509455, "random": [0.5514644705454199, 0.3496047968853603, 0.3501006871226674, 0.33530798527073513, 0.316169795019926], "low_energy": [0.4673498977170351, 0.42515764040611803, 0.36925549340000574, 0.32972803244501847, 0.344137420857859], "LICUV": [0.27914347341509455, 0.356487460985909, 0.35695966012580294, 0.3136235575983301, 0.30251782318266907], "NAMFIS": [0.35209585866704524, 0.3176287815137661, 0.3226454773430417, 0.3226059991752313, 0.3226059991754777]}, "rmsd_stepwise": {"best": 0.06319397329547784, "random": [0.07740882123658108, 0.07524561191397586, 0.0796539628343175, 0.08144886665485863, 0.08506164564640116], "low_energy": [0.08178045902451801, 0.0773964946964935, 0.08205909853376349, 0.0831708560996448, 0.08475027254028254], "LICUV": [0.06650433133981964, 0.07741755783328201, 0.07500724602677888, 0.08349043163089431, 0.0856814119154562], "NAMFIS": [0.0877124749443861, 0.08164743932191679, 0.07824848935894237, 0.07824848935894237, 0.07824848935894237]}, "mae": {"best": 0.1805800599637239, "random": [0.38498107756739064, 0.2582649844123682, 0.26703519755126404, 0.266068168116928, 0.2565616754702719], "low_energy": [0.3218531604435132, 0.30685624728881233, 0.2648067680677486, 0.26594113022733173, 0.27396430566706853], "LICUV": [0.18970012955043614, 0.2783846349458893, 0.28563091900517235, 0.24990524231795597, 0.23993988453590248], "NAMFIS": [0.26438432610553236, 0.254039081119709, 0.2553486883030568, 0.256151213835385, 0.25615121383527206]}, "bundle-size": [1, 3, 5, 10, 30]}, "trans": {"fulfil": {"best": 0.5833333333333334, "random": [0.4125, 0.4625, 0.4958333333333333, 0.48749999999999993, 0.4125], "low_energy": [0.4166666666666667, 0.4583333333333333, 0.4583333333333333, 0.5, 0.5], "LICUV": [0.5833333333333334, 0.375, 0.5, 0.4166666666666667, 0.4166666666666667], "NAMFIS": [0.2916666666666667, 0.4583333333333333, 0.375, 0.375, 0.375]}, "rmsd": {"best": 0.2397503107280434, "random": [0.6314217421800794, 0.40111563769674125, 0.3752439018324584, 0.2907986414686206, 0.3396553449709366], "low_energy": [0.24667674099619422, 0.30446672197874874, 0.31342656426950527, 0.3138657677184739, 0.2952010293826908], "LICUV": [0.394093955810858, 0.2743633904486269, 0.27825061458298106, 0.311251925349826, 0.29951004785223806], "NAMFIS": [0.5243543055366563, 0.4275248846350856, 0.3847572707760864, 0.3925695394983998, 0.3869471010722669]}, "rmsd_stepwise": {"best": 0.043108390521258554, "random": [0.12448185323814458, 0.10201840433390821, 0.09700687851820512, 0.11866028644524132, 0.14378524984949337], "low_energy": [0.06041522986797283, 0.053150729063673255, 0.053150729063673255, 0.04907477288111819, 0.10820023875512791], "LICUV": [0.0468041130671226, 0.12793227374930322, 0.1572153512436577, 0.12421419671948396, 0.12421419671948396], "NAMFIS": [0.17344547654330267, 0.15463330279513965, 0.1582060892212012, 0.1582060892212012, 0.1582060892212012]}, "mae": {"best": 0.20593133648236583, "random": [0.40821862836678824, 0.2835761208951776, 0.27860475167505233, 0.2257293875927297, 0.2755620271035892], "low_energy": [0.218585295677185, 0.2558014293119388, 0.2614804729484442, 0.2636159073046336, 0.23892525669826722], "LICUV": [0.27988134702046724, 0.22739257787513745, 0.1856523174600185, 0.23808879307592115, 0.24913157363377195], "NAMFIS": [0.418699735403061, 0.3228955339557091, 0.3112651243149371, 0.30726125927351666, 0.298513576993978]}, "bundle-size": [1, 3, 5, 10, 30]}}