{"cis": {"fulfil": {"best": 0.8974358974358975, "random": [0.7384615384615385, 0.8153846153846154, 0.7897435897435898, 0.8282051282051283, 0.8358974358974358], "low_energy": [0.6923076923076923, 0.7435897435897436, 0.7692307692307693, 0.8205128205128205, 0.8205128205128205], "LICUV": [0.8974358974358975, 0.9230769230769231, 0.9230769230769231, 0.9487179487179487, 0.8974358974358975], "NAMFIS": [0.7948717948717948, 0.8461538461538461, 0.8717948717948718, 0.8717948717948718, 0.8717948717948718]}, "rmsd": {"best": 0.47525419874825536, "random": [0.7966400961400933, 0.5629149300642696, 0.5471779254883853, 0.392958016075755, 0.3652707853793016], "low_energy": [1.0307481182467408, 0.5550441091763678, 0.514595734888609, 0.37695937865292367, 0.30843317180344065], "LICUV": [0.47525419874825536, 0.41464582228702485, 0.3635567244235337, 0.30266806109575983, 0.32869752054123863], "NAMFIS": [0.661675217623937, 0.5727318535669645, 0.5232174069878033, 0.5235058104387189, 0.523505810432622]}, "rmsd_stepwise": {"best": 0.08882422861890553, "random": [0.2584494114329346, 0.17527571768758404, 0.21428648161448768, 0.1529916098618262, 0.11378679959148512], "low_energy": [0.29313513117367074, 0.2843210536320896, 0.12327788081174945, 0.10809539946091781, 0.10284416890093032], "LICUV": [0.08882422861890553, 0.07063811711635297, 0.06660253325435485, 0.05322906474223778, 0.0761072118284969], "NAMFIS": [0.1296345949394999, 0.10513727290474179, 0.09180525653907368, 0.09180525653907368, 0.09180525653907368]}, "mae": {"best": 0.34116161346435525, "random": [0.5242752960889765, 0.39408582728450015, 0.37265121872612483, 0.2851883438801947, 0.2777234221905529], "low_energy": [0.6390252392108624, 0.40725076695131, 0.3642089539394471, 0.2755941774064688, 0.2361581019033521], "LICUV": [0.3493455170362422, 0.31104620158979535, 0.25938921493820233, 0.24840826228585527, 0.26663224166766014], "NAMFIS": [0.4567943286895751, 0.3753525167288057, 0.33589221749715675, 0.342898432154139, 0.3428984321509757]}, "bundle-size": [1, 3, 5, 10, 30]}, "trans": {"fulfil": {"best": 0.9347826086956522, "random": [0.8, 0.8695652173913044, 0.9217391304347826, 0.9456521739130436, 0.9391304347826088], "low_energy": [0.782608695652174, 0.8478260869565217, 0.8913043478260869, 0.9347826086956522, 0.9782608695652174], "LICUV": [0.9347826086956522, 0.9782608695652174, 0.9782608695652174, 0.9565217391304348, 0.9782608695652174], "NAMFIS": [0.8913043478260869, 0.9130434782608695, 0.8695652173913043, 0.8695652173913043, 0.8695652173913043]}, "rmsd": {"best": 0.37804904381252913, "random": [0.7853164805310238, 0.5824878239409734, 0.5112918414759255, 0.477483905398049, 0.47183406237530245], "low_energy": [0.5731290004913941, 0.4221827738467701, 0.41350997311740056, 0.44188162527441577, 0.45979983635838], "LICUV": [0.44938552479651117, 0.458378558581626, 0.497790853623807, 0.5210764418320095, 0.49145330590798914], "NAMFIS": [0.5801911174651261, 0.4970136826206228, 0.5465190645489959, 0.5276696953996917, 0.5275394954065619]}, "rmsd_stepwise": {"best": 0.07622905984739282, "random": [0.16539738076800095, 0.13300484681577035, 0.09308403511469349, 0.06776607987288102, 0.0747457859832608], "low_energy": [0.2996302068710116, 0.12869748823602137, 0.09974968671629998, 0.07402995868301356, 0.05013026509266501], "LICUV": [0.08460907547168864, 0.03538606947717535, 0.03538606947717535, 0.05004345937369799, 0.03538606947717535], "NAMFIS": [0.10152104086902598, 0.09591663046625441, 0.11606782125307079, 0.12174456509608463, 0.12174456509608463]}, "mae": {"best": 0.2602919833556465, "random": [0.4956611294435416, 0.40611243388587337, 0.3620874502504588, 0.3453271629123663, 0.3424888437434918], "low_energy": [0.4033450510190879, 0.3179956798742896, 0.30013595053249953, 0.3197965304148191, 0.3205585147297029], "LICUV": [0.28662861181342075, 0.33324339195079455, 0.3450831116571487, 0.37559004646209543, 0.3483085080957506], "NAMFIS": [0.3661250259565269, 0.3353789761361904, 0.37999632718652854, 0.3666831595512726, 0.3664050596542836]}, "bundle-size": [1, 3, 5, 10, 30]}}