{"single": {"stat": {"0": "MAE", "1": "MSE", "2": "RMSD", "3": "RMSD_step", "4": "pearsonr", "5": "kendalltau", "6": "chisq", "7": "percentage_fulfilled"}, "value": {"0": 0.880442637785372, "1": -0.4032879481901683, "2": 1.194363846325554, "3": 0.5670978751503128, "4": 0.5235295448444097, "5": 0.5281633214684733, "6": 32.62916903957178, "7": 0.87}, "up": {"0": 1.0501083840023913, "1": -0.1707284215800956, "2": 1.5079798284482717, "3": 0.7076722405181651, "4": 0.6533348264568636, "5": 0.6227164617156714, "6": 50.92723368446243, "7": 0.0}, "low": {"0": 0.733208191360929, "1": 0.0, "2": 0.9234255873886227, "3": 0.40987803063838385, "4": 0.42154235313428456, "5": 0.41761868045266765, "6": 19.90022611022788, "7": 0.0}, "most-populated-1": {"0": 0.7341016542911529, "1": -0.2796189606189728, "2": 1.094978693129572, "3": 0.5670978751503128, "4": NaN, "5": NaN, "6": NaN, "7": 0.91}}}