{"single": {"stat": {"0": "MAE", "1": "MSE", "2": "RMSD", "3": "pearsonr", "4": "kendalltau", "5": "chisq", "6": "percentage_fulfilled"}, "value": {"0": 0.880442637785372, "1": -0.4032879481901683, "2": 1.194363846325554, "3": 0.5235295448444097, "4": 0.5281633214684733, "5": 32.62916903957178, "6": 0.87}, "up": {"0": 1.0472752102357565, "1": -0.16735121515902088, "2": 1.508465123627468, "3": 0.6533459930585861, "4": 0.6241314386390164, "5": 51.97561424773702, "6": 0.0}, "low": {"0": 0.7313750564365397, "1": 0.0, "2": 0.9220830141585215, "3": 0.4214630390037267, "4": 0.42157378517098437, "5": 19.83727308453862, "6": 0.0}, "most-populated-1": {"0": 0.7341016542911529, "1": -0.2796189606189728, "2": 1.094978693129572, "3": NaN, "4": NaN, "5": NaN, "6": 0.91}}}