{"minimum_sasa": 12.302966270446817, "minimum_psa": 11.257709693908687}