{"single": {"stat": {"0": "MAE", "1": "MSE", "2": "RMSD", "3": "RMSD_step", "4": "pearsonr", "5": "kendalltau", "6": "chisq", "7": "percentage_fulfilled"}, "value": {"0": 0.6671149863580358, "1": -0.27980938408283523, "2": 0.8140445966064057, "3": 0.40303574400451575, "4": 0.6433475496983161, "5": 0.5244503949346777, "6": 31.12045515907687, "7": 0.9303482587064676}, "up": {"0": 0.7321996841470936, "1": -0.17458602554888913, "2": 0.8841818051442748, "3": 0.5015895132486273, "4": 0.712116578382647, "5": 0.5845921790085207, "6": 36.662291851180434, "7": 0.0}, "low": {"0": 0.6031023447214323, "1": 0.0, "2": 0.7400494948633309, "3": 0.2891056719475403, "4": 0.5618557181513046, "5": 0.4579527483973608, "6": 25.981583451382612, "7": 0.0}}}