{"single": {"stat": {"0": "MAE", "1": "MSE", "2": "RMSD", "3": "RMSD_step", "4": "pearsonr", "5": "kendalltau", "6": "chisq", "7": "percentage_fulfilled"}, "value": {"0": 0.6671149863580358, "1": -0.27980938408283523, "2": 0.8140445966064057, "3": 0.40303574400451575, "4": 0.6433475496983161, "5": 0.5244503949346777, "6": 31.12045515907687, "7": 0.9303482587064676}, "up": {"0": 0.7331288428451734, "1": -0.1721196498505517, "2": 0.8842749662914291, "3": 0.5015895132486273, "4": 0.7133764849644706, "5": 0.5846589808332677, "6": 36.49510469293849, "7": 0.0}, "low": {"0": 0.6039319742013923, "1": 0.0, "2": 0.7403206431414795, "3": 0.2891056719475403, "4": 0.5641138479455011, "5": 0.45671754720240443, "6": 25.96901110389213, "7": 0.0}}}