{"single": {"stat": {"0": "MAE", "1": "MSE", "2": "RMSD", "3": "RMSD_step", "4": "pearsonr", "5": "kendalltau", "6": "chisq", "7": "percentage_fulfilled"}, "value": {"0": 0.31568452408159425, "1": 0.053832375479409424, "2": 0.4788717462765387, "3": 0.17030720905042582, "4": 0.5788757857418094, "5": 0.4805194805194805, "6": 1.8867805209225839, "7": 0.6363636363636364}, "up": {"0": 0.47679606484287623, "1": 0.26257681565280033, "2": 0.6660394203491284, "3": 0.21802001537305388, "4": 0.8406944167232164, "5": 0.771689497716895, "6": 3.572313625159621, "7": 0.0}, "low": {"0": 0.1792137254019568, "1": 0.0, "2": 0.2581095197363753, "3": 0.1121889639686704, "4": 0.3104943970154291, "5": 0.1506849315068493, "6": 0.5723868560623591, "7": 0.0}}}