{"36": {"0": {"Atom 1": "(25,)", "Atom 2": "(32,)", "NMR exp": [2.75], "lower bound": 2.48, "upper bound": 3.0300000000000002, "md": [3.4606012107684236], "lower": [2.4896396081121885], "upper": [4.035082217115854]}, "1": {"Atom 1": "(1,)", "Atom 2": "(3,)", "NMR exp": [2.5100000000000002], "lower bound": 2.2600000000000002, "upper bound": 2.7600000000000002, "md": [1.9037785843912005], "lower": [1.8636617618345497], "upper": [2.2823896737081806]}, "2": {"Atom 1": "(1,)", "Atom 2": "(61,)", "NMR exp": [2.5], "lower bound": 2.25, "upper bound": 2.75, "md": [2.169204656497032], "lower": [2.0280718200617196], "upper": [2.3424666005317536]}, "3": {"Atom 1": "(1,)", "Atom 2": "(5, 6)", "NMR exp": [3.24], "lower bound": 2.92, "upper bound": 4.46, "md": [2.0560633360935356, 3.3090417122375513], "lower": [1.976253311343259, 2.8412232384126246], "upper": [3.4406598667195567, 3.9358848637269377]}, "4": {"Atom 1": "(1,)", "Atom 2": "(8, 9)", "NMR exp": [3.4], "lower bound": 3.06, "upper bound": 4.64, "md": [3.0434262617504126, 3.3158771075965747], "lower": [2.6509846100758607, 2.8704383784683123], "upper": [4.243321427391092, 4.397481847078356]}, "5": {"Atom 1": "(3,)", "Atom 2": "(5, 6)", "NMR exp": [2.5500000000000003, 2.67], "lower bound": 2.3000000000000003, "upper bound": 2.94, "md": [2.2411294543724796, 1.9572727417964852], "lower": [2.160487776802373, 1.9223009090075645], "upper": [2.880950849101621, 2.681187932373968]}, "6": {"Atom 1": "(3,)", "Atom 2": "(8, 9)", "NMR exp": [2.83], "lower bound": 2.5500000000000003, "upper bound": 4.01, "md": [3.965863155145423, 2.628519250451519], "lower": [2.9695417227500145, 2.380367771967646], "upper": [4.053904120874192, 3.39141016730192]}, "7": {"Atom 1": "(8, 9)", "Atom 2": "(11, 12)", "NMR exp": [2.69], "lower bound": 2.42, "upper bound": 3.86, "md": [2.6442524178790583, 2.490182364180747, 2.6807277033355548, 2.6778494042340992], "lower": [2.4327516481161986, 2.327605715333533, 2.4003568418062717, 2.4449686954020353], "upper": [3.0091527322588165, 2.8685103598293598, 3.0051503706569065, 3.0175417720578515]}, "8": {"Atom 1": "(25,)", "Atom 2": "(27, 28)", "NMR exp": [1.77, 1.93], "lower bound": 1.74, "upper bound": 2.12, "md": [2.0638991352592417, 2.548987565217938], "lower": [2.0173598372692725, 2.3490438463508907], "upper": [2.8638173759888197, 2.8495552419100476]}, "9": {"Atom 1": "(25,)", "Atom 2": "(3,)", "NMR exp": [2.7800000000000002], "lower bound": 2.5, "upper bound": 3.06, "md": [2.76328435344754], "lower": [2.52058470813786], "upper": [3.2322868062736303]}, "10": {"Atom 1": "(25,)", "Atom 2": "(5, 6)", "NMR exp": [3.04, 3.39], "lower bound": 2.74, "upper bound": 3.73, "md": [3.676292287374457, 3.1860282200752303], "lower": [2.6902287943965058, 2.481686834264332], "upper": [4.378065477606982, 4.389335959369927]}, "11": {"Atom 1": "(32,)", "Atom 2": "(27, 28)", "NMR exp": [3.06, 3.19], "lower bound": 2.75, "upper bound": 3.5100000000000002, "md": [2.4887453222044367, 3.287240550747895], "lower": [2.185662631893956, 3.05033907689851], "upper": [3.176467639099855, 3.5096796564306834]}, "12": {"Atom 1": "(32,)", "Atom 2": "(34,)", "NMR exp": [2.45], "lower bound": 2.21, "upper bound": 2.7, "md": [2.873758311813302], "lower": [2.785496527088557], "upper": [2.9752874915158887]}, "13": {"Atom 1": "(32,)", "Atom 2": "(36, 37)", "NMR exp": [3.0100000000000002, 3.2600000000000002], "lower bound": 2.71, "upper bound": 3.59, "md": [2.93149158394878, 2.6835869771274354], "lower": [2.512645836333665, 2.4145677703107467], "upper": [3.361812636703424, 3.2993400808669464]}, "14": {"Atom 1": "(34,)", "Atom 2": "(36, 37)", "NMR exp": [2.0300000000000002, 2.15], "lower bound": 1.83, "upper bound": 2.37, "md": [2.0631656079031058, 2.1946362624726645], "lower": [2.0179894129837064, 2.126063710376754], "upper": [2.6319816530901825, 2.967312369333068]}, "15": {"Atom 1": "(34,)", "Atom 2": "(46, 47)", "NMR exp": [2.67], "lower bound": 2.4, "upper bound": 3.84, "md": [3.847871520847643, 2.429632179281174], "lower": [2.4379764156573094, 2.1926948292511295], "upper": [4.759011273738015, 2.7946044292605725]}, "16": {"Atom 1": "(55,)", "Atom 2": "(52, 53)", "NMR exp": [2.2800000000000002, 2.7], "lower bound": 2.05, "upper bound": 2.97, "md": [2.601742774270691, 1.8714383635798026], "lower": [2.5387016456260953, 1.8493754674245564], "upper": [2.848330235786944, 2.3153728157229936]}, "17": {"Atom 1": "(46, 47)", "Atom 2": "(52, 53)", "NMR exp": [3.13], "lower bound": 2.82, "upper bound": 4.34, "md": [3.2930362600285417, 3.831775390983444, 3.7270890452090737, 2.990889666274177], "lower": [2.865370694025311, 3.7334640046490457, 3.651580767038384, 2.771236045754417], "upper": [3.992910212940598, 3.9645415480046724, 4.009750531984438, 3.6811504909423594]}, "18": {"Atom 1": "(59,)", "Atom 2": "(55,)", "NMR exp": [2.43], "lower bound": 2.19, "upper bound": 2.67, "md": [3.496113590670909], "lower": [2.4450279356892155], "upper": [3.562966710362042]}, "19": {"Atom 1": "(59,)", "Atom 2": "(61,)", "NMR exp": [2.58], "lower bound": 2.32, "upper bound": 2.84, "md": [2.546198780286919], "lower": [2.487319609020436], "upper": [2.914616083274463]}, "20": {"Atom 1": "(59,)", "Atom 2": "(63,)", "NMR exp": [2.87], "lower bound": 2.58, "upper bound": 3.16, "md": [4.254837555695383], "lower": [2.990711331594949], "upper": [4.291249545317513]}, "21": {"Atom 1": "(61,)", "Atom 2": "(63,)", "NMR exp": [2.7600000000000002], "lower bound": 2.48, "upper bound": 3.04, "md": [2.027150271222326], "lower": [1.9786577168691306], "upper": [2.767231973949478]}}}