{"minimum_sasa": 7.766070485115046, "minimum_psa": 6.241186065673833}