{"single": {"stat": {"0": "MAE", "1": "MSE", "2": "RMSD", "3": "RMSD_step", "4": "pearsonr", "5": "kendalltau", "6": "chisq", "7": "percentage_fulfilled"}, "value": {"0": 0.31568452408159425, "1": 0.053832375479409424, "2": 0.4788717462765387, "3": 0.17030720905042582, "4": 0.5788757857418094, "5": 0.4805194805194805, "6": 1.8867805209225839, "7": 0.6363636363636364}, "up": {"0": 0.4806815089432021, "1": 0.2605705891591839, "2": 0.6654486602027448, "3": 0.21708816809598971, "4": 0.83740970420447, "5": 0.7696116771656869, "6": 3.5619374797737495, "7": 0.0}, "low": {"0": 0.18027304836496005, "1": 0.0, "2": 0.26431217462064144, "3": 0.11218896396867044, "4": 0.30433741978527856, "5": 0.14678899082568808, "6": 0.5666308190042757, "7": 0.0}}}