{"single": {"stat": {"0": "MAE", "1": "MSE", "2": "RMSD", "3": "RMSD_step", "4": "pearsonr", "5": "kendalltau", "6": "chisq", "7": "percentage_fulfilled"}, "value": {"0": 0.18108696859517825, "1": -0.006183313131195659, "2": 0.2514969751190714, "3": 0.2786738073610272, "4": 0.7620195906831507, "5": 0.5379622201167248, "6": 0.5978052864865485, "7": 0.6818181818181818}, "up": {"0": 0.25721451113835125, "1": 0.10213928615905335, "2": 0.32995187211798876, "3": 0.45403243776789176, "4": 0.9092029366730827, "5": 0.7488372093023256, "6": 1.1002334945401513, "7": 0.0}, "low": {"0": 0.11028062610500136, "1": 0.0, "2": 0.16887194527250932, "3": 0.08877960453740592, "4": 0.5396329729516078, "5": 0.26635858410081376, "6": 0.23690078442256113, "7": 0.0}}}