{"single": {"fulfil": {"best": 0.9148936170212766, "random": [0.7702127659574468, 0.7127659574468085, 0.6851063829787233, 0.674468085106383, 0.6361702127659574], "low_energy": [0.7446808510638298, 0.7659574468085106, 0.7659574468085106, 0.6808510638297872, 0.723404255319149], "LICUV": [0.9148936170212766, 0.723404255319149, 0.8297872340425532, 0.8085106382978723, 0.723404255319149], "NAMFIS": [0.851063829787234, 0.8297872340425532, 0.7872340425531915, 0.7659574468085106, 0.7659574468085106]}, "rmsd": {"best": 1.0458598191485837, "random": [1.2895584793723116, 1.2947199290915656, 1.3138176020410064, 1.3309121795453338, 1.3402593958924758], "low_energy": [1.2070794328093575, 1.305928780367842, 1.3181005394917693, 1.3723304398952236, 1.2970045576277986], "LICUV": [1.0876828301778776, 1.2687562727790622, 1.2424307631176108, 1.2653018002080365, 1.2918452526472837], "NAMFIS": [1.0458598191485837, 1.0960745697719947, 1.204100126401656, 1.2291409567093157, 1.2291409567093712]}, "rmsd_stepwise": {"best": 0.46676797279326243, "random": [0.7599414193799584, 0.8535929892572425, 0.8947132147945119, 0.9106324833068218, 0.9630214912070871], "low_energy": [0.7935913520462234, 0.7740471149550345, 0.7740471149550345, 0.9038922925856512, 0.841477929825244], "LICUV": [0.46676797279326243, 0.841477929825244, 0.6601095976056276, 0.7001519591898937, 0.841477929825244], "NAMFIS": [0.6174759879903676, 0.6601095976056276, 0.7380249664231079, 0.7740471149550345, 0.7740471149550345]}, "mae": {"best": 0.8000161799978702, "random": [1.0418040564719668, 1.0940752423710842, 1.1249819933042884, 1.1716357226023915, 1.1878378187433098], "low_energy": [0.9897256506250259, 1.1176085591862321, 1.1599604384310798, 1.2138038745392596, 1.130882049540608], "LICUV": [0.9054888664407933, 1.0982371983606476, 1.0772992106399977, 1.113345535896897, 1.1266382753661797], "NAMFIS": [0.8000161799978702, 0.8819452678254374, 1.035129711489917, 1.0726645299353457, 1.0726645299354634]}, "bundle-size": [1, 3, 5, 10, 30]}}