{"single": {"stat": {"0": "MAE", "1": "MSE", "2": "RMSD", "3": "RMSD_step", "4": "pearsonr", "5": "kendalltau", "6": "chisq", "7": "percentage_fulfilled"}, "value": {"0": 0.9557758982916611, "1": -0.7571748687593588, "2": 1.1057330447214413, "3": 0.6683312551921139, "4": 0.387363129967203, "5": 0.4501007848853593, "6": 20.25194242896656, "7": 0.8194444444444444}, "up": {"0": 1.0840545394842636, "1": -0.5712391601962306, "2": 1.2163961178863936, "3": 0.8219218670625299, "4": 0.5374509060180926, "5": 0.5822509398618163, "6": 24.36159440556892, "7": 0.0}, "low": {"0": 0.8248597574174228, "1": 0.0, "2": 0.9899607277649164, "3": 0.4830458915396479, "4": 0.20663005569361215, "5": 0.28466185723373744, "6": 16.291916143571367, "7": 0.0}, "most-populated-1": {"0": 0.7042084157466888, "1": -0.25314827296468967, "2": 1.0288813314280885, "3": 0.6683312551921139, "4": NaN, "5": NaN, "6": NaN, "7": 0.9166666666666666}}}