{"single": {"stat": {"0": "MAE", "1": "MSE", "2": "RMSD", "3": "pearsonr", "4": "kendalltau", "5": "chisq", "6": "percentage_fulfilled"}, "value": {"0": 0.8428091419915335, "1": -0.6432043802906882, "2": 1.0662144006974386, "3": 0.4416036734603072, "4": 0.38332759152324564, "5": 19.006478684336145, "6": 0.7638888888888888}, "up": {"0": 0.9984970941979796, "1": -0.44540319113385074, "2": 1.2152278157777474, "3": 0.5994751630687254, "4": 0.526489098669668, "5": 24.60105632132939, "6": 0.0}, "low": {"0": 0.698254845507294, "1": 0.0, "2": 0.9016779944130352, "3": 0.2652838384224905, "4": 0.20772728000563684, "5": 13.775406504516816, "6": 0.0}, "most-populated-1": {"0": 0.7042084157466888, "1": -0.25314827296468967, "2": 1.0288813314280885, "3": NaN, "4": NaN, "5": NaN, "6": 0.9166666666666666}}}