{"22": {"0": {"Atom 1": "(3,)", "Atom 2": "(26,)", "NMR exp": 3.19, "lower bound": 0.0, "upper bound": 3.5100000000000002, "md": [4.180215624769581], "lower": [3.685725027962248], "upper": [4.684916415771209]}, "1": {"Atom 1": "(3,)", "Atom 2": "(13, 14)", "NMR exp": 1.83, "lower bound": 0.0, "upper bound": 3.16, "md": [4.193345697272241, 4.129265191621058], "lower": [4.115776437569924, 3.9124159491127135], "upper": [4.790200636620904, 4.380228685994124]}, "2": {"Atom 1": "(22,)", "Atom 2": "(26,)", "NMR exp": 2.93, "lower bound": 0.0, "upper bound": 3.22, "md": [2.728068094760172], "lower": [2.594075994893493], "upper": [3.460332913142506]}, "3": {"Atom 1": "(19, 20)", "Atom 2": "(26,)", "NMR exp": 2.73, "lower bound": 0.0, "upper bound": 4.2700000000000005, "md": [2.5734977162625827, 5.041478275822862], "lower": [2.3625308217897745, 4.4316163866825695], "upper": [3.921888238770542, 5.081053933768901]}, "4": {"Atom 1": "(16, 17)", "Atom 2": "(26,)", "NMR exp": 2.71, "lower bound": 0.0, "upper bound": 4.24, "md": [2.9004613322989643, 4.28545375442582], "lower": [2.548263719721663, 4.008153381440176], "upper": [3.725973602863547, 4.705723353513374]}, "5": {"Atom 1": "(13, 14)", "Atom 2": "(26,)", "NMR exp": 2.63, "lower bound": 0.0, "upper bound": 4.14, "md": [2.1566963509068344, 4.802395412912064], "lower": [1.942122267417063, 3.764109669870672], "upper": [2.687533170421866, 4.9687423439949505]}, "6": {"Atom 1": "(47,)", "Atom 2": "(59,)", "NMR exp": 2.57, "lower bound": 0.0, "upper bound": 2.83, "md": [3.86484310066904], "lower": [3.509499255453022], "upper": [3.9163501321105416]}, "7": {"Atom 1": "(49,)", "Atom 2": "(59,)", "NMR exp": 3.39, "lower bound": 0.0, "upper bound": 3.73, "md": [2.433292868975378], "lower": [2.225993494786683], "upper": [3.7904982603322286]}, "8": {"Atom 1": "(61,)", "Atom 2": "(1,)", "NMR exp": 2.17, "lower bound": 0.0, "upper bound": 2.39, "md": [2.157256527752736], "lower": [2.0548190567282423], "upper": [3.5373119291336526]}, "9": {"Atom 1": "(1,)", "Atom 2": "(3,)", "NMR exp": 2.6, "lower bound": 0.0, "upper bound": 2.86, "md": [2.203048783791532], "lower": [2.1092830588649525], "upper": [2.9625169870727937]}, "10": {"Atom 1": "(1,)", "Atom 2": "(5, 6)", "NMR exp": 2.37, "lower bound": 0.0, "upper bound": 3.83, "md": [1.9709560066498368, 3.0958267605191705], "lower": [1.9085134686357892, 2.838411908950403], "upper": [3.189114237630852, 3.7128468894549833]}, "11": {"Atom 1": "(16, 17)", "Atom 2": "(13, 14)", "NMR exp": 1.73, "lower bound": 0.0, "upper bound": 4.19, "md": [2.734703086385928, 2.8382054404960284, 2.654680699685194, 1.951379517057331], "lower": [2.292816815257085, 2.7026412153284403, 2.591592783279075, 1.9140484250116423], "upper": [2.7701799449894815, 2.975029933359612, 2.893450781948871, 2.322317114216662]}, "12": {"Atom 1": "(26,)", "Atom 2": "(28,)", "NMR exp": 2.31, "lower bound": 0.0, "upper bound": 2.54, "md": [2.758025870779977], "lower": [2.671329965188749], "upper": [2.9203937362946015]}, "13": {"Atom 1": "(28,)", "Atom 2": "(35, 36, 37, 39, 40, 41)", "NMR exp": 3.23, "lower bound": 0.0, "upper bound": 6.99, "md": [3.0262668529555876, 3.10705416531096, 3.1112254423435495, 2.776979183371148, 2.799767516779708, 2.7170705627481335], "lower": [2.42894867493765, 2.4583250042977545, 2.456402386227132, 2.328155562829008, 2.334670240365557, 2.3086123294701695], "upper": [4.456788274349743, 4.471917256252034, 4.474700656625008, 4.345848498768703, 4.351992724912968, 4.329312316179765]}, "14": {"Atom 1": "(45,)", "Atom 2": "(50,)", "NMR exp": 2.75, "lower bound": 0.0, "upper bound": 3.02, "md": [2.617913691735139], "lower": [2.407850482204313], "upper": [2.957917256748389]}, "15": {"Atom 1": "(45,)", "Atom 2": "(49,)", "NMR exp": 3.02, "lower bound": 0.0, "upper bound": 3.3200000000000003, "md": [1.9569518003847104], "lower": [1.892621181492021], "upper": [2.885532526635097]}, "16": {"Atom 1": "(47,)", "Atom 2": "(50,)", "NMR exp": 2.2600000000000002, "lower bound": 0.0, "upper bound": 2.49, "md": [2.359328353404546], "lower": [2.2626740367473603], "upper": [3.0440127413663167]}, "17": {"Atom 1": "(47,)", "Atom 2": "(49,)", "NMR exp": 2.11, "lower bound": 0.0, "upper bound": 2.32, "md": [2.9921510384122367], "lower": [2.4807581275311126], "upper": [3.074127523535856]}, "18": {"Atom 1": "(50,)", "Atom 2": "(54, 55)", "NMR exp": 2.6, "lower bound": 0.0, "upper bound": 6.0600000000000005, "md": [3.294956592545096, 3.023436491541889], "lower": [3.242222057808027, 2.276641742370389], "upper": [3.546113848509944, 3.4600211821691804]}, "19": {"Atom 1": "(49,)", "Atom 2": "(54, 55)", "NMR exp": 3.31, "lower bound": 0.0, "upper bound": 7.11, "md": [3.324461935350948, 2.0128363129279196], "lower": [3.2700130970231105, 1.9440038433682083], "upper": [4.005175127520823, 3.457123414391014]}, "20": {"Atom 1": "(59,)", "Atom 2": "(63, 64)", "NMR exp": 2.49, "lower bound": 0.0, "upper bound": 3.98, "md": [2.172565848571824, 3.365626299565463], "lower": [2.076038671864649, 3.1198286721643322], "upper": [3.856725121449531, 3.5737143303146364]}, "21": {"Atom 1": "(61,)", "Atom 2": "(63, 64)", "NMR exp": 2.08, "lower bound": 0.0, "upper bound": 3.47, "md": [2.0234223643413642, 3.033456995924127], "lower": [1.97235242173209, 2.3918533003895543], "upper": [2.518555419615184, 3.090825393711407]}}}