{"minimum_sasa": 6.9626766300201295, "minimum_psa": 5.271857910156259}