{"single": {"stat": {"0": "MAE", "1": "MSE", "2": "RMSD", "3": "RMSD_step", "4": "pearsonr", "5": "kendalltau", "6": "chisq", "7": "percentage_fulfilled"}, "value": {"0": 0.5067578617922689, "1": 0.11720290692641955, "2": 0.7380710756707154, "3": 0.3042053732117648, "4": 0.19875446903969815, "5": 0.2082434400451838, "6": 5.35227347207605, "7": 0.7727272727272727}, "up": {"0": 0.75440052765603, "1": 0.43722500742797266, "2": 1.036314707398765, "3": 0.5071309674845524, "4": 0.6822501684262869, "5": 0.5585585585585586, "6": 11.644511998096434, "7": 0.0}, "low": {"0": 0.3062259964286586, "1": 0.0, "2": 0.4223128205109418, "3": 0.0682242292337954, "4": 0.0, "5": 0.0, "6": 1.4763970164965783, "7": 0.0}}}