{"single": {"stat": {"0": "MAE", "1": "MSE", "2": "RMSD", "3": "RMSD_step", "4": "pearsonr", "5": "kendalltau", "6": "chisq", "7": "percentage_fulfilled"}, "value": {"0": 0.5067578617922689, "1": 0.11720290692641955, "2": 0.7380710756707154, "3": 0.3042053732117648, "4": 0.19875446903969815, "5": 0.2082434400451838, "6": 5.35227347207605, "7": 0.7727272727272727}, "up": {"0": 0.7531425958507265, "1": 0.42803253591245266, "2": 1.0423118882367943, "3": 0.508602585863067, "4": 0.673092617519669, "5": 0.5561402071148633, "6": 11.878992620471362, "7": 0.0}, "low": {"0": 0.3016516697467612, "1": 0.0, "2": 0.42096527478069207, "3": 0.0682242292337954, "4": 0.0, "5": 0.0, "6": 1.4912796361084044, "7": 0.0}}}