{"single": {"stat": {"0": "MAE", "1": "MSE", "2": "RMSD", "3": "RMSD_step", "4": "pearsonr", "5": "kendalltau", "6": "chisq", "7": "percentage_fulfilled"}, "value": {"0": 0.595195451186414, "1": 0.4646124798539437, "2": 0.7716043765347126, "3": 0.3225537305487399, "4": 0.29851180879671213, "5": 0.2255970600489491, "6": 6.046695239192356, "7": 0.5909090909090909}, "up": {"0": 0.8332379216494471, "1": 0.730905980488863, "2": 1.0598768503108402, "3": 0.5201187582701369, "4": 0.7057834302256998, "5": 0.5348837209302326, "6": 12.500445605133049, "7": 0.0}, "low": {"0": 0.41462784539743, "1": 0.21934531774285668, "2": 0.48789507080163635, "3": 0.12148465958236591, "4": 0.0, "5": 0.0, "6": 2.0905772194538983, "7": 0.0}}}