{"27": {"0": {"Atom 1": "(17,)", "Atom 2": "(37,)", "NMR exp": 2.65, "lower bound": 2.52, "upper bound": 2.79, "md": [2.5345980514156192], "lower": [2.2325009656307357], "upper": [3.578247028535878]}, "1": {"Atom 1": "(37,)", "Atom 2": "(50,)", "NMR exp": 3.8000000000000003, "lower bound": 3.4, "upper bound": 4.2, "md": [2.83432334740158], "lower": [2.3517542815326116], "upper": [3.775377341396372]}, "2": {"Atom 1": "(1,)", "Atom 2": "(3,)", "NMR exp": 2.97, "lower bound": 2.7800000000000002, "upper bound": 3.17, "md": [2.8908014815067], "lower": [2.8009032699996532], "upper": [2.9757191577712456]}, "3": {"Atom 1": "(17,)", "Atom 2": "(19,)", "NMR exp": 2.93, "lower bound": 2.75, "upper bound": 3.12, "md": [2.8810568429730576], "lower": [2.7730681664070644], "upper": [2.973083250100422]}, "4": {"Atom 1": "(37,)", "Atom 2": "(39,)", "NMR exp": 2.71, "lower bound": 2.57, "upper bound": 2.86, "md": [2.6720599666544014], "lower": [2.2278424681770908], "upper": [2.944814448568536]}, "5": {"Atom 1": "(50,)", "Atom 2": "(52, 53)", "NMR exp": 2.96, "lower bound": 2.77, "upper bound": 3.15, "md": [2.3735404400914546, 2.8599773956936945], "lower": [2.240809926228021, 2.7089336122109313], "upper": [2.695150096152171, 2.9623066699840326]}, "6": {"Atom 1": "(50,)", "Atom 2": "(52, 53)", "NMR exp": 2.49, "lower bound": 2.37, "upper bound": 2.6, "md": [2.3735404400914546, 2.8599773956936945], "lower": [2.240809926228021, 2.7089336122109313], "upper": [2.695150096152171, 2.9623066699840326]}, "7": {"Atom 1": "(57,)", "Atom 2": "(59,)", "NMR exp": 3.02, "lower bound": 2.82, "upper bound": 3.22, "md": [2.929917727015752], "lower": [2.845643152843113], "upper": [3.002292384165322]}, "8": {"Atom 1": "(1,)", "Atom 2": "(59,)", "NMR exp": 2.32, "lower bound": 2.23, "upper bound": 2.41, "md": [2.254605735147884], "lower": [2.1044664017159347], "upper": [2.518761236427049]}, "9": {"Atom 1": "(17,)", "Atom 2": "(3,)", "NMR exp": 2.1, "lower bound": 2.0300000000000002, "upper bound": 2.17, "md": [2.1554009282179996], "lower": [2.0309854723932483], "upper": [2.3550834994900445]}, "10": {"Atom 1": "(37,)", "Atom 2": "(19,)", "NMR exp": 2.99, "lower bound": 2.8000000000000003, "upper bound": 3.35, "md": [2.759294843432856], "lower": [2.174893058644032], "upper": [3.453468133879709]}, "11": {"Atom 1": "(50,)", "Atom 2": "(39,)", "NMR exp": 2.39, "lower bound": 2.29, "upper bound": 2.49, "md": [2.3487273772052837], "lower": [2.1519966247088473], "upper": [2.9835014007330014]}, "12": {"Atom 1": "(57,)", "Atom 2": "(52, 53)", "NMR exp": 2.5500000000000003, "lower bound": 2.43, "upper bound": 2.67, "md": [3.3493856421045676, 2.3424018962252187], "lower": [3.0788747631941003, 2.1529130639328287], "upper": [3.5499220897121453, 2.723803281452355]}, "13": {"Atom 1": "(57,)", "Atom 2": "(52, 53)", "NMR exp": 3.43, "lower bound": 3.14, "upper bound": 3.73, "md": [3.3493856421045676, 2.3424018962252187], "lower": [3.0788747631941003, 2.1529130639328287], "upper": [3.5499220897121453, 2.723803281452355]}, "14": {"Atom 1": "(1,)", "Atom 2": "(5,)", "NMR exp": 2.58, "lower bound": 2.45, "upper bound": 2.7, "md": [2.6223587576157983], "lower": [2.392373685047279], "upper": [3.3308210672558203]}, "15": {"Atom 1": "(17,)", "Atom 2": "(21, 22)", "NMR exp": 3.48, "lower bound": 3.18, "upper bound": 3.79, "md": [2.8281700600654527, 2.445035671401156], "lower": [2.40410838866971, 2.244402442388725], "upper": [3.6054106677240227, 2.952204520760116]}, "16": {"Atom 1": "(17,)", "Atom 2": "(21, 22)", "NMR exp": 2.49, "lower bound": 2.37, "upper bound": 2.6, "md": [2.8281700600654527, 2.445035671401156], "lower": [2.40410838866971, 2.244402442388725], "upper": [3.6054106677240227, 2.952204520760116]}, "17": {"Atom 1": "(37,)", "Atom 2": "(41, 42)", "NMR exp": 2.88, "lower bound": 2.71, "upper bound": 3.06, "md": [3.0476956880230373, 2.930998766061529], "lower": [2.736760894663055, 2.5601882505251075], "upper": [3.678831791304264, 3.445483931095832]}, "18": {"Atom 1": "(37,)", "Atom 2": "(41, 42)", "NMR exp": 4.16, "lower bound": 3.64, "upper bound": 4.68, "md": [3.0476956880230373, 2.930998766061529], "lower": [2.736760894663055, 2.5601882505251075], "upper": [3.678831791304264, 3.445483931095832]}, "19": {"Atom 1": "(1,)", "Atom 2": "(7, 8, 9, 11, 12, 13)", "NMR exp": 2.5500000000000003, "lower bound": 2.43, "upper bound": 2.67, "md": [3.4955902068153004, 3.4940983084118886, 3.4974072149006483, 2.862294873970847, 2.857374578870804, 2.8575612205364154], "lower": [2.735018475016788, 2.7265894893403027, 2.733426329053309, 2.343701490809461, 2.3394557954556614, 2.341070148797704], "upper": [4.574666754418173, 4.575693613248601, 4.5770123540174, 4.134779003108544, 4.131597884037889, 4.1309331631654285]}, "20": {"Atom 1": "(39,)", "Atom 2": "(41, 42)", "NMR exp": 3.22, "lower bound": 2.98, "upper bound": 3.47, "md": [2.7038501670041746, 2.5757640329768368], "lower": [2.433688045224126, 2.4080254774193115], "upper": [3.033858120019718, 2.9310670437101534]}, "21": {"Atom 1": "(39,)", "Atom 2": "(41, 42)", "NMR exp": 2.6, "lower bound": 2.47, "upper bound": 2.73, "md": [2.7038501670041746, 2.5757640329768368], "lower": [2.433688045224126, 2.4080254774193115], "upper": [3.033858120019718, 2.9310670437101534]}, "22": {"Atom 1": "(19,)", "Atom 2": "(21, 22)", "NMR exp": 2.65, "lower bound": 2.52, "upper bound": 2.79, "md": [2.529357132674857, 2.689287185541505], "lower": [2.3658410703422748, 2.392967038841624], "upper": [2.896143093439308, 3.0194105599924113]}, "23": {"Atom 1": "(19,)", "Atom 2": "(21, 22)", "NMR exp": 3.22, "lower bound": 2.98, "upper bound": 3.47, "md": [2.529357132674857, 2.689287185541505], "lower": [2.3658410703422748, 2.392967038841624], "upper": [2.896143093439308, 3.0194105599924113]}, "24": {"Atom 1": "(25, 27, 29, 31, 33)", "Atom 2": "(7, 8, 9, 11, 12, 13)", "NMR exp": 3.64, "lower bound": 3.29, "upper bound": 3.99, "md": [4.037116637271057, 4.056840224756259, 4.068545754939215, 4.879628432183537, 4.8667416620136565, 4.911755403388576, 4.390142752338918, 4.390044508837385, 4.415963801677343, 5.493604101792413, 5.467122353698389, 5.493848246219739, 4.948777382898998, 4.948807040972564, 4.9426301708181795, 6.189222736400525, 6.195270951442653, 6.131839900299327, 4.412041064871746, 4.399143262650618, 4.381048584315594, 5.538142152405159, 5.563194267862242, 5.419484631876894, 4.054737461690703, 4.028198465519762, 3.992676402288043, 5.035326996964113, 4.941960438935983, 4.863130923525959], "lower": [3.2298988970891545, 3.245360693460043, 3.251262696215274, 3.743894225885902, 3.7217749723091216, 3.756380548863266, 3.6064975235184917, 3.6091131155331753, 3.620561542483303, 4.255120053454602, 4.234770671385175, 4.252220196527531, 4.18443272443194, 4.185911116759736, 4.182630424223547, 4.90410922861561, 4.911938556737486, 4.8616437874513965, 3.613023173819699, 3.610099422022886, 3.6028122227340207, 4.306737873148081, 4.3212641617167815, 4.21677824275529, 3.2332480946873505, 3.2217586182219775, 3.2009563899536992, 3.8765480423362444, 3.805152869808608, 3.7456820233248993], "upper": [6.996199324390723, 7.004511843919654, 7.010530965776877, 7.949268365753001, 7.946356153646897, 7.956098123811021, 8.360090201345585, 8.361828304941945, 8.376080119056269, 9.24680776848492, 9.239900385603201, 9.248485006499985, 9.142784160322435, 9.14695953398447, 9.13817209315487, 9.906122027449019, 9.910531611696932, 9.886974330744238, 8.38630322246351, 8.379308369345495, 8.365177303952695, 9.246363208458405, 9.255152023181536, 9.21140283587434, 7.010969400598791, 7.003241069481714, 6.98281295995899, 7.970150992122804, 7.947149962694675, 7.932694752460205]}}}