{"single": {"stat": {"0": "MAE", "1": "MSE", "2": "RMSD", "3": "RMSD_step", "4": "pearsonr", "5": "kendalltau", "6": "chisq", "7": "percentage_fulfilled"}, "value": {"0": 0.23630412266861797, "1": -0.16845639318096362, "2": 0.37614282084076334, "3": 0.1931217232731729, "4": 0.7259481630501136, "5": 0.6353021930034268, "6": 0.9701654959628638, "7": 0.64}, "up": {"0": 0.3641613416090054, "1": -0.04522241603107082, "2": 0.5188313471625943, "3": 0.2577291213401981, "4": 0.8834234107296371, "5": 0.8120628646135911, "6": 1.7863247014371917, "7": 0.0}, "low": {"0": 0.1319694870746797, "1": 0.0, "2": 0.1997377904722881, "3": 0.11842254849920532, "4": 0.5991083106925975, "5": 0.39647501932519363, "6": 0.32738228359189464, "7": 0.0}, "most-populated-1": {"0": 0.1703903484344482, "1": -0.03965440864563007, "2": 0.2254357211123103, "3": 0.1931217232731729, "4": NaN, "5": NaN, "6": NaN, "7": 0.64}}}