{"single": {"stat": {"0": "MAE", "1": "MSE", "2": "RMSD", "3": "pearsonr", "4": "kendalltau", "5": "chisq", "6": "percentage_fulfilled"}, "value": {"0": 0.6249383027563264, "1": -0.03779383699137867, "2": 0.785518102836665, "3": 0.04201043431696678, "4": -0.1045532683916956, "5": 5.458749895808656, "6": 0.2}, "up": {"0": 0.8137709055686306, "1": 0.2730764520602329, "2": 0.9776401294256569, "3": 0.4860613335457934, "4": 0.21985819058715445, "5": 8.39552327745281, "6": 0.0}, "low": {"0": 0.44703631569534097, "1": 0.0, "2": 0.5780352299331599, "3": 0.0, "4": 0.0, "5": 2.977601636679111, "6": 0.0}, "most-populated-1": {"0": 0.1703903484344482, "1": -0.03965440864563007, "2": 0.2254357211123103, "3": NaN, "4": NaN, "5": NaN, "6": 0.64}}}