{"single": {"fulfil": {"best": 0.6764705882352942, "random": [0.5558823529411765, 0.6558823529411765, 0.6882352941176471, 0.7617647058823529, 0.7264705882352942], "low_energy": [0.5294117647058824, 0.6764705882352942, 0.6470588235294118, 0.6176470588235294, 0.7058823529411765], "LICUV": [0.6764705882352942, 0.7352941176470589, 0.6176470588235294, 0.7058823529411765, 0.7647058823529411], "NAMFIS": [0.6176470588235294, 0.7058823529411765, 0.7647058823529411, 0.8235294117647058, 0.8235294117647058]}, "rmsd": {"best": 0.5004228393278355, "random": [0.6101481423899356, 0.43898549617690746, 0.4117915983004927, 0.3816394676821199, 0.3657412776831452], "low_energy": [0.5921014821560706, 0.48944285110429675, 0.43130830010934895, 0.4226430135036428, 0.39545288304307735], "LICUV": [0.5754907195731589, 0.3863858446406408, 0.457814463230914, 0.4246778230104012, 0.37868022594301237], "NAMFIS": [0.5324178154701235, 0.403353739862836, 0.3883036800894767, 0.3289596565540245, 0.3289596565466966]}, "rmsd_stepwise": {"best": 0.16087993330796874, "random": [0.2434045550465404, 0.16452218143742825, 0.17514338299614626, 0.1382806067538716, 0.16494997066034583], "low_energy": [0.25495097567963926, 0.18747548859392096, 0.1892321947487048, 0.23008949665421108, 0.18431111804580347], "LICUV": [0.18290949224395428, 0.15291289331242303, 0.19497360303988057, 0.18845345813317654, 0.18068497121656077], "NAMFIS": [0.20739986953311454, 0.16156404667026195, 0.15411035007422438, 0.1445072764298617, 0.1445072764298617]}, "mae": {"best": 0.3784449044395894, "random": [0.46718144655227645, 0.33116671439125694, 0.3094081309559981, 0.2718627511586544, 0.2673429951912435], "low_energy": [0.4973805820240693, 0.3882150964024033, 0.34621813951360514, 0.3233319497236196, 0.2782674391181517], "LICUV": [0.45037162163678324, 0.28626611288795883, 0.32312118791189137, 0.31095049106132455, 0.26646195581828214], "NAMFIS": [0.3784449044395894, 0.3039035595583651, 0.26366976863718355, 0.2076978831899353, 0.2076978831803741]}, "bundle-size": [1, 3, 5, 10, 30]}}