{"single": {"stat": {"0": "MAE", "1": "MSE", "2": "RMSD", "3": "RMSD_step", "4": "pearsonr", "5": "kendalltau", "6": "chisq", "7": "percentage_fulfilled"}, "value": {"0": 0.19877138091753335, "1": 0.028589935108429845, "2": 0.2606017280766182, "3": 0.1557387089151103, "4": 0.779662020151638, "5": 0.5930735930735931, "6": 0.6063998153501258, "7": 0.6363636363636364}, "up": {"0": 0.27354601534308814, "1": 0.14291235950613623, "2": 0.32925501109740996, "3": 0.19857503730775206, "4": 0.9010382766439594, "5": 0.8018018018018018, "6": 1.025639492512804, "7": 0.0}, "low": {"0": 0.13269867980238567, "1": 0.0, "2": 0.18157231363082352, "3": 0.1025099744737637, "4": 0.6000168305359506, "5": 0.33636261720342436, "6": 0.2790605410399133, "7": 0.0}, "most-populated-1": {"0": 0.3054877727681939, "1": 0.10862026604739093, "2": 0.41961002221054294, "3": 0.1557387089151103, "4": NaN, "5": NaN, "6": NaN, "7": 0.5454545454545454}}}