{"minimum_sasa": 7.701424088478091, "minimum_psa": 6.2495886802673475}