{"single": {"stat": {"0": "MAE", "1": "MSE", "2": "RMSD", "3": "pearsonr", "4": "kendalltau", "5": "chisq", "6": "percentage_fulfilled"}, "value": {"0": 0.19877138091753335, "1": 0.028589935108429845, "2": 0.2606017280766182, "3": 0.779662020151638, "4": 0.5930735930735931, "5": 0.6063998153501258, "6": 0.6363636363636364}, "up": {"0": 0.2707476232312895, "1": 0.14109719409026106, "2": 0.32955655575266884, "3": 0.8983158741072961, "4": 0.8026905829596414, "5": 1.0152549507585933, "6": 0.0}, "low": {"0": 0.13097311985731658, "1": 0.0, "2": 0.18310937750334924, "3": 0.5974909770724506, "4": 0.3333333333333333, "5": 0.2759893922876283, "6": 0.0}, "most-populated-1": {"0": 0.3054877727681939, "1": 0.10862026604739093, "2": 0.41961002221054294, "3": NaN, "4": NaN, "5": NaN, "6": 0.5454545454545454}}}