{"single": {"stat": {"0": "MAE", "1": "MSE", "2": "RMSD", "3": "RMSD_step", "4": "pearsonr", "5": "kendalltau", "6": "chisq", "7": "percentage_fulfilled"}, "value": {"0": 0.3709278986347745, "1": 0.20001647488884816, "2": 0.5667234039907985, "3": 0.14574613368412553, "4": 0.5667854444297701, "5": 0.3805461000566813, "6": 3.9816972221499394, "7": 0.6774193548387096}, "up": {"0": 0.5389785613661823, "1": 0.3968289360657595, "2": 0.8336931531967365, "3": 0.18073438883156429, "4": 0.8713808912730008, "5": 0.6236252607096694, "6": 8.924463373280018, "7": 0.0}, "low": {"0": 0.2407569543505163, "1": 0.0328669107612556, "2": 0.3103944607917498, "3": 0.1043041386678263, "4": 0.08414723243431986, "5": 0.10020888177053015, "6": 1.0207574042313758, "7": 0.0}}}