{"minimum_sasa": 9.067142171859727, "minimum_psa": 7.180066804885833}