{"39": {"0": {"Atom 1": "(1,)", "Atom 2": "(65,)", "NMR exp": [2.32], "lower bound": 2.09, "upper bound": 2.5500000000000003, "md": [4.591232145695707]}, "1": {"Atom 1": "(25,)", "Atom 2": "(1,)", "NMR exp": [3.0], "lower bound": 2.7, "upper bound": 3.3000000000000003, "md": [2.7867751112270804]}, "2": {"Atom 1": "(25,)", "Atom 2": "(32,)", "NMR exp": [2.82], "lower bound": 2.54, "upper bound": 3.1, "md": [2.5719499991548216]}, "3": {"Atom 1": "(1,)", "Atom 2": "(3,)", "NMR exp": [2.5100000000000002], "lower bound": 2.2600000000000002, "upper bound": 2.7600000000000002, "md": [2.2575616546585615]}, "4": {"Atom 1": "(1,)", "Atom 2": "(67,)", "NMR exp": [2.71], "lower bound": 2.44, "upper bound": 2.98, "md": [2.2038820411985096]}, "5": {"Atom 1": "(1,)", "Atom 2": "(5, 6)", "NMR exp": [2.98], "lower bound": 2.68, "upper bound": 4.18, "md": [3.7952375913400775, 3.413450061564345]}, "6": {"Atom 1": "(1,)", "Atom 2": "(8, 9)", "NMR exp": [2.6], "lower bound": 2.34, "upper bound": 3.5, "md": [3.0105715562438604, 3.2491410844976296]}, "7": {"Atom 1": "(1,)", "Atom 2": "(69, 70)", "NMR exp": [3.21], "lower bound": 2.89, "upper bound": 4.11, "md": [3.007231352311734, 3.5420798916188043]}, "8": {"Atom 1": "(3,)", "Atom 2": "(5, 6)", "NMR exp": [2.64], "lower bound": 2.38, "upper bound": 3.8000000000000003, "md": [2.47783331152496, 2.8354491664773773]}, "9": {"Atom 1": "(3,)", "Atom 2": "(11, 12)", "NMR exp": [3.21], "lower bound": 2.89, "upper bound": 4.11, "md": [3.240801755246018, 3.4263278366653602]}, "10": {"Atom 1": "(5, 6)", "Atom 2": "(11, 12)", "NMR exp": [3.12], "lower bound": 2.81, "upper bound": 4.33, "md": [2.759194142246741, 2.774240803965037, 2.9468846182041677, 2.7944703400464714]}, "11": {"Atom 1": "(25,)", "Atom 2": "(27, 28)", "NMR exp": [2.3000000000000003, 2.75], "lower bound": 2.07, "upper bound": 3.0300000000000002, "md": [2.8955459747183014, 2.364208080311012]}, "12": {"Atom 1": "(25,)", "Atom 2": "(3,)", "NMR exp": [2.34], "lower bound": 2.11, "upper bound": 2.57, "md": [2.8110022259808303]}, "13": {"Atom 1": "(25,)", "Atom 2": "(5, 6)", "NMR exp": [3.47, 3.77], "lower bound": 3.12, "upper bound": 4.15, "md": [4.2203702742019225, 4.02131085501148]}, "14": {"Atom 1": "(32,)", "Atom 2": "(27, 28)", "NMR exp": [2.4, 3.04], "lower bound": 2.15, "upper bound": 3.3000000000000003, "md": [2.938754112735378, 3.326166473467118]}, "15": {"Atom 1": "(32,)", "Atom 2": "(34,)", "NMR exp": [2.66], "lower bound": 2.39, "upper bound": 2.93, "md": [2.9317975485371215]}, "16": {"Atom 1": "(32,)", "Atom 2": "(36, 37)", "NMR exp": [2.7600000000000002, 2.77], "lower bound": 2.49, "upper bound": 3.0500000000000003, "md": [3.0282052712088636, 2.9903463346659356]}, "17": {"Atom 1": "(34,)", "Atom 2": "(36, 37)", "NMR exp": [2.65, 2.85], "lower bound": 2.39, "upper bound": 3.14, "md": [2.8348686764705002, 2.562673198570974]}, "18": {"Atom 1": "(34,)", "Atom 2": "(27, 28)", "NMR exp": [3.99], "lower bound": 3.59, "upper bound": 4.89, "md": [4.647804892683608, 4.510532987314215]}, "19": {"Atom 1": "(45,)", "Atom 2": "(34,)", "NMR exp": [2.2600000000000002], "lower bound": 2.0300000000000002, "upper bound": 2.49, "md": [3.288188179786963]}, "20": {"Atom 1": "(45,)", "Atom 2": "(47,)", "NMR exp": [2.79], "lower bound": 2.5100000000000002, "upper bound": 3.0700000000000003, "md": [2.1811777206846483]}, "21": {"Atom 1": "(45,)", "Atom 2": "(49, 50)", "NMR exp": [2.95, 3.0100000000000002], "lower bound": 2.66, "upper bound": 3.2800000000000002, "md": [3.72545064934859, 3.341723219485626]}, "22": {"Atom 1": "(47,)", "Atom 2": "(49, 50)", "NMR exp": [2.56, 2.79], "lower bound": 2.36, "upper bound": 3.2600000000000002, "md": [2.48978342566625, 2.72825835386759]}, "23": {"Atom 1": "(65,)", "Atom 2": "(67,)", "NMR exp": [2.7600000000000002], "lower bound": 2.48, "upper bound": 3.04, "md": [2.867366468125554]}, "24": {"Atom 1": "(65,)", "Atom 2": "(47,)", "NMR exp": [2.12], "lower bound": 1.9100000000000001, "upper bound": 2.33, "md": [2.4191646182489626]}, "25": {"Atom 1": "(65,)", "Atom 2": "(69, 70)", "NMR exp": [2.93], "lower bound": 2.64, "upper bound": 4.12, "md": [2.825695979900194, 2.4361194535930415]}, "26": {"Atom 1": "(65,)", "Atom 2": "(75, 76)", "NMR exp": [2.99], "lower bound": 2.69, "upper bound": 4.19, "md": [4.0907285685466235, 4.018855394544645]}, "27": {"Atom 1": "(65,)", "Atom 2": "(49, 50)", "NMR exp": [3.45, 3.88], "lower bound": 3.14, "upper bound": 4.19, "md": [4.271918918430522, 4.441083171361256]}, "28": {"Atom 1": "(67,)", "Atom 2": "(69, 70)", "NMR exp": [2.49], "lower bound": 2.24, "upper bound": 3.64, "md": [2.570820107045482, 2.685997464042522]}, "29": {"Atom 1": "(67,)", "Atom 2": "(75, 76)", "NMR exp": [2.79], "lower bound": 2.5100000000000002, "upper bound": 3.69, "md": [3.380723645509889, 3.573653912868269]}, "30": {"Atom 1": "(69, 70)", "Atom 2": "(75, 76)", "NMR exp": [2.64], "lower bound": 2.38, "upper bound": 3.54, "md": [2.6856236878679827, 2.8701117311337776, 2.9621700670926665, 2.6974879745643956]}}}