{"single": {"stat": {"0": "MAE", "1": "MSE", "2": "RMSD", "3": "RMSD_step", "4": "pearsonr", "5": "kendalltau", "6": "chisq", "7": "percentage_fulfilled"}, "value": {"0": 0.3709278986347745, "1": 0.20001647488884816, "2": 0.5667234039907985, "3": 0.14574613368412553, "4": 0.5667854444297701, "5": 0.3805461000566813, "6": 3.9816972221499394, "7": 0.6774193548387096}, "up": {"0": 0.5424988641400055, "1": 0.39895024993038486, "2": 0.8414860782367058, "3": 0.18201404589017817, "4": 0.8758227905005836, "5": 0.6261373988805707, "6": 8.92291514158379, "7": 0.0}, "low": {"0": 0.2413856414305086, "1": 0.02836950396401485, "2": 0.31155750774640495, "3": 0.10381435042824627, "4": 0.0697839053825374, "5": 0.10244736494444065, "6": 1.0405013428070873, "7": 0.0}}}