{"single": {"stat": {"0": "MAE", "1": "MSE", "2": "RMSD", "3": "RMSD_step", "4": "pearsonr", "5": "kendalltau", "6": "chisq", "7": "percentage_fulfilled"}, "value": {"0": 0.1523676667338485, "1": -0.08323487503995612, "2": 0.20852110339777083, "3": 0.12304724702324708, "4": 0.9215796372612308, "5": 0.7073170731707317, "6": 0.420947483338498, "7": 0.75}, "up": {"0": 0.20470411231920316, "1": -0.018376495310538987, "2": 0.27488213526792893, "3": 0.17960938517411004, "4": 0.9676689498899343, "5": 0.8631640373432519, "6": 0.6900327303817454, "7": 0.0}, "low": {"0": 0.1068507857793597, "1": 0.0, "2": 0.1383113673833275, "3": 0.06159342497377461, "4": 0.8611144490002447, "5": 0.5031674587559485, "6": 0.1988162910822815, "7": 0.0}, "most-populated-1": {"0": 0.284299631267786, "1": 0.01817458137869822, "2": 0.3675651994994569, "3": 0.12304724702324708, "4": NaN, "5": NaN, "6": NaN, "7": 0.40625}}}