{"single": {"stat": {"0": "MAE", "1": "MSE", "2": "RMSD", "3": "pearsonr", "4": "kendalltau", "5": "chisq", "6": "percentage_fulfilled"}, "value": {"0": 0.3448731096071417, "1": -0.30346770406785, "2": 0.42592493590339064, "3": 0.79145250604194, "4": 0.6028525741414696, "5": 1.830260083542958, "6": 0.40625}, "up": {"0": 0.4336573137328758, "1": -0.19975716561981563, "2": 0.5109254099795572, "3": 0.8890848450781709, "4": 0.7682548864440542, "5": 2.5918696206160927, "6": 0.0}, "low": {"0": 0.26077848235388146, "1": 0.0, "2": 0.3349183104096597, "3": 0.6438891469053409, "4": 0.3866233403189479, "5": 1.1799434249524585, "6": 0.0}, "most-populated-1": {"0": 0.284299631267786, "1": 0.01817458137869822, "2": 0.3675651994994569, "3": NaN, "4": NaN, "5": NaN, "6": 0.40625}}}