{"28": {"0": {"Atom 1": "(57,)", "Atom 2": "(50,)", "NMR exp": 3.47, "lower bound": 3.17, "upper bound": 3.77, "md": [3.8482344286140706], "lower": [3.4464454936847293], "upper": [4.272461372469986]}, "1": {"Atom 1": "(50,)", "Atom 2": "(37,)", "NMR exp": 2.7600000000000002, "lower bound": 2.61, "upper bound": 2.91, "md": [2.7892651153645107], "lower": [2.382311104308659], "upper": [3.690678054297452]}, "2": {"Atom 1": "(57,)", "Atom 2": "(1,)", "NMR exp": 2.5, "lower bound": 2.39, "upper bound": 2.61, "md": [2.4944101426002097], "lower": [2.2383703867914453], "upper": [3.628553743002912]}, "3": {"Atom 1": "(1,)", "Atom 2": "(3,)", "NMR exp": 2.92, "lower bound": 2.74, "upper bound": 3.1, "md": [2.8515505657464773], "lower": [2.6122001523115075], "upper": [2.965999993087311]}, "4": {"Atom 1": "(17,)", "Atom 2": "(19,)", "NMR exp": 2.92, "lower bound": 2.74, "upper bound": 3.1, "md": [2.876394419013164], "lower": [2.788670689048953], "upper": [2.9602892098039852]}, "5": {"Atom 1": "(37,)", "Atom 2": "(39,)", "NMR exp": 3.0500000000000003, "lower bound": 2.84, "upper bound": 3.2600000000000002, "md": [2.9119144155823498], "lower": [2.8325837655533403], "upper": [2.9869756780294177]}, "6": {"Atom 1": "(50,)", "Atom 2": "(52, 53)", "NMR exp": 2.74, "lower bound": 2.59, "upper bound": 2.89, "md": [2.769651478169366, 2.6000333492088012], "lower": [2.5003685765666805, 2.3901064264225327], "upper": [2.9529593337580717, 2.857974632435848]}, "7": {"Atom 1": "(50,)", "Atom 2": "(52, 53)", "NMR exp": 2.87, "lower bound": 2.7, "upper bound": 3.04, "md": [2.769651478169366, 2.6000333492088012], "lower": [2.5003685765666805, 2.3901064264225327], "upper": [2.9529593337580717, 2.857974632435848]}, "8": {"Atom 1": "(57,)", "Atom 2": "(59,)", "NMR exp": 2.8000000000000003, "lower bound": 2.64, "upper bound": 2.96, "md": [2.6774088729902497], "lower": [2.2325474794228777], "upper": [2.9193906713948286]}, "9": {"Atom 1": "(1,)", "Atom 2": "(59,)", "NMR exp": 3.25, "lower bound": 3.0, "upper bound": 3.5, "md": [3.09354610654801], "lower": [2.5414649793779738], "upper": [3.4897253543060645]}, "10": {"Atom 1": "(17,)", "Atom 2": "(3,)", "NMR exp": 2.18, "lower bound": 2.1, "upper bound": 2.2600000000000002, "md": [2.221661620269408], "lower": [2.088984860013947], "upper": [2.428324829273198]}, "11": {"Atom 1": "(37,)", "Atom 2": "(19,)", "NMR exp": 2.24, "lower bound": 2.16, "upper bound": 2.32, "md": [2.1502631914065904], "lower": [2.0273550617553537], "upper": [2.3950001703896358]}, "12": {"Atom 1": "(50,)", "Atom 2": "(39,)", "NMR exp": 2.87, "lower bound": 2.7, "upper bound": 3.04, "md": [2.579305275258505], "lower": [2.311584312678233], "upper": [3.195241811918563]}, "13": {"Atom 1": "(57,)", "Atom 2": "(52, 53)", "NMR exp": 2.23, "lower bound": 2.15, "upper bound": 2.31, "md": [3.09939095911521, 2.25045650325864], "lower": [2.8777510002479207, 2.099353673141992], "upper": [3.6052474754993185, 3.0422471819799357]}, "14": {"Atom 1": "(57,)", "Atom 2": "(52, 53)", "NMR exp": 3.2, "lower bound": 2.96, "upper bound": 3.44, "md": [3.09939095911521, 2.25045650325864], "lower": [2.8777510002479207, 2.099353673141992], "upper": [3.6052474754993185, 3.0422471819799357]}, "15": {"Atom 1": "(1,)", "Atom 2": "(5,)", "NMR exp": 2.64, "lower bound": 2.5100000000000002, "upper bound": 2.77, "md": [2.9162748857793757], "lower": [2.5757372540894936], "upper": [3.606162154294239]}, "16": {"Atom 1": "(17,)", "Atom 2": "(21, 22)", "NMR exp": 2.35, "lower bound": 2.2600000000000002, "upper bound": 2.44, "md": [2.8804505035502275, 2.3972428286311973], "lower": [2.4258667566734444, 2.2218097863314576], "upper": [3.594245699556059, 2.7185785479068936]}, "17": {"Atom 1": "(17,)", "Atom 2": "(21, 22)", "NMR exp": 3.0, "lower bound": 2.8000000000000003, "upper bound": 3.2, "md": [2.8804505035502275, 2.3972428286311973], "lower": [2.4258667566734444, 2.2218097863314576], "upper": [3.594245699556059, 2.7185785479068936]}, "18": {"Atom 1": "(37,)", "Atom 2": "(21, 22)", "NMR exp": 3.58, "lower bound": 3.25, "upper bound": 3.91, "md": [3.376925654657138, 4.183595578494893], "lower": [3.0140905100532875, 3.900922861934543], "upper": [4.12015349259731, 4.4499502784297]}, "19": {"Atom 1": "(37,)", "Atom 2": "(21, 22)", "NMR exp": 4.0, "lower bound": 3.5300000000000002, "upper bound": 4.47, "md": [3.376925654657138, 4.183595578494893], "lower": [3.0140905100532875, 3.900922861934543], "upper": [4.12015349259731, 4.4499502784297]}, "20": {"Atom 1": "(37,)", "Atom 2": "(41, 42)", "NMR exp": 3.08, "lower bound": 2.87, "upper bound": 3.29, "md": [2.742947553208668, 2.518413145226098], "lower": [2.476243604887916, 2.304057019395102], "upper": [3.473295760090958, 3.1626633776495683]}, "21": {"Atom 1": "(37,)", "Atom 2": "(41, 42)", "NMR exp": 2.86, "lower bound": 2.69, "upper bound": 3.0300000000000002, "md": [2.742947553208668, 2.518413145226098], "lower": [2.476243604887916, 2.304057019395102], "upper": [3.473295760090958, 3.1626633776495683]}, "22": {"Atom 1": "(39,)", "Atom 2": "(41, 42)", "NMR exp": 2.77, "lower bound": 2.62, "upper bound": 2.92, "md": [2.639025129243637, 2.5915607287665354], "lower": [2.433013667942938, 2.406657970072931], "upper": [3.010079001983664, 2.9619272441055475]}, "23": {"Atom 1": "(39,)", "Atom 2": "(41, 42)", "NMR exp": 2.85, "lower bound": 2.68, "upper bound": 3.02, "md": [2.639025129243637, 2.5915607287665354], "lower": [2.433013667942938, 2.406657970072931], "upper": [3.010079001983664, 2.9619272441055475]}, "24": {"Atom 1": "(1,)", "Atom 2": "(7, 8, 9, 11, 12, 13)", "NMR exp": 4.0, "lower bound": 3.5300000000000002, "upper bound": 4.47, "md": [3.3690398052356194, 3.330544563659411, 3.3275628569548745, 3.144677227040971, 3.149365715146058, 3.171595186958492], "lower": [2.702704303289774, 2.6799453106313904, 2.6755681569102654, 2.568566438358447, 2.575358086430331, 2.587230682921509], "upper": [4.55340258008212, 4.545537707165019, 4.5459959355223205, 4.404019148233161, 4.40318156198953, 4.414259276233328]}, "25": {"Atom 1": "(3,)", "Atom 2": "(5,)", "NMR exp": 3.1, "lower bound": 2.88, "upper bound": 3.3200000000000003, "md": [2.5973649839613184], "lower": [2.394999376056117], "upper": [3.003742714549527]}, "26": {"Atom 1": "(17,)", "Atom 2": "(7, 8, 9, 11, 12, 13)", "NMR exp": 3.6, "lower bound": 3.2600000000000002, "upper bound": 3.94, "md": [3.3196962015924862, 3.32083560006506, 3.327161788041529, 3.4485225633978893, 3.4378553903084303, 3.4437173235222827], "lower": [2.765177487697712, 2.7644102243340742, 2.7690584651785923, 2.7472804889102393, 2.741976126687994, 2.746176840946005], "upper": [4.7040032552870406, 4.70702172502281, 4.708403356052674, 4.902248512383975, 4.905682058092685, 4.905464073461882]}, "27": {"Atom 1": "(1,)", "Atom 2": "(52, 53)", "NMR exp": 3.4, "lower bound": 3.11, "upper bound": 3.69, "md": [4.624519246570279, 3.325946266599677], "lower": [4.335266290916557, 3.000153469872208], "upper": [5.3786107038717885, 4.155140048680281]}, "28": {"Atom 1": "(17,)", "Atom 2": "(7, 8, 9, 11, 12, 13)", "NMR exp": 3.59, "lower bound": 3.25, "upper bound": 3.93, "md": [3.3196962015924862, 3.32083560006506, 3.327161788041529, 3.4485225633978893, 3.4378553903084303, 3.4437173235222827], "lower": [2.765177487697712, 2.7644102243340742, 2.7690584651785923, 2.7472804889102393, 2.741976126687994, 2.746176840946005], "upper": [4.7040032552870406, 4.70702172502281, 4.708403356052674, 4.902248512383975, 4.905682058092685, 4.905464073461882]}, "29": {"Atom 1": "(50,)", "Atom 2": "(19,)", "NMR exp": 3.85, "lower bound": 3.43, "upper bound": 4.2700000000000005, "md": [3.834024939533077], "lower": [3.4586669292214554], "upper": [4.826332133452948]}, "30": {"Atom 1": "(57,)", "Atom 2": "(61, 62)", "NMR exp": 2.4, "lower bound": 2.3000000000000003, "upper bound": 2.5, "md": [2.7817812599515506, 2.4997422285208177], "lower": [2.4574007875843087, 2.2804082202138227], "upper": [3.6989290679933724, 3.226726161674827]}, "31": {"Atom 1": "(57,)", "Atom 2": "(61, 62)",