{"single": {"fulfil": {"best": 0.6627906976744186, "random": [0.5023255813953489, 0.5848837209302327, 0.6325581395348838, 0.6476744186046512, 0.6744186046511629], "low_energy": [0.5465116279069767, 0.6627906976744186, 0.6511627906976745, 0.6744186046511628, 0.7093023255813954], "LICUV": [0.6627906976744186, 0.7209302325581395, 0.6976744186046512, 0.7209302325581395, 0.7558139534883721], "NAMFIS": [0.5348837209302325, 0.5232558139534884, 0.5116279069767442, 0.5116279069767442, 0.5116279069767442]}, "rmsd": {"best": 1.7659128874743895, "random": [2.617921542674614, 1.9989202544819633, 1.8142100994754535, 1.5823657773421465, 1.484425394930204], "low_energy": [2.589337533729793, 1.7445119414080807, 1.739854451930184, 1.7112354296204133, 1.4468691129560642], "LICUV": [2.20566734871446, 1.6979749275038716, 1.592577853692748, 1.3858621185327942, 1.2415560263160779], "NAMFIS": [1.8385472760242665, 1.809007123647482, 1.8054411293186536, 1.8054377456267041, 1.8054377466691682]}, "mae": {"best": 1.4080053456993986, "random": [1.9302169378413705, 1.508727162208133, 1.3484512098642785, 1.2293252640339392, 1.188345828955154], "low_energy": [1.8657642492028164, 1.3172640788842878, 1.3424772148107074, 1.3039853055749224, 1.1318867348391812], "LICUV": [1.541529311690219, 1.2331775142167176, 1.1255280369111946, 1.061427776049008, 0.9828925350415414], "NAMFIS": [1.4783637218697125, 1.4978257449552719, 1.510625246788308, 1.5106925913544997, 1.5106925921455874]}, "bundle-size": [1, 3, 5, 10, 30]}}