{"single": {"fulfil": {"best": 0.84, "random": [0.504, 0.392, 0.32399999999999995, 0.32, 0.33199999999999996], "low_energy": [0.36, 0.36, 0.32, 0.48, 0.36], "LICUV": [0.84, 0.76, 0.72, 0.72, 0.64], "NAMFIS": [0.56, 0.6, 0.56, 0.64, 0.64]}, "rmsd": {"best": 0.25484761445774606, "random": [0.6499212734470474, 0.5879382853173709, 0.524319544257325, 0.4913202070124824, 0.45314688082186444], "low_energy": [0.6460056668983389, 0.6213997231001241, 0.4631973200067274, 0.39954121956633165, 0.44964203942932907], "LICUV": [0.35494932339182406, 0.37536741053142025, 0.34872268964963504, 0.3661521142745139, 0.37157681236793627], "NAMFIS": [0.4160187254759194, 0.27514907928823024, 0.27452130209287934, 0.3104282394894005, 0.310428239505607]}, "mae": {"best": 0.18241841125488292, "random": [0.3870919455718993, 0.3759872008727544, 0.36681413654808387, 0.35079028920110933, 0.33455270891853184], "low_energy": [0.46270779914855953, 0.3973521331357579, 0.31711324301120947, 0.2903305630253337, 0.3424462002235388], "LICUV": [0.18886362228393552, 0.19895836560168995, 0.18498405384486816, 0.18898896036160928, 0.21196201954040306], "NAMFIS": [0.24799293479919426, 0.19327807498165722, 0.18638532494615284, 0.19863065316634404, 0.1986306531686897]}, "bundle-size": [1, 3, 5, 10, 30]}}