{"single": {"fulfil": {"best": 0.44, "random": [0.348, 0.32799999999999996, 0.348, 0.344, 0.352], "low_energy": [0.28, 0.32, 0.36, 0.36, 0.36], "LICUV": [0.44, 0.44, 0.44, 0.44, 0.4], "NAMFIS": [0.32, 0.4, 0.4, 0.4, 0.4]}, "rmsd": {"best": 0.4527334022831565, "random": [0.5873970593829186, 0.5680253138159781, 0.5801825637024752, 0.5596545549255756, 0.5544272116170422], "low_energy": [0.7154704365206773, 0.574785524060306, 0.5501492098470566, 0.5644750063900408, 0.5631771208243412], "LICUV": [0.5134904305615441, 0.5295037480910765, 0.5199937245685079, 0.5204973390944824, 0.5224765776288031], "NAMFIS": [0.4719161091371488, 0.44810372695553774, 0.4481037269555852, 0.44810372695561107, 0.4481037269558279]}, "mae": {"best": 0.35312749214172356, "random": [0.44244467376708974, 0.44675335161545104, 0.4435081577885021, 0.4360189793472635, 0.4292734133941993], "low_energy": [0.5291912826538084, 0.44378418749779724, 0.41587228360832634, 0.4253298883321382, 0.435203022949141], "LICUV": [0.3833920207977293, 0.3921802720550032, 0.3802830756565925, 0.3863142704290765, 0.3983067097166384], "NAMFIS": [0.37445976715087886, 0.35800300646887856, 0.35800300646897726, 0.35800300646905375, 0.35800300646967215]}, "bundle-size": [1, 3, 5, 10, 30]}}