{"single": {"fulfil": {"best": 0.84, "random": [0.4760000000000001, 0.384, 0.388, 0.38, 0.30399999999999994], "low_energy": [0.36, 0.36, 0.32, 0.48, 0.36], "LICUV": [0.84, 0.76, 0.72, 0.72, 0.64], "NAMFIS": [0.56, 0.6, 0.56, 0.64, 0.64]}, "rmsd": {"best": 0.25484761445774606, "random": [0.6818688109450255, 0.4955593716603719, 0.521393453539308, 0.482950328848888, 0.4731746299935856], "low_energy": [0.6460056668983389, 0.6213997231001241, 0.4631973200067274, 0.39954121956633165, 0.44964203942932907], "LICUV": [0.35494932339182406, 0.37536741053142025, 0.34872268964963504, 0.3661521142745139, 0.37157681236793627], "NAMFIS": [0.4160187254759194, 0.2751436725813435, 0.27452242957704326, 0.3104301242435147, 0.31043012427449485]}, "rmsd_stepwise": {"best": 0.10061808982484212, "random": [0.1640217783751171, 0.19185614702325018, 0.20100024205589762, 0.1954353512517304, 0.204616734677279], "low_energy": [0.18943072612435388, 0.1973423421367041, 0.2035779948815686, 0.17696327302578907, 0.20372530525194943], "LICUV": [0.13607350954539232, 0.15767054258801794, 0.16148064899547554, 0.14818906842274154, 0.16448708155961664], "NAMFIS": [0.17066927081346536, 0.16542067585401762, 0.19304921652262663, 0.1902839982762607, 0.1902839982762607]}, "mae": {"best": 0.18241841125488292, "random": [0.4204138741493225, 0.35251888044217244, 0.3443768106870987, 0.33878011745633674, 0.34354108156783936], "low_energy": [0.46270779914855953, 0.3973521331357579, 0.31711324301120947, 0.2903305630253337, 0.3424462002235388], "LICUV": [0.18886362228393552, 0.19895836560168995, 0.18498405384486816, 0.18898896036160928, 0.21196201954040306], "NAMFIS": [0.24799293479919426, 0.1932747661043869, 0.18639070821590978, 0.19863943787951213, 0.19863943790682037]}, "bundle-size": [1, 3, 5, 10, 30]}}