{"single": {"fulfil": {"best": 0.84, "random": [0.46399999999999997, 0.396, 0.356, 0.344, 0.32399999999999995], "low_energy": [0.36, 0.36, 0.32, 0.48, 0.36], "LICUV": [0.84, 0.76, 0.72, 0.72, 0.64], "NAMFIS": [0.56, 0.6, 0.56, 0.64, 0.64]}, "rmsd": {"best": 0.25484761445774606, "random": [0.657344396204056, 0.5957996015057572, 0.6008267240501832, 0.5179273860007336, 0.4650316569257317], "low_energy": [0.6460056668983389, 0.6213997231001241, 0.4631973200067274, 0.39954121956633165, 0.44964203942932907], "LICUV": [0.35494932339182406, 0.37536741053142025, 0.34872268964963504, 0.3661521142745139, 0.37157681236793627], "NAMFIS": [0.4160187254759194, 0.2751813973078465, 0.2745504624208237, 0.31054656121779245, 0.31054656129454783]}, "mae": {"best": 0.18241841125488292, "random": [0.4234315564155578, 0.3957081601076841, 0.3909594951984444, 0.3564381185983713, 0.33807731571050714], "low_energy": [0.46270779914855953, 0.3973521331357579, 0.31711324301120947, 0.2903305630253337, 0.3424462002235388], "LICUV": [0.18886362228393552, 0.19895836560168995, 0.18498405384486816, 0.18898896036160928, 0.21196201954040306], "NAMFIS": [0.24799293479919426, 0.19331989565396498, 0.1863999033525581, 0.19865078733426883, 0.1986507873461091]}, "bundle-size": [1, 3, 5, 10, 30]}}