{"minimum_sasa": 8.315019607543945, "minimum_psa": 6.122185707092285}