{"32": {"0": {"Atom 1": "(25,)", "Atom 2": "(32,)", "NMR exp": 2.64, "lower bound": 2.5100000000000002, "upper bound": 2.77, "md": [2.3927907270612354], "lower": [2.0644169833910166], "upper": [3.285020494926563]}, "1": {"Atom 1": "(65,)", "Atom 2": "(45,)", "NMR exp": 2.87, "lower bound": 2.7, "upper bound": 3.04, "md": [2.3163181607941143], "lower": [2.0056281661721065], "upper": [4.04799429300908]}, "2": {"Atom 1": "(25,)", "Atom 2": "(1,)", "NMR exp": 3.8000000000000003, "lower bound": 3.4, "upper bound": 4.2, "md": [2.3920642244084847], "lower": [1.9821981362474843], "upper": [3.65994096251452]}, "3": {"Atom 1": "(1,)", "Atom 2": "(3,)", "NMR exp": 2.6, "lower bound": 2.47, "upper bound": 2.73, "md": [2.5563290750363152], "lower": [2.246351531764068], "upper": [2.9436328875387594]}, "4": {"Atom 1": "(25,)", "Atom 2": "(27, 28)", "NMR exp": 2.5, "lower bound": 2.39, "upper bound": 2.61, "md": [2.7498002318254167, 2.471556009270485], "lower": [2.4927967583123443, 2.2883626884635184], "upper": [2.9407488561410817, 2.844953925267487]}, "5": {"Atom 1": "(25,)", "Atom 2": "(27, 28)", "NMR exp": 3.0500000000000003, "lower bound": 2.84, "upper bound": 3.2600000000000002, "md": [2.7498002318254167, 2.471556009270485], "lower": [2.4927967583123443, 2.2883626884635184], "upper": [2.9407488561410817, 2.844953925267487]}, "6": {"Atom 1": "(32,)", "Atom 2": "(34,)", "NMR exp": 2.7, "lower bound": 2.56, "upper bound": 2.84, "md": [2.7241008366471964], "lower": [2.2577587195971645], "upper": [2.936673939197406]}, "7": {"Atom 1": "(45,)", "Atom 2": "(47,)", "NMR exp": 3.04, "lower bound": 2.84, "upper bound": 3.24, "md": [2.7963212484035362], "lower": [2.4302371654248764], "upper": [2.9506308946955824]}, "8": {"Atom 1": "(65,)", "Atom 2": "(67,)", "NMR exp": 2.41, "lower bound": 2.31, "upper bound": 2.5100000000000002, "md": [2.544742023810755], "lower": [2.2059426540437124], "upper": [2.945630060643557]}, "9": {"Atom 1": "(1,)", "Atom 2": "(67,)", "NMR exp": 2.7800000000000002, "lower bound": 2.62, "upper bound": 2.94, "md": [2.578765680804772], "lower": [2.1851505510841642], "upper": [3.5230269767942444]}, "10": {"Atom 1": "(25,)", "Atom 2": "(3,)", "NMR exp": 2.2600000000000002, "lower bound": 2.18, "upper bound": 2.34, "md": [2.4808818561677777], "lower": [2.195390552390938], "upper": [3.238152017599439]}, "11": {"Atom 1": "(32,)", "Atom 2": "(27, 28)", "NMR exp": 3.1, "lower bound": 2.88, "upper bound": 3.3200000000000003, "md": [3.2238156027313045, 2.6326475668151073], "lower": [2.7918380772072866, 2.3251954132390544], "upper": [3.544423623409677, 3.139939019433343]}, "12": {"Atom 1": "(32,)", "Atom 2": "(27, 28)", "NMR exp": 3.5, "lower bound": 3.19, "upper bound": 3.81, "md": [3.2238156027313045, 2.6326475668151073], "lower": [2.7918380772072866, 2.3251954132390544], "upper": [3.544423623409677, 3.139939019433343]}, "13": {"Atom 1": "(45,)", "Atom 2": "(34,)", "NMR exp": 2.27, "lower bound": 2.18, "upper bound": 2.36, "md": [2.4264756039786874], "lower": [2.188706112347985], "upper": [3.199109749670906]}, "14": {"Atom 1": "(65,)", "Atom 2": "(47,)", "NMR exp": 2.38, "lower bound": 2.2800000000000002, "upper bound": 2.48, "md": [2.5530393555342714], "lower": [2.13494104175772], "upper": [3.5450712915983225]}, "15": {"Atom 1": "(45,)", "Atom 2": "(49, 50)", "NMR exp": 3.0, "lower bound": 2.8000000000000003, "upper bound": 3.2, "md": [2.707525922553976, 2.669553623318287], "lower": [2.372645544987092, 2.3651839334171934], "upper": [3.480427024515755, 3.4077998862517016]}, "16": {"Atom 1": "(32,)", "Atom 2": "(36, 37)", "NMR exp": 3.04, "lower bound": 2.84, "upper bound": 3.24, "md": [3.014820395226119, 2.904725843579749], "lower": [2.6919300985875823, 2.5380957343737616], "upper": [3.6182592658916093, 3.4696335124212174]}, "17": {"Atom 1": "(32,)", "Atom 2": "(36, 37)", "NMR exp": 3.5700000000000003, "lower bound": 3.24, "upper bound": 3.9, "md": [3.014820395226119, 2.904725843579749], "lower": [2.6919300985875823, 2.5380957343737616], "upper": [3.6182592658916093, 3.4696335124212174]}, "18": {"Atom 1": "(65,)", "Atom 2": "(49, 50)", "NMR exp": 3.0500000000000003, "lower bound": 2.84, "upper bound": 3.2600000000000002, "md": [2.972555951455765, 3.3475464607799874], "lower": [2.5288194480237385, 2.761035609266937], "upper": [4.15534957439813, 4.1752496420288185]}, "19": {"Atom 1": "(1,)", "Atom 2": "(69,)", "NMR exp": 2.09, "lower bound": 2.02, "upper bound": 2.16, "md": [2.773950786396115], "lower": [2.3863597867750617], "upper": [3.953225297319124]}, "20": {"Atom 1": "(1,)", "Atom 2": "(5, 6)", "NMR exp": 3.22, "lower bound": 2.98, "upper bound": 3.46, "md": [3.2820073018588913, 3.0051529706042577], "lower": [2.8645702963493545, 2.6958397864364074], "upper": [3.8497912961322753, 3.583058492043058]}, "21": {"Atom 1": "(1,)", "Atom 2": "(5, 6)", "NMR exp": 3.0, "lower bound": 2.8000000000000003, "upper bound": 3.2, "md": [3.2820073018588913, 3.0051529706042577], "lower": [2.8645702963493545, 2.6958397864364074], "upper": [3.8497912961322753, 3.583058492043058]}, "22": {"Atom 1": "(65,)", "Atom 2": "(69,)", "NMR exp": 2.77, "lower bound": 2.62, "upper bound": 2.92, "md": [3.140664235330696], "lower": [2.6964093256730832], "upper": [3.6802146015997885]}, "23": {"Atom 1": "(67,)", "Atom 2": "(69,)", "NMR exp": 2.95, "lower bound": 2.7600000000000002, "upper bound": 3.14, "md": [2.5932310217930272], "lower": [2.39010961890678], "upper": [2.9951397369490227]}, "24": {"Atom 1": "(1,)", "Atom 2": "(71, 72, 73, 75, 76, 77)", "NMR exp": 3.2800000000000002, "lower bound": 3.02, "upper bound": 3.54, "md": [3.415737099352748, 3.4160031269614874, 3.42416714662022, 3.5604188596341357, 3.591788822765396, 3.583869654170988], "lower": [2.803515717449004, 2.8044510695432003, 2.808328260902994, 2.8264580400033834, 2.8469206051448075, 2.832803350799306], "upper": [4.69231022747609, 4.692225827112859, 4.694643607240709, 4.828903069141724, 4.831238960488608, 4.831844982909569]}, "25": {"Atom 1": "(65,)", "Atom 2": "(71, 72, 73, 75, 76, 77)", "NMR exp": 2.92, "lower bound": 2.74, "upper bound": 3.1, "md": [3.29376981846982, 3.3179484260445067, 3.3069923672979034, 3.109226454965933, 3.0930216165577806, 3.083336321730575], "lower": [2.63754616592992, 2.6538810797292522, 2.6452935165874365, 2.5721242052052706, 2.5589706812120023, 2.5515234439020196], "upper": [4.616799064352049, 4.622832537373639, 4.618146468153282, 4.387466849725317, 4.38073816723905, 4.379675008219833]}, "26": {"Atom 1": "(34,)", "Atom 2": "(36, 37)", "NMR exp": 2.5300000000000002, "lower bound": 2.41, "upper bound": 2.65, "md": [2.708475288419191, 2.566239655615286], "lower": [2.432271409203344, 2.405780181905012], "upper": [3.03453134605776, 2.906008920519135]}, "27": {"Atom 1": "(34,)", "Atom 2": "(36, 37)", "NMR exp": 2.42, "lower bound": 2.32, "upper bound": 2.52, "md": [2.708475288419191, 2.566239655615286], "lower": [2.432271409203344, 2.405780181905012], "upper": [3.03453134605776, 2.906008920519135]}, "28": {"Atom 1": "(3,)", "Atom 2": "(5, 6)", "NMR exp": 2.5100000000000002, "lower bound": 2.39, "upper bound": 2.63, "md": [2.5812075140503525, 2.6444260959052337], "lower": [2.3941243103031957, 2.4273119769052243], "upper": [2.962885443275038, 3.0028028756342704]}, "29": {"Atom 1": "(3,)", "Atom 2": "(5, 6)", "NMR exp": 2.62, "lower bound": 2.49, "upper bound": 2.75, "md": [2.5812075140503525, 2.6444260959052337], "lower": [2.3941243103031957, 2.4273119769052243], "upper": [2.962885443275038, 3.0028028756342704]}, "30": {"Atom 1": "(67,)", "Atom 2": "(71, 72, 73, 75, 76, 77)", "NMR exp": 2.39, "lower bound": 2.29, "upper bound": 2.49, "md": [2.9357761446721375, 2.929259201502839, 2.94401677134786, 2.916745040270695, 2.905064973177728, 2.9079097902107214], "lower": [2.5046324280996966, 2.5022180579070277, 2.508743532331323, 2.4992480163390685, 2.4945967579140276, 2.4970468643601533],