{"32": {"0": {"Atom 1": "(25,)", "Atom 2": "(32,)", "NMR exp": 2.64, "lower bound": 2.5100000000000002, "upper bound": 2.77, "md": [4.843193272279822], "lower": [2.735876363086939], "upper": [4.891345580510787]}, "1": {"Atom 1": "(65,)", "Atom 2": "(45,)", "NMR exp": 2.87, "lower bound": 2.7, "upper bound": 3.04, "md": [3.620498797457367], "lower": [2.337606085092361], "upper": [4.606115963518667]}, "2": {"Atom 1": "(25,)", "Atom 2": "(1,)", "NMR exp": 3.8000000000000003, "lower bound": 3.4, "upper bound": 4.2, "md": [2.8757219067916546], "lower": [2.1987458938753215], "upper": [3.855572183116126]}, "3": {"Atom 1": "(1,)", "Atom 2": "(3,)", "NMR exp": 2.6, "lower bound": 2.47, "upper bound": 2.73, "md": [2.8510276202270366], "lower": [2.318874447211443], "upper": [2.9710820715936364]}, "4": {"Atom 1": "(25,)", "Atom 2": "(27, 28)", "NMR exp": 2.5, "lower bound": 2.39, "upper bound": 2.61, "md": [2.780436553540862, 1.986801703420874], "lower": [2.518589270209441, 1.9416657857925974], "upper": [2.9496904127344297, 2.637130142263759]}, "5": {"Atom 1": "(25,)", "Atom 2": "(27, 28)", "NMR exp": 3.0500000000000003, "lower bound": 2.84, "upper bound": 3.2600000000000002, "md": [2.780436553540862, 1.986801703420874], "lower": [2.518589270209441, 1.9416657857925974], "upper": [2.9496904127344297, 2.637130142263759]}, "6": {"Atom 1": "(32,)", "Atom 2": "(34,)", "NMR exp": 2.7, "lower bound": 2.56, "upper bound": 2.84, "md": [2.358317023243575], "lower": [2.1939494649080378], "upper": [2.9189033191600933]}, "7": {"Atom 1": "(45,)", "Atom 2": "(47,)", "NMR exp": 3.04, "lower bound": 2.84, "upper bound": 3.24, "md": [2.8616646767844527], "lower": [2.5562686846763394], "upper": [2.970254850926276]}, "8": {"Atom 1": "(65,)", "Atom 2": "(67,)", "NMR exp": 2.41, "lower bound": 2.31, "upper bound": 2.5100000000000002, "md": [1.9036045459107696], "lower": [1.8631897244733122], "upper": [2.792959603775982]}, "9": {"Atom 1": "(1,)", "Atom 2": "(67,)", "NMR exp": 2.7800000000000002, "lower bound": 2.62, "upper bound": 2.94, "md": [3.2249513808342316], "lower": [2.240089903344764], "upper": [3.5521300554984148]}, "10": {"Atom 1": "(25,)", "Atom 2": "(3,)", "NMR exp": 2.2600000000000002, "lower bound": 2.18, "upper bound": 2.34, "md": [1.8747539554414752], "lower": [1.8160126768217089], "upper": [2.9493614101909618]}, "11": {"Atom 1": "(32,)", "Atom 2": "(27, 28)", "NMR exp": 3.1, "lower bound": 2.88, "upper bound": 3.3200000000000003, "md": [2.6637658775733972, 2.591368483875237], "lower": [2.307955911613764, 2.302328623212976], "upper": [3.472845186061415, 3.1217562547615993]}, "12": {"Atom 1": "(32,)", "Atom 2": "(27, 28)", "NMR exp": 3.5, "lower bound": 3.19, "upper bound": 3.81, "md": [2.6637658775733972, 2.591368483875237], "lower": [2.307955911613764, 2.302328623212976], "upper": [3.472845186061415, 3.1217562547615993]}, "13": {"Atom 1": "(45,)", "Atom 2": "(34,)", "NMR exp": 2.27, "lower bound": 2.18, "upper bound": 2.36, "md": [2.3588788903331137], "lower": [2.1606290156520167], "upper": [3.145645380891518]}, "14": {"Atom 1": "(65,)", "Atom 2": "(47,)", "NMR exp": 2.38, "lower bound": 2.2800000000000002, "upper bound": 2.48, "md": [2.1103348741865786], "lower": [1.992797760049035], "upper": [3.3875522998596326]}, "15": {"Atom 1": "(45,)", "Atom 2": "(49, 50)", "NMR exp": 3.0, "lower bound": 2.8000000000000003, "upper bound": 3.2, "md": [2.5896101363731256, 2.6326969302645797], "lower": [2.3177042525590927, 2.34782511728845], "upper": [3.4208552414626254, 3.3863893384628465]}, "16": {"Atom 1": "(32,)", "Atom 2": "(36, 37)", "NMR exp": 3.04, "lower bound": 2.84, "upper bound": 3.24, "md": [2.79684211648385, 2.8197715288685408], "lower": [2.5464568889132857, 2.491002682517801], "upper": [3.5048244354597085, 3.4382895631200707]}, "17": {"Atom 1": "(32,)", "Atom 2": "(36, 37)", "NMR exp": 3.5700000000000003, "lower bound": 3.24, "upper bound": 3.9, "md": [2.79684211648385, 2.8197715288685408], "lower": [2.5464568889132857, 2.491002682517801], "upper": [3.5048244354597085, 3.4382895631200707]}, "18": {"Atom 1": "(65,)", "Atom 2": "(49, 50)", "NMR exp": 3.0500000000000003, "lower bound": 2.84, "upper bound": 3.2600000000000002, "md": [3.298834265087214, 3.8182328664502525], "lower": [2.652640056734937, 3.0611675936593925], "upper": [4.259207504533094, 4.304968379721615]}, "19": {"Atom 1": "(1,)", "Atom 2": "(69,)", "NMR exp": 2.09, "lower bound": 2.02, "upper bound": 2.16, "md": [1.7086651607043901], "lower": [1.6569854338836343], "upper": [3.5378208377769402]}, "20": {"Atom 1": "(1,)", "Atom 2": "(5, 6)", "NMR exp": 3.22, "lower bound": 2.98, "upper bound": 3.46, "md": [2.6693182785104708, 2.835571428203546], "lower": [2.491500563686535, 2.5913960377025007], "upper": [3.6830325302300544, 3.4946446785590304]}, "21": {"Atom 1": "(1,)", "Atom 2": "(5, 6)", "NMR exp": 3.0, "lower bound": 2.8000000000000003, "upper bound": 3.2, "md": [2.6693182785104708, 2.835571428203546], "lower": [2.491500563686535, 2.5913960377025007], "upper": [3.6830325302300544, 3.4946446785590304]}, "22": {"Atom 1": "(65,)", "Atom 2": "(69,)", "NMR exp": 2.77, "lower bound": 2.62, "upper bound": 2.92, "md": [3.0139110035293815], "lower": [2.6308847062775187], "upper": [3.650682875675822]}, "23": {"Atom 1": "(67,)", "Atom 2": "(69,)", "NMR exp": 2.95, "lower bound": 2.7600000000000002, "upper bound": 3.14, "md": [2.9102418031001513], "lower": [2.4451492261907855], "upper": [3.03958241518112]}, "24": {"Atom 1": "(1,)", "Atom 2": "(71, 72, 73, 75, 76, 77)", "NMR exp": 3.2800000000000002, "lower bound": 3.02, "upper bound": 3.54, "md": [1.6922777594652814, 2.7513896465183305, 2.082496610134846, 4.786407601926888, 1.6422481207185071, 4.142425454192306], "lower": [1.6024440801793312, 2.426588248621071, 1.9306801564060125, 3.7318602466214443, 1.5852428757112391, 3.194285416733236], "upper": [4.389567657862051, 4.521004988808038, 4.4150873714172985, 5.209936284510112, 4.584642722018439, 4.95901200080032]}, "25": {"Atom 1": "(65,)", "Atom 2": "(71, 72, 73, 75, 76, 77)", "NMR exp": 2.92, "lower bound": 2.74, "upper bound": 3.1, "md": [4.407291632704586, 5.540073263409054, 4.317576611357861, 3.248838565344377, 5.5760556755099735, 3.1508907321522828], "lower": [3.292137597775589, 3.948875374030193, 3.2336711791519974, 2.6554048607878276, 3.6605009724366586, 2.592865525496738], "upper": [4.945817185723924, 5.591727617855097, 4.910747568431306, 4.447132585628109, 5.625957661542398, 4.407710436268423]}, "26": {"Atom 1": "(34,)", "Atom 2": "(36, 37)", "NMR exp": 2.5300000000000002, "lower bound": 2.41, "upper bound": 2.65, "md": [2.553177389231393, 2.0499178827730087], "lower": [2.378815391381553, 1.9969342341979854], "upper": [3.0056404044474747, 2.7001316816547334]}, "27": {"Atom 1": "(34,)", "Atom 2": "(36, 37)", "NMR exp": 2.42, "lower bound": 2.32, "upper bound": 2.52, "md": [2.553177389231393, 2.0499178827730087], "lower": [2.378815391381553, 1.9969342341979854], "upper": [3.0056404044474747, 2.7001316816547334]}, "28": {"Atom 1": "(3,)", "Atom 2": "(5, 6)", "NMR exp": 2.5100000000000002, "lower bound": 2.39, "upper bound": 2.63, "md": [2.9620680697918065, 2.1915739154930343], "lower": [2.489621088939668, 2.1244074927186323], "upper": [3.059264626132651, 2.830146059119277]}, "29": {"Atom 1": "(3,)", "Atom 2": "(5, 6)", "NMR exp": 2.62, "lower bound": 2.49, "upper bound": 2.75, "md": [2.9620680697918065, 2.1915739154930343], "lower": [2.489621088939668, 2.1244074927186323], "upper": [3.059264626132651, 2.830146059119277]}, "30": {"Atom 1": "(67,)", "Atom 2": "(71, 72, 73, 75, 76, 77)", "NMR exp": 2.39, "lower bound": 2.29, "upper bound": 2.49, "md": [2.988041174646113, 2.783900055003748, 2.818883310469975, 2.7399936281090547, 2.740407650297799, 1.9560571123397346], "lower": [2.5246662860320632, 2.446728644855056, 2.461512010925957, 2.4318638412307414, 2.4314284263247683, 1.9177333126923992],