{"single": {"stat": {"0": "MAE", "1": "MSE", "2": "RMSD", "3": "pearsonr", "4": "kendalltau", "5": "chisq", "6": "percentage_fulfilled"}, "value": {"0": 0.4119816862075998, "1": -0.04441714746297404, "2": 0.5638319853080057, "3": 0.3364471165991937, "4": 0.3357085827243608, "5": 3.598465125258213, "6": 0.15625}, "up": {"0": 0.5626530862571275, "1": 0.16716283625022327, "2": 0.8017889884371601, "3": 0.6705854339609946, "4": 0.5557863893338895, "5": 7.5250064433116695, "6": 0.0}, "low": {"0": 0.3003968647358163, "1": 0.0, "2": 0.34893414679125595, "3": 0.03893211399872716, "4": 0.05368873074238517, "5": 1.3454332619994809, "6": 0.0}, "most-populated-1": {"0": 0.40503853172063825, "1": 0.030169495642185032, "2": 0.619183925024699, "3": NaN, "4": NaN, "5": NaN, "6": 0.375}}}