{"single": {"stat": {"0": "MAE", "1": "MSE", "2": "RMSD", "3": "RMSD_step", "4": "pearsonr", "5": "kendalltau", "6": "chisq", "7": "percentage_fulfilled"}, "value": {"0": 0.25348225672169433, "1": -0.034598077866388854, "2": 0.37244166559983055, "3": 0.13630159573533976, "4": 0.4621032878089315, "5": 0.4040611219362653, "6": 1.4524464642369113, "7": 0.4375}, "up": {"0": 0.35850589215830964, "1": 0.08682904370000796, "2": 0.5284867740108911, "3": 0.1780014922479246, "4": 0.7816532955412031, "5": 0.6457040088277818, "6": 2.72626202292774, "7": 0.0}, "low": {"0": 0.16907345738778767, "1": 0.0, "2": 0.22398069317247418, "3": 0.09275134710204917, "4": 0.09389863863426674, "5": 0.13319354991369595, "6": 0.5853219986774066, "7": 0.0}, "most-populated-1": {"0": 0.40503853172063825, "1": 0.030169495642185032, "2": 0.619183925024699, "3": 0.13630159573533976, "4": NaN, "5": NaN, "6": NaN, "7": 0.375}}}