{"single": {"stat": {"0": "MAE", "1": "MSE", "2": "RMSD", "3": "pearsonr", "4": "kendalltau", "5": "chisq", "6": "percentage_fulfilled"}, "value": {"0": 0.3078655773779373, "1": -0.14398584239296963, "2": 0.5361251382507929, "3": 0.6307383521187537, "4": 0.555052790346908, "5": 2.77168868621562, "6": 0.7297297297297297}, "up": {"0": 0.46627797206148514, "1": 0.0046500338040846205, "2": 0.8075728764927214, "3": 0.9101113871288207, "4": 0.7732551701079984, "5": 5.930302847536655, "6": 0.0}, "low": {"0": 0.18762288087616266, "1": 0.0, "2": 0.25498855408169857, "3": 0.24538421951266512, "4": 0.2985198085050703, "5": 0.77030319811255, "6": 0.0}, "most-populated-1": {"0": 0.26293589360005143, "1": 0.07167196067603843, "2": 0.381242397670174, "3": NaN, "4": NaN, "5": NaN, "6": 0.8918918918918919}}}