{"single": {"stat": {"0": "MAE", "1": "MSE", "2": "RMSD", "3": "RMSD_step", "4": "pearsonr", "5": "kendalltau", "6": "chisq", "7": "percentage_fulfilled"}, "value": {"0": 0.23325518471258927, "1": 0.045984131254465745, "2": 0.2903766854188213, "3": 0.3710248771436485, "4": 0.8950079588132392, "5": 0.7873303167420814, "6": 0.9539419343228933, "7": 0.8378378378378378}, "up": {"0": 0.29007178521319393, "1": 0.13774782458352391, "2": 0.35432993941925195, "3": 0.5937563083883477, "4": 0.9457247355003217, "5": 0.8689163479197833, "6": 1.3785681301090653, "7": 0.0}, "low": {"0": 0.18064950630329016, "1": 0.0, "2": 0.22442752418686676, "3": 0.08909454437751985, "4": 0.8161366903191076, "5": 0.6931450050992451, "6": 0.6105405635297616, "7": 0.0}, "most-populated-1": {"0": 0.26293589360005143, "1": 0.07167196067603843, "2": 0.381242397670174, "3": 0.3710248771436485, "4": NaN, "5": NaN, "6": NaN, "7": 0.8918918918918919}}}