{"minimum_sasa": 8.858426723480207, "minimum_psa": 7.0926453781128025}