{"single": {"stat": {"0": "MAE", "1": "MSE", "2": "RMSD", "3": "RMSD_step", "4": "pearsonr", "5": "kendalltau", "6": "chisq", "7": "percentage_fulfilled"}, "value": {"0": 0.91098110802154, "1": -0.4679559180761826, "2": 1.1894428638013386, "3": 0.6311893535223799, "4": 0.5153178538237256, "5": 0.5055153065841738, "6": 32.44940555113184, "7": 0.84}, "up": {"0": 1.0680504236527089, "1": -0.24643949311482816, "2": 1.4608790607800088, "3": 0.767333043730035, "4": 0.6400399113366361, "5": 0.6047912901945497, "6": 48.320491069654445, "7": 0.0}, "low": {"0": 0.7713163640236455, "1": 0.0, "2": 0.9495433920445955, "3": 0.47999999999999987, "4": 0.41389191750474663, "5": 0.39076653014126633, "6": 21.061196379529687, "7": 0.0}, "most-populated-1": {"0": 0.7361716628074646, "1": -0.19817872762680058, "2": 1.089714166166011, "3": 0.6311893535223799, "4": NaN, "5": NaN, "6": NaN, "7": 0.9}}}