{"single": {"stat": {"0": "MAE", "1": "MSE", "2": "RMSD", "3": "pearsonr", "4": "kendalltau", "5": "chisq", "6": "percentage_fulfilled"}, "value": {"0": 0.8820532148155102, "1": -0.5548507474816252, "2": 1.1130739154243552, "3": 0.4608651990924574, "4": 0.3922752321626759, "5": 28.499545571791316, "6": 0.84}, "up": {"0": 1.0165859573280138, "1": -0.36110773765469684, "2": 1.290198053898545, "3": 0.5805494287327151, "4": 0.510142947605457, "5": 38.15624270914058, "6": 0.0}, "low": {"0": 0.751384016878553, "1": 0.0, "2": 0.940547621760975, "3": 0.34904838988971765, "4": 0.26561920094332103, "5": 20.943455911530524, "6": 0.0}, "most-populated-1": {"0": 0.7361716628074646, "1": -0.19817872762680058, "2": 1.089714166166011, "3": NaN, "4": NaN, "5": NaN, "6": 0.9}}}