{"single": {"stat": {"0": "MAE", "1": "MSE", "2": "RMSD", "3": "RMSD_step", "4": "pearsonr", "5": "kendalltau", "6": "chisq", "7": "percentage_fulfilled"}, "value": {"0": 0.9832555707923445, "1": -0.6657065731346948, "2": 1.1811036825125771, "3": 0.8485281374238569, "4": 0.3493612524721161, "5": 0.3051643213862624, "6": 20.8525076182583, "7": 0.7121212121212122}, "up": {"0": 1.1403981405857202, "1": -0.42907392780651343, "2": 1.3405676181869777, "3": 1.0042334631373564, "4": 0.4870793005835757, "5": 0.44278729753356844, "6": 26.40424997055635, "7": 0.0}, "low": {"0": 0.8302111733100864, "1": 0.0, "2": 1.0152971582636903, "3": 0.6696901137726674, "4": 0.21648564521319733, "5": 0.15914718396710353, "6": 15.53357758262783, "7": 0.0}}}