{"63": {"0": {"Atom 1": "(18,)", "Atom 2": "(80,)", "NMR exp": 3.5, "lower bound": 2.3, "upper bound": 4.7, "md": [3.80345942640813]}, "1": {"Atom 1": "(18,)", "Atom 2": "(94,)", "NMR exp": 4.5, "lower bound": 2.9, "upper bound": 6.1, "md": [4.225675342079144]}, "2": {"Atom 1": "(58,)", "Atom 2": "(80,)", "NMR exp": 3.5, "lower bound": 2.3, "upper bound": 4.7, "md": [2.267976408430731]}, "3": {"Atom 1": "(84,)", "Atom 2": "(94,)", "NMR exp": 3.5, "lower bound": 2.3, "upper bound": 4.7, "md": [3.32178458410443]}, "4": {"Atom 1": "(96,)", "Atom 2": "(94,)", "NMR exp": 3.5, "lower bound": 2.3, "upper bound": 4.7, "md": [2.8582470696115068]}, "5": {"Atom 1": "(96,)", "Atom 2": "(94,)", "NMR exp": 3.5, "lower bound": 2.3, "upper bound": 4.7, "md": [2.8582470696115068]}, "6": {"Atom 1": "(96,)", "Atom 2": "(94,)", "NMR exp": 3.5, "lower bound": 2.3, "upper bound": 4.7, "md": [2.8582470696115068]}, "7": {"Atom 1": "(98, 99)", "Atom 2": "(94,)", "NMR exp": 3.5, "lower bound": 2.3, "upper bound": 4.7, "md": [2.718621547281717, 2.798355320728317]}, "8": {"Atom 1": "(20,)", "Atom 2": "(18,)", "NMR exp": 4.5, "lower bound": 2.9, "upper bound": 6.1, "md": [2.9376824876844174]}, "9": {"Atom 1": "(22, 23)", "Atom 2": "(18,)", "NMR exp": 4.5, "lower bound": 2.9, "upper bound": 6.1, "md": [2.4900914014389444, 3.5257719904524154]}, "10": {"Atom 1": "(22, 23)", "Atom 2": "(80,)", "NMR exp": 4.5, "lower bound": 2.9, "upper bound": 6.1, "md": [3.599130299493652, 4.498001114516113]}, "11": {"Atom 1": "(22, 23)", "Atom 2": "(18,)", "NMR exp": 4.5, "lower bound": 2.9, "upper bound": 6.1, "md": [2.4900914014389444, 3.5257719904524154]}, "12": {"Atom 1": "(22, 23)", "Atom 2": "(80,)", "NMR exp": 4.5, "lower bound": 2.9, "upper bound": 6.1, "md": [3.599130299493652, 4.498001114516113]}, "13": {"Atom 1": "(40,)", "Atom 2": "(58,)", "NMR exp": 4.5, "lower bound": 2.9, "upper bound": 6.1, "md": [4.018010924765496]}, "14": {"Atom 1": "(37, 38)", "Atom 2": "(18,)", "NMR exp": 4.5, "lower bound": 2.9, "upper bound": 6.1, "md": [7.223672076164962, 7.052888982928258]}, "15": {"Atom 1": "(31, 32)", "Atom 2": "(18,)", "NMR exp": 4.5, "lower bound": 2.9, "upper bound": 6.1, "md": [5.107415633792165, 4.865706787853864]}, "16": {"Atom 1": "(31, 32)", "Atom 2": "(40,)", "NMR exp": 4.5, "lower bound": 2.9, "upper bound": 6.1, "md": [3.9100763848362083, 3.4708916024597434]}, "17": {"Atom 1": "(31, 32)", "Atom 2": "(37, 38)", "NMR exp": 4.5, "lower bound": 2.9, "upper bound": 6.1, "md": [3.107956368746326, 3.8604296396654285, 3.8587548975672203, 3.154454791842573]}, "18": {"Atom 1": "(31, 32)", "Atom 2": "(37, 38)", "NMR exp": 4.5, "lower bound": 2.9, "upper bound": 6.1, "md": [3.107956368746326, 3.8604296396654285, 3.8587548975672203, 3.154454791842573]}, "19": {"Atom 1": "(31, 32)", "Atom 2": "(34, 35)", "NMR exp": 3.5, "lower bound": 2.3, "upper bound": 4.7, "md": [2.330950700513786, 2.8300869591955022, 2.808596451366349, 2.3246645351234774]}, "20": {"Atom 1": "(31, 32)", "Atom 2": "(34, 35)", "NMR exp": 3.5, "lower bound": 2.3, "upper bound": 4.7, "md": [2.330950700513786, 2.8300869591955022, 2.808596451366349, 2.3246645351234774]}, "21": {"Atom 1": "(31, 32)", "Atom 2": "(18,)", "NMR exp": 4.5, "lower bound": 2.9, "upper bound": 6.1, "md": [5.107415633792165, 4.865706787853864]}, "22": {"Atom 1": "(31, 32)", "Atom 2": "(37, 38)", "NMR exp": 4.5, "lower bound": 2.9, "upper bound": 6.1, "md": [3.107956368746326, 3.8604296396654285, 3.8587548975672203, 3.154454791842573]}, "23": {"Atom 1": "(31, 32)", "Atom 2": "(37, 38)", "NMR exp": 4.5, "lower bound": 2.9, "upper bound": 6.1, "md": [3.107956368746326, 3.8604296396654285, 3.8587548975672203, 3.154454791842573]}, "24": {"Atom 1": "(31, 32)", "Atom 2": "(34, 35)", "NMR exp": 4.5, "lower bound": 2.9, "upper bound": 6.1, "md": [2.330950700513786, 2.8300869591955022, 2.808596451366349, 2.3246645351234774]}, "25": {"Atom 1": "(31, 32)", "Atom 2": "(34, 35)", "NMR exp": 4.5, "lower bound": 2.9, "upper bound": 6.1, "md": [2.330950700513786, 2.8300869591955022, 2.808596451366349, 2.3246645351234774]}, "26": {"Atom 1": "(54,)", "Atom 2": "(51, 52)", "NMR exp": 3.5, "lower bound": 2.3, "upper bound": 4.7, "md": [2.7821173520203675, 2.299313517960477]}, "27": {"Atom 1": "(54,)", "Atom 2": "(48, 49)", "NMR exp": 4.5, "lower bound": 2.9, "upper bound": 6.1, "md": [3.857504752660487, 3.346902200113844]}, "28": {"Atom 1": "(54,)", "Atom 2": "(48, 49)", "NMR exp": 4.5, "lower bound": 2.9, "upper bound": 6.1, "md": [3.857504752660487, 3.346902200113844]}, "29": {"Atom 1": "(54,)", "Atom 2": "(58,)", "NMR exp": 4.5, "lower bound": 2.9, "upper bound": 6.1, "md": [2.673197115498784]}, "30": {"Atom 1": "(45, 46)", "Atom 2": "(40,)", "NMR exp": 4.5, "lower bound": 2.9, "upper bound": 6.1, "md": [2.288388071722394, 2.368762806622988]}, "31": {"Atom 1": "(45, 46)", "Atom 2": "(34, 35)", "NMR exp": 4.5, "lower bound": 2.9, "upper bound": 6.1, "md": [5.8417441151676845, 5.381077578448461, 5.150000363174732, 4.873640502762056]}, "32": {"Atom 1": "(45, 46)", "Atom 2": "(51, 52)", "NMR exp": 4.5, "lower bound": 2.9, "upper bound": 6.1, "md": [3.244213029171417, 3.8204684281559045, 3.881725088108109, 3.023794862121355]}, "33": {"Atom 1": "(45, 46)", "Atom 2": "(48, 49)", "NMR exp": 4.5, "lower bound": 2.9, "upper bound": 6.1, "md": [2.3197934657589037, 2.8019755819838132, 2.853510277177756, 2.3247377369512128]}, "34": {"Atom 1": "(45, 46)", "Atom 2": "(48, 49)", "NMR exp": 4.5, "lower bound": 2.9, "upper bound": 6.1, "md": [2.3197934657589037, 2.8019755819838132, 2.853510277177756, 2.3247377369512128]}, "35": {"Atom 1": "(45, 46)", "Atom 2": "(58,)", "NMR exp": 4.5, "lower bound": 2.9, "upper bound": 6.1, "md": [3.604179156691888, 4.518923498133165]}, "36": {"Atom 1": "(45, 46)", "Atom 2": "(80,)", "NMR exp": 4.5, "lower bound": 2.9, "upper bound": 6.1, "md": [3.6628471377869407, 5.147150272891026]}, "37": {"Atom 1": "(45, 46)", "Atom 2": "(40,)", "NMR exp": 4.5, "lower bound": 2.9, "upper bound": 6.1, "md": [2.288388071722394, 2.368762806622988]}, "38": {"Atom 1": "(45, 46)", "Atom 2": "(51, 52)", "NMR exp": 4.5, "lower bound": 2.9, "upper bound": 6.1, "md": [3.244213029171417, 3.8204684281559045, 3.881725088108109, 3.023794862121355]}, "39": {"Atom 1": "(45, 46)", "Atom 2": "(48, 49)", "NMR exp": 4.5, "lower bound": 2.9, "upper bound": 6.1, "md": [2.3197934657589037, 2.8019755819838132, 2.853510277177756, 2.3247377369512128]}, "40": {"Atom 1": "(45, 46)", "Atom 2": "(48, 49)", "NMR exp": 3.5, "lower bound": 2.3, "upper bound": 4.7, "md": [2.3197934657589037, 2.8019755819838132, 2.853510277177756, 2.3247377369512128]}, "41": {"Atom 1": "(60,)", "Atom 2": "(58,)", "NMR exp": 4.5, "lower bound": 2.9, "upper bound": 6.1, "md": [2.8945566972355743]}, "42": {"Atom 1": "(60,)", "Atom 2": "(80,)", "NMR exp": 4.5, "lower bound": 2.9, "upper bound": 6.1, "md": [3.4062629975853174]}, "43": {"Atom 1": "(62, 63)", "Atom 2": "(18,)", "NMR exp": 4.5, "lower bound": 2.9, "upper bound": 6.1, "md": [4.976322484197305, 5.009448413985979]}, "44": {"Atom 1": "(62, 63)", "Atom 2": "(58,)", "NMR exp": 4.5, "lower bound": 2.9, "upper bound": 6.1, "md": [2.6158932492489186, 2.7433721685407004]}, "45": {"Atom 1": "(62, 63)", "Atom 2": "(80,)", "NMR exp": 4.5, "lower bound": 2.9, "upper bound": 6.1, "md": [3.2624594618682887, 3.1836745978751138]}, "46": {"Atom 1": "(68, 69)", "Atom 2": "(58,)", "NMR exp": 4.5, "lower bound": 2.9, "upper bound": 6.1, "md": [4.315706480558794, 4.348768995741318]}, "47": {"Atom 1": "(68, 69)", "Atom 2": "(58,)", "NMR exp": 4.5, "lower bound": 2.9, "upper bound": 6.1, "md": [4.315706480558794, 4.348768995741318]}, "48": {"Atom 1": "(71, 72)", "Atom 2": "(58,)", "NMR exp": 4.5, "lower bound": 2.9, "upper bound": 6.1, "md": [4.9823200634584435, 4.997501926134986]}, "49": {"Atom 1": "(71, 72)", "Atom 2": "(74, 75, 76)", "NMR exp": 3.5, "lower bound": 2.3, "upper bound": 4.7,