{"single": {"stat": {"0": "MAE", "1": "MSE", "2": "RMSD", "3": "RMSD_step", "4": "pearsonr", "5": "kendalltau", "6": "chisq", "7": "percentage_fulfilled"}, "value": {"0": 0.9832555707923445, "1": -0.6657065731346948, "2": 1.1811036825125771, "3": 0.8485281374238569, "4": 0.3493612524721161, "5": 0.3051643213862624, "6": 20.8525076182583, "7": 0.7121212121212122}, "up": {"0": 1.1420890105105745, "1": -0.42077004763716336, "2": 1.3388785595911064, "3": 1.0042334631373564, "4": 0.48326675161702193, "5": 0.43664507915414713, "6": 26.505646065576034, "7": 0.0}, "low": {"0": 0.8253617989246395, "1": 0.0, "2": 1.0237526049900032, "3": 0.6733003292241384, "4": 0.21429943774168506, "5": 0.15797961398491403, "6": 15.587656961752952, "7": 0.0}}}