{"cis": {"fulfil": {"best": 0.4782608695652174, "random": [0.2782608695652174, 0.2652173913043478, 0.24347826086956523, 0.27826086956521734, 0.2391304347826087], "low_energy": [0.30434782608695654, 0.34782608695652173, 0.43478260869565216, 0.4782608695652174, 0.34782608695652173], "LICUV": [0.4782608695652174, 0.30434782608695654, 0.4782608695652174, 0.391304347826087, 0.391304347826087], "NAMFIS": [0.4166666666666667, 0.5416666666666666, 0.5, 0.5, 0.5]}, "rmsd": {"best": 0.27578683483413713, "random": [0.43337140204711544, 0.35231071844753886, 0.32329816234923303, 0.29736463420499815, 0.28486055398781096], "low_energy": [0.385883203410799, 0.2920043983826284, 0.2895275847767076, 0.28804659862534304, 0.27353865198178395], "LICUV": [0.3827745576572824, 0.302940908339286, 0.2818779332618886, 0.2828109645550105, 0.2646133349968546], "NAMFIS": [0.8886607558637457, 0.23537621931756986, 0.23996856919873996, 0.23776933859115287, 0.23776933858235008]}, "rmsd_stepwise": {"best": 0.05758736274414804, "random": [0.07493331942182842, 0.07457035174273939, 0.07720959541372653, 0.07443615920219163, 0.07627290556388303], "low_energy": [0.07763487562328852, 0.06505014787938944, 0.0647402838102065, 0.0638952947849227, 0.06891235769786329], "LICUV": [0.06284037749312345, 0.06827852167218564, 0.06386126266810903, 0.06802333359255101, 0.0685723990614553], "NAMFIS": [0.06454165321712792, 0.054838778858273866, 0.1149637624065369, 0.1149637624065369, 0.1149637624065369]}, "mae": {"best": 0.20267255161119546, "random": [0.3000731503859809, 0.2609924807395422, 0.25176933424770814, 0.23522201123233283, 0.22813089011232712], "low_energy": [0.2721033423879873, 0.2222232555866905, 0.20545825105066037, 0.19957789859974048, 0.1857660682549313], "LICUV": [0.23979317499243702, 0.21004993572888708, 0.18740664177260263, 0.1893042066782278, 0.17805057728701335], "NAMFIS": [0.5336246828238168, 0.18188753125915924, 0.18322104427673688, 0.18015992668963388, 0.18015992668158506]}, "bundle-size": [1, 3, 5, 10, 30]}, "trans": {"fulfil": {"best": 0.5833333333333334, "random": [0.45, 0.4916666666666666, 0.5291666666666667, 0.5333333333333334, 0.5625], "low_energy": [0.4583333333333333, 0.5, 0.4583333333333333, 0.5833333333333334, 0.5], "LICUV": [0.5833333333333334, 0.5416666666666666, 0.5, 0.5833333333333334, 0.5], "NAMFIS": [0.4583333333333333, 0.5833333333333334, 0.5833333333333334, 0.5833333333333334, 0.5]}, "rmsd": {"best": 0.21406127265675792, "random": [0.410256306568139, 0.30414050024093037, 0.2578262822334616, 0.26637891301575717, 0.24664840122408044], "low_energy": [0.32906864031128724, 0.2405201552580851, 0.22577856195175927, 0.23920329871901913, 0.24077220711125583], "LICUV": [0.41930702609669257, 0.33589259315282, 0.34092897683128, 0.23315472326956677, 0.24078268349679666], "NAMFIS": [0.289182291506251, 0.21774089617015496, 0.2349788600696927, 0.2327946766515996, 0.23436598842490836]}, "rmsd_stepwise": {"best": 0.04573474244670746, "random": [0.10441163287904187, 0.11529944329989446, 0.09125041751111237, 0.11539761330988159, 0.11427256086446433], "low_energy": [0.11171951485752167, 0.05545268253204707, 0.1125833024919771, 0.1093732142711368, 0.11165889276422784], "LICUV": [0.05542449819348841, 0.049864399458264146, 0.05279678020485719, 0.04712571838532899, 0.11334405586531658], "NAMFIS": [0.06425048637948197, 0.045322915469623797, 0.050693112615686424, 0.04868050602311632, 0.1157403703697778]}, "mae": {"best": 0.16802547454833974, "random": [0.2967466104626655, 0.2358729553930638, 0.20385633423091137, 0.1972523610734204, 0.18588008587830057], "low_energy": [0.26541971087455746, 0.20488680362430425, 0.17701884576687868, 0.1833658332690208, 0.18876262780266354], "LICUV": [0.2899296760559082, 0.21922618687907827, 0.23367859353024947, 0.19076436286703471, 0.18550283498867937], "NAMFIS": [0.24560826977094008, 0.1757495643016107, 0.1856048671987965, 0.18481935995227497, 0.18605424420048658]}, "bundle-size": [1, 3, 5, 10, 30]}}