{"cis": {"fulfil": {"best": 0.4782608695652174, "random": [0.26956521739130435, 0.27391304347826084, 0.2956521739130435, 0.2608695652173913, 0.2826086956521739], "low_energy": [0.30434782608695654, 0.34782608695652173, 0.43478260869565216, 0.4782608695652174, 0.34782608695652173], "LICUV": [0.4782608695652174, 0.30434782608695654, 0.4782608695652174, 0.391304347826087, 0.391304347826087], "NAMFIS": [0.4166666666666667, 0.5416666666666666, 0.5, 0.5, 0.5]}, "rmsd": {"best": 0.27578683483413713, "random": [0.4867468396725346, 0.33504632638086446, 0.31327410045345017, 0.30156007009141367, 0.28685008969680104], "low_energy": [0.385883203410799, 0.2920043983826284, 0.2895275847767076, 0.28804659862534304, 0.27353865198178395], "LICUV": [0.3827745576572824, 0.302940908339286, 0.2818779332618886, 0.2828109645550105, 0.2646133349968546], "NAMFIS": [0.8886607558637457, 0.23536551509904058, 0.2399551946423384, 0.23771225847650357, 0.23771225847607072]}, "mae": {"best": 0.20267255161119546, "random": [0.3292342427709827, 0.2475752718383361, 0.23649398712578212, 0.23804788250236672, 0.22242569972335285], "low_energy": [0.2721033423879873, 0.2222232555866905, 0.20545825105066037, 0.19957789859974048, 0.1857660682549313], "LICUV": [0.23979317499243702, 0.21004993572888708, 0.18740664177260263, 0.1893042066782278, 0.17805057728701335], "NAMFIS": [0.5336246828238168, 0.1818779476576978, 0.18321386457332012, 0.18010546234749056, 0.18010546234707592]}, "bundle-size": [1, 3, 5, 10, 30]}, "trans": {"fulfil": {"best": 0.5833333333333334, "random": [0.4541666666666667, 0.5291666666666666, 0.525, 0.5374999999999999, 0.5666666666666667], "low_energy": [0.4583333333333333, 0.5, 0.4583333333333333, 0.5833333333333334, 0.5], "LICUV": [0.5833333333333334, 0.5416666666666666, 0.5, 0.5833333333333334, 0.5], "NAMFIS": [0.4583333333333333, 0.5833333333333334, 0.5833333333333334, 0.5833333333333334, 0.5]}, "rmsd": {"best": 0.21406127265675792, "random": [0.39976096158205077, 0.28047740795964476, 0.2759716333366081, 0.2714891815596071, 0.24705999276605448], "low_energy": [0.32906864031128724, 0.2405201552580851, 0.22577856195175927, 0.23920329871901913, 0.24077220711125583], "LICUV": [0.41930702609669257, 0.33589259315282, 0.34092897683128, 0.23315472326956677, 0.24078268349679666], "NAMFIS": [0.289182291506251, 0.21776287973359224, 0.2349522965951574, 0.23273670804589774, 0.2343148748393934]}, "mae": {"best": 0.16802547454833974, "random": [0.29933629190921773, 0.2139067551411939, 0.2062386595900744, 0.21000357567267422, 0.18679819986049512], "low_energy": [0.26541971087455746, 0.20488680362430425, 0.17701884576687868, 0.1833658332690208, 0.18876262780266354], "LICUV": [0.2899296760559082, 0.21922618687907827, 0.23367859353024947, 0.19076436286703471, 0.18550283498867937], "NAMFIS": [0.24560826977094008, 0.17575706707149855, 0.18557006690384, 0.18474697711969967, 0.18601756286002502]}, "bundle-size": [1, 3, 5, 10, 30]}}