{"cis": {"fulfil": {"best": 0.4782608695652174, "random": [0.31304347826086953, 0.2739130434782609, 0.25652173913043474, 0.33043478260869563, 0.2652173913043478], "low_energy": [0.30434782608695654, 0.34782608695652173, 0.43478260869565216, 0.4782608695652174, 0.34782608695652173], "LICUV": [0.4782608695652174, 0.30434782608695654, 0.4782608695652174, 0.391304347826087, 0.391304347826087], "NAMFIS": [0.4166666666666667, 0.5416666666666666, 0.5, 0.5, 0.5]}, "rmsd": {"best": 0.27578683483413713, "random": [0.4231915885403995, 0.3192385237260225, 0.32771094498865605, 0.30414108926223, 0.28385502473166435], "low_energy": [0.385883203410799, 0.2920043983826284, 0.2895275847767076, 0.28804659862534304, 0.27353865198178395], "LICUV": [0.3827745576572824, 0.302940908339286, 0.2818779332618886, 0.2828109645550105, 0.2646133349968546], "NAMFIS": [0.8886607558637457, 0.2353821699472568, 0.23996974805378207, 0.23777624115359652, 0.2377762411510527]}, "mae": {"best": 0.20267255161119546, "random": [0.29205507166489303, 0.23314736575156303, 0.25355073910392195, 0.22983969697587972, 0.22178672414728323], "low_energy": [0.2721033423879873, 0.2222232555866905, 0.20545825105066037, 0.19957789859974048, 0.1857660682549313], "LICUV": [0.23979317499243702, 0.21004993572888708, 0.18740664177260263, 0.1893042066782278, 0.17805057728701335], "NAMFIS": [0.5336246828238168, 0.18189101907065233, 0.18321849436291684, 0.18018514957976714, 0.18018514957746498]}, "bundle-size": [1, 3, 5, 10, 30]}, "trans": {"fulfil": {"best": 0.5833333333333334, "random": [0.4208333333333334, 0.4875, 0.5375000000000001, 0.55, 0.5416666666666666], "low_energy": [0.4583333333333333, 0.5, 0.4583333333333333, 0.5833333333333334, 0.5], "LICUV": [0.5833333333333334, 0.5416666666666666, 0.5, 0.5833333333333334, 0.5], "NAMFIS": [0.4583333333333333, 0.5833333333333334, 0.5833333333333334, 0.5833333333333334, 0.5]}, "rmsd": {"best": 0.21406127265675792, "random": [0.44198881917124294, 0.29284676145844035, 0.28971691242702463, 0.24608586358074191, 0.25252035633027375], "low_energy": [0.32906864031128724, 0.2405201552580851, 0.22577856195175927, 0.23920329871901913, 0.24077220711125583], "LICUV": [0.41930702609669257, 0.33589259315282, 0.34092897683128, 0.23315472326956677, 0.24078268349679666], "NAMFIS": [0.289182291506251, 0.21781963379848443, 0.23500229792973917, 0.23279132688374193, 0.2343696711990672]}, "mae": {"best": 0.16802547454833974, "random": [0.319613354285558, 0.226620252791431, 0.22160869139381728, 0.1951444226636591, 0.19370988283861393], "low_energy": [0.26541971087455746, 0.20488680362430425, 0.17701884576687868, 0.1833658332690208, 0.18876262780266354], "LICUV": [0.2899296760559082, 0.21922618687907827, 0.23367859353024947, 0.19076436286703471, 0.18550283498867937], "NAMFIS": [0.24560826977094008, 0.1757801064959533, 0.18560371535754974, 0.18483818859773407, 0.18609808980116113]}, "bundle-size": [1, 3, 5, 10, 30]}}