{"cis": {"fulfil": {"best": 0.17391304347826086, "random": [0.11739130434782608, 0.10434782608695652, 0.14782608695652172, 0.13043478260869562, 0.08695652173913042], "low_energy": [0.08695652173913043, 0.08695652173913043, 0.17391304347826086, 0.17391304347826086, 0.08695652173913043], "LICUV": [0.17391304347826086, 0.08695652173913043, 0.13043478260869565, 0.13043478260869565, 0.08695652173913043], "NAMFIS": [0.20833333333333334, 0.20833333333333334, 0.20833333333333334, 0.20833333333333334, 0.20833333333333334]}, "rmsd": {"best": 2.018431487591481, "random": [2.356407463286194, 2.1420636501168944, 2.088497757676235, 2.0325147498397507, 1.9967398074273803], "low_energy": [2.0362302055526453, 2.019731765089686, 2.030670865201366, 2.1145997305867072, 1.9967398074273799], "LICUV": [2.207255160330365, 2.194147593936727, 2.132125381406012, 1.9349227300309557, 1.9967398074273799], "NAMFIS": [1.750927701985913, 1.5654840704313955, 1.5654840703711568, 1.565484070220099, 1.565484070223819]}, "mae": {"best": 1.2432515281179675, "random": [1.521517200345578, 1.3757745709350055, 1.3571823643644305, 1.323575179192498, 1.3135932210505676], "low_energy": [1.3812857101274572, 1.392217070401977, 1.3464078335696477, 1.3845746851511864, 1.3135932210505679], "LICUV": [1.4214170099341348, 1.4022084472580087, 1.3503477465936509, 1.2444118272305529, 1.3135932210505679], "NAMFIS": [1.2204023504257202, 1.109645201040866, 1.109645200933779, 1.1096452008098516, 1.1096452008122693]}, "bundle-size": [1, 3, 5, 10, 30]}, "trans": {"fulfil": {"best": 0.4166666666666667, "random": [0.21666666666666665, 0.27499999999999997, 0.2875, 0.3208333333333333, 0.32916666666666666], "low_energy": [0.2916666666666667, 0.2916666666666667, 0.2916666666666667, 0.25, 0.25], "LICUV": [0.4166666666666667, 0.3333333333333333, 0.3333333333333333, 0.2916666666666667, 0.2916666666666667], "NAMFIS": [0.20833333333333334, 0.25, 0.25, 0.25, 0.25]}, "rmsd": {"best": 1.2742145740995057, "random": [1.7388917147471772, 1.6736704049689564, 1.571961755713927, 1.5772732194731391, 1.530852195278349], "low_energy": [1.4803910015659232, 1.4043103987813381, 1.425731868244126, 1.5208304381939763, 1.4963494694275918], "LICUV": [1.6291997182867284, 1.4626177313467232, 1.4563379970723234, 1.4088301211640377, 1.4561027331404386], "NAMFIS": [1.6998580177751963, 1.6614847157965829, 1.6614847157530679, 1.6614847156461454, 1.6614847152468]}, "mae": {"best": 0.9156258388360339, "random": [1.1947800449331598, 1.1245400430109722, 1.0676237546240919, 1.0563173689845775, 1.028736041522631], "low_energy": [0.9900034950176875, 0.9312974073003494, 0.9579689101529056, 1.0345849252744024, 1.0281604354647897], "LICUV": [1.0911114980777104, 0.9784501398200153, 0.9833300598564421, 0.9492714039835777, 0.9861238123906949], "NAMFIS": [1.174886783758799, 1.1223621635294139, 1.1223621635118886, 1.1223621634201655, 1.1223621631979694]}, "bundle-size": [1, 3, 5, 10, 30]}}