{"minimum_sasa": 8.48840618133545, "minimum_psa": 6.710690975189209}