{"single": {"stat": {"0": "MAE", "1": "MSE", "2": "RMSD", "3": "pearsonr", "4": "kendalltau", "5": "chisq", "6": "percentage_fulfilled"}, "value": {"0": 0.511203000278673, "1": 0.4096220857491408, "2": 0.6015263847826721, "3": 0.566095948158007, "4": 0.4511941200978982, "5": 3.2095203041258276, "6": 0.5909090909090909}, "up": {"0": 0.6522128358853152, "1": 0.5907677883737787, "2": 0.7410665566770747, "3": 0.8495552868534894, "4": 0.73586192109777, "5": 4.962799545725548, "6": 0.0}, "low": {"0": 0.3866274324897739, "1": 0.21696710782150977, "2": 0.45377090874203035, "3": 0.15927744660129436, "4": 0.11312217194570136, "5": 1.8172753774774144, "6": 0.0}, "most-populated-1": {"0": 0.6085876300118186, "1": 0.5641864317113702, "2": 0.7911528013987852, "3": NaN, "4": NaN, "5": NaN, "6": 0.5909090909090909}}}