{"minimum_sasa": 7.129618968963619, "minimum_psa": 5.402438812255877}