{"single": {"stat": {"0": "MAE", "1": "MSE", "2": "RMSD", "3": "RMSD_step", "4": "pearsonr", "5": "kendalltau", "6": "chisq", "7": "percentage_fulfilled"}, "value": {"0": 0.511203000278673, "1": 0.4096220857491408, "2": 0.6015263847826721, "3": 0.16416455159382007, "4": 0.566095948158007, "5": 0.4511941200978982, "6": 3.2095203041258276, "7": 0.5909090909090909}, "up": {"0": 0.647250246022158, "1": 0.5902260794979672, "2": 0.7421179510479801, "3": 0.20495065922139527, "4": 0.8452557252913976, "5": 0.7370924139751539, "6": 4.952936853917024, "7": 0.0}, "low": {"0": 0.3852454450899326, "1": 0.21738992085223915, "2": 0.454321899468057, "3": 0.11455248829098753, "4": 0.15574928987953393, "5": 0.11711711711711711, "6": 1.8056226643790676, "7": 0.0}, "most-populated-1": {"0": 0.6085876300118186, "1": 0.5641864317113702, "2": 0.7911528013987852, "3": 0.16416455159382007, "4": NaN, "5": NaN, "6": NaN, "7": 0.5909090909090909}}}