{"single": {"stat": {"0": "MAE", "1": "MSE", "2": "RMSD", "3": "pearsonr", "4": "kendalltau", "5": "chisq", "6": "percentage_fulfilled"}, "value": {"0": 0.8201243663582853, "1": -0.1138652249505211, "2": 1.0470910360464973, "3": 0.3521538947854709, "4": 0.19999999999999998, "5": 5.175936886860383, "6": 0.8125}, "up": {"0": 1.1618658448379495, "1": 0.4236148673978686, "2": 1.424564534201039, "3": 0.6948809479713361, "4": 0.5636543654365435, "5": 9.254064897872972, "6": 0.0}, "low": {"0": 0.5235115808675285, "1": 0.0, "2": 0.6711179254536579, "3": 0.0, "4": 0.0, "5": 2.1098418278932405, "6": 0.0}, "most-populated-1": {"0": 0.4066677206754685, "1": 0.03235049307346324, "2": 0.528881890460076, "3": NaN, "4": NaN, "5": NaN, "6": 0.875}}}