{"single": {"stat": {"0": "MAE", "1": "MSE", "2": "RMSD", "3": "RMSD_step", "4": "pearsonr", "5": "kendalltau", "6": "chisq", "7": "percentage_fulfilled"}, "value": {"0": 0.26899945552679627, "1": -0.14749083153389278, "2": 0.3484472239437704, "3": 0.0, "4": 0.9026880975676221, "5": 0.7333333333333334, "6": 0.5435683272641898, "7": 1.0}, "up": {"0": 0.38205088295983564, "1": 0.004799420158673358, "2": 0.45635204735323665, "3": 0.0, "4": 0.9712237066737298, "5": 0.9082568807339448, "6": 0.9323871490834598, "7": 0.0}, "low": {"0": 0.16814613683557436, "1": 0.0, "2": 0.21957288158010163, "3": 0.0, "4": 0.7953149668465482, "5": 0.5412844036697246, "6": 0.21940318011018628, "7": 0.0}, "most-populated-1": {"0": 0.4066677206754685, "1": 0.03235049307346324, "2": 0.528881890460076, "3": 0.0, "4": NaN, "5": NaN, "6": NaN, "7": 0.875}}}