{"12": {"0": {"Atom 1": "(73,)", "Atom 2": "(56,)", "NMR exp": 2.38, "lower bound": 0, "upper bound": 0, "md": [2.643088514552811], "lower": [2.2299898447225304], "upper": [3.3422321874373098]}, "1": {"Atom 1": "(73,)", "Atom 2": "(1,)", "NMR exp": 4.24, "lower bound": 0, "upper bound": 0, "md": [3.583802340051678], "lower": [3.1725440103841107], "upper": [4.524792354246732]}, "2": {"Atom 1": "(73,)", "Atom 2": "(54,)", "NMR exp": 3.31, "lower bound": 0, "upper bound": 0, "md": [2.6156926905088573], "lower": [2.35312027566419], "upper": [3.6594073559233475]}, "3": {"Atom 1": "(92,)", "Atom 2": "(75,)", "NMR exp": 2.17, "lower bound": 0, "upper bound": 0, "md": [2.3069123340196955], "lower": [2.108850593916458], "upper": [2.6979594503090336]}, "4": {"Atom 1": "(20,)", "Atom 2": "(54,)", "NMR exp": 3.74, "lower bound": 0, "upper bound": 0, "md": [4.246350216644595], "lower": [3.5613433414603453], "upper": [4.7662243380445855]}, "5": {"Atom 1": "(20,)", "Atom 2": "(3,)", "NMR exp": 2.4, "lower bound": 0, "upper bound": 0, "md": [2.272098251633922], "lower": [2.114651147260207], "upper": [2.7926297546794716]}, "6": {"Atom 1": "(20,)", "Atom 2": "(24, 25)", "NMR exp": 2.71, "lower bound": 0, "upper bound": 0, "md": [2.65236923643012, 2.4303658311497087], "lower": [2.3786572663331884, 2.2428520899529873], "upper": [3.4495403576749, 2.8696676783848702]}, "7": {"Atom 1": "(1,)", "Atom 2": "(54,)", "NMR exp": 4.19, "lower bound": 0, "upper bound": 0, "md": [3.9691787991302694], "lower": [3.6268585450386914], "upper": [4.644983674913919]}, "8": {"Atom 1": "(1,)", "Atom 2": "(94,)", "NMR exp": 3.57, "lower bound": 0, "upper bound": 0, "md": [3.437473320134196], "lower": [3.2536449015845634], "upper": [3.579362514910358]}, "9": {"Atom 1": "(1,)", "Atom 2": "(75,)", "NMR exp": 4.04, "lower bound": 0, "upper bound": 0, "md": [3.910247646610215], "lower": [3.511031084759635], "upper": [4.531404385390437]}, "10": {"Atom 1": "(1,)", "Atom 2": "(96,)", "NMR exp": 3.65, "lower bound": 0, "upper bound": 0, "md": [3.0110122234510697], "lower": [2.5827465906687594], "upper": [4.1016457122194705]}, "11": {"Atom 1": "(28, 36)", "Atom 2": "(41, 42)", "NMR exp": 4.42, "lower bound": 0, "upper bound": 0, "md": [3.2620224249078644, 4.38261203115565, 3.2339680698634896, 4.297789376781501], "lower": [2.7577798330221097, 3.7646898104427136, 2.740445645924233, 3.704287241510782], "upper": [4.952680263202826, 5.756143966979513, 4.888287968993323, 5.682490983226585]}, "12": {"Atom 1": "(54,)", "Atom 2": "(44, 45)", "NMR exp": 3.42, "lower bound": 0, "upper bound": 0, "md": [4.644013418908189, 3.3235866503711837], "lower": [4.323057470527436, 2.865437967447489], "upper": [4.965080126575894, 4.459247290299077]}, "13": {"Atom 1": "(54,)", "Atom 2": "(50,)", "NMR exp": 3.77, "lower bound": 0, "upper bound": 0, "md": [3.4172917940431913], "lower": [3.2688721596937005], "upper": [3.556843215191151]}, "14": {"Atom 1": "(54,)", "Atom 2": "(41, 42)", "NMR exp": 3.05, "lower bound": 0, "upper bound": 0, "md": [4.07744580184054, 2.8627127199941356], "lower": [3.862569767951314, 2.556715310005097], "upper": [4.325695238140755, 3.3115861326390132]}, "15": {"Atom 1": "(22,)", "Atom 2": "(41, 42)", "NMR exp": 2.23, "lower bound": 0, "upper bound": 0, "md": [2.2957179267261263, 2.31976645028101], "lower": [2.109946144887492, 2.1223908585726456], "upper": [2.65138607751045, 2.716038892424968]}}}