{"single": {"stat": {"0": "MAE", "1": "MSE", "2": "RMSD", "3": "RMSD_step", "4": "pearsonr", "5": "kendalltau", "6": "chisq", "7": "percentage_fulfilled"}, "value": {"0": 0.35184672141984963, "1": 0.15273489701260187, "2": 0.4236641642228154, "3": 0.23599258462926326, "4": 0.785831066802947, "5": 0.4656149830385737, "6": 1.188984802509334, "7": 0.55}, "up": {"0": 0.45562216892342905, "1": 0.3233292469574981, "2": 0.5305634451018824, "3": 0.32102881482320506, "4": 0.9295095984272993, "5": 0.7514628454332203, "6": 1.8872520641783497, "7": 0.0}, "low": {"0": 0.2528026170464216, "1": 0.0, "2": 0.30894920772659656, "3": 0.14137781632477667, "4": 0.45385617245733095, "5": 0.10496515611876618, "6": 0.6278849129005925, "7": 0.0}}}