{"minimum_sasa": 5.904734935760504, "minimum_psa": 4.030945243835452}