{"single": {"stat": {"0": "MAE", "1": "MSE", "2": "RMSD", "3": "RMSD_step", "4": "pearsonr", "5": "kendalltau", "6": "chisq", "7": "percentage_fulfilled"}, "value": {"0": 0.35184672141984963, "1": 0.15273489701260187, "2": 0.4236641642228154, "3": 0.23599258462926326, "4": 0.785831066802947, "5": 0.4656149830385737, "6": 1.188984802509334, "7": 0.55}, "up": {"0": 0.4618275948982594, "1": 0.3268164157217166, "2": 0.5276273704499119, "3": 0.32204444468508564, "4": 0.9267469043128316, "5": 0.7472971733950121, "6": 1.8927918909576904, "7": 0.0}, "low": {"0": 0.25249655762428347, "1": 0.0, "2": 0.3088732467766701, "3": 0.1407480017620143, "4": 0.45485922118437666, "5": 0.11049892402196598, "6": 0.6267632269241651, "7": 0.0}}}