{"cis": {"stat": {"0": "MAE", "1": "MSE", "2": "RMSD", "3": "pearsonr", "4": "kendalltau", "5": "chisq", "6": "percentage_fulfilled"}, "value": {"0": 0.42870616811866163, "1": 0.08757611511100963, "2": 0.5205298209429952, "3": 0.28710303633859424, "4": 0.24066495746038513, "5": 1.9049915650358276, "6": 0.8888888888888888}, "up": {"0": 0.5679210030874204, "1": 0.32153014295060245, "2": 0.6451107776898273, "3": 0.62502682561174, "4": 0.6125564054513244, "5": 2.924967183282947, "6": 0.0}, "low": {"0": 0.2987593280139175, "1": 0.0, "2": 0.3738666930590627, "3": 0.0, "4": 0.0, "5": 0.973026202820511, "6": 0.0}, "most-populated-1": {"0": 0.47366121345096157, "1": 0.18157709704505065, "2": 0.6422230478094468, "3": NaN, "4": NaN, "5": NaN, "6": 0.8888888888888888}}, "trans": {"stat": {"0": "MAE", "1": "MSE", "2": "RMSD", "3": "pearsonr", "4": "kendalltau", "5": "chisq", "6": "percentage_fulfilled"}, "value": {"0": 0.4173585635563553, "1": 0.1365369133496397, "2": 0.48974113312242, "3": 0.344186258708031, "4": 0.19289712886816485, "5": 0.9210837140265168, "6": 0.9}, "up": {"0": 0.5913941195702639, "1": 0.42197826720630766, "2": 0.6715212546458571, "3": 0.835793856971664, "4": 0.8421085037692553, "5": 1.7652693031900974, "6": 0.0}, "low": {"0": 0.2793389519847551, "1": 0.0, "2": 0.29861315675850575, "3": 0.0, "4": 0.0, "5": 0.3326936852683151, "6": 0.0}, "most-populated-1": {"0": NaN, "1": NaN, "2": NaN, "3": NaN, "4": NaN, "5": NaN, "6": NaN}}}