{"cis": {"stat": {"0": "MAE", "1": "MSE", "2": "RMSD", "3": "RMSD_step", "4": "pearsonr", "5": "kendalltau", "6": "chisq", "7": "percentage_fulfilled"}, "value": {"0": 0.3127036481197737, "1": 0.10668772564240298, "2": 0.45911369808977137, "3": 0.3333333333333333, "4": 0.4705090307371328, "5": 0.40569235686179206, "6": 1.38670684231091, "7": 0.8888888888888888}, "up": {"0": 0.47398622695704684, "1": 0.30820851301551594, "2": 0.6247796832873252, "3": 0.5270462766947299, "4": 0.8587451677761694, "5": 0.7752407354417986, "6": 2.5487763642992487, "7": 0.0}, "low": {"0": 0.16799959782830023, "1": 0.0, "2": 0.25438316747154954, "3": 0.0, "4": 0.02088127413143136, "5": 0.0, "6": 0.4605448907449264, "7": 0.0}, "most-populated-1": {"0": 0.47366121345096157, "1": 0.18157709704505065, "2": 0.6422230478094468, "3": 0.0, "4": NaN, "5": NaN, "6": NaN, "7": 0.8888888888888888}}, "trans": {"stat": {"0": "MAE", "1": "MSE", "2": "RMSD", "3": "RMSD_step", "4": "pearsonr", "5": "kendalltau", "6": "chisq", "7": "percentage_fulfilled"}, "value": {"0": 0.3284794133658932, "1": 0.04882340673339303, "2": 0.44291175910035885, "3": 0.0, "4": -0.2371898872149415, "5": -0.24112141108520604, "6": 0.7426242144563809, "7": 1.0}, "up": {"0": 0.5192166977410021, "1": 0.32422411699713083, "2": 0.6169821381358422, "3": 0.0, "4": 0.46027103377147593, "5": 0.38769905726763276, "6": 1.4383983576457584, "7": 0.0}, "low": {"0": 0.15741398439483276, "1": 0.0, "2": 0.23064458568365787, "3": 0.0, "4": 0.0, "5": 0.0, "6": 0.20432373281694197, "7": 0.0}, "most-populated-1": {"0": NaN, "1": NaN, "2": NaN, "3": NaN, "4": NaN, "5": NaN, "6": NaN, "7": NaN}}}