{"single": {"stat": {"0": "MAE", "1": "MSE", "2": "RMSD", "3": "pearsonr", "4": "kendalltau", "5": "chisq", "6": "percentage_fulfilled"}, "value": {"0": 0.931299369227285, "1": -0.7879756221699115, "2": 1.1458744637314235, "3": 0.4445232934437599, "4": 0.36296242961068925, "5": 26.55290574193844, "6": 0.7441860465116279}, "up": {"0": 1.0749890559498874, "1": -0.6095658016191019, "2": 1.294977087107634, "3": 0.5888784046326099, "4": 0.5053344398225099, "5": 33.390495783508634, "6": 0.0}, "low": {"0": 0.7938776581098709, "1": 0.0, "2": 0.9909185775320528, "3": 0.30154053278115106, "4": 0.2121423350106154, "5": 20.197879112193377, "6": 0.0}, "most-populated-1": {"0": 0.5405194856399713, "1": -0.40606340558029885, "2": 0.7301321313678912, "3": NaN, "4": NaN, "5": NaN, "6": 0.9418604651162791}}}