{"single": {"stat": {"0": "MAE", "1": "MSE", "2": "RMSD", "3": "RMSD_step", "4": "pearsonr", "5": "kendalltau", "6": "chisq", "7": "percentage_fulfilled"}, "value": {"0": 0.7569593781426411, "1": -0.7032717751866518, "2": 0.9017277920731401, "3": 0.4626767418423584, "4": 0.6543918685892824, "5": 0.5382986905398405, "6": 16.481190378374723, "7": 0.9069767441860465}, "up": {"0": 0.8642315614907815, "1": -0.5862168607693621, "2": 1.0179060481987687, "3": 0.6071281999403343, "4": 0.7636646584565125, "5": 0.651990528425885, "6": 20.64408856648431, "7": 0.0}, "low": {"0": 0.6567965515884754, "1": 0.0, "2": 0.7876330214639715, "3": 0.286924347860806, "4": 0.5207739910227182, "5": 0.4042279202548724, "6": 12.751978658376999, "7": 0.0}, "most-populated-1": {"0": 0.5405194856399713, "1": -0.40606340558029885, "2": 0.7301321313678912, "3": 0.4626767418423584, "4": NaN, "5": NaN, "6": NaN, "7": 0.9418604651162791}}}