{"single": {"fulfil": {"best": 0.9393939393939394, "random": [0.7757575757575758, 0.7439393939393939, 0.75, 0.7712121212121211, 0.7636363636363636], "low_energy": [0.7424242424242424, 0.7575757575757576, 0.7727272727272727, 0.7424242424242424, 0.803030303030303], "LICUV": [0.9393939393939394, 0.8787878787878788, 0.8484848484848485, 0.8484848484848485, 0.803030303030303], "NAMFIS": [0.9090909090909091, 0.8484848484848485, 0.8939393939393939, 0.8333333333333334, 0.8333333333333334]}, "rmsd": {"best": 0.886743278295327, "random": [1.4907431338057846, 1.3088737158589736, 1.2691290152090486, 1.2044440006137596, 1.225227521642517], "low_energy": [1.681182774778899, 1.1858894500579966, 1.1608620604368223, 1.1822603209166862, 1.1496105823473142], "LICUV": [0.9764118353819885, 0.9953716227874062, 1.061164042595891, 1.1273907558893368, 1.1671986844888498], "NAMFIS": [0.886743278295327, 0.9662218990669001, 1.0073962496904412, 1.0803478757016134, 1.0803478757041924]}, "rmsd_stepwise": {"best": 0.371728150913834, "random": [0.7286929971844455, 0.8006970038351009, 0.7846603262586429, 0.7594257733878942, 0.7747882906094384], "low_energy": [0.801513719423593, 0.7769403861535089, 0.7515640257812268, 0.801513719423593, 0.7101002916788755], "LICUV": [0.371728150913834, 0.541602560309064, 0.6090230627070626, 0.6090230627070626, 0.6980492298346349], "NAMFIS": [0.4060153751380418, 0.6090230627070626, 0.5045249791095129, 0.6400757530925301, 0.6400757530925301]}, "mae": {"best": 0.7200623136578184, "random": [1.0969207230842475, 1.0424897038109637, 1.0450325664237883, 1.0308547508202586, 1.0780867425339808], "low_energy": [1.1877874894575637, 0.9953591878732833, 0.9746054234687552, 1.003760545341036, 0.9929368439886792], "LICUV": [0.8027288046750154, 0.8434390982399151, 0.8909119358817372, 1.0055111417541156, 1.0468352539098642], "NAMFIS": [0.7200623136578184, 0.8042005404122367, 0.8495876106446981, 0.9302525349619207, 0.9302525349643659]}, "bundle-size": [1, 3, 5, 10, 30]}}