{"single": {"fulfil": {"best": 0.7586206896551724, "random": [0.5862068965517242, 0.5931034482758621, 0.6068965517241379, 0.6, 0.6103448275862069], "low_energy": [0.41379310344827586, 0.4827586206896552, 0.6206896551724138, 0.6551724137931034, 0.6206896551724138], "LICUV": [0.7586206896551724, 0.7586206896551724, 0.7931034482758621, 0.8275862068965517, 0.7241379310344828], "NAMFIS": [0.6206896551724138, 0.7931034482758621, 0.8620689655172413, 0.8620689655172413, 0.8620689655172413]}, "rmsd": {"best": 0.3792698692665725, "random": [0.6363165593601884, 0.53871523792022, 0.5038242508831019, 0.4278780257906495, 0.4167540060390758], "low_energy": [0.7666136738421251, 0.672933077512267, 0.5575968031309492, 0.451282619650642, 0.43700120414108656], "LICUV": [0.4667368079602676, 0.36292024536407586, 0.36662504944977475, 0.2996960369901437, 0.30056105511325826], "NAMFIS": [0.3792698692665725, 0.31938056804536147, 0.2932249771173344, 0.2639966922377182, 0.26399669221448235]}, "mae": {"best": 0.2980720605521365, "random": [0.4621750190997945, 0.3946400040467937, 0.3657899920117886, 0.32813104142572486, 0.329392522874275], "low_energy": [0.6006944432751884, 0.5019237000863257, 0.3952609863408297, 0.3479933452957384, 0.34598510968113305], "LICUV": [0.323267194484842, 0.26294156230699184, 0.2620248406781282, 0.232355802793687, 0.2327549061263214], "NAMFIS": [0.2980720605521365, 0.25420756465779015, 0.2400238838961872, 0.2193913708543866, 0.21939137083624669]}, "bundle-size": [1, 3, 5, 10, 30]}}