{"single": {"fulfil": {"best": 0.4482758620689655, "random": [0.3413793103448276, 0.3413793103448276, 0.3413793103448276, 0.3551724137931035, 0.34137931034482766], "low_energy": [0.3103448275862069, 0.3103448275862069, 0.3103448275862069, 0.3103448275862069, 0.3448275862068966], "LICUV": [0.4482758620689655, 0.4482758620689655, 0.41379310344827586, 0.4482758620689655, 0.4482758620689655], "NAMFIS": [0.3448275862068966, 0.3793103448275862, 0.3448275862068966, 0.3793103448275862, 0.3793103448275862]}, "rmsd": {"best": 2.264860359060117, "random": [2.8182550474162715, 2.5678237373466284, 2.4514173069438416, 2.3678273719586853, 2.2841507407379535], "low_energy": [2.7963684291421544, 2.6765672566638563, 2.7190614709790264, 2.6712978963782583, 2.4724575154584083], "LICUV": [2.4470601300884547, 2.352999438987013, 2.4359924550582552, 2.50305333835736, 2.3567055328371205], "NAMFIS": [2.354541797553858, 2.238533911596876, 1.9859661267220026, 1.8549743970861665, 1.854974413777697]}, "mae": {"best": 1.6216751365003912, "random": [2.034018274077053, 1.8334713418987665, 1.760566175745489, 1.6817386186055792, 1.6501665345466843], "low_energy": [2.0495735704487767, 1.959831423562718, 1.9911864305586406, 1.9440704642261364, 1.784154193717689], "LICUV": [1.7627933125660336, 1.6140834625807652, 1.647232152364522, 1.6843661539027934, 1.5898890599173092], "NAMFIS": [1.7534311135061853, 1.6389271812474135, 1.488130874300587, 1.3845494118289643, 1.3845494219908248]}, "bundle-size": [1, 3, 5, 10, 30]}}