{"single": {"fulfil": {"best": 0.7586206896551724, "random": [0.5724137931034482, 0.606896551724138, 0.6586206896551724, 0.6172413793103447, 0.6206896551724138], "low_energy": [0.41379310344827586, 0.4827586206896552, 0.6206896551724138, 0.6551724137931034, 0.6206896551724138], "LICUV": [0.7586206896551724, 0.7586206896551724, 0.7931034482758621, 0.8275862068965517, 0.7241379310344828], "NAMFIS": [0.6206896551724138, 0.7931034482758621, 0.8620689655172413, 0.8620689655172413, 0.8620689655172413]}, "rmsd": {"best": 0.3792698692665725, "random": [0.7027486769230067, 0.5301266690301157, 0.4788225753423224, 0.48580674174020694, 0.40795364959737446], "low_energy": [0.7666136738421251, 0.672933077512267, 0.5575968031309492, 0.451282619650642, 0.43700120414108656], "LICUV": [0.4667368079602676, 0.36292024536407586, 0.36662504944977475, 0.2996960369901437, 0.30056105511325826], "NAMFIS": [0.3792698692665725, 0.31937405529466667, 0.29321531455276917, 0.26398673485417445, 0.26398673484771956]}, "mae": {"best": 0.2980720605521365, "random": [0.5005650882392092, 0.3876399790158411, 0.35662959547151274, 0.3619216480829272, 0.3204930805007812], "low_energy": [0.6006944432751884, 0.5019237000863257, 0.3952609863408297, 0.3479933452957384, 0.34598510968113305], "LICUV": [0.323267194484842, 0.26294156230699184, 0.2620248406781282, 0.232355802793687, 0.2327549061263214], "NAMFIS": [0.2980720605521365, 0.2542045021783857, 0.2400127638930744, 0.21938096412710897, 0.21938096412200328]}, "bundle-size": [1, 3, 5, 10, 30]}}