{"single": {"fulfil": {"best": 0.7586206896551724, "random": [0.5827586206896552, 0.5896551724137931, 0.5862068965517242, 0.617241379310345, 0.6068965517241379], "low_energy": [0.41379310344827586, 0.4827586206896552, 0.6206896551724138, 0.6551724137931034, 0.6206896551724138], "LICUV": [0.7586206896551724, 0.7586206896551724, 0.7931034482758621, 0.8275862068965517, 0.7241379310344828], "NAMFIS": [0.6206896551724138, 0.7931034482758621, 0.8620689655172413, 0.8620689655172413, 0.8620689655172413]}, "rmsd": {"best": 0.3792698692665725, "random": [0.6188497629428775, 0.5599405120186427, 0.5126045713345263, 0.42887417004127526, 0.4122040078150636], "low_energy": [0.7666136738421251, 0.672933077512267, 0.5575968031309492, 0.451282619650642, 0.43700120414108656], "LICUV": [0.4667368079602676, 0.36292024536407586, 0.36662504944977475, 0.2996960369901437, 0.30056105511325826], "NAMFIS": [0.3792698692665725, 0.3193658250943041, 0.2932090527675292, 0.2639654050873636, 0.2639654050865738]}, "rmsd_stepwise": {"best": 0.16178956106302264, "random": [0.3896920362589014, 0.38001133572504625, 0.3768598026269273, 0.3307205889790993, 0.35665767579287355], "low_energy": [0.445819663556682, 0.4920961498423405, 0.36339870760592313, 0.3670619603808337, 0.37126531084183295], "LICUV": [0.34953170642032383, 0.14621665549733923, 0.1409206183979306, 0.12873388750870318, 0.16098832684176315], "NAMFIS": [0.36473892410684755, 0.25910988216292097, 0.2500275846850669, 0.25317296799646277, 0.25317296799646277]}, "mae": {"best": 0.2980720605521365, "random": [0.46193633686262975, 0.42326131058749655, 0.38805454213678187, 0.329390553280572, 0.3281961775930834], "low_energy": [0.6006944432751884, 0.5019237000863257, 0.3952609863408297, 0.3479933452957384, 0.34598510968113305], "LICUV": [0.323267194484842, 0.26294156230699184, 0.2620248406781282, 0.232355802793687, 0.2327549061263214], "NAMFIS": [0.2980720605521365, 0.25420472872694866, 0.2400027596698844, 0.21937033481248283, 0.21937033481173002]}, "bundle-size": [1, 3, 5, 10, 30]}}