{"minimum_sasa": 8.880034446716309, "minimum_psa": 7.169910430908203}