{"single": {"fulfil": {"best": 0.8543689320388349, "random": [0.741747572815534, 0.7048543689320388, 0.7087378640776699, 0.7436893203883496, 0.7504854368932038], "low_energy": [0.7378640776699029, 0.7087378640776699, 0.7281553398058253, 0.7378640776699029, 0.7572815533980582], "LICUV": [0.8543689320388349, 0.8446601941747572, 0.8155339805825242, 0.7669902912621359, 0.7766990291262136], "NAMFIS": [0.8349514563106796, 0.7669902912621359, 0.7766990291262136, 0.7669902912621359, 0.7669902912621359]}, "rmsd": {"best": 1.136151452737486, "random": [1.6208084629137822, 1.5825410345858573, 1.4088997440252458, 1.3030934249745338, 1.2815267207929621], "low_energy": [1.7843990487096504, 1.6216403686154999, 1.3788525651232884, 1.329649614527514, 1.3206600780088054], "LICUV": [1.2464351577917063, 0.9861884627346159, 1.0708252999212626, 1.1215791133847253, 1.1800865280803554], "NAMFIS": [1.136151452737486, 1.1210340298850092, 1.1335891959539963, 1.135208435273828, 1.1352084353309488]}, "rmsd_stepwise": {"best": 0.5832616691994096, "random": [0.7973172522540085, 0.8595466170329734, 0.8545117207728659, 0.8012090578047599, 0.7919890788855446], "low_energy": [0.8125233379769969, 0.8571798420129803, 0.827676593658006, 0.8125233379769969, 0.7813356749139281], "LICUV": [0.5832616691994096, 0.6219293500911934, 0.6792342919059451, 0.7652653578734404, 0.7488502514048626], "NAMFIS": [0.6330692687448397, 0.7652653578734404, 0.7488502514048626, 0.7652653578734404, 0.7652653578734404]}, "mae": {"best": 0.8534794177823852, "random": [1.157962528015803, 1.1767683763647798, 1.1400379896559207, 1.0991188793215216, 1.125441789511246], "low_energy": [1.2291118427387717, 1.168895176695741, 1.1369477177132727, 1.155333485162514, 1.1427405276977878], "LICUV": [0.9138064048822644, 0.7803348332136604, 0.8855309912893745, 0.9475708688125648, 1.028912801502655], "NAMFIS": [0.8534794177823852, 0.8970071727393366, 0.9208057047487422, 0.9325185959043545, 0.932518595994628]}, "bundle-size": [1, 3, 5, 10, 30]}}