{"51": {"0": {"Atom 1": "(11,)", "Atom 2": "(15,)", "NMR exp": 0, "lower bound": 2.0, "upper bound": 2.37, "md": [2.171859196819977], "lower": [2.046001049482801], "upper": [2.462712965834535]}, "1": {"Atom 1": "(11,)", "Atom 2": "(25,)", "NMR exp": 0, "lower bound": 3.28, "upper bound": 3.97, "md": [3.6449785692100067], "lower": [3.3913087031507985], "upper": [4.556850865638174]}, "2": {"Atom 1": "(2, 3)", "Atom 2": "(45,)", "NMR exp": 0, "lower bound": 3.61, "upper bound": 4.87, "md": [4.933376601441592, 4.583646377179517], "lower": [4.673514013693906, 4.064079014862139], "upper": [5.191968109846846, 4.9705043535621485]}, "3": {"Atom 1": "(2, 3)", "Atom 2": "(47,)", "NMR exp": 0, "lower bound": 2.11, "upper bound": 3.05, "md": [2.511859429712437, 2.2682851148830916], "lower": [2.262226614176753, 2.09651843671845], "upper": [2.9558278156753137, 2.606186003699778]}, "4": {"Atom 1": "(2, 3)", "Atom 2": "(49, 50, 51)", "NMR exp": 0, "lower bound": 2.65, "upper bound": 4.6, "md": [2.8903165202856695, 2.9070635473907296, 2.914234990108527, 3.839282095837002, 3.851150980344198, 3.8311855198522573], "lower": [2.4028126217952326, 2.4084087409889054, 2.4117309397498943, 3.2833866849910933, 3.2949240710548944, 3.2816530067939818], "upper": [4.050297831118871, 4.053445806977657, 4.054343966601571, 4.678958161957193, 4.681577564977228, 4.675347236311992]}, "5": {"Atom 1": "(15,)", "Atom 2": "(17,)", "NMR exp": 0, "lower bound": 2.71, "upper bound": 2.98, "md": [2.8767777348393593], "lower": [2.776928943358188], "upper": [2.966182278344086]}, "6": {"Atom 1": "(15,)", "Atom 2": "(19, 20, 21)", "NMR exp": 0, "lower bound": 2.56, "upper bound": 3.12, "md": [2.6326903317775368, 2.632321936130819, 2.6337838774080824], "lower": [2.3596737726638435, 2.358700965924125, 2.3590809249789455], "upper": [3.3898953906934683, 3.3906566165626035, 3.394330888582295]}, "7": {"Atom 1": "(15,)", "Atom 2": "(25,)", "NMR exp": 0, "lower bound": 2.3, "upper bound": 2.78, "md": [2.5562346429974494], "lower": [2.250391011112943], "upper": [3.1803708790661203]}, "8": {"Atom 1": "(17,)", "Atom 2": "(25,)", "NMR exp": 0, "lower bound": 2.58, "upper bound": 3.12, "md": [3.083095919452798], "lower": [2.5568901089125635], "upper": [3.457923739619967]}, "9": {"Atom 1": "(19, 20, 21)", "Atom 2": "(25,)", "NMR exp": 0, "lower bound": 2.76, "upper bound": 3.83, "md": [3.567968477107906, 3.5411019655834526, 3.5678566153640086], "lower": [3.018992836924827, 3.0014313486604216, 3.018428032770368], "upper": [4.2870147607481615, 4.279329295634482, 4.285915156346365]}, "10": {"Atom 1": "(27,)", "Atom 2": "(25,)", "NMR exp": 0, "lower bound": 2.44, "upper bound": 2.96, "md": [2.8359187817276577], "lower": [2.4717792255687647], "upper": [2.9684656907048077]}, "11": {"Atom 1": "(27,)", "Atom 2": "(35,)", "NMR exp": 0, "lower bound": 2.58, "upper bound": 3.12, "md": [2.5614348490511674], "lower": [2.1812781340622376], "upper": [3.3599143512950898]}, "12": {"Atom 1": "(25,)", "Atom 2": "(29, 30, 31)", "NMR exp": 0, "lower bound": 2.66, "upper bound": 3.52, "md": [2.9557153453482194, 2.962592972837181, 2.9482826953996315], "lower": [2.5860214977703397, 2.5910621346572373, 2.58260664142874], "upper": [3.6377772974508513, 3.639823222298129, 3.632353757218243]}, "13": {"Atom 1": "(25,)", "Atom 2": "(45,)", "NMR exp": 0, "lower bound": 3.46, "upper bound": 4.19, "md": [3.4794593016837916], "lower": [3.112621988335076], "upper": [4.265225917804286]}, "14": {"Atom 1": "(35,)", "Atom 2": "(37,)", "NMR exp": 0, "lower bound": 2.46, "upper bound": 2.98, "md": [2.4801284388210276], "lower": [2.1935041701839015], "upper": [2.9140713555997415]}, "15": {"Atom 1": "(35,)", "Atom 2": "(45,)", "NMR exp": 0, "lower bound": 2.24, "upper bound": 2.72, "md": [2.401208936270753], "lower": [2.080322913042399], "upper": [3.3433441408003337]}, "16": {"Atom 1": "(37,)", "Atom 2": "(45,)", "NMR exp": 0, "lower bound": 3.02, "upper bound": 3.64, "md": [3.500370089248172], "lower": [3.3731783846496652], "upper": [3.619838127792601]}, "17": {"Atom 1": "(39, 40, 41)", "Atom 2": "(45,)", "NMR exp": 0, "lower bound": 2.61, "upper bound": 3.66, "md": [3.0198356346310584, 3.017665036890248, 3.013091676637656], "lower": [2.5449069004782223, 2.545423782233394, 2.5429353686768463], "upper": [3.889532173542904, 3.889666346198765, 3.8878810015142635]}, "18": {"Atom 1": "(45,)", "Atom 2": "(47,)", "NMR exp": 0, "lower bound": 2.64, "upper bound": 2.98, "md": [2.924276150846967], "lower": [2.849531142837751], "upper": [2.993795688634263]}, "19": {"Atom 1": "(45,)", "Atom 2": "(49, 50, 51)", "NMR exp": 0, "lower bound": 2.65, "upper bound": 3.54, "md": [2.8909629187906014, 2.8903613652308704, 2.8901778112806307], "lower": [2.536839203422571, 2.536844559690934, 2.5373488703385445], "upper": [3.5727357260104324, 3.5709568051137657, 3.5714376401312107]}}}