{"single": {"stat": {"0": "MAE", "1": "MSE", "2": "RMSD", "3": "RMSD_step", "4": "pearsonr", "5": "kendalltau", "6": "chisq", "7": "percentage_fulfilled"}, "value": {"0": 0.38464308826031857, "1": -0.254208205854917, "2": 0.5432381308158871, "3": 0.17041860227099626, "4": 0.7015646154591276, "5": 0.49736145915484, "6": 2.0744102945694323, "7": 0.65}, "up": {"0": 0.5596539847396794, "1": -0.051456747084537735, "2": 0.6997792415282088, "3": 0.22123516899444362, "4": 0.8585019254091877, "5": 0.7611288764108134, "6": 3.5013099613643694, "7": 0.0}, "low": {"0": 0.22313241261761926, "1": 0.0, "2": 0.34947529509541503, "3": 0.10821852891256652, "4": 0.4394603627849673, "5": 0.16854996561581054, "6": 0.8256495374629536, "7": 0.0}}}