{"single": {"stat": {"0": "MAE", "1": "MSE", "2": "RMSD", "3": "RMSD_step", "4": "pearsonr", "5": "kendalltau", "6": "chisq", "7": "percentage_fulfilled"}, "value": {"0": 0.16022300974557796, "1": -0.008464434651814323, "2": 0.19008138733861785, "3": 0.06037383539249432, "4": 0.9470186020466632, "5": 0.7724975854958153, "6": 0.2216772523861015, "7": 0.95}, "up": {"0": 0.20551177588262948, "1": 0.07522534594856915, "2": 0.23011373178169836, "3": 0.10457055034760025, "4": 0.9815576603017995, "5": 0.9090957399877392, "6": 0.31204000415708216, "7": 0.0}, "low": {"0": 0.11572443133067761, "1": 0.0, "2": 0.1461161015082082, "3": 0.0, "4": 0.8787665187413769, "5": 0.6158192090395481, "6": 0.1351843077655673, "7": 0.0}}}