{"51": {"0": {"Atom 1": "(11,)", "Atom 2": "(15,)", "NMR exp": 0, "lower bound": 2.0, "upper bound": 2.37, "md": [2.0089663774914603], "lower": [1.9306810292814744], "upper": [2.345784355871912]}, "1": {"Atom 1": "(11,)", "Atom 2": "(25,)", "NMR exp": 0, "lower bound": 3.28, "upper bound": 3.97, "md": [2.8653761551779304], "lower": [2.7681498372511033], "upper": [4.093764055981645]}, "2": {"Atom 1": "(2, 3)", "Atom 2": "(45,)", "NMR exp": 0, "lower bound": 3.61, "upper bound": 4.87, "md": [4.77374160705847, 3.9742948666508786], "lower": [4.484536263487761, 3.3612148055027746], "upper": [5.1187796320162215, 4.870478405046679]}, "3": {"Atom 1": "(2, 3)", "Atom 2": "(47,)", "NMR exp": 0, "lower bound": 2.11, "upper bound": 3.05, "md": [1.7594205132495548, 2.271055427026381], "lower": [1.747758058524723, 2.0979137460117308], "upper": [2.7304145553373806, 2.607988435511547]}, "4": {"Atom 1": "(2, 3)", "Atom 2": "(49, 50, 51)", "NMR exp": 0, "lower bound": 2.65, "upper bound": 4.6, "md": [5.3033726564819945, 2.944806774479361, 5.383615678396606, 3.7097625607336466, 3.824088717892764, 2.346705268649078], "lower": [3.4363799947773304, 2.4205506922369597, 3.4469621609333685, 3.194962917068816, 3.276586486578439, 2.217050589593091], "upper": [5.434353368811401, 4.06216571955563, 5.498564307875092, 4.638981580004846, 4.672936694384151, 4.414595233504506]}, "5": {"Atom 1": "(15,)", "Atom 2": "(17,)", "NMR exp": 0, "lower bound": 2.71, "upper bound": 2.98, "md": [2.8507115564656935], "lower": [2.756634622058734], "upper": [2.954843285998842]}, "6": {"Atom 1": "(15,)", "Atom 2": "(19, 20, 21)", "NMR exp": 0, "lower bound": 2.56, "upper bound": 3.12, "md": [4.2737535142852705, 2.329483654388793, 2.8950690520553186], "lower": [2.8303602645008983, 2.1768976538661944, 2.4576500592347905], "upper": [4.3175000921248134, 3.186408117347681, 3.541988386690738]}, "7": {"Atom 1": "(15,)", "Atom 2": "(25,)", "NMR exp": 0, "lower bound": 2.3, "upper bound": 2.78, "md": [1.4683366528966522], "lower": [1.3980535157868506], "upper": [2.904022317787942]}, "8": {"Atom 1": "(17,)", "Atom 2": "(25,)", "NMR exp": 0, "lower bound": 2.58, "upper bound": 3.12, "md": [1.7810064308544964], "lower": [1.7256464524316084], "upper": [3.3536989627972336]}, "9": {"Atom 1": "(19, 20, 21)", "Atom 2": "(25,)", "NMR exp": 0, "lower bound": 2.76, "upper bound": 3.83, "md": [3.266887097842232, 3.412991253051194, 3.20081792133051], "lower": [2.818298753313938, 2.917901692611145, 2.7714665530485068], "upper": [4.21480882257106, 4.247769889984678, 4.199374064597305]}, "10": {"Atom 1": "(27,)", "Atom 2": "(25,)", "NMR exp": 0, "lower bound": 2.44, "upper bound": 2.96, "md": [2.851978865804276], "lower": [2.5116696622259775], "upper": [2.972404409264999]}, "11": {"Atom 1": "(27,)", "Atom 2": "(35,)", "NMR exp": 0, "lower bound": 2.58, "upper bound": 3.12, "md": [1.7362683802760008], "lower": [1.698513675149314], "upper": [3.096397254676185]}, "12": {"Atom 1": "(25,)", "Atom 2": "(29, 30, 31)", "NMR exp": 0, "lower bound": 2.66, "upper bound": 3.52, "md": [3.0213538708523893, 3.0805430992635245, 1.9749703442903925], "lower": [2.61970277318534, 2.650810288479307, 1.9155236105665348], "upper": [3.66621906382493, 3.6906832873543785, 3.35593815597347]}, "13": {"Atom 1": "(25,)", "Atom 2": "(45,)", "NMR exp": 0, "lower bound": 3.46, "upper bound": 4.19, "md": [3.2045128980370534], "lower": [2.928237122916229], "upper": [4.121349478168447]}, "14": {"Atom 1": "(35,)", "Atom 2": "(37,)", "NMR exp": 0, "lower bound": 2.46, "upper bound": 2.98, "md": [1.9162252796634591], "lower": [1.8700151277894717], "upper": [2.7255840029939966]}, "15": {"Atom 1": "(35,)", "Atom 2": "(45,)", "NMR exp": 0, "lower bound": 2.24, "upper bound": 2.72, "md": [3.1611851054564886], "lower": [2.352508706560743], "upper": [3.6827230054117854]}, "16": {"Atom 1": "(37,)", "Atom 2": "(45,)", "NMR exp": 0, "lower bound": 3.02, "upper bound": 3.64, "md": [3.4960667522547926], "lower": [3.3694073211286693], "upper": [3.6177622543335795]}, "17": {"Atom 1": "(39, 40, 41)", "Atom 2": "(45,)", "NMR exp": 0, "lower bound": 2.61, "upper bound": 3.66, "md": [3.5820888961947017, 3.076623579153223, 3.0375145999767432], "lower": [2.808551466711965, 2.573074290262238, 2.5547089469896265], "upper": [4.050616208658801, 3.906552527702642, 3.895021863028373]}, "18": {"Atom 1": "(45,)", "Atom 2": "(47,)", "NMR exp": 0, "lower bound": 2.64, "upper bound": 2.98, "md": [2.969574931283799], "lower": [2.8817465215832176], "upper": [3.019867850593031]}, "19": {"Atom 1": "(45,)", "Atom 2": "(49, 50, 51)", "NMR exp": 0, "lower bound": 2.65, "upper bound": 3.54, "md": [1.922247932899923, 2.991390814514352, 2.984433615391192], "lower": [1.8630126956570032, 2.5860921298748343, 2.583353366387776], "upper": [3.2820679657730523, 3.617447438210629, 3.6148018739868775]}}}