{"single": {"stat": {"0": "MAE", "1": "MSE", "2": "RMSD", "3": "RMSD_step", "4": "pearsonr", "5": "kendalltau", "6": "chisq", "7": "percentage_fulfilled"}, "value": {"0": 0.38464308826031857, "1": -0.254208205854917, "2": 0.5432381308158871, "3": 0.17041860227099626, "4": 0.7015646154591276, "5": 0.49736145915484, "6": 2.0744102945694323, "7": 0.65}, "up": {"0": 0.55946684870249, "1": -0.046917097633199366, "2": 0.6997841883057581, "3": 0.22214261975977928, "4": 0.8595209855513899, "5": 0.7692559173882104, "6": 3.500054064151753, "7": 0.0}, "low": {"0": 0.22258739545455516, "1": 0.0, "2": 0.3524377769953448, "3": 0.10457055034760025, "4": 0.43733338797945737, "5": 0.15933778830809195, "6": 0.8271809740815489, "7": 0.0}}}