{"minimum_sasa": 5.8872681856155396, "minimum_psa": 3.9056041121482945}