{"39": {"0": {"Atom 1": "(1,)", "Atom 2": "(65,)", "NMR exp": [2.32], "lower bound": 2.09, "upper bound": 2.5500000000000003, "md": [2.556488821520886], "lower": [2.223078943566627], "upper": [3.7308576256919146]}, "1": {"Atom 1": "(25,)", "Atom 2": "(1,)", "NMR exp": [3.0], "lower bound": 2.7, "upper bound": 3.3000000000000003, "md": [2.4967689038506222], "lower": [2.0840191616546617], "upper": [3.772982499124415]}, "2": {"Atom 1": "(25,)", "Atom 2": "(32,)", "NMR exp": [2.82], "lower bound": 2.54, "upper bound": 3.1, "md": [2.841865422131101], "lower": [2.30170128037512], "upper": [4.122029778946841]}, "3": {"Atom 1": "(1,)", "Atom 2": "(3,)", "NMR exp": [2.5100000000000002], "lower bound": 2.2600000000000002, "upper bound": 2.7600000000000002, "md": [2.6131346361343266], "lower": [2.2529512816195822], "upper": [2.9576005744222322]}, "4": {"Atom 1": "(1,)", "Atom 2": "(67,)", "NMR exp": [2.71], "lower bound": 2.44, "upper bound": 2.98, "md": [2.6144236924899094], "lower": [2.161921631533842], "upper": [3.4756652984408496]}, "5": {"Atom 1": "(1,)", "Atom 2": "(5, 6)", "NMR exp": [2.98], "lower bound": 2.68, "upper bound": 4.18, "md": [3.250911483659924, 2.861444002767329], "lower": [2.7820335575813244, 2.558888846357955], "upper": [3.8403545762012454, 3.4914466363006826]}, "6": {"Atom 1": "(1,)", "Atom 2": "(8, 9)", "NMR exp": [2.6], "lower bound": 2.34, "upper bound": 3.5, "md": [3.2495530079700146, 3.246639603932508], "lower": [2.776811399192247, 2.7439205823702975], "upper": [4.373616356682753, 4.373107321254502]}, "7": {"Atom 1": "(1,)", "Atom 2": "(69, 70)", "NMR exp": [3.21], "lower bound": 2.89, "upper bound": 4.11, "md": [3.191841406591606, 3.226657777164872], "lower": [2.7177945306160565, 2.7889397106082514], "upper": [4.013265569125482, 4.047638995648988]}, "8": {"Atom 1": "(3,)", "Atom 2": "(5, 6)", "NMR exp": [2.64], "lower bound": 2.38, "upper bound": 3.8000000000000003, "md": [2.545607454215658, 2.70259858360745], "lower": [2.3763922418001218, 2.4467275384959875], "upper": [2.9189579414203184, 3.0240735673612766]}, "9": {"Atom 1": "(3,)", "Atom 2": "(11, 12)", "NMR exp": [3.21], "lower bound": 2.89, "upper bound": 4.11, "md": [3.0445059776989094, 3.229641383004485], "lower": [2.3269953589490173, 2.509788581163784], "upper": [4.529751413386688, 4.563703086014381]}, "10": {"Atom 1": "(5, 6)", "Atom 2": "(11, 12)", "NMR exp": [3.12], "lower bound": 2.81, "upper bound": 4.33, "md": [2.7417190149194903, 2.7930567050526744, 2.8939227472141145, 2.7770253809832735], "lower": [2.4340297583182133, 2.466262788734765, 2.5182812995755066, 2.4563981928204717], "upper": [3.4940158015368166, 3.5338018319755116, 3.6502095931495653, 3.5826008276928167]}, "11": {"Atom 1": "(25,)", "Atom 2": "(27, 28)", "NMR exp": [2.3000000000000003, 2.75], "lower bound": 2.07, "upper bound": 3.0300000000000002, "md": [2.7871506825049694, 2.4605120974589285], "lower": [2.5627767700539588, 2.2823775821574315], "upper": [2.9368105824404394, 2.8324193247563145]}, "12": {"Atom 1": "(25,)", "Atom 2": "(3,)", "NMR exp": [2.34], "lower bound": 2.11, "upper bound": 2.57, "md": [2.4598898428263873], "lower": [2.182351498980069], "upper": [3.2176464145403756]}, "13": {"Atom 1": "(25,)", "Atom 2": "(5, 6)", "NMR exp": [3.47, 3.77], "lower bound": 3.12, "upper bound": 4.15, "md": [3.2650554589888747, 3.426317855176742], "lower": [2.7309809073243754, 2.762997339817073], "upper": [4.241457201759069, 4.266441716499019]}, "14": {"Atom 1": "(32,)", "Atom 2": "(27, 28)", "NMR exp": [2.4, 3.04], "lower bound": 2.15, "upper bound": 3.3000000000000003, "md": [2.304280664458653, 3.0154904062312697], "lower": [2.127013917484092, 2.4714963541767347], "upper": [2.8859952444035217, 3.428468561653141]}, "15": {"Atom 1": "(32,)", "Atom 2": "(34,)", "NMR exp": [2.66], "lower bound": 2.39, "upper bound": 2.93, "md": [2.8051780757940428], "lower": [2.3862173816860546], "upper": [2.9525742096341667]}, "16": {"Atom 1": "(32,)", "Atom 2": "(36, 37)", "NMR exp": [2.7600000000000002, 2.77], "lower bound": 2.49, "upper bound": 3.0500000000000003, "md": [2.8325944598692967, 2.5530943173447747], "lower": [2.4998648129111385, 2.3279020421774153], "upper": [3.588044263210805, 3.154530513272921]}, "17": {"Atom 1": "(34,)", "Atom 2": "(36, 37)", "NMR exp": [2.65, 2.85], "lower bound": 2.39, "upper bound": 3.14, "md": [2.6644729847466677, 2.6351528694833037], "lower": [2.4416606273887167, 2.4391842249309086], "upper": [3.0227678790364263, 2.996952146933761]}, "18": {"Atom 1": "(34,)", "Atom 2": "(27, 28)", "NMR exp": [3.99], "lower bound": 3.59, "upper bound": 4.89, "md": [4.555447042541425, 4.570801123194014], "lower": [4.41550451121457, 4.371329796384999], "upper": [4.792972694557008, 4.752661703397246]}, "19": {"Atom 1": "(45,)", "Atom 2": "(34,)", "NMR exp": [2.2600000000000002], "lower bound": 2.0300000000000002, "upper bound": 2.49, "md": [2.3442369413733872], "lower": [2.1720743446561865], "upper": [2.633216044538533]}, "20": {"Atom 1": "(45,)", "Atom 2": "(47,)", "NMR exp": [2.79], "lower bound": 2.5100000000000002, "upper bound": 3.0700000000000003, "md": [2.8975090526995637], "lower": [2.806903527368828], "upper": [2.978893124364586]}, "21": {"Atom 1": "(45,)", "Atom 2": "(49, 50)", "NMR exp": [2.95, 3.0100000000000002], "lower bound": 2.66, "upper bound": 3.2800000000000002, "md": [2.813412767754889, 2.7716100820068226], "lower": [2.4792709100684687, 2.4247228616525964], "upper": [3.4415856629844246, 3.4875174351346843]}, "22": {"Atom 1": "(47,)", "Atom 2": "(49, 50)", "NMR exp": [2.56, 2.79], "lower bound": 2.36, "upper bound": 3.2600000000000002, "md": [2.7108359307407515, 2.5023041621061934], "lower": [2.42865902321553, 2.3430569286387417], "upper": [3.0261720915824535, 2.872164385604526]}, "23": {"Atom 1": "(65,)", "Atom 2": "(67,)", "NMR exp": [2.7600000000000002], "lower bound": 2.48, "upper bound": 3.04, "md": [2.856929345495087], "lower": [2.746314200800748], "upper": [2.9569686489739917]}, "24": {"Atom 1": "(65,)", "Atom 2": "(47,)", "NMR exp": [2.12], "lower bound": 1.9100000000000001, "upper bound": 2.33, "md": [2.224009722870134], "lower": [2.084189021210355], "upper": [2.515389512350755]}, "25": {"Atom 1": "(65,)", "Atom 2": "(69, 70)", "NMR exp": [2.93], "lower bound": 2.64, "upper bound": 4.12, "md": [2.794481337296865, 2.4557642707004805], "lower": [2.4481585417982314, 2.2418348021454757], "upper": [3.549602770696685, 3.1417702610288187]}, "26": {"Atom 1": "(65,)", "Atom 2": "(75, 76)", "NMR exp": [2.99], "lower bound": 2.69, "upper bound": 4.19, "md": [4.1058822542913616, 4.084703737400764], "lower": [3.4546262082548163, 3.4978196864913165], "upper": [5.043949346385806, 5.034177044177549]}, "27": {"Atom 1": "(65,)", "Atom 2": "(49, 50)", "NMR exp": [3.45, 3.88], "lower bound": 3.14, "upper bound": 4.19, "md": [3.645523315131351, 3.687225067078025], "lower": [3.033645803125305, 2.89131587765645], "upper": [4.239221618123012, 4.281341014775306]}, "28": {"Atom 1": "(67,)", "Atom 2": "(69, 70)", "NMR exp": [2.49], "lower bound": 2.24, "upper bound": 3.64, "md": [2.5839409336499277, 2.635001476889616], "lower": [2.405361544638221, 2.4059154079764373], "upper": [2.954257621874903, 3.0102170257287475]}, "29": {"Atom 1": "(67,)", "Atom 2": "(75, 76)", "NMR exp": [2.79], "lower bound": 2.5100000000000002, "upper bound": 3.69, "md": [3.2928502715168184, 3.2861508974078957], "lower": [2.4794523059460776, 2.4909067008036665], "upper": [4.564011653008396, 4.581304453307755]}, "30": {"Atom 1": "(69, 70)", "Atom 2": "(75, 76)", "NMR exp": [2.64], "lower bound": 2.38, "upper bound": 3.54, "md": [2.7117702068453835, 2.862020335698143, 2.893273238827066, 2.710182979620114], "lower": [2.4431554222551672, 2.5241302943459774, 2.5461222857704455, 2.445857945923005], "upper": [3.4747432457816667, 3.525609855574599, 3.57201405784643, 3.4759939520109597]}}}