{"single": {"stat": {"0": "MAE", "1": "MSE", "2": "RMSD", "3": "pearsonr", "4": "kendalltau", "5": "chisq", "6": "percentage_fulfilled"}, "value": {"0": 0.22756402206976514, "1": -0.05701527251140232, "2": 0.3085649040279195, "3": 0.8109504472475191, "4": 0.5609522363281967, "5": 1.0697210532008976, "6": 0.7419354838709677}, "up": {"0": 0.3047723487582602, "1": 0.047149286813330644, "2": 0.38995463934627733, "3": 0.9169349109043572, "4": 0.744195265120976, "5": 1.7400013336797675, "6": 0.0}, "low": {"0": 0.15868162987790183, "1": 0.0, "2": 0.21841954941702474, "3": 0.574301654864144, "4": 0.3314405715221304, "5": 0.5225489459094723, "6": 0.0}, "most-populated-1": {"0": 0.47284048511135945, "1": 0.3649473085711078, "2": 0.7762171342701095, "3": NaN, "4": NaN, "5": NaN, "6": 0.6774193548387096}}}