{"single": {"stat": {"0": "MAE", "1": "MSE", "2": "RMSD", "3": "RMSD_step", "4": "pearsonr", "5": "kendalltau", "6": "chisq", "7": "percentage_fulfilled"}, "value": {"0": 0.18495587046223644, "1": 0.08597464091165315, "2": 0.29812200875773553, "3": 0.06789460523012746, "4": 0.8111680918002279, "5": 0.6645126491887868, "6": 0.9305495231412421, "7": 0.9354838709677419}, "up": {"0": 0.2748172277969285, "1": 0.1925258027616677, "2": 0.42603893302089435, "3": 0.11010259145524831, "4": 0.9384945910766279, "5": 0.8513971794871852, "6": 1.8906143976286338, "7": 0.0}, "low": {"0": 0.11195091224964425, "1": 0.0, "2": 0.16349833074093165, "3": 0.0, "4": 0.5822998084218338, "5": 0.4279200212208221, "6": 0.27138580087262826, "7": 0.0}, "most-populated-1": {"0": 0.47284048511135957, "1": 0.3649473085711078, "2": 0.7762171342701095, "3": 0.06789460523012746, "4": NaN, "5": NaN, "6": NaN, "7": 0.6774193548387096}}}