{"minimum_sasa": 9.5849455165863, "minimum_psa": 8.459237136840816}