{"single": {"stat": {"0": "MAE", "1": "MSE", "2": "RMSD", "3": "RMSD_step", "4": "pearsonr", "5": "kendalltau", "6": "chisq", "7": "percentage_fulfilled"}, "value": {"0": 1.1249389201456523, "1": -0.9582289764089023, "2": 1.2902162697836617, "3": 0.9038922925856512, "4": 0.21892853277144877, "5": 0.23935814289293922, "6": 17.496688323731618, "7": 0.6808510638297872}, "up": {"0": 1.3056674385804836, "1": -0.7008998503136997, "2": 1.4448493182064044, "3": 1.0694997836531068, "4": 1.0, "5": 1.0, "6": 21.86562147757824, "7": 0.0}, "low": {"0": 0.9494083542707732, "1": 0.0, "2": 1.121101407029134, "3": 0.7001519591898937, "4": 0.0, "5": 0.0, "6": 13.283095139576487, "7": 0.0}}}