{"cis": {"fulfil": {"best": 0.5, "random": [0.26153846153846155, 0.3538461538461538, 0.3076923076923077, 0.31153846153846154, 0.2692307692307693], "low_energy": [0.3076923076923077, 0.2692307692307692, 0.23076923076923078, 0.3076923076923077, 0.23076923076923078], "LICUV": [0.5, 0.5, 0.4230769230769231, 0.46153846153846156, 0.34615384615384615], "NAMFIS": [0.5, 0.38461538461538464, 0.38461538461538464, 0.38461538461538464, 0.38461538461538464]}, "rmsd": {"best": 0.3435563397628693, "random": [1.1281932909371106, 0.7955597269303417, 0.6200538257828776, 0.6749401294054984, 0.5782215615226644], "low_energy": [1.358189036671876, 1.4084850363134134, 1.397279025654645, 1.4439833326573501, 0.7134022275814095], "LICUV": [0.5133265330413878, 0.39279722319925664, 0.36183084209145266, 0.4328510178779575, 0.3706225471841372], "NAMFIS": [0.5133265330413878, 0.4316426936186389, 0.43021447417727643, 0.43021447417735853, 0.4302144741773242]}, "mae": {"best": 0.26173604084895213, "random": [0.6215802964430589, 0.4580548337156558, 0.4035545908927893, 0.4181875375671315, 0.38760121227265953], "low_energy": [0.6204330543371347, 0.7120422928327497, 0.6850200311707885, 0.6847867893618442, 0.42802167434488403], "LICUV": [0.37524432365710897, 0.2999951288502103, 0.25680219922911995, 0.29062977801621065, 0.3028581618719856], "NAMFIS": [0.37524432365710897, 0.3124196729140809, 0.3133382531465807, 0.3133382531463098, 0.3133382531446889]}, "bundle-size": [1, 3, 5, 10, 30]}, "trans": {"fulfil": {"best": 0.5238095238095238, "random": [0.32380952380952377, 0.41428571428571426, 0.4523809523809524, 0.41904761904761906, 0.4333333333333333], "low_energy": [0.3333333333333333, 0.42857142857142855, 0.42857142857142855, 0.38095238095238093, 0.38095238095238093], "LICUV": [0.5238095238095238, 0.47619047619047616, 0.47619047619047616, 0.5714285714285714, 0.42857142857142855], "NAMFIS": [0.3076923076923077, 0.3076923076923077, 0.2692307692307692, 0.2692307692307692, 0.2692307692307692]}, "rmsd": {"best": 0.2986331158177833, "random": [0.6778502936279986, 0.49302915339647946, 0.40520459128206987, 0.3833142631113122, 0.3492186189912156], "low_energy": [0.4485304136274646, 0.472312037578916, 0.4492700329545448, 0.47664623722057864, 0.5131285089592107], "LICUV": [0.401572176855791, 0.30043058418049945, 0.322122953344425, 0.3136458023446492, 0.3327172789688171], "NAMFIS": [1.4568111656336644, 1.4757977503805109, 1.4571609191118526, 1.4421354153714472, 1.4421354150962933]}, "mae": {"best": 0.23280775615147176, "random": [0.4650362622397285, 0.34123733269231127, 0.3028813281897402, 0.29323840609068597, 0.2736311470769897], "low_energy": [0.3337608832404725, 0.35515790547614273, 0.3309632196258401, 0.36117255709276724, 0.38850850849393936], "LICUV": [0.2719583102634974, 0.23571705362319118, 0.25017486784231446, 0.2399031397093396, 0.2535021276397004], "NAMFIS": [0.7567594876656163, 0.7097307751171921, 0.6657733623222961, 0.6621878181975324, 0.6621878179755792]}, "bundle-size": [1, 3, 5, 10, 30]}}