{"cis": {"fulfil": {"best": 0.5, "random": [0.26153846153846155, 0.35769230769230775, 0.31923076923076926, 0.28846153846153844, 0.2730769230769231], "low_energy": [0.3076923076923077, 0.2692307692307692, 0.23076923076923078, 0.3076923076923077, 0.23076923076923078], "LICUV": [0.5, 0.5, 0.4230769230769231, 0.46153846153846156, 0.34615384615384615], "NAMFIS": [0.5, 0.38461538461538464, 0.38461538461538464, 0.38461538461538464, 0.38461538461538464]}, "rmsd": {"best": 0.3435563397628693, "random": [1.1554539512115107, 0.785196422955669, 0.6672647385246603, 0.6173556094921933, 0.6037869003700377], "low_energy": [1.358189036671876, 1.4084850363134134, 1.397279025654645, 1.4439833326573501, 0.7134022275814095], "LICUV": [0.5133265330413878, 0.39279722319925664, 0.36183084209145266, 0.4328510178779575, 0.3706225471841372], "NAMFIS": [0.5133265330413878, 0.43165894124891563, 0.4302569678147678, 0.430256967815237, 0.43025696781424927]}, "rmsd_stepwise": {"best": 0.04163716904586381, "random": [0.22586046103268348, 0.19306227546349838, 0.18836068386802757, 0.21370856708778213, 0.2384262476165407], "low_energy": [0.19510598697591558, 0.19664004600362478, 0.23759613438968877, 0.23739370090794154, 0.27424897447392577], "LICUV": [0.04163716904586381, 0.16319820417563985, 0.10183886216054183, 0.13720422734012247, 0.16797435701732752], "NAMFIS": [0.04163716904586381, 0.16392129912763714, 0.16392129912763714, 0.16392129912763714, 0.16392129912763714]}, "mae": {"best": 0.26173604084895213, "random": [0.67064480809065, 0.4638812321967493, 0.4240725787080805, 0.3985492697517697, 0.3942207156210295], "low_energy": [0.6204330543371347, 0.7120422928327497, 0.6850200311707885, 0.6847867893618442, 0.42802167434488403], "LICUV": [0.37524432365710897, 0.2999951288502103, 0.25680219922911995, 0.29062977801621065, 0.3028581618719856], "NAMFIS": [0.37524432365710897, 0.3124234243976902, 0.3133558313817319, 0.3133558313808508, 0.3133558313798365]}, "bundle-size": [1, 3, 5, 10, 30]}, "trans": {"fulfil": {"best": 0.5238095238095238, "random": [0.2857142857142857, 0.42857142857142855, 0.480952380952381, 0.4523809523809524, 0.4333333333333333], "low_energy": [0.3333333333333333, 0.42857142857142855, 0.42857142857142855, 0.38095238095238093, 0.38095238095238093], "LICUV": [0.5238095238095238, 0.47619047619047616, 0.47619047619047616, 0.5714285714285714, 0.42857142857142855], "NAMFIS": [0.3076923076923077, 0.3076923076923077, 0.2692307692307692, 0.2692307692307692, 0.2692307692307692]}, "rmsd": {"best": 0.2986331158177833, "random": [0.7356255246357649, 0.44802785075292695, 0.4220864773088886, 0.3742473473406944, 0.3558405167790804], "low_energy": [0.4485304136274646, 0.472312037578916, 0.4492700329545448, 0.47664623722057864, 0.5131285089592107], "LICUV": [0.401572176855791, 0.30043058418049945, 0.322122953344425, 0.3136458023446492, 0.3327172789688171], "NAMFIS": [1.4568111656336644, 1.4757791050835876, 1.457169070037176, 1.4421440209081609, 1.4421440168341186]}, "rmsd_stepwise": {"best": 0.04878280337128959, "random": [0.153789552394105, 0.10447024091843735, 0.09905027229323103, 0.07891002865034849, 0.08519919315901386], "low_energy": [0.12072203412720285, 0.057040086155014116, 0.05997023071014962, 0.06188507012811659, 0.06188507012811659], "LICUV": [0.10939226054281297, 0.05367450401216933, 0.10905983504043835, 0.046992907266238934, 0.058360537874083906], "NAMFIS": [0.19663760106817346, 0.25476988108426846, 0.24745628984654114, 0.24760196035013687, 0.24760196035013687]}, "mae": {"best": 0.23280775615147176, "random": [0.5195889934358141, 0.3254352100990515, 0.30500094180918264, 0.2881033374708092, 0.28118867824559146], "low_energy": [0.3337608832404725, 0.35515790547614273, 0.3309632196258401, 0.36117255709276724, 0.38850850849393936], "LICUV": [0.2719583102634974, 0.23571705362319118, 0.25017486784231446, 0.2399031397093396, 0.2535021276397004], "NAMFIS": [0.7567594876656163, 0.7097259177522286, 0.6657735785882626, 0.6621933871640082, 0.6621933860720364]}, "bundle-size": [1, 3, 5, 10, 30]}}