{"cis": {"fulfil": {"best": 0.5, "random": [0.29230769230769227, 0.3230769230769231, 0.3230769230769231, 0.3192307692307692, 0.2692307692307693], "low_energy": [0.3076923076923077, 0.2692307692307692, 0.23076923076923078, 0.3076923076923077, 0.23076923076923078], "LICUV": [0.5, 0.5, 0.4230769230769231, 0.46153846153846156, 0.34615384615384615], "NAMFIS": [0.5, 0.38461538461538464, 0.38461538461538464, 0.38461538461538464, 0.38461538461538464]}, "rmsd": {"best": 0.3435563397628693, "random": [0.987861304990506, 0.7126444969401925, 0.6962263640792912, 0.6851020692335398, 0.6098299428462387], "low_energy": [1.358189036671876, 1.4084850363134134, 1.397279025654645, 1.4439833326573501, 0.7134022275814095], "LICUV": [0.5133265330413878, 0.39279722319925664, 0.36183084209145266, 0.4328510178779575, 0.3706225471841372], "NAMFIS": [0.5133265330413878, 0.43164615738925716, 0.43023491473517655, 0.4302349147340469, 0.43023491472442604]}, "mae": {"best": 0.26173604084895213, "random": [0.5976539229246285, 0.43357881145247024, 0.4278045251991216, 0.4082919833498281, 0.4018194146250013], "low_energy": [0.6204330543371347, 0.7120422928327497, 0.6850200311707885, 0.6847867893618442, 0.42802167434488403], "LICUV": [0.37524432365710897, 0.2999951288502103, 0.25680219922911995, 0.29062977801621065, 0.3028581618719856], "NAMFIS": [0.37524432365710897, 0.31242223728763313, 0.31335378091324245, 0.3133537809037356, 0.3133537808923491]}, "bundle-size": [1, 3, 5, 10, 30]}, "trans": {"fulfil": {"best": 0.5238095238095238, "random": [0.35714285714285715, 0.4428571428571428, 0.4333333333333333, 0.419047619047619, 0.4428571428571429], "low_energy": [0.3333333333333333, 0.42857142857142855, 0.42857142857142855, 0.38095238095238093, 0.38095238095238093], "LICUV": [0.5238095238095238, 0.47619047619047616, 0.47619047619047616, 0.5714285714285714, 0.42857142857142855], "NAMFIS": [0.3076923076923077, 0.3076923076923077, 0.2692307692307692, 0.2692307692307692, 0.2692307692307692]}, "rmsd": {"best": 0.2986331158177833, "random": [0.7083206049609265, 0.4992451989753999, 0.4294553145592189, 0.41926791129808116, 0.3479130691791176], "low_energy": [0.4485304136274646, 0.472312037578916, 0.4492700329545448, 0.47664623722057864, 0.5131285089592107], "LICUV": [0.401572176855791, 0.30043058418049945, 0.322122953344425, 0.3136458023446492, 0.3327172789688171], "NAMFIS": [1.4568111656336644, 1.475749424759158, 1.4571579236964494, 1.4421557352842662, 1.4421557350191279]}, "mae": {"best": 0.23280775615147176, "random": [0.4733723197210401, 0.3416342758840559, 0.3117347396041127, 0.3066147039769851, 0.2659925852000932], "low_energy": [0.3337608832404725, 0.35515790547614273, 0.3309632196258401, 0.36117255709276724, 0.38850850849393936], "LICUV": [0.2719583102634974, 0.23571705362319118, 0.25017486784231446, 0.2399031397093396, 0.2535021276397004], "NAMFIS": [0.7567594876656163, 0.7097149573582155, 0.6657490233562773, 0.662174058018976, 0.6621740579305359]}, "bundle-size": [1, 3, 5, 10, 30]}}