{"cis": {"fulfil": {"best": 0.3076923076923077, "random": [0.23461538461538461, 0.2692307692307692, 0.2692307692307692, 0.2692307692307692, 0.2692307692307692], "low_energy": [0.2692307692307692, 0.2692307692307692, 0.2692307692307692, 0.2692307692307692, 0.2692307692307692], "LICUV": [0.3076923076923077, 0.2692307692307692, 0.2692307692307692, 0.2692307692307692, 0.2692307692307692], "NAMFIS": [0.19047619047619047, 0.38095238095238093, 0.38095238095238093, 0.38095238095238093, 0.38095238095238093]}, "rmsd": {"best": 1.728973526342814, "random": [2.4834657490250986, 1.6964842372672542, 1.578180960173136, 1.578180960173136, 1.578180960173136], "low_energy": [1.7479903417947933, 1.6011415378447191, 1.5781809601731362, 1.5781809601731362, 1.5781809601731362], "LICUV": [1.728973526342814, 1.5291378393691224, 1.5781809601731362, 1.5781809601731362, 1.5781809601731362], "NAMFIS": [2.277411882087954, 1.663494003539073, 1.663494003539073, 1.663494003539073, 1.663494003539073]}, "mae": {"best": 1.0981413764220014, "random": [1.5291545046292812, 1.0654583354969467, 0.9923541254259618, 0.9923541254259618, 0.9923541254259618], "low_energy": [1.1670282983779905, 0.9998794638179604, 0.9923541254259618, 0.9923541254259618, 0.9923541254259618], "LICUV": [1.0981413764220014, 1.007268523232472, 0.9923541254259617, 0.9923541254259617, 0.9923541254259617], "NAMFIS": [1.432539495740618, 1.0720441306336401, 1.0720441306336401, 1.0720441306336401, 1.0720441306336401]}, "bundle-size": [1, 3, 5, 10, 30]}, "trans": {"fulfil": {"best": 0.38095238095238093, "random": [0.2523809523809524, 0.35238095238095235, 0.33333333333333337, 0.32857142857142857, 0.33809523809523806], "low_energy": [0.23809523809523808, 0.38095238095238093, 0.42857142857142855, 0.38095238095238093, 0.42857142857142855], "LICUV": [0.38095238095238093, 0.38095238095238093, 0.38095238095238093, 0.42857142857142855, 0.42857142857142855], "NAMFIS": [0.19047619047619047, 0.3333333333333333, 0.38095238095238093, 0.38095238095238093, 0.38095238095238093]}, "rmsd": {"best": 1.4192171538284934, "random": [2.0788979427180783, 1.843509219583802, 1.842090113245272, 1.8191824569218646, 1.7280735274528312], "low_energy": [1.9739331272869507, 1.9100352883929819, 1.8996147073710203, 1.8289460536593398, 1.7521460250510876], "LICUV": [2.4578193782008877, 2.1510457967850307, 1.7903344362126656, 1.7626525885670465, 1.6849660540245324], "NAMFIS": [1.5197319217749252, 1.667546346599394, 1.4922646698653401, 1.4922646698415838, 1.4922646698658129]}, "mae": {"best": 0.9593959535871234, "random": [1.3621877839678809, 1.1724220930281457, 1.1890017819581156, 1.1884408116623768, 1.1151896119693014], "low_energy": [1.2719061960492812, 1.1983897201332783, 1.2058142884311625, 1.1746820906541515, 1.0859775130573281], "LICUV": [1.5477959796360559, 1.273517574321437, 1.1335313783852845, 1.1203186134639709, 1.0774071058732013], "NAMFIS": [1.144758892059326, 1.1834261378781603, 1.0576944598697064, 1.0576944597786526, 1.0576944596664088]}, "bundle-size": [1, 3, 5, 10, 30]}}