{"minimum_sasa": 7.834658145904541, "minimum_psa": 5.643507957458496}