{"single": {"stat": {"0": "MAE", "1": "MSE", "2": "RMSD", "3": "RMSD_step", "4": "pearsonr", "5": "kendalltau", "6": "chisq", "7": "percentage_fulfilled"}, "value": {"0": 0.3298796655111532, "1": 0.09168277883411731, "2": 0.49645101295689376, "3": 0.15555344740634966, "4": 0.5589549611829709, "5": 0.38289285114390637, "6": 2.912875906921273, "7": 0.53125}, "up": {"0": 0.4651004410771091, "1": 0.26944672514074036, "2": 0.6414418931296578, "3": 0.20435148945946094, "4": 0.8105647624492603, "5": 0.6346735381738994, "6": 5.176800213938921, "7": 0.0}, "low": {"0": 0.21044245534514103, "1": 0.0, "2": 0.3283131226286504, "3": 0.10408717776722008, "4": 0.2139286453677989, "5": 0.07922094715765925, "6": 1.1704895733188738, "7": 0.0}, "most-populated-1": {"0": 0.4167423975467681, "1": 0.1915219688415526, "2": 0.6217878887535659, "3": 0.15555344740634966, "4": NaN, "5": NaN, "6": NaN, "7": 0.3125}}}