{"single": {"stat": {"0": "MAE", "1": "MSE", "2": "RMSD", "3": "pearsonr", "4": "kendalltau", "5": "chisq", "6": "percentage_fulfilled"}, "value": {"0": 0.3298796655111532, "1": 0.09168277883411731, "2": 0.49645101295689376, "3": 0.5589549611829709, "4": 0.38289285114390637, "5": 2.912875906921273, "6": 0.53125}, "up": {"0": 0.46821858075585693, "1": 0.2690716456687339, "2": 0.6443323761186345, "3": 0.8048472822438759, "4": 0.632353080723756, "5": 5.2485927993112815, "6": 0.0}, "low": {"0": 0.20897152421341827, "1": 0.0, "2": 0.32888128759934676, "3": 0.224629050523092, "4": 0.0872288384444313, "5": 1.1442484235791544, "6": 0.0}, "most-populated-1": {"0": 0.4167423975467681, "1": 0.1915219688415526, "2": 0.6217878887535659, "3": NaN, "4": NaN, "5": NaN, "6": 0.3125}}}