{"minimum_sasa": 8.577916836738567, "minimum_psa": 6.244697642326343}