{"single": {"fulfil": {"best": 0.25, "random": [0.07916666666666666, 0.07083333333333333, 0.0875, 0.058333333333333334, 0.05], "low_energy": [0.08333333333333333, 0.041666666666666664, 0.08333333333333333, 0.08333333333333333, 0.041666666666666664], "LICUV": [0.25, 0.16666666666666666, 0.16666666666666666, 0.16666666666666666, 0.125], "NAMFIS": [0.125, 0.08333333333333333, 0.08333333333333333, 0.08333333333333333, 0.08333333333333333]}, "rmsd": {"best": 1.9894407176237088, "random": [2.664572212957609, 2.592631675087222, 2.335716574825207, 2.195178374976592, 2.128326243465922], "low_energy": [2.2180184951863535, 2.1907133388574866, 1.8862059428605227, 1.897370532508968, 1.9004479335647675], "LICUV": [2.48746673148841, 2.2287817866241375, 2.1683299635761855, 2.197488318302043, 2.0985550039213083], "NAMFIS": [1.9894407176237088, 2.2164947954639183, 2.2319354077320757, 2.2319355332938002, 2.2319359524808395]}, "mae": {"best": 1.5577641906340913, "random": [2.0493909913301467, 2.0190468181041483, 1.8080833034763402, 1.7545808553492734, 1.7244038190264177], "low_energy": [1.7393863236904143, 1.7422823558682126, 1.587543476609028, 1.6133925470452681, 1.5795949168389125], "LICUV": [1.7308063524961466, 1.616793634258596, 1.6080249411158205, 1.6462039966730595, 1.6165098560003335], "NAMFIS": [1.568646909594536, 1.8105551305340424, 1.8230826119220966, 1.823082738724101, 1.8230831064467379]}, "bundle-size": [1, 3, 5, 10, 30]}}