{"minimum_sasa": 11.429977912902842, "minimum_psa": 9.860583715438834}