{"single": {"stat": {"0": "MAE", "1": "MSE", "2": "RMSD", "3": "RMSD_step", "4": "pearsonr", "5": "kendalltau", "6": "chisq", "7": "percentage_fulfilled"}, "value": {"0": 0.8820532148155102, "1": -0.5548507474816252, "2": 1.1130739154243552, "3": 0.6311893535223799, "4": 0.4608651990924574, "5": 0.3922752321626759, "6": 28.499545571791316, "7": 0.84}, "up": {"0": 1.0173169601390286, "1": -0.361764580835844, "2": 1.293823714985753, "3": 0.7673330437300349, "4": 0.5812496743472271, "5": 0.5106518408890804, "6": 37.91407163810674, "7": 0.0}, "low": {"0": 0.7529615601972329, "1": 0.0, "2": 0.9435410155500323, "3": 0.47999999999999987, "4": 0.3469661119215516, "5": 0.26572246330283206, "6": 20.80277465406992, "7": 0.0}}}