{"single": {"stat": {"0": "MAE", "1": "MSE", "2": "RMSD", "3": "RMSD_step", "4": "pearsonr", "5": "kendalltau", "6": "chisq", "7": "percentage_fulfilled"}, "value": {"0": 0.91098110802154, "1": -0.4679559180761826, "2": 1.1894428638013386, "3": 0.6311893535223799, "4": 0.5153178538237256, "5": 0.5055153065841738, "6": 32.44940555113184, "7": 0.84}, "up": {"0": 1.0697623673736953, "1": -0.23766780133995608, "2": 1.4624622237801184, "3": 0.7673330437300349, "4": 0.6419778401684341, "5": 0.6050325624322138, "6": 48.45350629766943, "7": 0.0}, "low": {"0": 0.7685103401502054, "1": 0.0, "2": 0.9483566876834193, "3": 0.46818799642878495, "4": 0.41296711296500743, "5": 0.3930312493812414, "6": 21.089760142808522, "7": 0.0}}}