{"single": {"stat": {"0": "MAE", "1": "MSE", "2": "RMSD", "3": "RMSD_step", "4": "pearsonr", "5": "kendalltau", "6": "chisq", "7": "percentage_fulfilled"}, "value": {"0": 0.8820532148155102, "1": -0.5548507474816252, "2": 1.1130739154243552, "3": 0.6311893535223799, "4": 0.4608651990924574, "5": 0.3922752321626759, "6": 28.499545571791316, "7": 0.84}, "up": {"0": 1.016366502165711, "1": -0.3632918792420556, "2": 1.2972454749228197, "3": 0.7621023553303058, "4": 0.5793538935706778, "5": 0.5108803089267266, "6": 38.07562123057768, "7": 0.0}, "low": {"0": 0.7518243398510611, "1": 0.0, "2": 0.9419028654469641, "3": 0.47999999999999987, "4": 0.34699481473214466, "5": 0.26452776563400476, "6": 20.831208706233078, "7": 0.0}}}