{"single": {"stat": {"0": "MAE", "1": "MSE", "2": "RMSD", "3": "RMSD_step", "4": "pearsonr", "5": "kendalltau", "6": "chisq", "7": "percentage_fulfilled"}, "value": {"0": 0.319556310505745, "1": -0.2304511149241527, "2": 0.42986788664332376, "3": 0.24081849677110925, "4": 0.6005419360420666, "5": 0.41131689204037003, "6": 1.9868838971908587, "7": 0.3548387096774194}, "up": {"0": 0.4225427666902212, "1": -0.10586187164542403, "2": 0.5381552642072533, "3": 0.3726679082938113, "4": 0.7849674953705934, "5": 0.6354415199513038, "6": 3.130685259811974, "7": 0.0}, "low": {"0": 0.2221928515698921, "1": 0.0, "2": 0.308876566749264, "3": 0.10753731512446722, "4": 0.33534272466936826, "5": 0.15711924473255448, "6": 1.0393800433621592, "7": 0.0}}}