{"single": {"stat": {"0": "MAE", "1": "MSE", "2": "RMSD", "3": "RMSD_step", "4": "pearsonr", "5": "kendalltau", "6": "chisq", "7": "percentage_fulfilled"}, "value": {"0": 0.21345170454975573, "1": 0.031145838303074047, "2": 0.29860464188396324, "3": 0.17820792495321028, "4": 0.6980543507857335, "5": 0.4173913043478262, "6": 0.960582276833463, "7": 0.6129032258064516}, "up": {"0": 0.2899910289179681, "1": 0.13833083191814743, "2": 0.3763529650373299, "3": 0.26461795345255207, "4": 0.8537559335915715, "5": 0.6848780275964022, "6": 1.5304089912760275, "7": 0.0}, "low": {"0": 0.14281888518289693, "1": 0.0, "2": 0.2120099193876502, "3": 0.07549727587902509, "4": 0.34010476775870646, "5": 0.09865138595944517, "6": 0.47530946519009076, "7": 0.0}}}