{"29": {"0": {"Atom 1": "(50,)", "Atom 2": "(57,)", "NMR exp": 2.7, "lower bound": 2.56, "upper bound": 2.82, "md": [2.703225827350104], "lower": [2.2654157052373147], "upper": [4.088492720652569]}, "1": {"Atom 1": "(37,)", "Atom 2": "(17,)", "NMR exp": 3.15, "lower bound": 2.92, "upper bound": 3.33, "md": [2.851070606032759], "lower": [2.4694526741424885], "upper": [3.663242062951313]}, "2": {"Atom 1": "(50,)", "Atom 2": "(37,)", "NMR exp": 3.08, "lower bound": 2.87, "upper bound": 3.25, "md": [2.3156280423020132], "lower": [2.000792885530778], "upper": [3.7284901364398797]}, "3": {"Atom 1": "(1,)", "Atom 2": "(3,)", "NMR exp": 2.58, "lower bound": 2.45, "upper bound": 2.69, "md": [2.9285790788958126], "lower": [2.8375212395488343], "upper": [3.0039821781367975]}, "4": {"Atom 1": "(17,)", "Atom 2": "(19,)", "NMR exp": 2.5, "lower bound": 2.39, "upper bound": 2.6, "md": [2.512596002723031], "lower": [2.2207151526449156], "upper": [2.93472660185667]}, "5": {"Atom 1": "(37,)", "Atom 2": "(39,)", "NMR exp": 2.81, "lower bound": 2.65, "upper bound": 2.95, "md": [2.91569464367547], "lower": [2.8213329568112933], "upper": [2.995465931450773]}, "6": {"Atom 1": "(50,)", "Atom 2": "(52, 53)", "NMR exp": 2.42, "lower bound": 2.32, "upper bound": 2.5100000000000002, "md": [2.7108872393324304, 2.6336166499009703], "lower": [2.460931857429591, 2.357121770335995], "upper": [2.902793396873023, 2.8941984614497867]}, "7": {"Atom 1": "(50,)", "Atom 2": "(52, 53)", "NMR exp": 2.7800000000000002, "lower bound": 2.62, "upper bound": 2.91, "md": [2.7108872393324304, 2.6336166499009703], "lower": [2.460931857429591, 2.357121770335995], "upper": [2.902793396873023, 2.8941984614497867]}, "8": {"Atom 1": "(57,)", "Atom 2": "(59,)", "NMR exp": 2.6, "lower bound": 2.47, "upper bound": 3.1, "md": [2.5859511891254314], "lower": [2.220346854525471], "upper": [2.940901189781671]}, "9": {"Atom 1": "(1,)", "Atom 2": "(59,)", "NMR exp": 3.3000000000000003, "lower bound": 3.04, "upper bound": 4.0, "md": [2.9782306834425962], "lower": [2.4454560147703184], "upper": [3.5004553978666326]}, "10": {"Atom 1": "(17,)", "Atom 2": "(3,)", "NMR exp": 2.83, "lower bound": 2.66, "upper bound": 2.97, "md": [2.5472686049676345], "lower": [2.1718664901285543], "upper": [3.5392925416917844]}, "11": {"Atom 1": "(37,)", "Atom 2": "(19,)", "NMR exp": 2.25, "lower bound": 2.17, "upper bound": 2.32, "md": [2.3654348683293405], "lower": [2.14914889216668], "upper": [2.869673703679772]}, "12": {"Atom 1": "(50,)", "Atom 2": "(39,)", "NMR exp": 2.36, "lower bound": 2.2600000000000002, "upper bound": 2.44, "md": [2.9473728880337484], "lower": [2.431634683879305], "upper": [3.6011094146449754]}, "13": {"Atom 1": "(57,)", "Atom 2": "(52, 53)", "NMR exp": 2.36, "lower bound": 2.2600000000000002, "upper bound": 2.44, "md": [3.1923086530866267, 2.426690316330167], "lower": [2.7935329849993082, 2.181290284287131], "upper": [3.6550974143668875, 3.349128016751974]}, "14": {"Atom 1": "(57,)", "Atom 2": "(52, 53)", "NMR exp": 2.7, "lower bound": 2.56, "upper bound": 3.2, "md": [3.1923086530866267, 2.426690316330167], "lower": [2.7935329849993082, 2.181290284287131], "upper": [3.6550974143668875, 3.349128016751974]}, "15": {"Atom 1": "(1,)", "Atom 2": "(5,)", "NMR exp": 2.8000000000000003, "lower bound": 2.64, "upper bound": 2.93, "md": [2.8936331497363375], "lower": [2.518951982745988], "upper": [3.6408746852102154]}, "16": {"Atom 1": "(17,)", "Atom 2": "(21, 22)", "NMR exp": 3.0300000000000002, "lower bound": 2.83, "upper bound": 3.19, "md": [3.2416231199898773, 3.0655324611531456], "lower": [2.8692628854974678, 2.705210372226296], "upper": [3.870225962606831, 3.5912092109635942]}, "17": {"Atom 1": "(17,)", "Atom 2": "(21, 22)", "NMR exp": 3.0, "lower bound": 2.8000000000000003, "upper bound": 3.16, "md": [3.2416231199898773, 3.0655324611531456], "lower": [2.8692628854974678, 2.705210372226296], "upper": [3.870225962606831, 3.5912092109635942]}, "18": {"Atom 1": "(19,)", "Atom 2": "(21, 22)", "NMR exp": 2.72, "lower bound": 2.57, "upper bound": 2.84, "md": [2.5594787130005123, 2.6466002906808805], "lower": [2.3513552473584287, 2.433233887554628], "upper": [2.9832333422769244, 2.9925627733911835]}, "19": {"Atom 1": "(19,)", "Atom 2": "(21, 22)", "NMR exp": 2.68, "lower bound": 2.54, "upper bound": 2.8000000000000003, "md": [2.5594787130005123, 2.6466002906808805], "lower": [2.3513552473584287, 2.433233887554628], "upper": [2.9832333422769244, 2.9925627733911835]}, "20": {"Atom 1": "(37,)", "Atom 2": "(21, 22)", "NMR exp": 3.5, "lower bound": 3.19, "upper bound": 3.74, "md": [4.10451313587973, 4.203639056722566], "lower": [3.503508024379427, 3.7722072804664943], "upper": [4.472376891150707, 4.531457192712826]}, "21": {"Atom 1": "(37,)", "Atom 2": "(21, 22)", "NMR exp": 3.5, "lower bound": 3.19, "upper bound": 3.74, "md": [4.10451313587973, 4.203639056722566], "lower": [3.503508024379427, 3.7722072804664943], "upper": [4.472376891150707, 4.531457192712826]}, "22": {"Atom 1": "(37,)", "Atom 2": "(41, 42)", "NMR exp": 2.79, "lower bound": 2.63, "upper bound": 2.92, "md": [2.831533166394244, 2.5997608914456154], "lower": [2.5156669097693367, 2.3474787398795076], "upper": [3.5147620706098723, 3.2391194370761904]}, "23": {"Atom 1": "(37,)", "Atom 2": "(41, 42)", "NMR exp": 2.71, "lower bound": 2.56, "upper bound": 2.83, "md": [2.831533166394244, 2.5997608914456154], "lower": [2.5156669097693367, 2.3474787398795076], "upper": [3.5147620706098723, 3.2391194370761904]}, "24": {"Atom 1": "(39,)", "Atom 2": "(41, 42)", "NMR exp": 2.73, "lower bound": 2.58, "upper bound": 2.86, "md": [2.6667469964957236, 2.5959225251889135], "lower": [2.434042877416164, 2.4084154176486794], "upper": [3.021071885854956, 2.962891874581082]}, "25": {"Atom 1": "(39,)", "Atom 2": "(41, 42)", "NMR exp": 2.66, "lower bound": 2.52, "upper bound": 2.7800000000000002, "md": [2.6667469964957236, 2.5959225251889135], "lower": [2.434042877416164, 2.4084154176486794], "upper": [3.021071885854956, 2.962891874581082]}, "26": {"Atom 1": "(1,)", "Atom 2": "(7, 8, 9, 11, 12, 13)", "NMR exp": 3.0, "lower bound": 2.8000000000000003, "upper bound": 3.16, "md": [3.3021585607417365, 3.3205085441282027, 3.329537208744136, 2.9726509031191832, 2.962018923059792, 2.9672805848707515], "lower": [2.6410823711320104, 2.652163343155426, 2.6552948896312847, 2.4483072435811946, 2.443854819682496, 2.4458203809061816], "upper": [4.477003096387142, 4.47976864810641, 4.483388045962827, 4.255391898604149, 4.248788668736443, 4.2530059646541565]}, "27": {"Atom 1": "(1,)", "Atom 2": "(7, 8, 9, 11, 12, 13)", "NMR exp": 3.6, "lower bound": 3.2600000000000002, "upper bound": 3.85, "md": [3.3021585607417365, 3.3205085441282027, 3.329537208744136, 2.9726509031191832, 2.962018923059792, 2.9672805848707515], "lower": [2.6410823711320104, 2.652163343155426, 2.6552948896312847, 2.4483072435811946, 2.443854819682496, 2.4458203809061816], "upper": [4.477003096387142, 4.47976864810641, 4.483388045962827, 4.255391898604149, 4.248788668736443, 4.2530059646541565]}, "28": {"Atom 1": "(3,)", "Atom 2": "(5,)", "NMR exp": 2.8000000000000003, "lower bound": 2.64, "upper bound": 2.93, "md": [2.576635810476984], "lower": [2.3953290716294364], "upper": [2.9771522661512226]}, "29": {"Atom 1": "(17,)", "Atom 2": "(5,)", "NMR exp": 2.45, "lower bound": 2.34, "upper bound": 2.94, "md": [2.9009634806977127], "lower": [2.5119116194892976], "upper": [3.991578233564045]}, "30": {"Atom 1": "(57,)", "Atom 2": "(61, 62)", "NMR exp": 2.22, "lower bound": 2.14, "upper bound": 3.29, "md": [2.939549948436101, 2.6550836515904486], "lower": [2.539305748790372, 2.362864053540708], "upper": [3.7912364422024876, 3.3535434180711556]}}}