{"29": {"0": {"Atom 1": "(50,)", "Atom 2": "(57,)", "NMR exp": 2.7, "lower bound": 2.56, "upper bound": 2.82, "md": [1.6382675570484357], "lower": [1.5592615571539874], "upper": [3.7765887190836507]}, "1": {"Atom 1": "(37,)", "Atom 2": "(17,)", "NMR exp": 3.15, "lower bound": 2.92, "upper bound": 3.33, "md": [2.7402928376359554], "lower": [2.392303960921108], "upper": [3.6096349674250856]}, "2": {"Atom 1": "(50,)", "Atom 2": "(37,)", "NMR exp": 3.08, "lower bound": 2.87, "upper bound": 3.25, "md": [2.2042808094879907], "lower": [1.9460356733291397], "upper": [3.649471771060728]}, "3": {"Atom 1": "(1,)", "Atom 2": "(3,)", "NMR exp": 2.58, "lower bound": 2.45, "upper bound": 2.69, "md": [2.973137304256543], "lower": [2.8699603609653908], "upper": [3.028489032926262]}, "4": {"Atom 1": "(17,)", "Atom 2": "(19,)", "NMR exp": 2.5, "lower bound": 2.39, "upper bound": 2.6, "md": [2.3131887738967665], "lower": [2.1748558406849474], "upper": [2.8910811268946888]}, "5": {"Atom 1": "(37,)", "Atom 2": "(39,)", "NMR exp": 2.81, "lower bound": 2.65, "upper bound": 2.95, "md": [2.502884126450105], "lower": [2.4462761192781004], "upper": [2.9370744623621037]}, "6": {"Atom 1": "(50,)", "Atom 2": "(52, 53)", "NMR exp": 2.42, "lower bound": 2.32, "upper bound": 2.5100000000000002, "md": [2.798204455473008, 2.4559906353484977], "lower": [2.541974355484397, 2.292623382114235], "upper": [2.93892206784078, 2.8648845796713824]}, "7": {"Atom 1": "(50,)", "Atom 2": "(52, 53)", "NMR exp": 2.7800000000000002, "lower bound": 2.62, "upper bound": 2.91, "md": [2.798204455473008, 2.4559906353484977], "lower": [2.541974355484397, 2.292623382114235], "upper": [2.93892206784078, 2.8648845796713824]}, "8": {"Atom 1": "(57,)", "Atom 2": "(59,)", "NMR exp": 2.6, "lower bound": 2.47, "upper bound": 3.1, "md": [2.804360114834473], "lower": [2.2891866239759007], "upper": [2.968597340307487]}, "9": {"Atom 1": "(1,)", "Atom 2": "(59,)", "NMR exp": 3.3000000000000003, "lower bound": 3.04, "upper bound": 4.0, "md": [3.41369277078546], "lower": [2.6662428941438954], "upper": [3.5598971919141817]}, "10": {"Atom 1": "(17,)", "Atom 2": "(3,)", "NMR exp": 2.83, "lower bound": 2.66, "upper bound": 2.97, "md": [2.088462240332118], "lower": [1.982195239726517], "upper": [3.2842063852137384]}, "11": {"Atom 1": "(37,)", "Atom 2": "(19,)", "NMR exp": 2.25, "lower bound": 2.17, "upper bound": 2.32, "md": [2.035153230823121], "lower": [1.9507933065480874], "upper": [2.665670644871711]}, "12": {"Atom 1": "(50,)", "Atom 2": "(39,)", "NMR exp": 2.36, "lower bound": 2.2600000000000002, "upper bound": 2.44, "md": [1.8179807837475639], "lower": [1.7814398433610814], "upper": [3.427051191986216]}, "13": {"Atom 1": "(57,)", "Atom 2": "(52, 53)", "NMR exp": 2.36, "lower bound": 2.2600000000000002, "upper bound": 2.44, "md": [2.3815162813512094, 2.1729458712969545], "lower": [2.141298379049737, 2.0510446100511275], "upper": [3.5302751677887816, 3.154523976720504]}, "14": {"Atom 1": "(57,)", "Atom 2": "(52, 53)", "NMR exp": 2.7, "lower bound": 2.56, "upper bound": 3.2, "md": [2.3815162813512094, 2.1729458712969545], "lower": [2.141298379049737, 2.0510446100511275], "upper": [3.5302751677887816, 3.154523976720504]}, "15": {"Atom 1": "(1,)", "Atom 2": "(5,)", "NMR exp": 2.8000000000000003, "lower bound": 2.64, "upper bound": 2.93, "md": [3.0106517329913234], "lower": [2.564737477102508], "upper": [3.686252813454402]}, "16": {"Atom 1": "(17,)", "Atom 2": "(21, 22)", "NMR exp": 3.0300000000000002, "lower bound": 2.83, "upper bound": 3.19, "md": [2.5180989105351723, 2.6978414272593203], "lower": [2.365882775733022, 2.479454746742164], "upper": [3.6523445840902866, 3.4700856932271082]}, "17": {"Atom 1": "(17,)", "Atom 2": "(21, 22)", "NMR exp": 3.0, "lower bound": 2.8000000000000003, "upper bound": 3.16, "md": [2.5180989105351723, 2.6978414272593203], "lower": [2.365882775733022, 2.479454746742164], "upper": [3.6523445840902866, 3.4700856932271082]}, "18": {"Atom 1": "(19,)", "Atom 2": "(21, 22)", "NMR exp": 2.72, "lower bound": 2.57, "upper bound": 2.84, "md": [2.4942670115962917, 2.0745711239249416], "lower": [2.322867043583774, 2.020845005858568], "upper": [2.946513403971585, 2.8170972924778077]}, "19": {"Atom 1": "(19,)", "Atom 2": "(21, 22)", "NMR exp": 2.68, "lower bound": 2.54, "upper bound": 2.8000000000000003, "md": [2.4942670115962917, 2.0745711239249416], "lower": [2.322867043583774, 2.020845005858568], "upper": [2.946513403971585, 2.8170972924778077]}, "20": {"Atom 1": "(37,)", "Atom 2": "(21, 22)", "NMR exp": 3.5, "lower bound": 3.19, "upper bound": 3.74, "md": [2.126256938153498, 2.759922842551375], "lower": [2.017204260027235, 2.5367656171933337], "upper": [4.341906749851288, 4.388016289574203]}, "21": {"Atom 1": "(37,)", "Atom 2": "(21, 22)", "NMR exp": 3.5, "lower bound": 3.19, "upper bound": 3.74, "md": [2.126256938153498, 2.759922842551375], "lower": [2.017204260027235, 2.5367656171933337], "upper": [4.341906749851288, 4.388016289574203]}, "22": {"Atom 1": "(37,)", "Atom 2": "(41, 42)", "NMR exp": 2.79, "lower bound": 2.63, "upper bound": 2.92, "md": [2.745503763972775, 2.3360030690188114], "lower": [2.4737320411012234, 2.1855669252645082], "upper": [3.4684571170220604, 3.071333928653724]}, "23": {"Atom 1": "(37,)", "Atom 2": "(41, 42)", "NMR exp": 2.71, "lower bound": 2.56, "upper bound": 2.83, "md": [2.745503763972775, 2.3360030690188114], "lower": [2.4737320411012234, 2.1855669252645082], "upper": [3.4684571170220604, 3.071333928653724]}, "24": {"Atom 1": "(39,)", "Atom 2": "(41, 42)", "NMR exp": 2.73, "lower bound": 2.58, "upper bound": 2.86, "md": [2.463841133155357, 2.6724889212640375], "lower": [2.3362540550022906, 2.4362993695157114], "upper": [2.9500513158923565, 3.001774821651911]}, "25": {"Atom 1": "(39,)", "Atom 2": "(41, 42)", "NMR exp": 2.66, "lower bound": 2.52, "upper bound": 2.7800000000000002, "md": [2.463841133155357, 2.6724889212640375], "lower": [2.3362540550022906, 2.4362993695157114], "upper": [2.9500513158923565, 3.001774821651911]}, "26": {"Atom 1": "(1,)", "Atom 2": "(7, 8, 9, 11, 12, 13)", "NMR exp": 3.0, "lower bound": 2.8000000000000003, "upper bound": 3.16, "md": [2.5842006427275512, 3.547150366267914, 3.657999159563552, 3.4471456121915396, 3.3355845512373556, 3.407448036923623], "lower": [2.284808105452436, 2.7948725526429867, 2.863088219533412, 2.6613816329637876, 2.6152897944568734, 2.6449380393953774], "upper": [4.333073318961914, 4.538577512603644, 4.570102858744528, 4.429181311776713, 4.3860145300096836, 4.414616225877637]}, "27": {"Atom 1": "(1,)", "Atom 2": "(7, 8, 9, 11, 12, 13)", "NMR exp": 3.6, "lower bound": 3.2600000000000002, "upper bound": 3.85, "md": [2.5842006427275512, 3.547150366267914, 3.657999159563552, 3.4471456121915396, 3.3355845512373556, 3.407448036923623], "lower": [2.284808105452436, 2.7948725526429867, 2.863088219533412, 2.6613816329637876, 2.6152897944568734, 2.6449380393953774], "upper": [4.333073318961914, 4.538577512603644, 4.570102858744528, 4.429181311776713, 4.3860145300096836, 4.414616225877637]}, "28": {"Atom 1": "(3,)", "Atom 2": "(5,)", "NMR exp": 2.8000000000000003, "lower bound": 2.64, "upper bound": 2.93, "md": [1.9986124007611723], "lower": [1.9535419384251749], "upper": [2.7579249124353935]}, "29": {"Atom 1": "(17,)", "Atom 2": "(5,)", "NMR exp": 2.45, "lower bound": 2.34, "upper bound": 2.94, "md": [2.443575575866965], "lower": [2.2383450704227537], "upper": [3.76477053079509]}, "30": {"Atom 1": "(57,)", "Atom 2": "(61, 62)", "NMR exp": 2.22, "lower bound": 2.14, "upper bound": 3.29, "md": [1.8414646741164813, 1.7849392833928706], "lower": [1.7876909644073364, 1.7355890214050433], "upper": [3.518033227464411, 3.073986920304357]}}}