{"minimum_sasa": 8.51554565429685, "minimum_psa": 6.482129693031327}