{"single": {"stat": {"0": "MAE", "1": "MSE", "2": "RMSD", "3": "RMSD_step", "4": "pearsonr", "5": "kendalltau", "6": "chisq", "7": "percentage_fulfilled"}, "value": {"0": 0.319556310505745, "1": -0.2304511149241527, "2": 0.42986788664332376, "3": 0.24081849677110925, "4": 0.6005419360420666, "5": 0.41131689204037003, "6": 1.9868838971908587, "7": 0.3548387096774194}, "up": {"0": 0.4235047455917276, "1": -0.10558136856467554, "2": 0.5372608482710622, "3": 0.3718581284098118, "4": 0.7865408247224942, "5": 0.6365716396956088, "6": 3.1375908531071537, "7": 0.0}, "low": {"0": 0.22187106390172703, "1": 0.0, "2": 0.310306311221281, "3": 0.10593592087781731, "4": 0.3295823545132285, "5": 0.15349790496169352, "6": 1.0476725694230977, "7": 0.0}}}