{"single": {"stat": {"0": "MAE", "1": "MSE", "2": "RMSD", "3": "pearsonr", "4": "kendalltau", "5": "chisq", "6": "percentage_fulfilled"}, "value": {"0": 0.4708736472922214, "1": -0.016160695857287587, "2": 0.6367809107214436, "3": 0.445323853032235, "4": 0.4234481691088764, "5": 4.4581631014256695, "6": 0.5294117647058824}, "up": {"0": 0.6222842730330914, "1": 0.20351663122276967, "2": 0.8224162251916239, "3": 0.7177847575444943, "4": 0.6222619560145976, "5": 7.783250366056514, "6": 0.0}, "low": {"0": 0.3368837079854347, "1": 0.0, "2": 0.4370236691499456, "3": 0.19047451687119044, "4": 0.20769068439345267, "5": 1.9458741023047048, "6": 0.0}, "most-populated-1": {"0": 0.5595587183447444, "1": 0.21243483178755784, "2": 0.714309397258778, "3": NaN, "4": NaN, "5": NaN, "6": 0.47058823529411764}}}