{"single": {"stat": {"0": "MAE", "1": "MSE", "2": "RMSD", "3": "RMSD_step", "4": "pearsonr", "5": "kendalltau", "6": "chisq", "7": "percentage_fulfilled"}, "value": {"0": 0.4708736472922214, "1": -0.016160695857287587, "2": 0.6367809107214436, "3": 0.23436397032870745, "4": 0.445323853032235, "5": 0.4234481691088764, "6": 4.4581631014256695, "7": 0.5294117647058824}, "up": {"0": 0.6223798015664326, "1": 0.2008993896336583, "2": 0.8200624199541342, "3": 0.3057085544040934, "4": 0.7149427893032009, "5": 0.6180877528455477, "6": 7.730473629821757, "7": 0.0}, "low": {"0": 0.33836070573773575, "1": 0.0, "2": 0.433840180519363, "3": 0.1499938675347356, "4": 0.18450545520210576, "5": 0.2083026003128328, "6": 1.945827713769074, "7": 0.0}, "most-populated-1": {"0": 0.5595587183447444, "1": 0.21243483178755784, "2": 0.714309397258778, "3": 0.23436397032870745, "4": NaN, "5": NaN, "6": NaN, "7": 0.47058823529411764}}}