{"single": {"fulfil": {"best": 0.888235294117647, "random": [0.7870588235294118, 0.8352941176470587, 0.8094117647058823, 0.841764705882353, 0.8588235294117649], "low_energy": [0.788235294117647, 0.8529411764705882, 0.8470588235294118, 0.8529411764705882, 0.8647058823529412], "LICUV": [0.888235294117647, 0.8823529411764706, 0.9058823529411765, 0.9, 0.8941176470588236], "NAMFIS": [0.8529411764705882, 0.8588235294117647, 0.8647058823529412, 0.8764705882352941, 0.8764705882352941]}, "rmsd": {"best": 0.9543214390318184, "random": [1.6417289644134467, 1.1320382109860332, 1.165853792750428, 1.031167347365621, 0.9546881574807443], "low_energy": [1.5241944418445732, 1.258868786602239, 1.0088331786410099, 0.9669200332733772, 0.9268550681225559], "LICUV": [1.0452125201746063, 0.8720198721988895, 0.8746775251577322, 0.8830315881355982, 0.8522668450175025], "NAMFIS": [1.0482714779344982, 0.8588134033739296, 0.8800202509133133, 0.874481862961106, 0.8744818627381656]}, "mae": {"best": 0.6891358852386473, "random": [1.0022761262865623, 0.8135573779845308, 0.8689833817161132, 0.7995128666151745, 0.7811303190055237], "low_energy": [0.9930453475783849, 0.8211141473024113, 0.7540381523422642, 0.7332686589991166, 0.7358327739434157], "LICUV": [0.7148865391226376, 0.6591442344575466, 0.6721189595496441, 0.7098718127476734, 0.7011747675972755], "NAMFIS": [0.7327498688417321, 0.6719759775827688, 0.7005676267405059, 0.7005276508561433, 0.7005276506520621]}, "bundle-size": [1, 3, 5, 10, 30]}}