{"single": {"fulfil": {"best": 0.888235294117647, "random": [0.7823529411764705, 0.8111764705882353, 0.8188235294117646, 0.8447058823529412, 0.8617647058823531], "low_energy": [0.788235294117647, 0.8529411764705882, 0.8470588235294118, 0.8529411764705882, 0.8647058823529412], "LICUV": [0.888235294117647, 0.8823529411764706, 0.9058823529411765, 0.9, 0.8941176470588236], "NAMFIS": [0.8529411764705882, 0.8588235294117647, 0.8647058823529412, 0.8764705882352941, 0.8764705882352941]}, "rmsd": {"best": 0.9543214390318184, "random": [1.5780800249532154, 1.284249974824111, 1.1946478017830755, 1.026720815176323, 0.9578076267171488], "low_energy": [1.5241944418445732, 1.258868786602239, 1.0088331786410099, 0.9669200332733772, 0.9268550681225559], "LICUV": [1.0452125201746063, 0.8720198721988895, 0.8746775251577322, 0.8830315881355982, 0.8522668450175025], "NAMFIS": [1.0482714779344982, 0.8588135653059646, 0.880021120744342, 0.8744830443007731, 0.8744830441245902]}, "mae": {"best": 0.6891358852386473, "random": [0.9969387151213251, 0.8842696685610351, 0.8603410462263053, 0.7939803176576964, 0.7856308113765624], "low_energy": [0.9930453475783849, 0.8211141473024113, 0.7540381523422642, 0.7332686589991166, 0.7358327739434157], "LICUV": [0.7148865391226376, 0.6591442344575466, 0.6721189595496441, 0.7098718127476734, 0.7011747675972755], "NAMFIS": [0.7327498688417321, 0.6719763565541532, 0.7005684828698918, 0.7005273172654353, 0.7005273171006434]}, "bundle-size": [1, 3, 5, 10, 30]}}