{"single": {"fulfil": {"best": 0.6882352941176471, "random": [0.6029411764705882, 0.6352941176470588, 0.6564705882352941, 0.6988235294117647, 0.7147058823529411], "low_energy": [0.5294117647058824, 0.6176470588235294, 0.6176470588235294, 0.6352941176470588, 0.711764705882353], "LICUV": [0.6882352941176471, 0.7352941176470589, 0.7, 0.7235294117647059, 0.788235294117647], "NAMFIS": [0.5823529411764706, 0.6352941176470588, 0.711764705882353, 0.7176470588235294, 0.7176470588235294]}, "rmsd": {"best": 1.7834875174062965, "random": [2.281911051444161, 1.974613358465426, 1.8669233850707208, 1.5951120657099889, 1.4556127335218583], "low_energy": [2.528787704540616, 2.172867413428568, 2.0277500696854363, 1.9125769706898619, 1.6431976725781399], "LICUV": [1.8421439470754757, 1.6858665021636008, 1.615434108856439, 1.3892173597242101, 1.269361569259992], "NAMFIS": [2.1928449608428746, 1.7319778927637275, 1.5482883363457074, 1.3795448531645742, 1.3795445164809397]}, "mae": {"best": 1.2273765599026396, "random": [1.602970157300724, 1.42841503047027, 1.3299441572578097, 1.1684464318558638, 1.0828618413757938], "low_energy": [1.7722456406144529, 1.5139653690556911, 1.4356558109721285, 1.388926935708015, 1.1725960365448211], "LICUV": [1.2273765599026396, 1.1237513825052567, 1.1292176734757189, 1.014165258386075, 0.9492827394233098], "NAMFIS": [1.5780539428486537, 1.3376256160876796, 1.1711086250150073, 1.0523976697495556, 1.0523975286760692]}, "bundle-size": [1, 3, 5, 10, 30]}}