{"single": {"fulfil": {"best": 0.888235294117647, "random": [0.788235294117647, 0.7929411764705883, 0.8341176470588234, 0.8347058823529411, 0.8594117647058825], "low_energy": [0.788235294117647, 0.8529411764705882, 0.8470588235294118, 0.8529411764705882, 0.8647058823529412], "LICUV": [0.888235294117647, 0.8823529411764706, 0.9058823529411765, 0.9, 0.8941176470588236], "NAMFIS": [0.8529411764705882, 0.8588235294117647, 0.8647058823529412, 0.8764705882352941, 0.8764705882352941]}, "rmsd": {"best": 0.9543214390318184, "random": [1.6478015501875074, 1.2798942656739603, 1.0775729020585143, 1.0600809937038072, 0.9503267370536641], "low_energy": [1.5241944418445732, 1.258868786602239, 1.0088331786410099, 0.9669200332733772, 0.9268550681225559], "LICUV": [1.0452125201746063, 0.8720198721988895, 0.8746775251577322, 0.8830315881355982, 0.8522668450175025], "NAMFIS": [1.0482714779344982, 0.8588135260694033, 0.8800278860592045, 0.8744909536797266, 0.8744909534094564]}, "rmsd_stepwise": {"best": 0.43325036913191556, "random": [0.644118086077121, 0.6442547662935018, 0.5658640818243892, 0.5649367592589788, 0.5123267257502793], "low_energy": [0.6518751233714845, 0.527312832699349, 0.5414034051045702, 0.527312832699349, 0.4979369201722123], "LICUV": [0.43325036913191556, 0.45755102576266893, 0.38615754176090294, 0.40518695757419837, 0.42336189497597326], "NAMFIS": [0.5082264432780518, 0.5063711728622418, 0.49127684779202707, 0.47372118878712005, 0.47372118878712005]}, "mae": {"best": 0.6891358852386473, "random": [1.0340460838289818, 0.9018534035879681, 0.7978620854026774, 0.8100732562586549, 0.7778049822290265], "low_energy": [0.9930453475783849, 0.8211141473024113, 0.7540381523422642, 0.7332686589991166, 0.7358327739434157], "LICUV": [0.7148865391226376, 0.6591442344575466, 0.6721189595496441, 0.7098718127476734, 0.7011747675972755], "NAMFIS": [0.7327498688417321, 0.6719767189502749, 0.7005762653529138, 0.7005374110161626, 0.7005374107567675]}, "bundle-size": [1, 3, 5, 10, 30]}}