{"minimum_sasa": 10.69952392578125, "minimum_psa": 9.955074310302734}