{"cis": {"stat": {"0": "MAE", "1": "MSE", "2": "RMSD", "3": "RMSD_step", "4": "pearsonr", "5": "kendalltau", "6": "chisq", "7": "percentage_fulfilled"}, "value": {"0": 0.3378294072282443, "1": 0.15463926814030854, "2": 0.45702024311005246, "3": 0.0, "4": 0.5269487416152567, "5": 0.43319692342869326, "6": 1.401775961818483, "7": 1.0}, "up": {"0": 0.49217119270312537, "1": 0.34646442002623346, "2": 0.6048175491357441, "3": 0.0, "4": 0.8662426279039614, "5": 0.7930661992979521, "6": 2.4279216682760527, "7": 0.0}, "low": {"0": 0.2063234386299043, "1": 0.0, "2": 0.2723450487039294, "3": 0.0, "4": 0.06451331174021635, "5": 0.0, "6": 0.507489558082414, "7": 0.0}}}