{"minimum_sasa": 7.272630119323754, "minimum_psa": 5.00945997714995}