{"cis": {"stat": {"0": "MAE", "1": "MSE", "2": "RMSD", "3": "RMSD_step", "4": "pearsonr", "5": "kendalltau", "6": "chisq", "7": "percentage_fulfilled"}, "value": {"0": 0.3378294072282443, "1": 0.15463926814030854, "2": 0.45702024311005246, "3": 0.0, "4": 0.5269487416152567, "5": 0.43319692342869326, "6": 1.401775961818483, "7": 1.0}, "up": {"0": 0.48551986131664865, "1": 0.3506167462522955, "2": 0.6048085741238644, "3": 0.0, "4": 0.8660711466027105, "5": 0.791401294725442, "6": 2.455249195536723, "7": 0.0}, "low": {"0": 0.20285327932122726, "1": 0.0, "2": 0.27190701465544326, "3": 0.0, "4": 0.051279379411156636, "5": 0.0, "6": 0.5246231421390621, "7": 0.0}}}