{"single": {"fulfil": {"best": 0.6511627906976745, "random": [0.5139534883720931, 0.5802325581395349, 0.6325581395348838, 0.6418604651162791, 0.6779069767441861], "low_energy": [0.5116279069767442, 0.5813953488372093, 0.5813953488372093, 0.5930232558139535, 0.686046511627907], "LICUV": [0.6511627906976745, 0.686046511627907, 0.7325581395348837, 0.7093023255813954, 0.7209302325581395], "NAMFIS": [0.5813953488372093, 0.6627906976744186, 0.6976744186046512, 0.686046511627907, 0.686046511627907]}, "rmsd": {"best": 1.8261701299660211, "random": [2.620585923635736, 2.0784949289461294, 1.7912963207140489, 1.6226098033915146, 1.5292818893932274], "low_energy": [2.7237526184739123, 2.402536474950249, 2.300983586615076, 2.0599724504537638, 1.5072448111848755], "LICUV": [1.8261701299660211, 1.3672323847259962, 1.356945864823544, 1.2650238985479745, 1.3410962786860765], "NAMFIS": [2.198034435431095, 1.424672855115323, 1.3549491983468716, 1.3107996482790147, 1.3107996483902882]}, "mae": {"best": 1.3503509122271866, "random": [1.8677521062451734, 1.5520706430162616, 1.3486271303681883, 1.2801734461708276, 1.2032755332162879], "low_energy": [1.8261726262957545, 1.5943778735808258, 1.533211612962741, 1.437894676882792, 1.2002183410150509], "LICUV": [1.3503509122271866, 1.0689224166700886, 1.0580556346543557, 1.0452161595967673, 1.088495853567823], "NAMFIS": [1.5897501013999757, 1.1484505953213102, 1.1135169549434683, 1.0914153631173094, 1.0914153631021015]}, "bundle-size": [1, 3, 5, 10, 30]}}