{"single": {"fulfil": {"best": 0.9302325581395349, "random": [0.7453488372093025, 0.8034883720930234, 0.8290697674418605, 0.8406976744186047, 0.8593023255813954], "low_energy": [0.9302325581395349, 0.8953488372093024, 0.9069767441860465, 0.8604651162790697, 0.8604651162790697], "LICUV": [0.9302325581395349, 0.9418604651162791, 0.9418604651162791, 0.9534883720930233, 0.8837209302325582], "NAMFIS": [0.9302325581395349, 0.9534883720930233, 0.9534883720930233, 0.9534883720930233, 0.9534883720930233]}, "rmsd": {"best": 0.7214283096613615, "random": [2.21714032428699, 1.7021615240299544, 1.4683841355984713, 1.2477280014001382, 1.0336175741639604], "low_energy": [0.7214283096613615, 0.823289291450612, 0.8545237663218751, 0.9397544776534809, 1.0342086757010538], "LICUV": [0.7214283096613615, 0.8008605461436427, 0.7659547033802716, 0.8230019584663759, 0.880401322516346], "NAMFIS": [0.7214283096613615, 0.7172155621852251, 0.7327951526805373, 0.7373806303955585, 0.7373806303973442]}, "rmsd_stepwise": {"best": 0.36119955188104774, "random": [0.7403016079548007, 0.6659557318499875, 0.6224963520275788, 0.6027325077486385, 0.5678851366604792], "low_energy": [0.36119955188104774, 0.46668050920776466, 0.4483821044911437, 0.5657881927627753, 0.5657881927627753], "LICUV": [0.36119955188104774, 0.35322435060519974, 0.35322435060519974, 0.30822070014844877, 0.5230723192473394], "NAMFIS": [0.36119955188104774, 0.30822070014844877, 0.30822070014844877, 0.30822070014844877, 0.30822070014844877]}, "mae": {"best": 0.5363148617189984, "random": [1.261392498293588, 1.071925993308293, 0.9330948287266011, 0.8670550162137951, 0.7936961256165544], "low_energy": [0.5363148617189984, 0.6517790547822854, 0.6675176063247312, 0.7138927373376348, 0.7749517217311684], "LICUV": [0.5363148617189984, 0.6340371764555184, 0.5985445638454572, 0.6670402334456018, 0.6959434035637512], "NAMFIS": [0.5363148617189984, 0.5330347173422935, 0.5732210753265646, 0.5783945534854177, 0.5783945534823907]}, "bundle-size": [1, 3, 5, 10, 30]}}