{"single": {"fulfil": {"best": 0.9302325581395349, "random": [0.7813953488372094, 0.7953488372093023, 0.8290697674418605, 0.841860465116279, 0.8604651162790697], "low_energy": [0.9302325581395349, 0.8953488372093024, 0.9069767441860465, 0.8604651162790697, 0.8604651162790697], "LICUV": [0.9302325581395349, 0.9418604651162791, 0.9418604651162791, 0.9534883720930233, 0.8837209302325582], "NAMFIS": [0.9302325581395349, 0.9534883720930233, 0.9534883720930233, 0.9534883720930233, 0.9534883720930233]}, "rmsd": {"best": 0.7214283096613615, "random": [1.7269414173606918, 1.867889560456085, 1.325660387865275, 1.3731460137177736, 1.1069449905141688], "low_energy": [0.7214283096613615, 0.823289291450612, 0.8545237663218751, 0.9397544776534809, 1.0342086757010538], "LICUV": [0.7214283096613615, 0.8008605461436427, 0.7659547033802716, 0.8230019584663759, 0.880401322516346], "NAMFIS": [0.7214283096613615, 0.7172195440554913, 0.7327938352340454, 0.7373771292253132, 0.737377129226336]}, "mae": {"best": 0.5363148617189984, "random": [1.0431354808252908, 1.1025218044148233, 0.910934225661773, 0.9127346854897906, 0.8096197597180435], "low_energy": [0.5363148617189984, 0.6517790547822854, 0.6675176063247312, 0.7138927373376348, 0.7749517217311684], "LICUV": [0.5363148617189984, 0.6340371764555184, 0.5985445638454572, 0.6670402334456018, 0.6959434035637512], "NAMFIS": [0.5363148617189984, 0.5330478296555955, 0.5732190195602099, 0.5783908185785877, 0.5783908185768372]}, "bundle-size": [1, 3, 5, 10, 30]}}