{"single": {"fulfil": {"best": 0.9302325581395349, "random": [0.7372093023255812, 0.8162790697674417, 0.8058139534883721, 0.8279069767441861, 0.8627906976744185], "low_energy": [0.9302325581395349, 0.8953488372093024, 0.9069767441860465, 0.8604651162790697, 0.8604651162790697], "LICUV": [0.9302325581395349, 0.9418604651162791, 0.9418604651162791, 0.9534883720930233, 0.8837209302325582], "NAMFIS": [0.9302325581395349, 0.9534883720930233, 0.9534883720930233, 0.9534883720930233, 0.9534883720930233]}, "rmsd": {"best": 0.7214283096613615, "random": [1.9636097316547712, 1.531260051377081, 1.4976843983635018, 1.4299535680848021, 1.1098129099962086], "low_energy": [0.7214283096613615, 0.823289291450612, 0.8545237663218751, 0.9397544776534809, 1.0342086757010538], "LICUV": [0.7214283096613615, 0.8008605461436427, 0.7659547033802716, 0.8230019584663759, 0.880401322516346], "NAMFIS": [0.7214283096613615, 0.7172166593713296, 0.7327932351832492, 0.7373779165614279, 0.7373779165752739]}, "mae": {"best": 0.5363148617189984, "random": [1.1664300021737117, 0.978127331296967, 1.0022395399431685, 0.9590263989889459, 0.8192966035785784], "low_energy": [0.5363148617189984, 0.6517790547822854, 0.6675176063247312, 0.7138927373376348, 0.7749517217311684], "LICUV": [0.5363148617189984, 0.6340371764555184, 0.5985445638454572, 0.6670402334456018, 0.6959434035637512], "NAMFIS": [0.5363148617189984, 0.5330379057317064, 0.5732189731386336, 0.5783921609595403, 0.5783921609731529]}, "bundle-size": [1, 3, 5, 10, 30]}}