{"minimum_sasa": 12.548958778381348, "minimum_psa": 11.368030548095703}