{"single": {"stat": {"0": "MAE", "1": "MSE", "2": "RMSD", "3": "RMSD_step", "4": "pearsonr", "5": "kendalltau", "6": "chisq", "7": "percentage_fulfilled"}, "value": {"0": 0.8735829568118922, "1": -0.2253066054660297, "2": 1.2098032764279774, "3": 0.5642265930915062, "4": 0.4956789323674542, "5": 0.5309140175747333, "6": 31.24673941100824, "7": 0.8571428571428571}, "up": {"0": 1.0565257578790106, "1": 0.028065323083539255, "2": 1.465202387935743, "3": 0.7018030154733395, "4": 0.6154841778599627, "5": 0.6272942618607165, "6": 45.63775773805014, "7": 0.0}, "low": {"0": 0.7103434499961004, "1": 0.0, "2": 0.9449038540738772, "3": 0.39999999999999997, "4": 0.3648709297833722, "5": 0.4172123409262826, "6": 19.50948727448988, "7": 0.0}, "most-populated-1": {"0": 0.8486540390894962, "1": -0.01036375643132825, "2": 1.2581375293968204, "3": 0.5642265930915062, "4": NaN, "5": NaN, "6": NaN, "7": 0.8351648351648352}}}