{"single": {"stat": {"0": "MAE", "1": "MSE", "2": "RMSD", "3": "pearsonr", "4": "kendalltau", "5": "chisq", "6": "percentage_fulfilled"}, "value": {"0": 0.8334711326003584, "1": -0.38219899877807634, "2": 1.1345375385254095, "3": 0.4330991259096849, "4": 0.4114841028261831, "5": 27.48001085446369, "6": 0.8791208791208791}, "up": {"0": 0.9975734912846176, "1": -0.15100014394823388, "2": 1.3531107875994692, "3": 0.5626570959108793, "4": 0.5345115278564405, "5": 38.71773865034203, "6": 0.0}, "low": {"0": 0.6815417680272465, "1": 0.0, "2": 0.912795647426285, "3": 0.299602792067309, "4": 0.2701471801531264, "5": 18.29465904756393, "6": 0.0}, "most-populated-1": {"0": 0.8486540390894962, "1": -0.01036375643132825, "2": 1.2581375293968204, "3": NaN, "4": NaN, "5": NaN, "6": 0.8351648351648352}}}