{"single": {"stat": {"0": "MAE", "1": "MSE", "2": "RMSD", "3": "pearsonr", "4": "kendalltau", "5": "chisq", "6": "percentage_fulfilled"}, "value": {"0": 0.720746539269327, "1": -0.5229162370325425, "2": 0.8738374432350061, "3": 0.608647778374693, "4": 0.5075282391050864, "5": 36.03897259269598, "6": 0.9154228855721394}, "up": {"0": 0.7892421981314001, "1": -0.42398461898627104, "2": 0.9551633714604701, "3": 0.6839691592728042, "4": 0.5696285413221245, "5": 42.71855782020987, "6": 0.0}, "low": {"0": 0.6540975395243475, "1": 0.0, "2": 0.7934826119405182, "3": 0.5253722299195647, "4": 0.44045069732754616, "5": 29.815142315926035, "6": 0.0}, "most-populated-1": {"0": 0.6211673810114313, "1": -0.07322042972887342, "2": 0.8241985032724164, "3": NaN, "4": NaN, "5": NaN, "6": 0.9303482587064676}}}