{"single": {"stat": {"0": "MAE", "1": "MSE", "2": "RMSD", "3": "RMSD_step", "4": "pearsonr", "5": "kendalltau", "6": "chisq", "7": "percentage_fulfilled"}, "value": {"0": 0.6492562593506166, "1": -0.3549507980580726, "2": 0.8045585550209454, "3": 0.4204356896770644, "4": 0.6581244215456356, "5": 0.5306304977882451, "6": 30.504874709448323, "7": 0.9203980099502488}, "up": {"0": 0.7164376936985724, "1": -0.2550803227767439, "2": 0.8739742634736503, "3": 0.5180330191746698, "4": 0.7279127635742256, "5": 0.5882706979183208, "6": 35.704481640923056, "7": 0.0}, "low": {"0": 0.5844239400744095, "1": 0.0, "2": 0.7340845552578955, "3": 0.31035207097778317, "4": 0.5790161562929584, "5": 0.4642993264123733, "6": 25.604292129747016, "7": 0.0}, "most-populated-1": {"0": 0.6211673810114313, "1": -0.07322042972887342, "2": 0.8241985032724164, "3": 0.4204356896770644, "4": NaN, "5": NaN, "6": NaN, "7": 0.9303482587064676}}}