{"minimum_sasa": 12.016417522430446, "minimum_psa": 10.360887193679774}