{"single": {"stat": {"0": "MAE", "1": "MSE", "2": "RMSD", "3": "RMSD_step", "4": "pearsonr", "5": "kendalltau", "6": "chisq", "7": "percentage_fulfilled"}, "value": {"0": 0.9133776453108017, "1": -0.4811317917557112, "2": 1.2034454876123566, "3": 0.557592226370751, "4": 0.49810269964778464, "5": 0.5017125603548535, "6": 29.424417913999662, "7": 0.8636363636363636}, "up": {"0": 1.0902531006833438, "1": -0.23401576052239262, "2": 1.5592255107475153, "3": 0.6993503478878872, "4": 0.6611638925677337, "5": 0.5930039894186284, "6": 49.24106309744901, "7": 0.0}, "low": {"0": 0.7656891404492133, "1": 0.0, "2": 0.9243655103729019, "3": 0.39080336836735774, "4": 0.37028518713736064, "5": 0.38634051376338685, "6": 17.6479199967879, "7": 0.0}}}