{"single": {"stat": {"0": "MAE", "1": "MSE", "2": "RMSD", "3": "RMSD_step", "4": "pearsonr", "5": "kendalltau", "6": "chisq", "7": "percentage_fulfilled"}, "value": {"0": 0.9133776453108017, "1": -0.4811317917557112, "2": 1.2034454876123566, "3": 0.557592226370751, "4": 0.49810269964778464, "5": 0.5017125603548535, "6": 29.424417913999662, "7": 0.8636363636363636}, "up": {"0": 1.0909606727199443, "1": -0.2390659990936671, "2": 1.563427024995796, "3": 0.6967456820494443, "4": 0.6605867980709179, "5": 0.5932013125808339, "6": 48.66059792376828, "7": 0.0}, "low": {"0": 0.7616726584560171, "1": 0.0, "2": 0.9249055038963166, "3": 0.38612291966536905, "4": 0.3724196164541237, "5": 0.3882732872886563, "6": 17.650969579762066, "7": 0.0}}}