{"single": {"stat": {"0": "MAE", "1": "MSE", "2": "RMSD", "3": "RMSD_step", "4": "pearsonr", "5": "kendalltau", "6": "chisq", "7": "percentage_fulfilled"}, "value": {"0": 0.8315637834067986, "1": -0.4833269279634916, "2": 1.058128992582093, "3": 0.48815515417278393, "4": 0.5299099371507123, "5": 0.5044895671464855, "6": 22.736095537492975, "7": 0.8977272727272727}, "up": {"0": 0.9725352869659314, "1": -0.279658181628049, "2": 1.2536608768634685, "3": 0.6381792281739723, "4": 0.6630413332695316, "5": 0.5966540569403874, "6": 31.669207271955287, "7": 0.0}, "low": {"0": 0.7019617703323818, "1": 0.0, "2": 0.8805403146605999, "3": 0.30469806217124035, "4": 0.40275250753129127, "5": 0.38947265733206654, "6": 16.000748226042173, "7": 0.0}}}