{"single": {"stat": {"0": "MAE", "1": "MSE", "2": "RMSD", "3": "RMSD_step", "4": "pearsonr", "5": "kendalltau", "6": "chisq", "7": "percentage_fulfilled"}, "value": {"0": 0.7908681764431248, "1": -0.4471686506057449, "2": 1.0135211093995975, "3": 0.4573888339854235, "4": 0.5358195780884693, "5": 0.5048862694129785, "6": 20.86192437008348, "7": 0.9090909090909091}, "up": {"0": 0.9299812856362449, "1": -0.24785090206276209, "2": 1.1970293161511942, "3": 0.6048102632606811, "4": 0.6629767009376933, "5": 0.5958375815558042, "6": 28.403093930018088, "7": 0.0}, "low": {"0": 0.6655385219817319, "1": 0.0, "2": 0.8509494510213418, "3": 0.29541957835039845, "4": 0.4057928047560558, "5": 0.38874013128181695, "6": 14.731402402313595, "7": 0.0}}}