{"single": {"stat": {"0": "MAE", "1": "MSE", "2": "RMSD", "3": "RMSD_step", "4": "pearsonr", "5": "kendalltau", "6": "chisq", "7": "percentage_fulfilled"}, "value": {"0": 0.7908681764431248, "1": -0.4471686506057449, "2": 1.0135211093995975, "3": 0.4573888339854235, "4": 0.5358195780884693, "5": 0.5048862694129785, "6": 20.86192437008348, "7": 0.9090909090909091}, "up": {"0": 0.9277299509390569, "1": -0.25062070284100263, "2": 1.1893414175677195, "3": 0.6001893640571053, "4": 0.666091284870671, "5": 0.5960699212378587, "6": 28.484765173573425, "7": 0.0}, "low": {"0": 0.6635400717808724, "1": 0.0, "2": 0.8466919564239316, "3": 0.29541957835039845, "4": 0.4095799054919888, "5": 0.3925063137229292, "6": 14.900467975116808, "7": 0.0}}}