{"single": {"fulfil": {"best": 0.8648648648648649, "random": [0.6108108108108109, 0.7135135135135136, 0.7486486486486487, 0.7675675675675675, 0.8108108108108109], "low_energy": [0.5675675675675675, 0.7027027027027027, 0.7297297297297297, 0.7567567567567568, 0.7567567567567568], "LICUV": [0.8648648648648649, 0.8378378378378378, 0.8918918918918919, 0.9459459459459459, 0.972972972972973], "NAMFIS": [0.8648648648648649, 0.8918918918918919, 0.8918918918918919, 0.918918918918919, 0.918918918918919]}, "rmsd": {"best": 0.3280047889723905, "random": [0.8976044715116058, 0.6952973217730628, 0.6345618599047036, 0.5075118451640359, 0.5353315005745303], "low_energy": [0.9979123532860453, 0.7782127024586784, 0.7161709292024314, 0.7709823951793826, 0.7949869052969755], "LICUV": [0.33910680995021175, 0.30075180969983073, 0.3367949759745633, 0.2638243089675583, 0.30878706031680636], "NAMFIS": [0.33910680995021175, 0.3287530281404021, 0.30819184640648345, 0.30186147496304266, 0.30186147494481874]}, "mae": {"best": 0.2540344962558231, "random": [0.561573901820827, 0.417455861509746, 0.37827542266225334, 0.3230784451499093, 0.3181907230182922], "low_energy": [0.6738554372014225, 0.4649110453410043, 0.42295772690045036, 0.4264993986983806, 0.42820549971021216], "LICUV": [0.2540344962558231, 0.22094988456072578, 0.27344334480052607, 0.1952438018630363, 0.23350111683394012], "NAMFIS": [0.2540344962558231, 0.2516770551908733, 0.22893452980605455, 0.2235378603385688, 0.22353786032606512]}, "bundle-size": [1, 3, 5, 10, 30]}}