{"single": {"fulfil": {"best": 0.4864864864864865, "random": [0.3567567567567568, 0.37027027027027026, 0.37027027027027026, 0.38918918918918927, 0.39189189189189194], "low_energy": [0.2972972972972973, 0.3783783783783784, 0.3783783783783784, 0.3783783783783784, 0.3783783783783784], "LICUV": [0.4864864864864865, 0.4594594594594595, 0.43243243243243246, 0.5135135135135135, 0.4594594594594595], "NAMFIS": [0.40540540540540543, 0.32432432432432434, 0.43243243243243246, 0.43243243243243246, 0.43243243243243246]}, "rmsd": {"best": 1.8832822366559936, "random": [2.624997870171213, 2.2970808134005476, 2.12611700195977, 2.150520532546177, 1.979494861617474], "low_energy": [2.8269536726536044, 2.470502097109403, 2.3854358774614384, 2.177696836340396, 2.0717485099224566], "LICUV": [2.019780285514555, 2.0004280029935773, 1.9145786886008822, 1.8433526784043273, 1.8534163849757264], "NAMFIS": [2.1547160804325958, 1.7753863638438965, 1.5794846407232017, 1.5351736547920753, 1.535173703920616]}, "mae": {"best": 1.3265731116887682, "random": [1.8788447384061038, 1.67534752045588, 1.5400357007433985, 1.5529953450772749, 1.4561352013079152], "low_energy": [2.1106238191192213, 1.760421673171853, 1.7178240532513296, 1.6150641098866754, 1.5376729679113583], "LICUV": [1.3989296108967546, 1.386015723119658, 1.3425275226891267, 1.2643359613940808, 1.298736361955412], "NAMFIS": [1.608773584623594, 1.380249818718763, 1.2229026231483715, 1.1943192452013276, 1.1943192916488814]}, "bundle-size": [1, 3, 5, 10, 30]}}