{"single": {"fulfil": {"best": 0.8648648648648649, "random": [0.6027027027027028, 0.6702702702702702, 0.7567567567567568, 0.7837837837837838, 0.8243243243243243], "low_energy": [0.5675675675675675, 0.7027027027027027, 0.7297297297297297, 0.7567567567567568, 0.7567567567567568], "LICUV": [0.8648648648648649, 0.8378378378378378, 0.8918918918918919, 0.9459459459459459, 0.972972972972973], "NAMFIS": [0.8648648648648649, 0.8918918918918919, 0.8918918918918919, 0.918918918918919, 0.918918918918919]}, "rmsd": {"best": 0.3280047889723905, "random": [0.8523571173280018, 0.9225083140987771, 0.6178425009366448, 0.554198365373995, 0.4464232295843763], "low_energy": [0.9979123532860453, 0.7782127024586784, 0.7161709292024314, 0.7709823951793826, 0.7949869052969755], "LICUV": [0.33910680995021175, 0.30075180969983073, 0.3367949759745633, 0.2638243089675583, 0.30878706031680636], "NAMFIS": [0.33910680995021175, 0.32878039636187767, 0.3082561499684267, 0.3018518383149183, 0.3018518382777097]}, "rmsd_stepwise": {"best": 0.17932305138145724, "random": [0.39994998764105716, 0.399098468240375, 0.27576094168120874, 0.2674391417917857, 0.22624664659843288], "low_energy": [0.3709556686561187, 0.3620064207284846, 0.32781421897495866, 0.29018167655006305, 0.24989186850705236], "LICUV": [0.17932305138145724, 0.48244310685442626, 0.1680894227905315, 0.06394676840301773, 0.04438772657244647], "NAMFIS": [0.17932305138145724, 0.23056921338756858, 0.23056921338756858, 0.22558632314302468, 0.22558632314302468]}, "mae": {"best": 0.2540344962558231, "random": [0.5718885311693758, 0.4905971590815745, 0.3808983486741953, 0.3305346968671232, 0.2877208852930501], "low_energy": [0.6738554372014225, 0.4649110453410043, 0.42295772690045036, 0.4264993986983806, 0.42820549971021216], "LICUV": [0.2540344962558231, 0.22094988456072578, 0.27344334480052607, 0.1952438018630363, 0.23350111683394012], "NAMFIS": [0.2540344962558231, 0.25170759520253233, 0.22893482527650857, 0.22349591923774428, 0.22349591921271558]}, "bundle-size": [1, 3, 5, 10, 30]}}