{"minimum_sasa": 8.505611419677734, "minimum_psa": 6.828464508056641}