{"single": {"fulfil": {"best": 0.625, "random": [0.3333333333333333, 0.3625, 0.37499999999999994, 0.475, 0.4375], "low_energy": [0.16666666666666666, 0.25, 0.25, 0.2916666666666667, 0.5], "LICUV": [0.625, 0.5416666666666666, 0.5416666666666666, 0.5416666666666666, 0.5833333333333334], "NAMFIS": [0.375, 0.4583333333333333, 0.7083333333333334, 0.7083333333333334, 0.7083333333333334]}, "rmsd": {"best": 0.34109928901552605, "random": [0.6171597259457091, 0.492143076270534, 0.402501791042811, 0.36497562165603836, 0.35697890383360675], "low_energy": [0.689176238948707, 0.5240331312820735, 0.4853467770051035, 0.42601781787034293, 0.30003814084049896], "LICUV": [0.5509898673584578, 0.4711371585791806, 0.4672868087218499, 0.3057858392269968, 0.2799307466653831], "NAMFIS": [0.34109928901552605, 0.2855018560236602, 0.21605926113324483, 0.2181448086974061, 0.2181448088022499]}, "rmsd_stepwise": {"best": 0.09440603794249604, "random": [0.15748289309158936, 0.1668436329175381, 0.15926808164715678, 0.14555175609273502, 0.14598540703495644], "low_energy": [0.18003471887388822, 0.17680026395153742, 0.16617009357883858, 0.16731955454558595, 0.13076696830622017], "LICUV": [0.1227463509301464, 0.13665650368716445, 0.13709789689609878, 0.13665650368716445, 0.134086414922119], "NAMFIS": [0.1578369411766459, 0.14937369246289653, 0.11593820192959119, 0.11593820192959119, 0.11593820192959119]}, "mae": {"best": 0.2740604857603709, "random": [0.46075518071651456, 0.35973146595668193, 0.3101109072265406, 0.2765403397413727, 0.2788017321393571], "low_energy": [0.5437649333477019, 0.43726630154538354, 0.38413109217909347, 0.33626662903759547, 0.22701949842778424], "LICUV": [0.3212564675013225, 0.27069725183005655, 0.2790977190752722, 0.23942599592833466, 0.206999410058795], "NAMFIS": [0.2740604857603709, 0.2255415850981878, 0.16179942303334233, 0.16604662205007217, 0.16604662215280824]}, "bundle-size": [1, 3, 5, 10, 30]}}