{"cis": {"fulfil": {"best": 0.8205128205128205, "random": [0.7307692307692307, 0.7538461538461538, 0.8051282051282053, 0.8025641025641026, 0.8153846153846154], "low_energy": [0.6923076923076923, 0.7692307692307693, 0.7692307692307693, 0.7692307692307693, 0.8461538461538461], "LICUV": [0.8205128205128205, 0.8974358974358975, 0.8717948717948718, 0.8717948717948718, 0.8461538461538461], "NAMFIS": [0.7608695652173914, 0.8260869565217391, 0.8260869565217391, 0.8695652173913043, 0.8695652173913043]}, "rmsd": {"best": 0.5429296371390381, "random": [0.9095112924312719, 0.8268096201455419, 0.7622142019809909, 0.642466930729897, 0.49896617079845623], "low_energy": [0.7539555978752946, 0.6021337327530256, 0.5533916963011295, 0.5742200797680249, 0.4136327159053157], "LICUV": [0.6698979521540518, 0.6002098771787039, 0.6448616380257525, 0.6699234811793779, 0.40782051933989133], "NAMFIS": [1.0836824737823698, 1.1205790971823428, 1.0058934162645186, 1.0040843759741396, 1.004084375912619]}, "mae": {"best": 0.4018876353288306, "random": [0.5561079951188501, 0.4648838077457425, 0.4016551239461599, 0.3715581044424748, 0.3375809214884431], "low_energy": [0.5643469248062524, 0.43381169137705344, 0.35294342704315623, 0.35209936977448747, 0.3205827573473633], "LICUV": [0.4034730625152586, 0.3558042182541405, 0.39860178063517077, 0.3996252931450574, 0.31802024657187916], "NAMFIS": [0.6571526185325953, 0.6187678267820986, 0.5703365198403695, 0.5618837666361499, 0.5618837666197516]}, "bundle-size": [1, 3, 5, 10, 30]}, "trans": {"fulfil": {"best": 0.9347826086956522, "random": [0.8152173913043479, 0.8956521739130434, 0.9086956521739129, 0.9173913043478261, 0.9260869565217391], "low_energy": [0.7608695652173914, 0.8043478260869565, 0.8913043478260869, 0.9130434782608695, 0.9347826086956522], "LICUV": [0.9347826086956522, 1.0, 0.9782608695652174, 1.0, 0.9782608695652174], "NAMFIS": [0.717948717948718, 0.6923076923076923, 0.7692307692307693, 0.8205128205128205, 0.8205128205128205]}, "rmsd": {"best": 0.36217537680446993, "random": [0.9029705230088334, 0.6094771293349946, 0.5514878931143816, 0.5689246244792996, 0.5571182192663663], "low_energy": [0.46925481113405926, 0.48647358760683745, 0.47885703465972257, 0.4898917760921622, 0.5098650904916538], "LICUV": [0.5708344209579514, 0.47800827255437706, 0.4506347769933971, 0.44406148979836957, 0.4836155966848279], "NAMFIS": [0.9605393012600982, 1.0338498252142558, 0.46412278009478924, 0.374439419830122, 0.37504279522166417]}, "mae": {"best": 0.26918085367783245, "random": [0.5436143444413724, 0.40090278781669014, 0.39053277909495204, 0.39404935184885403, 0.39676606862592745], "low_energy": [0.34124459038610033, 0.352410343297097, 0.3403659863917278, 0.35019450253589274, 0.3535475296919888], "LICUV": [0.37468785804250954, 0.31096962639694264, 0.30693476538169395, 0.3118410758119861, 0.3517630472332941], "NAMFIS": [0.504123420959864, 0.4967003248047807, 0.30787838599653067, 0.2680024360200763, 0.26876400419725227]}, "bundle-size": [1, 3, 5, 10, 30]}}