{"cis": {"fulfil": {"best": 0.8205128205128205, "random": [0.7333333333333334, 0.7717948717948717, 0.8128205128205128, 0.8179487179487179, 0.8102564102564103], "low_energy": [0.6923076923076923, 0.7692307692307693, 0.7692307692307693, 0.7692307692307693, 0.8461538461538461], "LICUV": [0.8205128205128205, 0.8974358974358975, 0.8717948717948718, 0.8717948717948718, 0.8461538461538461], "NAMFIS": [0.7608695652173914, 0.8260869565217391, 0.8260869565217391, 0.8695652173913043, 0.8695652173913043]}, "rmsd": {"best": 0.5429296371390381, "random": [0.9746794551582617, 0.8052300693131782, 0.5944741922291318, 0.5867641820081938, 0.5015232151527537], "low_energy": [0.7539555978752946, 0.6021337327530256, 0.5533916963011295, 0.5742200797680249, 0.4136327159053157], "LICUV": [0.6698979521540518, 0.6002098771787039, 0.6448616380257525, 0.6699234811793779, 0.40782051933989133], "NAMFIS": [1.0836824737823698, 1.1205891661361438, 1.005902793854813, 1.004093833610445, 1.0040938336028773]}, "mae": {"best": 0.4018876353288306, "random": [0.5545115436896297, 0.47845608012136986, 0.39459276380209574, 0.35413554288904264, 0.34233294372759915], "low_energy": [0.5643469248062524, 0.43381169137705344, 0.35294342704315623, 0.35209936977448747, 0.3205827573473633], "LICUV": [0.4034730625152586, 0.3558042182541405, 0.39860178063517077, 0.3996252931450574, 0.31802024657187916], "NAMFIS": [0.6571526185325953, 0.618767396369366, 0.5703156794650712, 0.5618545047106208, 0.5618545047086942]}, "bundle-size": [1, 3, 5, 10, 30]}, "trans": {"fulfil": {"best": 0.9347826086956522, "random": [0.8, 0.8804347826086957, 0.9086956521739131, 0.917391304347826, 0.9217391304347826], "low_energy": [0.7608695652173914, 0.8043478260869565, 0.8913043478260869, 0.9130434782608695, 0.9347826086956522], "LICUV": [0.9347826086956522, 1.0, 0.9782608695652174, 1.0, 0.9782608695652174], "NAMFIS": [0.717948717948718, 0.6923076923076923, 0.7692307692307693, 0.8205128205128205, 0.8205128205128205]}, "rmsd": {"best": 0.36217537680446993, "random": [0.9428341355820029, 0.6816547866381633, 0.6219990321176792, 0.5638455785242045, 0.5684773258826858], "low_energy": [0.46925481113405926, 0.48647358760683745, 0.47885703465972257, 0.4898917760921622, 0.5098650904916538], "LICUV": [0.5708344209579514, 0.47800827255437706, 0.4506347769933971, 0.44406148979836957, 0.4836155966848279], "NAMFIS": [0.9605393012600982, 1.033806439751882, 0.46410852931285757, 0.37432271001062106, 0.3748825154705978]}, "mae": {"best": 0.26918085367783245, "random": [0.5402827809686244, 0.4287630843457645, 0.40758278458081876, 0.3930455207771089, 0.4024380357533549], "low_energy": [0.34124459038610033, 0.352410343297097, 0.3403659863917278, 0.35019450253589274, 0.3535475296919888], "LICUV": [0.37468785804250954, 0.31096962639694264, 0.30693476538169395, 0.3118410758119861, 0.3517630472332941], "NAMFIS": [0.504123420959864, 0.49667563712559715, 0.30785872155972016, 0.26796723654355803, 0.2687687092729342]}, "bundle-size": [1, 3, 5, 10, 30]}}