{"cis": {"fulfil": {"best": 0.8205128205128205, "random": [0.7102564102564102, 0.8076923076923077, 0.7871794871794873, 0.8153846153846154, 0.8128205128205128], "low_energy": [0.6923076923076923, 0.7692307692307693, 0.7692307692307693, 0.7692307692307693, 0.8461538461538461], "LICUV": [0.8205128205128205, 0.8974358974358975, 0.8717948717948718, 0.8717948717948718, 0.8461538461538461], "NAMFIS": [0.7608695652173914, 0.8260869565217391, 0.8260869565217391, 0.8695652173913043, 0.8695652173913043]}, "rmsd": {"best": 0.5429296371390381, "random": [0.9184073397429451, 0.5819120071508607, 0.687440953975651, 0.5925326648767484, 0.5307415469789487], "low_energy": [0.7539555978752946, 0.6021337327530256, 0.5533916963011295, 0.5742200797680249, 0.4136327159053157], "LICUV": [0.6698979521540518, 0.6002098771787039, 0.6448616380257525, 0.6699234811793779, 0.40782051933989133], "NAMFIS": [1.0836824737823698, 1.1205890489572674, 1.0058981557873279, 1.0040890096348152, 1.0040890095715844]}, "rmsd_stepwise": {"best": 0.12938711543668344, "random": [0.29252847654945713, 0.22723809680790033, 0.26217921124706767, 0.23967276561682643, 0.22286101991601984], "low_energy": [0.2930563960777026, 0.2798717655073572, 0.27843887143896623, 0.2797480551477961, 0.09176335227373085], "LICUV": [0.2805671910932366, 0.26518498623239767, 0.267111807954493, 0.267111807954493, 0.09176335227373085], "NAMFIS": [0.16280823609120773, 0.13915896446619727, 0.13915896446619727, 0.12478677466155932, 0.12478677466155932]}, "mae": {"best": 0.4018876353288306, "random": [0.5457297512812491, 0.38450318420280705, 0.4152639437550073, 0.36257201511979015, 0.35305462235974977], "low_energy": [0.5643469248062524, 0.43381169137705344, 0.35294342704315623, 0.35209936977448747, 0.3205827573473633], "LICUV": [0.4034730625152586, 0.3558042182541405, 0.39860178063517077, 0.3996252931450574, 0.31802024657187916], "NAMFIS": [0.6571526185325953, 0.6187657077027554, 0.5703147860493958, 0.5618505152189119, 0.5618505152008533]}, "bundle-size": [1, 3, 5, 10, 30]}, "trans": {"fulfil": {"best": 0.9347826086956522, "random": [0.7934782608695652, 0.8739130434782607, 0.9195652173913043, 0.9130434782608695, 0.923913043478261], "low_energy": [0.7608695652173914, 0.8043478260869565, 0.8913043478260869, 0.9130434782608695, 0.9347826086956522], "LICUV": [0.9347826086956522, 1.0, 0.9782608695652174, 1.0, 0.9782608695652174], "NAMFIS": [0.717948717948718, 0.6923076923076923, 0.7692307692307693, 0.8205128205128205, 0.8205128205128205]}, "rmsd": {"best": 0.36217537680446993, "random": [0.8083972921203066, 0.6706914182809683, 0.5553095716550356, 0.5501064539635412, 0.5598306539076469], "low_energy": [0.46925481113405926, 0.48647358760683745, 0.47885703465972257, 0.4898917760921622, 0.5098650904916538], "LICUV": [0.5708344209579514, 0.47800827255437706, 0.4506347769933971, 0.44406148979836957, 0.4836155966848279], "NAMFIS": [0.9605393012600982, 1.033840723410323, 0.4641197649783103, 0.37442435717028705, 0.37502617137279876]}, "rmsd_stepwise": {"best": 0.08445477307797453, "random": [0.1578623735816923, 0.11939210308550538, 0.09445975802696523, 0.0976411126524315, 0.09319373095603609], "low_energy": [0.17537537381037976, 0.15951011961900594, 0.11873426669229285, 0.09548503183404101, 0.08868606086248473], "LICUV": [0.08445477307797453, 0.0, 0.05455352377731189, 0.0, 0.05455352377731189], "NAMFIS": [0.2915080154591347, 0.2903534539231938, 0.12260003764587203, 0.10753651735156093, 0.10753651735156093]}, "mae": {"best": 0.26918085367783245, "random": [0.5018079218138818, 0.40730721545394, 0.37613688942425944, 0.3883746054170337, 0.39967684937696923], "low_energy": [0.34124459038610033, 0.352410343297097, 0.3403659863917278, 0.35019450253589274, 0.3535475296919888], "LICUV": [0.37468785804250954, 0.31096962639694264, 0.30693476538169395, 0.3118410758119861, 0.3517630472332941], "NAMFIS": [0.504123420959864, 0.49669556542449017, 0.3078751088964508, 0.2679983896558074, 0.2687614498291448]}, "bundle-size": [1, 3, 5, 10, 30]}}