{"cis": {"fulfil": {"best": 0.5897435897435898, "random": [0.5435897435897435, 0.6051282051282052, 0.6153846153846154, 0.6153846153846153, 0.6153846153846153], "low_energy": [0.5641025641025641, 0.6153846153846154, 0.6153846153846154, 0.6153846153846154, 0.6153846153846154], "LICUV": [0.5897435897435898, 0.6410256410256411, 0.6153846153846154, 0.6153846153846154, 0.6153846153846154], "NAMFIS": [0.6086956521739131, 0.6086956521739131, 0.6304347826086957, 0.6086956521739131, 0.6086956521739131]}, "rmsd": {"best": 1.8724177415570848, "random": [2.157652773157538, 1.8676970951944902, 1.798830262414435, 1.7969999249861135, 1.7969999249861135], "low_energy": [2.3285852841404493, 1.9320578320315613, 1.864863572396491, 1.7969999249861137, 1.7969999249861137], "LICUV": [2.0429895436031766, 1.8641486889323542, 1.7935249421714479, 1.7969999249861137, 1.7969999249861137], "NAMFIS": [1.3473899774784652, 1.3113947557139034, 1.3124399397709996, 1.3129998462191064, 1.3129998462191064]}, "mae": {"best": 1.1969888924329708, "random": [1.4150400677216357, 1.2166805378674863, 1.160108860567185, 1.1584510279993538, 1.1584510279993538], "low_energy": [1.5535882756648918, 1.2639765670941618, 1.2208456938397132, 1.158451027999354, 1.158451027999354], "LICUV": [1.3705901224185257, 1.1868427187637083, 1.157788106289299, 1.158451027999354, 1.158451027999354], "NAMFIS": [0.9938655177406642, 0.9433319749392279, 0.923831081491907, 0.921459642705789, 0.921459642705789]}, "bundle-size": [1, 3, 5, 10, 30]}, "trans": {"fulfil": {"best": 0.6739130434782609, "random": [0.5869565217391304, 0.6021739130434783, 0.5956521739130434, 0.6304347826086957, 0.6282608695652174], "low_energy": [0.5869565217391305, 0.5869565217391305, 0.6086956521739131, 0.6086956521739131, 0.5869565217391305], "LICUV": [0.6739130434782609, 0.717391304347826, 0.717391304347826, 0.6956521739130435, 0.6739130434782609], "NAMFIS": [0.6086956521739131, 0.6304347826086957, 0.6086956521739131, 0.6086956521739131, 0.6086956521739131]}, "rmsd": {"best": 1.3473899774784652, "random": [1.967605669269163, 1.7507805187312804, 1.698444064883138, 1.5211003371174603, 1.425849381420007], "low_energy": [1.9821710165000666, 1.8045269429720132, 1.7237246606266874, 1.5618076231369438, 1.5442941504060905], "LICUV": [1.8683138209251993, 1.5658578192925308, 1.4761074976467952, 1.421260712676053, 1.3761603917069059], "NAMFIS": [2.3106305220428642, 1.7888066820637312, 1.7353327015767226, 1.7353327013586732, 1.7353327010470692]}, "mae": {"best": 0.9938655177406642, "random": [1.3648794365136516, 1.2113935161208367, 1.1682039405148308, 1.0523485517862166, 1.009814151499409], "low_energy": [1.4218242585140721, 1.2954415995823114, 1.2173035041304174, 1.0820243262451223, 1.055817674222581], "LICUV": [1.2392710030597187, 1.0071170376374148, 0.9464717818264184, 0.9243469286327687, 0.9259265636619275], "NAMFIS": [1.5049211383902503, 1.1797654308885492, 1.1596737857170654, 1.159673785610414, 1.159673785451587]}, "bundle-size": [1, 3, 5, 10, 30]}}