{"minimum_sasa": 7.969139575958252, "minimum_psa": 6.035642147064209}