{"single": {"stat": {"0": "MAE", "1": "MSE", "2": "RMSD", "3": "pearsonr", "4": "kendalltau", "5": "chisq", "6": "percentage_fulfilled"}, "value": {"0": 0.33339667658795097, "1": -0.08397503469333704, "2": 0.49092877812543306, "3": 0.5177252852704224, "4": 0.44636285473857784, "5": 2.292072400495593, "6": 0.7586206896551724}, "up": {"0": 0.4731892271541439, "1": 0.09233555170132807, "2": 0.6809111909493605, "3": 0.8151843670793931, "4": 0.6795059841100168, "5": 4.20022951593962, "6": 0.0}, "low": {"0": 0.21418071433594063, "1": 0.0, "2": 0.29191966806759384, "3": 0.19097307901097893, "4": 0.17179347992023353, "5": 0.863460912431765, "6": 0.0}, "most-populated-1": {"0": 0.4527127936790728, "1": 0.23847533916604916, "2": 0.7103232990600079, "3": NaN, "4": NaN, "5": NaN, "6": 0.6551724137931034}}}