{"single": {"stat": {"0": "MAE", "1": "MSE", "2": "RMSD", "3": "RMSD_step", "4": "pearsonr", "5": "kendalltau", "6": "chisq", "7": "percentage_fulfilled"}, "value": {"0": 0.2224854786624734, "1": -0.022650527623566872, "2": 0.30044353018112113, "3": 0.266535887471734, "4": 0.8187003305606827, "5": 0.6732434217880208, "6": 0.800113899320462, "7": 0.7931034482758621}, "up": {"0": 0.29873373661808345, "1": 0.08985583901761285, "2": 0.3908773870362446, "3": 0.42840129833299806, "4": 0.9122660248157541, "5": 0.8087855297157623, "6": 1.3114369741430514, "7": 0.0}, "low": {"0": 0.15547415290670605, "1": 0.0, "2": 0.204148610268124, "3": 0.08921110182962186, "4": 0.7048456346015594, "5": 0.4973956839702965, "6": 0.39024736198595655, "7": 0.0}, "most-populated-1": {"0": 0.4527127936790728, "1": 0.23847533916604916, "2": 0.7103232990600079, "3": 0.266535887471734, "4": NaN, "5": NaN, "6": NaN, "7": 0.6551724137931034}}}