{"single": {"stat": {"0": "MAE", "1": "MSE", "2": "RMSD", "3": "pearsonr", "4": "kendalltau", "5": "chisq", "6": "percentage_fulfilled"}, "value": {"0": 0.3890019569924639, "1": -0.1928399279447388, "2": 0.5251647110270619, "3": 0.5238885624277211, "4": 0.35091099541897636, "5": 3.300069945307124, "6": 0.42424242424242425}, "up": {"0": 0.5135964586623116, "1": -0.02710823092150855, "2": 0.6461630164578561, "3": 0.7722755551030981, "4": 0.5984251968503937, "5": 5.093400129126956, "6": 0.0}, "low": {"0": 0.27414186847953487, "1": 0.0, "2": 0.3895405130397743, "3": 0.06792152690547808, "4": 0.08436992840316712, "5": 1.8135074399429414, "6": 0.0}, "most-populated-1": {"0": 0.4095333509734182, "1": 0.16168943405151354, "2": 0.6702367826802982, "3": NaN, "4": NaN, "5": NaN, "6": 0.3939393939393939}}}