{"30": {"0": {"Atom 1": "(50,)", "Atom 2": "(57,)", "NMR exp": 2.38, "lower bound": 2.2800000000000002, "upper bound": 2.48, "md": [1.437796817697218], "lower": [1.4142285933624832], "upper": [3.1068423997492483]}, "1": {"Atom 1": "(17,)", "Atom 2": "(1,)", "NMR exp": 2.4, "lower bound": 2.3000000000000003, "upper bound": 2.5, "md": [1.9602630011736606], "lower": [1.8189865099124525], "upper": [4.351621421314247]}, "2": {"Atom 1": "(1,)", "Atom 2": "(3,)", "NMR exp": 3.13, "lower bound": 2.91, "upper bound": 3.35, "md": [2.443223178091435], "lower": [2.391419104093485], "upper": [2.914074808525524]}, "3": {"Atom 1": "(17,)", "Atom 2": "(19,)", "NMR exp": 2.72, "lower bound": 2.57, "upper bound": 2.87, "md": [2.869954914964305], "lower": [2.2136316288926117], "upper": [2.9885772001899924]}, "4": {"Atom 1": "(37,)", "Atom 2": "(39,)", "NMR exp": 2.75, "lower bound": 2.6, "upper bound": 2.9, "md": [2.411123844775288], "lower": [2.192698117674547], "upper": [2.9211219444890295]}, "5": {"Atom 1": "(50,)", "Atom 2": "(52, 53)", "NMR exp": 3.0, "lower bound": 2.8000000000000003, "upper bound": 3.2, "md": [2.475240275845035, 2.8111169895628096], "lower": [2.2770810018521406, 2.572814522441521], "upper": [2.8539492938318096, 2.940347028580594]}, "6": {"Atom 1": "(50,)", "Atom 2": "(52, 53)", "NMR exp": 2.46, "lower bound": 2.35, "upper bound": 2.57, "md": [2.475240275845035, 2.8111169895628096], "lower": [2.2770810018521406, 2.572814522441521], "upper": [2.8539492938318096, 2.940347028580594]}, "7": {"Atom 1": "(57,)", "Atom 2": "(59,)", "NMR exp": 2.69, "lower bound": 2.5500000000000003, "upper bound": 2.83, "md": [2.0254531236086737], "lower": [1.9793048548647019], "upper": [2.905293526292346]}, "8": {"Atom 1": "(1,)", "Atom 2": "(59,)", "NMR exp": 2.2800000000000002, "lower bound": 2.19, "upper bound": 2.37, "md": [3.4414750802551586], "lower": [2.3580875304504687], "upper": [3.5221327390329398]}, "9": {"Atom 1": "(17,)", "Atom 2": "(3,)", "NMR exp": 2.91, "lower bound": 2.73, "upper bound": 3.09, "md": [3.551443710935748], "lower": [2.199075925774678], "upper": [3.643279915195599]}, "10": {"Atom 1": "(37,)", "Atom 2": "(19,)", "NMR exp": 2.95, "lower bound": 2.7600000000000002, "upper bound": 3.14, "md": [2.0741827690329373], "lower": [1.976357186158439], "upper": [3.556479290123939]}, "11": {"Atom 1": "(50,)", "Atom 2": "(39,)", "NMR exp": 2.34, "lower bound": 2.25, "upper bound": 2.43, "md": [2.6791359321582857], "lower": [2.2256721928268917], "upper": [3.3542072188817107]}, "12": {"Atom 1": "(57,)", "Atom 2": "(52, 53)", "NMR exp": 2.74, "lower bound": 2.59, "upper bound": 2.89, "md": [3.191797798564485, 2.9934608241140097], "lower": [2.6220617923431004, 2.237301545150995], "upper": [3.451396001546543, 3.5086972939102186]}, "13": {"Atom 1": "(57,)", "Atom 2": "(52, 53)", "NMR exp": 3.2600000000000002, "lower bound": 3.0100000000000002, "upper bound": 3.5100000000000002, "md": [3.191797798564485, 2.9934608241140097], "lower": [2.6220617923431004, 2.237301545150995], "upper": [3.451396001546543, 3.5086972939102186]}, "14": {"Atom 1": "(1,)", "Atom 2": "(19,)", "NMR exp": 4.5, "lower bound": 3.84, "upper bound": 5.16, "md": [4.006799564790178], "lower": [3.8420639441368567], "upper": [6.028176653328927]}, "15": {"Atom 1": "(1,)", "Atom 2": "(5,)", "NMR exp": 2.79, "lower bound": 2.63, "upper bound": 2.95, "md": [2.774125709528987], "lower": [2.4400725987966276], "upper": [3.554004516241852]}, "16": {"Atom 1": "(17,)", "Atom 2": "(21, 22)", "NMR exp": 3.15, "lower bound": 2.92, "upper bound": 3.38, "md": [2.12567395503564, 1.9188800239563022], "lower": [2.037267494261293, 1.863291233881191], "upper": [3.8439457398482197, 3.4625489991564216]}, "17": {"Atom 1": "(17,)", "Atom 2": "(21, 22)", "NMR exp": 2.93, "lower bound": 2.75, "upper bound": 3.11, "md": [2.12567395503564, 1.9188800239563022], "lower": [2.037267494261293, 1.863291233881191], "upper": [3.8439457398482197, 3.4625489991564216]}, "18": {"Atom 1": "(37,)", "Atom 2": "(21, 22)", "NMR exp": 2.96, "lower bound": 2.77, "upper bound": 3.15, "md": [3.485517976385037, 3.011163832424379], "lower": [2.6631306858324053, 2.420510401174147], "upper": [3.9127778861493616, 3.8745592716819868]}, "19": {"Atom 1": "(37,)", "Atom 2": "(21, 22)", "NMR exp": 3.0, "lower bound": 2.8000000000000003, "upper bound": 3.2, "md": [3.485517976385037, 3.011163832424379], "lower": [2.6631306858324053, 2.420510401174147], "upper": [3.9127778861493616, 3.8745592716819868]}, "20": {"Atom 1": "(37,)", "Atom 2": "(41, 42)", "NMR exp": 3.22, "lower bound": 2.98, "upper bound": 3.46, "md": [3.2551205394248415, 3.2338777838191803], "lower": [2.8787085536536385, 2.7630703677017614], "upper": [3.688201882362102, 3.651296906398153]}, "21": {"Atom 1": "(37,)", "Atom 2": "(41, 42)", "NMR exp": 3.08, "lower bound": 2.87, "upper bound": 3.29, "md": [3.2551205394248415, 3.2338777838191803], "lower": [2.8787085536536385, 2.7630703677017614], "upper": [3.688201882362102, 3.651296906398153]}, "22": {"Atom 1": "(39,)", "Atom 2": "(41, 42)", "NMR exp": 2.63, "lower bound": 2.5, "upper bound": 2.7600000000000002, "md": [2.7385591400359646, 2.0401030923056838], "lower": [2.4305892989555207, 1.9921885686056222], "upper": [3.0382053799616857, 2.6612938166508595]}, "23": {"Atom 1": "(39,)", "Atom 2": "(41, 42)", "NMR exp": 2.94, "lower bound": 2.75, "upper bound": 3.13, "md": [2.7385591400359646, 2.0401030923056838], "lower": [2.4305892989555207, 1.9921885686056222], "upper": [3.0382053799616857, 2.6612938166508595]}, "24": {"Atom 1": "(19,)", "Atom 2": "(21, 22)", "NMR exp": 2.75, "lower bound": 2.6, "upper bound": 2.9, "md": [2.482119868329825, 2.49239812926167], "lower": [2.3207473628119737, 2.317853464065018], "upper": [2.916107610519328, 2.9592867558244147]}, "25": {"Atom 1": "(19,)", "Atom 2": "(21, 22)", "NMR exp": 2.84, "lower bound": 2.67, "upper bound": 3.0100000000000002, "md": [2.482119868329825, 2.49239812926167], "lower": [2.3207473628119737, 2.317853464065018], "upper": [2.916107610519328, 2.9592867558244147]}, "26": {"Atom 1": "(1,)", "Atom 2": "(7, 8, 9, 11, 12, 13)", "NMR exp": 3.0, "lower bound": 2.8000000000000003, "upper bound": 3.2, "md": [2.9212819684994153, 4.645424444704822, 2.9327898577920744, 5.497824872481218, 2.8346384119293395, 3.5052768357471322], "lower": [2.424212958238207, 3.612173031715928, 2.4288083975571153, 3.4556848297597846, 2.328534108405184, 2.6420928195351454], "upper": [4.4177946411515165, 4.889074074218213, 4.416976286761027, 5.5490562824988725, 4.154999798286299, 4.398823485940277]}, "27": {"Atom 1": "(1,)", "Atom 2": "(7, 8, 9, 11, 12, 13)", "NMR exp": 3.52, "lower bound": 3.2, "upper bound": 3.84, "md": [2.9212819684994153, 4.645424444704822, 2.9327898577920744, 5.497824872481218, 2.8346384119293395, 3.5052768357471322], "lower": [2.424212958238207, 3.612173031715928, 2.4288083975571153, 3.4556848297597846, 2.328534108405184, 2.6420928195351454], "upper": [4.4177946411515165, 4.889074074218213, 4.416976286761027, 5.5490562824988725, 4.154999798286299, 4.398823485940277]}, "28": {"Atom 1": "(3,)", "Atom 2": "(5,)", "NMR exp": 2.72, "lower bound": 2.57, "upper bound": 2.87, "md": [2.021421622293428], "lower": [1.9853632426565524], "upper": [2.8210106064351415]}, "29": {"Atom 1": "(3,)", "Atom 2": "(7, 8, 9, 11, 12, 13)", "NMR exp": 3.2600000000000002, "lower bound": 3.0100000000000002, "upper bound": 3.5100000000000002, "md": [1.9206610681434724, 1.93829561783247, 2.8409200007789024, 2.9417189710614315, 2.8459788668090114, 2.8695534976198496], "lower": [1.882151167900133, 1.8869243164007354, 2.4806556245713827, 2.5125235824772583, 2.4756837794157525, 2.485261238044856], "upper": [3.442938701950531, 3.443977945232177, 3.6944739057407636, 3.743062483953306, 3.70975127043839, 3.7189788212703037]}, "30": {"Atom 1": "(3,)", "Atom 2": "(7, 8, 9, 11, 12, 13)", "NMR exp": 2.95, "lower bound": 2.7600000000000002, "upper bound": 3.14,