{"single": {"stat": {"0": "MAE", "1": "MSE", "2": "RMSD", "3": "RMSD_step", "4": "pearsonr", "5": "kendalltau", "6": "chisq", "7": "percentage_fulfilled"}, "value": {"0": 0.26032176030217313, "1": -0.006700524588202085, "2": 0.38600157698436566, "3": 0.17108388869118266, "4": 0.791748546255413, "5": 0.5158199878016647, "6": 1.5434970056463733, "7": 0.5151515151515151}, "up": {"0": 0.3646012519259164, "1": 0.13346987384181014, "2": 0.5347189442829478, "3": 0.24242587108099314, "4": 0.9313094967248704, "5": 0.717449087311234, "6": 2.773135558349479, "7": 0.0}, "low": {"0": 0.1718317973230805, "1": 0.0, "2": 0.22100473212516772, "3": 0.10683922955403045, "4": 0.2541994674504127, "5": 0.27978028221833184, "6": 0.5810611178478723, "7": 0.0}, "most-populated-1": {"0": 0.4095333509734182, "1": 0.16168943405151354, "2": 0.6702367826802982, "3": 0.17108388869118266, "4": NaN, "5": NaN, "6": NaN, "7": 0.3939393939393939}}}