{"single": {"stat": {"0": "MAE", "1": "MSE", "2": "RMSD", "3": "pearsonr", "4": "kendalltau", "5": "chisq", "6": "percentage_fulfilled"}, "value": {"0": 0.7170311439300086, "1": -0.6689798554480785, "2": 0.8655397581799613, "3": 0.6731672667276734, "4": 0.5699633193951253, "5": 15.16851519806674, "6": 0.9302325581395349}, "up": {"0": 0.8200906007238987, "1": -0.5551952915620606, "2": 0.9784556597101173, "3": 0.7796175656935609, "4": 0.6718332679420503, "5": 19.17512331484361, "6": 0.0}, "low": {"0": 0.6182338892051732, "1": 0.0, "2": 0.7497253602289933, "3": 0.5458680843840286, "4": 0.45087152445459105, "5": 11.671868580978094, "6": 0.0}, "most-populated-1": {"0": 0.5353220562602199, "1": -0.3994079024292702, "2": 0.701279780592595, "3": NaN, "4": NaN, "5": NaN, "6": 0.9534883720930233}}}