{"single": {"stat": {"0": "MAE", "1": "MSE", "2": "RMSD", "3": "RMSD_step", "4": "pearsonr", "5": "kendalltau", "6": "chisq", "7": "percentage_fulfilled"}, "value": {"0": 0.7170311439300086, "1": -0.6689798554480785, "2": 0.8655397581799613, "3": 0.3931092516348733, "4": 0.6731672667276734, "5": 0.5699633193951253, "6": 15.16851519806674, "7": 0.9302325581395349}, "up": {"0": 0.8201187192442527, "1": -0.5547612347286375, "2": 0.9813844008890334, "3": 0.5455954715763787, "4": 0.7784829861261808, "5": 0.6717723144207282, "6": 19.139738068934108, "7": 0.0}, "low": {"0": 0.6187842293810056, "1": 0.0, "2": 0.7482524293304976, "3": 0.18832184227823856, "4": 0.5414699940283738, "5": 0.45034448292180923, "6": 11.604737505194683, "7": 0.0}, "most-populated-1": {"0": 0.5353220562602199, "1": -0.3994079024292702, "2": 0.701279780592595, "3": 0.3931092516348733, "4": NaN, "5": NaN, "6": NaN, "7": 0.9534883720930233}}}