{"minimum_sasa": 12.695978641509978, "minimum_psa": 11.327982301712076}