{"single": {"fulfil": {"best": 0.4411764705882353, "random": [0.33529411764705885, 0.38235294117647056, 0.39999999999999997, 0.39705882352941174, 0.4382352941176471], "low_energy": [0.29411764705882354, 0.4117647058823529, 0.4411764705882353, 0.4411764705882353, 0.4411764705882353], "LICUV": [0.4411764705882353, 0.47058823529411764, 0.4117647058823529, 0.4117647058823529, 0.5], "NAMFIS": [0.3235294117647059, 0.35294117647058826, 0.3235294117647059, 0.3235294117647059, 0.3235294117647059]}, "rmsd": {"best": 2.9517189340627326, "random": [3.682421420084828, 3.545793759365435, 3.3229639749873776, 3.022415561620977, 2.7723027438608705], "low_energy": [3.853865056267975, 3.585154482999655, 3.03893300554008, 2.9267552555382195, 2.6161666324682393], "LICUV": [3.176170332667396, 3.1523219700903353, 3.160115397223429, 2.7817962394691826, 2.594591733000345], "NAMFIS": [3.6047901701272176, 3.295986638506961, 3.1164629707564937, 3.0661127984999856, 3.0661127356288693]}, "mae": {"best": 2.048063853207756, "random": [2.5032246980947597, 2.3642058728911315, 2.199345215001359, 2.0710256068362085, 1.870972560516556], "low_energy": [2.5636195855982153, 2.360730627898514, 2.0605872893358876, 1.9684915751154666, 1.763016535794362], "LICUV": [2.155642896540024, 2.097066561682404, 2.1070303589038097, 1.9229418248449628, 1.7137051332560271], "NAMFIS": [2.4673382057863122, 2.2526089862358063, 2.190306131722176, 2.194180369118585, 2.1941805917834567]}, "bundle-size": [1, 3, 5, 10, 30]}}