{"single": {"stat": {"0": "MAE", "1": "MSE", "2": "RMSD", "3": "RMSD_step", "4": "pearsonr", "5": "kendalltau", "6": "chisq", "7": "percentage_fulfilled"}, "value": {"0": 0.26526811285804824, "1": -0.10959966165979945, "2": 0.3615751620995413, "3": 0.0, "4": 0.884074936392299, "5": 0.6833333333333333, "6": 0.5983986911373835, "7": 1.0}, "up": {"0": 0.39094278850503916, "1": 0.058564678717331835, "2": 0.4719689399184303, "3": 0.0, "4": 0.9666760578832009, "5": 0.8532110091743119, "6": 0.9901789933488363, "7": 0.0}, "low": {"0": 0.15273269603089723, "1": 0.0, "2": 0.22365718980579885, "3": 0.0, "4": 0.763913263330466, "5": 0.4821428571428571, "6": 0.24405135633195887, "7": 0.0}}}