{"minimum_sasa": 9.640419483184772, "minimum_psa": 4.3358959555625916}