{"single": {"stat": {"0": "MAE", "1": "MSE", "2": "RMSD", "3": "RMSD_step", "4": "pearsonr", "5": "kendalltau", "6": "chisq", "7": "percentage_fulfilled"}, "value": {"0": 0.26526811285804824, "1": -0.10959966165979945, "2": 0.3615751620995413, "3": 0.0, "4": 0.884074936392299, "5": 0.6833333333333333, "6": 0.5983986911373835, "7": 1.0}, "up": {"0": 0.39504339203570454, "1": 0.05202635639913221, "2": 0.47239489341176577, "3": 0.0, "4": 0.9657009422962349, "5": 0.8476190476190477, "6": 1.0040083956075962, "7": 0.0}, "low": {"0": 0.1492156289908541, "1": 0.0, "2": 0.2253832296747781, "3": 0.0, "4": 0.7615475650024812, "5": 0.48671348542664616, "6": 0.24208707803901924, "7": 0.0}}}