{"single": {"fulfil": {"best": 0.5806451612903226, "random": [0.3548387096774194, 0.4870967741935484, 0.5290322580645161, 0.6096774193548387, 0.5645161290322581], "low_energy": [0.3870967741935484, 0.2903225806451613, 0.4838709677419355, 0.3870967741935484, 0.5806451612903226], "LICUV": [0.5806451612903226, 0.5806451612903226, 0.5806451612903226, 0.7096774193548387, 0.6774193548387096], "NAMFIS": [0.4838709677419355, 0.6451612903225806, 0.6774193548387096, 0.7096774193548387, 0.7096774193548387]}, "rmsd": {"best": 0.39341583209967523, "random": [0.5566345027379249, 0.422721534841059, 0.34783546400181287, 0.2996144025839373, 0.27359916403982565], "low_energy": [0.5844242953500288, 0.5551966715476166, 0.49363874968089294, 0.47210377582757335, 0.2892317517146361], "LICUV": [0.5677047194364917, 0.5716881485702536, 0.5690473808606074, 0.3242921846823154, 0.22943522080509574], "NAMFIS": [0.40315669231799534, 0.31138567022795616, 0.2198654610586869, 0.1976303061620749, 0.19763030612612187]}, "mae": {"best": 0.29987918515359197, "random": [0.4116225643311776, 0.3008330392530252, 0.24917580527913358, 0.21732916378015332, 0.20222131300492294], "low_energy": [0.4099743680031068, 0.39835911946813873, 0.33150292838447903, 0.3332223397176996, 0.2049888937477572], "LICUV": [0.3846540801755843, 0.38443823947457345, 0.3871590125336856, 0.22038560197721313, 0.176263244389697], "NAMFIS": [0.29987918515359197, 0.22868560546615868, 0.15949020987634802, 0.1437562113386682, 0.14375621130787924]}, "bundle-size": [1, 3, 5, 10, 30]}}