{"single": {"fulfil": {"best": 0.3548387096774194, "random": [0.27096774193548384, 0.2354838709677419, 0.24838709677419352, 0.2193548387096774, 0.2096774193548387], "low_energy": [0.25806451612903225, 0.2903225806451613, 0.22580645161290322, 0.25806451612903225, 0.22580645161290322], "LICUV": [0.3548387096774194, 0.3225806451612903, 0.3225806451612903, 0.2903225806451613, 0.2903225806451613], "NAMFIS": [0.2903225806451613, 0.2903225806451613, 0.2903225806451613, 0.2903225806451613, 0.2903225806451613]}, "rmsd": {"best": 0.6538479847080289, "random": [0.94354253446273, 0.8512344527921906, 0.8783005993707986, 0.8587216506180171, 0.8321601643452012], "low_energy": [0.6973829871747034, 0.720743684057025, 0.7253989898487984, 0.7446239941155791, 0.8124114476645479], "LICUV": [0.8511951892790521, 0.819482711320728, 0.8232759032553867, 0.8541880402976694, 0.8536867751110363], "NAMFIS": [0.6609094890409435, 0.6609589348985208, 0.6609589349013586, 0.660958934911277, 0.6609589349384352]}, "mae": {"best": 0.4838347613426945, "random": [0.615097598045103, 0.5901348569214998, 0.6076322792285715, 0.6056699633084281, 0.5864413567108124], "low_energy": [0.5134337357551819, 0.5167262792743031, 0.5298764373877575, 0.5440985269553456, 0.5771054474391084], "LICUV": [0.54359893614246, 0.5481134723555509, 0.5589003662337172, 0.5785714740018908, 0.586924633815575], "NAMFIS": [0.4952429134615005, 0.4953395901628642, 0.4953395901676173, 0.49533959017553564, 0.4953395901961103]}, "bundle-size": [1, 3, 5, 10, 30]}}