{"single": {"fulfil": {"best": 0.5806451612903226, "random": [0.38387096774193546, 0.4741935483870968, 0.5290322580645161, 0.5290322580645161, 0.5677419354838709], "low_energy": [0.3870967741935484, 0.2903225806451613, 0.4838709677419355, 0.3870967741935484, 0.5806451612903226], "LICUV": [0.5806451612903226, 0.5806451612903226, 0.5806451612903226, 0.7096774193548387, 0.6774193548387096], "NAMFIS": [0.4838709677419355, 0.6451612903225806, 0.6774193548387096, 0.7096774193548387, 0.7096774193548387]}, "rmsd": {"best": 0.39341583209967523, "random": [0.5490209708924614, 0.381211033404412, 0.34636386702608246, 0.3082729458290158, 0.2751335223135037], "low_energy": [0.5844242953500288, 0.5551966715476166, 0.49363874968089294, 0.47210377582757335, 0.2892317517146361], "LICUV": [0.5677047194364917, 0.5716881485702536, 0.5690473808606074, 0.3242921846823154, 0.22943522080509574], "NAMFIS": [0.40315669231799534, 0.3113859355351028, 0.2198524504753677, 0.19762997848931155, 0.1976299784719316]}, "rmsd_stepwise": {"best": 0.09584934415108716, "random": [0.1583663706987301, 0.14546481338375283, 0.15046394405556265, 0.12150808481008217, 0.10406729569864541], "low_energy": [0.16809175681655958, 0.17535218018825482, 0.13302922308105236, 0.16565607590387674, 0.11686772230230648], "LICUV": [0.13194573664713402, 0.13194573664713402, 0.13194573664713402, 0.08519427513705975, 0.0865839141731788], "NAMFIS": [0.1393301949535938, 0.15264337522473748, 0.1550026014349853, 0.1483565887291658, 0.1483565887291658]}, "mae": {"best": 0.29987918515359197, "random": [0.4066830208686089, 0.28648566073789256, 0.25626099493951193, 0.2352622678794353, 0.2084517073193306], "low_energy": [0.4099743680031068, 0.39835911946813873, 0.33150292838447903, 0.3332223397176996, 0.2049888937477572], "LICUV": [0.3846540801755843, 0.38443823947457345, 0.3871590125336856, 0.22038560197721313, 0.176263244389697], "NAMFIS": [0.29987918515359197, 0.22869015733215367, 0.15948229234779798, 0.14375532395002397, 0.14375532393108406]}, "bundle-size": [1, 3, 5, 10, 30]}}