{"single": {"fulfil": {"best": 0.5806451612903226, "random": [0.3064516129032258, 0.5096774193548387, 0.5193548387096774, 0.5870967741935484, 0.5774193548387097], "low_energy": [0.3870967741935484, 0.2903225806451613, 0.4838709677419355, 0.3870967741935484, 0.5806451612903226], "LICUV": [0.5806451612903226, 0.5806451612903226, 0.5806451612903226, 0.7096774193548387, 0.6774193548387096], "NAMFIS": [0.4838709677419355, 0.6451612903225806, 0.6774193548387096, 0.7096774193548387, 0.7096774193548387]}, "rmsd": {"best": 0.39341583209967523, "random": [0.5637268131165728, 0.4077578044459561, 0.3614466731961805, 0.2933846729188603, 0.2735143434278936], "low_energy": [0.5844242953500288, 0.5551966715476166, 0.49363874968089294, 0.47210377582757335, 0.2892317517146361], "LICUV": [0.5677047194364917, 0.5716881485702536, 0.5690473808606074, 0.3242921846823154, 0.22943522080509574], "NAMFIS": [0.40315669231799534, 0.3113826098863698, 0.21985528679443547, 0.19763040434151882, 0.1976304043394117]}, "mae": {"best": 0.29987918515359197, "random": [0.42605269225951153, 0.296570669219123, 0.25919402268330743, 0.21395660950212775, 0.20311229371371348], "low_energy": [0.4099743680031068, 0.39835911946813873, 0.33150292838447903, 0.3332223397176996, 0.2049888937477572], "LICUV": [0.3846540801755843, 0.38443823947457345, 0.3871590125336856, 0.22038560197721313, 0.176263244389697], "NAMFIS": [0.29987918515359197, 0.22868537044794393, 0.15949098483952506, 0.14375228003531082, 0.1437522800331986]}, "bundle-size": [1, 3, 5, 10, 30]}}