{"minimum_sasa": 8.28151798248291, "minimum_psa": 6.202785015106201}