{"single": {"stat": {"0": "MAE", "1": "MSE", "2": "RMSD", "3": "pearsonr", "4": "kendalltau", "5": "chisq", "6": "percentage_fulfilled"}, "value": {"0": 1.0816051150025598, "1": -0.8364840487940512, "2": 1.2372345499332031, "3": 0.41295817153590375, "4": 0.397457010769884, "5": 36.05388405429429, "6": 0.7475728155339806}, "up": {"0": 1.196328073357795, "1": -0.6576302484648481, "2": 1.3599961705261212, "3": 0.5279580817513224, "4": 0.49528922867516956, "5": 43.32148126178153, "6": 0.0}, "low": {"0": 0.9651274530018722, "1": 0.0, "2": 1.1217058076765027, "3": 0.29698664133371505, "4": 0.2789675686468598, "5": 29.90967477000761, "6": 0.0}, "most-populated-1": {"0": 0.9447466551678853, "1": -0.5186737845244916, "2": 1.1937066384684925, "3": NaN, "4": NaN, "5": NaN, "6": 0.7961165048543689}}}