{"single": {"stat": {"0": "MAE", "1": "MSE", "2": "RMSD", "3": "RMSD_step", "4": "pearsonr", "5": "kendalltau", "6": "chisq", "7": "percentage_fulfilled"}, "value": {"0": 1.0816051150025598, "1": -0.8364840487940512, "2": 1.2372345499332031, "3": 0.7693144091944298, "4": 0.41295817153590375, "5": 0.397457010769884, "6": 36.05388405429429, "7": 0.7475728155339806}, "up": {"0": 1.2006526547793097, "1": -0.6510495701252048, "2": 1.3573587868785575, "3": 0.8909469163575292, "4": 0.5275337721979263, "5": 0.49716106921196085, "6": 43.135697808485276, "7": 0.0}, "low": {"0": 0.9635652022007166, "1": 0.0, "2": 1.118597662428862, "3": 0.629377871277954, "4": 0.2967360448641364, "5": 0.2758371369982403, "6": 29.61873791579338, "7": 0.0}, "most-populated-1": {"0": 0.9447466551678853, "1": -0.5186737845244916, "2": 1.1937066384684925, "3": 0.7693144091944298, "4": NaN, "5": NaN, "6": NaN, "7": 0.7961165048543689}}}