{"65": {"0": {"Atom 1": "(5, 6)", "Atom 2": "(1,)", "NMR exp": 3.5, "lower bound": 2.3, "upper bound": 4.7, "md": [2.5371143384456323, 2.940568026516154]}, "1": {"Atom 1": "(35,)", "Atom 2": "(49,)", "NMR exp": 3.5, "lower bound": 2.3, "upper bound": 4.7, "md": [2.238441194249651]}, "2": {"Atom 1": "(51,)", "Atom 2": "(59,)", "NMR exp": 3.5, "lower bound": 2.3, "upper bound": 4.7, "md": [2.200406828848569]}, "3": {"Atom 1": "(63,)", "Atom 2": "(59,)", "NMR exp": 3.5, "lower bound": 2.3, "upper bound": 4.7, "md": [2.4489258482535146]}, "4": {"Atom 1": "(88,)", "Atom 2": "(85, 86)", "NMR exp": 3.5, "lower bound": 2.3, "upper bound": 4.7, "md": [2.859096477282548, 2.2950207293701506]}, "5": {"Atom 1": "(88,)", "Atom 2": "(93, 94)", "NMR exp": 3.5, "lower bound": 2.3, "upper bound": 4.7, "md": [2.2811932159065256, 2.4383246392889757]}, "6": {"Atom 1": "(88,)", "Atom 2": "(93, 94)", "NMR exp": 3.5, "lower bound": 2.3, "upper bound": 4.7, "md": [2.2811932159065256, 2.4383246392889757]}, "7": {"Atom 1": "(79, 80)", "Atom 2": "(79, 80)", "NMR exp": 3.5, "lower bound": 2.3, "upper bound": 4.7, "md": [1.7800930021244359, 1.7800930021244359]}, "8": {"Atom 1": "(108,)", "Atom 2": "(106,)", "NMR exp": 3.5, "lower bound": 2.3, "upper bound": 4.7, "md": [2.88706277812977]}, "9": {"Atom 1": "(123,)", "Atom 2": "(121,)", "NMR exp": 3.5, "lower bound": 2.3, "upper bound": 4.7, "md": [2.844296658250469]}, "10": {"Atom 1": "(145,)", "Atom 2": "(159,)", "NMR exp": 3.5, "lower bound": 2.3, "upper bound": 4.7, "md": [2.2007471512917562]}, "11": {"Atom 1": "(149, 150, 151, 153, 154, 155)", "Atom 2": "(145,)", "NMR exp": 3.5, "lower bound": 2.3, "upper bound": 4.7, "md": [2.973615388318674, 2.982044113196214, 2.9782044331937114, 2.9134921734456682, 2.9114164057260985, 2.903653015195829]}, "12": {"Atom 1": "(161,)", "Atom 2": "(169,)", "NMR exp": 3.5, "lower bound": 2.3, "upper bound": 4.7, "md": [2.3132272220673]}, "13": {"Atom 1": "(171,)", "Atom 2": "(1,)", "NMR exp": 3.5, "lower bound": 2.3, "upper bound": 4.7, "md": [2.2663896711470675]}, "14": {"Atom 1": "(3,)", "Atom 2": "(1,)", "NMR exp": 4.5, "lower bound": 2.9, "upper bound": 6.1, "md": [2.843088302685649]}, "15": {"Atom 1": "(5, 6)", "Atom 2": "(15,)", "NMR exp": 4.5, "lower bound": 2.9, "upper bound": 6.1, "md": [2.853989792611727, 2.9052542059653548]}, "16": {"Atom 1": "(5, 6)", "Atom 2": "(20, 21)", "NMR exp": 4.5, "lower bound": 2.9, "upper bound": 6.1, "md": [4.503620149767365, 3.4274605513986804, 3.96953599440065, 2.7838826380269657]}, "17": {"Atom 1": "(11,)", "Atom 2": "(15,)", "NMR exp": 4.5, "lower bound": 2.9, "upper bound": 6.1, "md": [4.25063605482267]}, "18": {"Atom 1": "(29,)", "Atom 2": "(33,)", "NMR exp": 4.5, "lower bound": 2.9, "upper bound": 6.1, "md": [3.4208800546068376]}, "19": {"Atom 1": "(20, 21)", "Atom 2": "(33,)", "NMR exp": 4.5, "lower bound": 2.9, "upper bound": 6.1, "md": [2.8903944450327983, 4.095974026219276]}, "20": {"Atom 1": "(20, 21)", "Atom 2": "(26, 27)", "NMR exp": 4.5, "lower bound": 2.9, "upper bound": 6.1, "md": [3.1934328943588928, 3.8324960066766542, 3.87017673040041, 3.053426659110494]}, "21": {"Atom 1": "(20, 21)", "Atom 2": "(23, 24)", "NMR exp": 4.5, "lower bound": 2.9, "upper bound": 6.1, "md": [2.324577798288446, 2.8067600929660377, 2.8390459569321904, 2.326385588840347]}, "22": {"Atom 1": "(20, 21)", "Atom 2": "(33,)", "NMR exp": 4.5, "lower bound": 2.9, "upper bound": 6.1, "md": [2.8903944450327983, 4.095974026219276]}, "23": {"Atom 1": "(35,)", "Atom 2": "(33,)", "NMR exp": 4.5, "lower bound": 2.9, "upper bound": 6.1, "md": [2.9532479037736556]}, "24": {"Atom 1": "(35,)", "Atom 2": "(169,)", "NMR exp": 4.5, "lower bound": 2.9, "upper bound": 6.1, "md": [5.1983408703515765]}, "25": {"Atom 1": "(37,)", "Atom 2": "(33,)", "NMR exp": 4.5, "lower bound": 2.9, "upper bound": 6.1, "md": [2.7784392648862997]}, "26": {"Atom 1": "(37,)", "Atom 2": "(49,)", "NMR exp": 4.5, "lower bound": 2.9, "upper bound": 6.1, "md": [2.8300082624923304]}, "27": {"Atom 1": "(37,)", "Atom 2": "(169,)", "NMR exp": 4.5, "lower bound": 2.9, "upper bound": 6.1, "md": [3.8559670190948916]}, "28": {"Atom 1": "(39, 40, 41, 43, 44, 45)", "Atom 2": "(5, 6)", "NMR exp": 4.5, "lower bound": 2.9, "upper bound": 6.1, "md": [8.02754179171996, 7.8744084765977025, 8.018142170368113, 7.861774274209052, 8.026202164757404, 7.876375218018783, 8.815469892131278, 8.69666694722324, 8.80403742459599, 8.692844268412282, 8.804714251094772, 8.698847970471967]}, "29": {"Atom 1": "(39, 40, 41, 43, 44, 45)", "Atom 2": "(35,)", "NMR exp": 4.5, "lower bound": 2.9, "upper bound": 6.1, "md": [3.0240172745840868, 3.0323681072228994, 3.033136894156455, 2.885042379412661, 2.8996653424134395, 2.879737201139499]}, "30": {"Atom 1": "(39, 40, 41, 43, 44, 45)", "Atom 2": "(163, 164)", "NMR exp": 4.5, "lower bound": 2.9, "upper bound": 6.1, "md": [6.711916882622936, 5.048552246677029, 6.7059747027151095, 5.0435169622957, 6.704924241887993, 5.052724559101208, 6.345787478655735, 4.6549430258250135, 6.32270012995722, 4.636766770833847, 6.308395353431196, 4.613167319191165]}, "31": {"Atom 1": "(39, 40, 41, 43, 44, 45)", "Atom 2": "(1,)", "NMR exp": 4.5, "lower bound": 2.9, "upper bound": 6.1, "md": [6.585094952182843, 6.566398114919454, 6.5849543527652505, 7.12762314960785, 7.084886768064345, 7.117345794204744]}, "32": {"Atom 1": "(39, 40, 41, 43, 44, 45)", "Atom 2": "(35,)", "NMR exp": 4.5, "lower bound": 2.9, "upper bound": 6.1, "md": [3.0240172745840868, 3.0323681072228994, 3.033136894156455, 2.885042379412661, 2.8996653424134395, 2.879737201139499]}, "33": {"Atom 1": "(33,)", "Atom 2": "(169,)", "NMR exp": 4.5, "lower bound": 2.9, "upper bound": 6.1, "md": [3.8730043698855705]}, "34": {"Atom 1": "(51,)", "Atom 2": "(49,)", "NMR exp": 4.5, "lower bound": 2.9, "upper bound": 6.1, "md": [2.9337170434790085]}, "35": {"Atom 1": "(51,)", "Atom 2": "(169,)", "NMR exp": 4.5, "lower bound": 2.9, "upper bound": 6.1, "md": [3.2913812583094035]}, "36": {"Atom 1": "(53, 54)", "Atom 2": "(49,)", "NMR exp": 4.5, "lower bound": 2.9, "upper bound": 6.1, "md": [2.8464301665298772, 3.057695922085905]}, "37": {"Atom 1": "(53, 54)", "Atom 2": "(59,)", "NMR exp": 4.5, "lower bound": 2.9, "upper bound": 6.1, "md": [4.081651486636477, 3.2787655557750273]}, "38": {"Atom 1": "(53, 54)", "Atom 2": "(49,)", "NMR exp": 4.5, "lower bound": 2.9, "upper bound": 6.1, "md": [2.8464301665298772, 3.057695922085905]}, "39": {"Atom 1": "(53, 54)", "Atom 2": "(59,)", "NMR exp": 4.5, "lower bound": 2.9, "upper bound": 6.1, "md": [4.081651486636477, 3.2787655557750273]}, "40": {"Atom 1": "(61,)", "Atom 2": "(59,)", "NMR exp": 4.5, "lower bound": 2.9, "upper bound": 6.1, "md": [2.8974012835563268]}, "41": {"Atom 1": "(72, 73, 74)", "Atom 2": "(49,)", "NMR exp": 4.5, "lower bound": 2.9, "upper bound": 6.1, "md": [5.478443528826085, 5.498335196484099, 5.459508266974753]}, "42": {"Atom 1": "(72, 73, 74)", "Atom 2": "(59,)", "NMR exp": 4.5, "lower bound": 2.9, "upper bound": 6.1, "md": [3.777145987879, 3.7845216592549225, 3.7742145739910202]}, "43": {"Atom 1": "(69, 70)", "Atom 2": "(59,)", "NMR exp": 4.5, "lower bound": 2.9, "upper bound": 6.1, "md": [2.810670760024363, 2.4895105451352952]}, "44": {"Atom 1": "(69, 70)", "Atom 2": "(59,)", "NMR exp": 4.5, "lower bound": 2.9, "upper bound": 6.1, "md": [2.810670760024363, 2.4895105451352952]}, "45": {"Atom 1": "(65, 66, 67)", "Atom 2": "(59,)", "NMR exp": 4.5, "lower bound": 2.9, "upper bound": 6.1, "md": [3.9782799792033696, 3.91987443513513, 3.9389845415941003]}, "46": {"Atom 1": "(65, 66, 67)", "Atom 2": "(79, 80)", "NMR exp": 4.5, "lower bound": 2.9, "upper bound": 6.1, "md": [2.843082740187944, 4.114859108821909, 2.8369834717937716, 4.110880597110838, 2.843113108207196, 4.1121115464186175]}, "47": {"Atom 1": "(65, 66, 67)", "Atom 2": "(79, 80)", "NMR exp": 4.5, "lower bound": 2.9, "upper bound": 6.1,