{"single": {"fulfil": {"best": 0.8, "random": [0.49000000000000005, 0.5850000000000001, 0.69, 0.725, 0.76], "low_energy": [0.5, 0.45, 0.6, 0.75, 0.8], "LICUV": [0.8, 0.75, 0.8, 0.85, 0.9], "NAMFIS": [0.7, 0.85, 0.9, 0.9, 0.9]}, "rmsd": {"best": 0.2837115287152149, "random": [0.6227687841602036, 0.45343618627742605, 0.38079935238879375, 0.29149381716439937, 0.2563996343611603], "low_energy": [0.538799453856559, 0.5856590478204597, 0.35192832269364327, 0.21983030939376896, 0.2599342965344678], "LICUV": [0.41597112784188633, 0.28503635770697844, 0.22210613874946655, 0.24467058540377787, 0.17840369569299097], "NAMFIS": [0.2837115287152149, 0.18019349464646578, 0.17905016699526294, 0.15665156896876462, 0.15665156896747784]}, "rmsd_stepwise": {"best": 0.12824780699879432, "random": [0.2360984219640409, 0.19788372354781167, 0.15046522795618283, 0.13833985246388586, 0.13560765334221334], "low_energy": [0.20662768449556806, 0.22790348834539592, 0.19027283043041116, 0.11689204421174271, 0.12343014218577252], "LICUV": [0.1600585830250912, 0.18288999425884406, 0.12343014218577252, 0.11968186997202214, 0.09150136611002051], "NAMFIS": [0.1426797112416478, 0.10223746866975926, 0.09767932227447118, 0.09767932227447118, 0.09767932227447118]}, "mae": {"best": 0.22828011655807487, "random": [0.4661191991806029, 0.3470773739464316, 0.2711141340232533, 0.21149598597432454, 0.18532040957297474], "low_energy": [0.41310157871246334, 0.45827304516244816, 0.2863393629096263, 0.18371588354693658, 0.18227486978641755], "LICUV": [0.2961127557754516, 0.2114338335889033, 0.18643105829040613, 0.18766091446853728, 0.12963130258610786], "NAMFIS": [0.22828011655807487, 0.1446780251329461, 0.14806594526286815, 0.12980193513801713, 0.12980193513624003]}, "bundle-size": [1, 3, 5, 10, 30]}}