{"single": {"fulfil": {"best": 0.8, "random": [0.49000000000000005, 0.635, 0.76, 0.72, 0.76], "low_energy": [0.5, 0.45, 0.6, 0.75, 0.8], "LICUV": [0.8, 0.75, 0.8, 0.85, 0.9], "NAMFIS": [0.7, 0.85, 0.9, 0.9, 0.9]}, "rmsd": {"best": 0.2837115287152149, "random": [0.6597551537989923, 0.45097193615718856, 0.3012902147802695, 0.28708445970500057, 0.25992621422406303], "low_energy": [0.538799453856559, 0.5856590478204597, 0.35192832269364327, 0.21983030939376896, 0.2599342965344678], "LICUV": [0.41597112784188633, 0.28503635770697844, 0.22210613874946655, 0.24467058540377787, 0.17840369569299097], "NAMFIS": [0.2837115287152149, 0.18019210005957276, 0.17905164028966583, 0.15661364528661834, 0.15661364528448687]}, "mae": {"best": 0.22828011655807487, "random": [0.48953096075057967, 0.3287683527509747, 0.22471141045653886, 0.204785486684185, 0.18845368035817506], "low_energy": [0.41310157871246334, 0.45827304516244816, 0.2863393629096263, 0.18371588354693658, 0.18227486978641755], "LICUV": [0.2961127557754516, 0.2114338335889033, 0.18643105829040613, 0.18766091446853728, 0.12963130258610786], "NAMFIS": [0.22828011655807487, 0.14467699626323924, 0.14807297326401672, 0.1297712180306433, 0.1297712180286474]}, "bundle-size": [1, 3, 5, 10, 30]}}