{"single": {"fulfil": {"best": 0.4, "random": [0.24500000000000002, 0.21500000000000002, 0.225, 0.23000000000000004, 0.215], "low_energy": [0.2, 0.2, 0.2, 0.25, 0.25], "LICUV": [0.4, 0.4, 0.3, 0.35, 0.3], "NAMFIS": [0.4, 0.3, 0.3, 0.3, 0.3]}, "rmsd": {"best": 0.9076778604273316, "random": [1.1563727735491673, 1.0778165734477922, 1.0828082425023742, 1.0736475370721332, 1.0449860029946558], "low_energy": [1.1602187910046147, 1.1764688603655065, 1.1624409024151385, 1.108581365424956, 1.1241620847344547], "LICUV": [1.1276680681127773, 1.0531588115166057, 1.0834405021759006, 1.0786473602218156, 1.0333368020530709], "NAMFIS": [1.1276680681127773, 0.888567648621194, 0.888500861683256, 0.8885008616839926, 0.8885008616831034]}, "mae": {"best": 0.6753544101715085, "random": [0.8647230424404142, 0.8300676234759191, 0.8317995821533657, 0.809851003244361, 0.7932205071433315], "low_energy": [0.919706893444061, 0.9289601276781301, 0.9154062207722926, 0.855384301814388, 0.849789783031091], "LICUV": [0.7994381432533262, 0.6886381705947315, 0.7271600479489636, 0.7719030902478534, 0.7622009176978964], "NAMFIS": [0.7994381432533262, 0.6435358132397075, 0.6429126183847967, 0.6429126183853388, 0.6429126183838988]}, "bundle-size": [1, 3, 5, 10, 30]}}