{"single": {"fulfil": {"best": 0.8, "random": [0.45999999999999996, 0.6050000000000001, 0.6799999999999999, 0.75, 0.755], "low_energy": [0.5, 0.45, 0.6, 0.75, 0.8], "LICUV": [0.8, 0.75, 0.8, 0.85, 0.9], "NAMFIS": [0.7, 0.85, 0.9, 0.9, 0.9]}, "rmsd": {"best": 0.2837115287152149, "random": [0.8260428122830789, 0.478512976747749, 0.3329549121532226, 0.29177529933704094, 0.26408118250606966], "low_energy": [0.538799453856559, 0.5856590478204597, 0.35192832269364327, 0.21983030939376896, 0.2599342965344678], "LICUV": [0.41597112784188633, 0.28503635770697844, 0.22210613874946655, 0.24467058540377787, 0.17840369569299097], "NAMFIS": [0.2837115287152149, 0.18019257971140593, 0.17904783706871702, 0.15666528428645052, 0.156665284285255]}, "mae": {"best": 0.22828011655807487, "random": [0.5815703235149382, 0.34710662689035654, 0.2512992926196287, 0.21666432789598095, 0.19087111047913802], "low_energy": [0.41310157871246334, 0.45827304516244816, 0.2863393629096263, 0.18371588354693658, 0.18227486978641755], "LICUV": [0.2961127557754516, 0.2114338335889033, 0.18643105829040613, 0.18766091446853728, 0.12963130258610786], "NAMFIS": [0.22828011655807487, 0.14469358908557256, 0.1480704442393908, 0.12981573366679539, 0.12981573366534754]}, "bundle-size": [1, 3, 5, 10, 30]}}