{"minimum_sasa": 5.775096893310547, "minimum_psa": 3.915072202682495}