{"single": {"stat": {"0": "MAE", "1": "MSE", "2": "RMSD", "3": "RMSD_step", "4": "pearsonr", "5": "kendalltau", "6": "chisq", "7": "percentage_fulfilled"}, "value": {"0": 0.880442637785372, "1": -0.4032879481901683, "2": 1.194363846325554, "3": 0.5670978751503128, "4": 0.5235295448444097, "5": 0.5281633214684733, "6": 32.62916903957178, "7": 0.87}, "up": {"0": 1.0517936272277093, "1": -0.172756200131482, "2": 1.5105605066938765, "3": 0.699714227381436, "4": 0.6516001475753611, "5": 0.6236934138242772, "6": 51.30857967099477, "7": 0.0}, "low": {"0": 0.7356014579008318, "1": 0.0, "2": 0.9220177656070367, "3": 0.40987803063838385, "4": 0.4185439048352555, "5": 0.42044511955178265, "6": 19.852008662226968, "7": 0.0}}}