{"single": {"stat": {"0": "MAE", "1": "MSE", "2": "RMSD", "3": "RMSD_step", "4": "pearsonr", "5": "kendalltau", "6": "chisq", "7": "percentage_fulfilled"}, "value": {"0": 0.880442637785372, "1": -0.4032879481901683, "2": 1.194363846325554, "3": 0.5670978751503128, "4": 0.5235295448444097, "5": 0.5281633214684733, "6": 32.62916903957178, "7": 0.87}, "up": {"0": 1.053212462945784, "1": -0.17117639281061442, "2": 1.5162098930379415, "3": 0.7019971509913696, "4": 0.6518526305887153, "5": 0.6215381591570179, "6": 51.341944115771874, "7": 0.0}, "low": {"0": 0.7330931706879529, "1": 0.0, "2": 0.9204284898081794, "3": 0.40987803063838385, "4": 0.42152375745553095, "5": 0.41914797802896153, "6": 19.89421544242659, "7": 0.0}}}