{"minimum_sasa": 11.396311283111583, "minimum_psa": 9.90995068550107}