{"single": {"stat": {"0": "MAE", "1": "MSE", "2": "RMSD", "3": "pearsonr", "4": "kendalltau", "5": "chisq", "6": "percentage_fulfilled"}, "value": {"0": 0.27242739004192507, "1": -0.1325642277991685, "2": 0.3816333896803113, "3": 0.8331862448214572, "4": 0.6666759984415941, "5": 0.9677805371019464, "6": 0.85}, "up": {"0": 0.3971843722099203, "1": 0.013807513217465778, "2": 0.5225521740206043, "3": 0.941963278118515, "4": 0.8539339319742573, "5": 1.8778827722773026, "6": 0.0}, "low": {"0": 0.16422033485598556, "1": 0.0, "2": 0.22249127110001832, "3": 0.6083817667251444, "4": 0.4358073353509605, "5": 0.31290304001228136, "6": 0.0}, "most-populated-1": {"0": 0.19185003423690775, "1": 0.08314683866500841, "2": 0.27923309440620236, "3": NaN, "4": NaN, "5": NaN, "6": 0.8}}}