{"51": {"0": {"Atom 1": "(11,)", "Atom 2": "(15,)", "NMR exp": 0, "lower bound": 2.0, "upper bound": 2.37, "md": [2.1843124576002815], "lower": [2.055645124818485], "upper": [2.36920664786209]}, "1": {"Atom 1": "(11,)", "Atom 2": "(25,)", "NMR exp": 0, "lower bound": 3.28, "upper bound": 3.97, "md": [3.5865316018382143], "lower": [3.338683812609518], "upper": [4.5723133708565795]}, "2": {"Atom 1": "(2, 3)", "Atom 2": "(45,)", "NMR exp": 0, "lower bound": 3.61, "upper bound": 4.87, "md": [3.043125905995163, 4.771236392616544], "lower": [2.7817118673259125, 4.2931214740146455], "upper": [5.027947712066832, 5.058149100984827]}, "3": {"Atom 1": "(2, 3)", "Atom 2": "(47,)", "NMR exp": 0, "lower bound": 2.11, "upper bound": 3.05, "md": [3.614768827846664, 2.2382477726032928], "lower": [2.5719450256703125, 2.083997004932787], "upper": [3.9662744397647307, 2.5706279412069972]}, "4": {"Atom 1": "(2, 3)", "Atom 2": "(49, 50, 51)", "NMR exp": 0, "lower bound": 2.65, "upper bound": 4.6, "md": [2.5869659273908576, 4.620428224027552, 2.777727724090904, 2.069812262906921, 2.007347255116616, 2.110692870013734], "lower": [2.297847002185293, 3.3326710709528977, 2.3806595874305354, 2.0011476012737326, 1.9662189256377949, 2.0437145181726275], "upper": [3.9817204459300597, 4.95279771582847, 4.040172861252314, 4.428216234391105, 4.424323630829479, 4.430254692809816]}, "5": {"Atom 1": "(15,)", "Atom 2": "(17,)", "NMR exp": 0, "lower bound": 2.71, "upper bound": 2.98, "md": [2.302371393431465], "lower": [2.204900639584234], "upper": [2.877970511728949]}, "6": {"Atom 1": "(15,)", "Atom 2": "(19, 20, 21)", "NMR exp": 0, "lower bound": 2.56, "upper bound": 3.12, "md": [2.6048627903723163, 2.6343020318055594, 2.5903000499335813], "lower": [2.3303137103027396, 2.345241196329803, 2.3236735334869367], "upper": [3.3477645379205643, 3.3693600087132802, 3.3370354104564877]}, "7": {"Atom 1": "(15,)", "Atom 2": "(25,)", "NMR exp": 0, "lower bound": 2.3, "upper bound": 2.78, "md": [1.54009978633161], "lower": [1.4802778378617578], "upper": [3.0010187922700866]}, "8": {"Atom 1": "(17,)", "Atom 2": "(25,)", "NMR exp": 0, "lower bound": 2.58, "upper bound": 3.12, "md": [3.0024996031718687], "lower": [2.2873056824268865], "upper": [3.512086756352718]}, "9": {"Atom 1": "(19, 20, 21)", "Atom 2": "(25,)", "NMR exp": 0, "lower bound": 2.76, "upper bound": 3.83, "md": [2.935524223969809, 1.7287392141229525, 2.3558664140457712], "lower": [2.55065854406467, 1.6672483540492227, 2.153234693257033], "upper": [4.004769523368202, 3.830083208883468, 3.880985764313188]}, "10": {"Atom 1": "(27,)", "Atom 2": "(25,)", "NMR exp": 0, "lower bound": 2.44, "upper bound": 2.96, "md": [2.875354144401822], "lower": [2.5310486520841984], "upper": [2.9777199520448216]}, "11": {"Atom 1": "(27,)", "Atom 2": "(35,)", "NMR exp": 0, "lower bound": 2.58, "upper bound": 3.12, "md": [2.721237569769947], "lower": [2.2598725063422114], "upper": [3.413712151660822]}, "12": {"Atom 1": "(25,)", "Atom 2": "(29, 30, 31)", "NMR exp": 0, "lower bound": 2.66, "upper bound": 3.52, "md": [3.0091126877638876, 3.0405566003239266, 3.001819518911733], "lower": [2.553237608749671, 2.5661243669755476, 2.5527760629988108], "upper": [3.639314287796555, 3.6487125994851506, 3.6361016127291284]}, "13": {"Atom 1": "(25,)", "Atom 2": "(45,)", "NMR exp": 0, "lower bound": 3.46, "upper bound": 4.19, "md": [3.464343756642447], "lower": [3.1599321718407785], "upper": [4.644945894706957]}, "14": {"Atom 1": "(35,)", "Atom 2": "(37,)", "NMR exp": 0, "lower bound": 2.46, "upper bound": 2.98, "md": [2.544828903181607], "lower": [2.2032825625408456], "upper": [2.9017552699079965]}, "15": {"Atom 1": "(35,)", "Atom 2": "(45,)", "NMR exp": 0, "lower bound": 2.24, "upper bound": 2.72, "md": [2.7205918347836024], "lower": [2.3085491922039596], "upper": [3.5214054515180213]}, "16": {"Atom 1": "(37,)", "Atom 2": "(45,)", "NMR exp": 0, "lower bound": 3.02, "upper bound": 3.64, "md": [3.479600876493611], "lower": [3.2627611458910795], "upper": [3.6210368082341025]}, "17": {"Atom 1": "(39, 40, 41)", "Atom 2": "(45,)", "NMR exp": 0, "lower bound": 2.61, "upper bound": 3.66, "md": [3.183283121389605, 3.1274826780546494, 3.139410044563889], "lower": [2.5237240313095755, 2.501417528686376, 2.50586334460578], "upper": [3.884765102561877, 3.8691182692862105, 3.872121816155321]}, "18": {"Atom 1": "(45,)", "Atom 2": "(47,)", "NMR exp": 0, "lower bound": 2.64, "upper bound": 2.98, "md": [2.8368213238178788], "lower": [2.699417604715543], "upper": [2.9614585305201353]}, "19": {"Atom 1": "(45,)", "Atom 2": "(49, 50, 51)", "NMR exp": 0, "lower bound": 2.65, "upper bound": 3.54, "md": [3.213117402578351, 2.8481066803437343, 2.260701881753445], "lower": [2.6126405885587514, 2.4795557638988837, 2.1322850558994353], "upper": [3.670597169379989, 3.529748902975809, 3.2548629382582925]}}}