{"single": {"fulfil": {"best": 0.6363636363636364, "random": [0.36969696969696975, 0.5333333333333334, 0.6090909090909091, 0.690909090909091, 0.7545454545454546], "low_energy": [0.2727272727272727, 0.5757575757575758, 0.6363636363636364, 0.6666666666666666, 0.7272727272727273], "LICUV": [0.6363636363636364, 0.5151515151515151, 0.6060606060606061, 0.5151515151515151, 0.7272727272727273], "NAMFIS": [0.42424242424242425, 0.6363636363636364, 0.6060606060606061, 0.7878787878787878, 0.7878787878787878]}, "rmsd": {"best": 0.30544771749654986, "random": [0.5171096608204157, 0.32378049470272907, 0.27751793828085847, 0.19842431413890813, 0.16034692578880974], "low_energy": [0.39420181190495157, 0.2718112487565767, 0.20623133113217182, 0.2251153941664464, 0.1867312675507434], "LICUV": [0.49912211974048337, 0.3826889502652276, 0.38075025648197347, 0.38145675849885374, 0.1559145297672296], "NAMFIS": [0.3177072332035744, 0.17920315665641856, 0.18401466317817358, 0.15929381001458967, 0.15929380999946094]}, "mae": {"best": 0.23668950803352107, "random": [0.36527280954881136, 0.2281350649315519, 0.19524153763678367, 0.1487012678282626, 0.12158382659931988], "low_energy": [0.3106821568806965, 0.20459233330869442, 0.16282822975993266, 0.16326277042548795, 0.13811758433290688], "LICUV": [0.31026016148653895, 0.26683363771914664, 0.24373561651767023, 0.2489567673670403, 0.12336353778372865], "NAMFIS": [0.2537934100989138, 0.15412125220747103, 0.14930522182510575, 0.13074210447367857, 0.13074210446043993]}, "bundle-size": [1, 3, 5, 10, 30]}}