{"single": {"fulfil": {"best": 0.6363636363636364, "random": [0.3939393939393939, 0.5121212121212121, 0.5909090909090908, 0.7030303030303031, 0.7757575757575758], "low_energy": [0.2727272727272727, 0.5757575757575758, 0.6363636363636364, 0.6666666666666666, 0.7272727272727273], "LICUV": [0.6363636363636364, 0.5151515151515151, 0.6060606060606061, 0.5151515151515151, 0.7272727272727273], "NAMFIS": [0.42424242424242425, 0.6363636363636364, 0.6060606060606061, 0.7878787878787878, 0.7878787878787878]}, "rmsd": {"best": 0.30544771749654986, "random": [0.5177616859824975, 0.2871361124072795, 0.2714239623234157, 0.19940865369028835, 0.15928578775570507], "low_energy": [0.39420181190495157, 0.2718112487565767, 0.20623133113217182, 0.2251153941664464, 0.1867312675507434], "LICUV": [0.49912211974048337, 0.3826889502652276, 0.38075025648197347, 0.38145675849885374, 0.1559145297672296], "NAMFIS": [0.3177072332035744, 0.17919362179751114, 0.1840055122333405, 0.15928874468988846, 0.159288744636259]}, "mae": {"best": 0.23668950803352107, "random": [0.3741954011050136, 0.215900875109125, 0.19814096620631375, 0.14600400350203432, 0.11882401213309099], "low_energy": [0.3106821568806965, 0.20459233330869442, 0.16282822975993266, 0.16326277042548795, 0.13811758433290688], "LICUV": [0.31026016148653895, 0.26683363771914664, 0.24373561651767023, 0.2489567673670403, 0.12336353778372865], "NAMFIS": [0.2537934100989138, 0.1541152223179444, 0.14930414249701152, 0.13073759169365604, 0.1307375916560067]}, "bundle-size": [1, 3, 5, 10, 30]}}