{"single": {"fulfil": {"best": 0.6363636363636364, "random": [0.3787878787878788, 0.5333333333333334, 0.6212121212121213, 0.6818181818181819, 0.7666666666666667], "low_energy": [0.2727272727272727, 0.5757575757575758, 0.6363636363636364, 0.6666666666666666, 0.7272727272727273], "LICUV": [0.6363636363636364, 0.5151515151515151, 0.6060606060606061, 0.5151515151515151, 0.7272727272727273], "NAMFIS": [0.42424242424242425, 0.6363636363636364, 0.6060606060606061, 0.7878787878787878, 0.7878787878787878]}, "rmsd": {"best": 0.30544771749654986, "random": [0.5427079013344132, 0.293486242635984, 0.24623609197165935, 0.20598778322454284, 0.1575734633720055], "low_energy": [0.39420181190495157, 0.2718112487565767, 0.20623133113217182, 0.2251153941664464, 0.1867312675507434], "LICUV": [0.49912211974048337, 0.3826889502652276, 0.38075025648197347, 0.38145675849885374, 0.1559145297672296], "NAMFIS": [0.3177072332035744, 0.17921379436508666, 0.18402173817795697, 0.15931823741106804, 0.15931823738935835]}, "rmsd_stepwise": {"best": 0.09525086494477238, "random": [0.14444282336707595, 0.11834772217217464, 0.10633783297510202, 0.09405466365946993, 0.0771587512423707], "low_energy": [0.14994948644409714, 0.1015486150182326, 0.0905538513813742, 0.08712582332987787, 0.08268230546110597], "LICUV": [0.09525086494477238, 0.11124638230413417, 0.10740746545917391, 0.11531248716843157, 0.08556408195739684], "NAMFIS": [0.16947333749357782, 0.10760477628241172, 0.11309690133203953, 0.08007572173962099, 0.08007572173962099]}, "mae": {"best": 0.23668950803352107, "random": [0.3816126984393957, 0.21353823593321253, 0.18096785278458832, 0.15586658011545115, 0.12025127611350879], "low_energy": [0.3106821568806965, 0.20459233330869442, 0.16282822975993266, 0.16326277042548795, 0.13811758433290688], "LICUV": [0.31026016148653895, 0.26683363771914664, 0.24373561651767023, 0.2489567673670403, 0.12336353778372865], "NAMFIS": [0.2537934100989138, 0.15413525325395355, 0.14931626364658504, 0.13076780620666972, 0.13076780618678174]}, "bundle-size": [1, 3, 5, 10, 30]}}