{"single": {"fulfil": {"best": 0.36363636363636365, "random": [0.2575757575757575, 0.296969696969697, 0.2727272727272727, 0.27878787878787875, 0.27878787878787875], "low_energy": [0.21212121212121213, 0.24242424242424243, 0.30303030303030304, 0.2727272727272727, 0.2727272727272727], "LICUV": [0.36363636363636365, 0.36363636363636365, 0.36363636363636365, 0.36363636363636365, 0.3939393939393939], "NAMFIS": [0.2727272727272727, 0.30303030303030304, 0.30303030303030304, 0.30303030303030304, 0.30303030303030304]}, "rmsd": {"best": 0.7105205547879975, "random": [1.0291023601563518, 0.9398526219215609, 0.9055140743413483, 0.860749272822158, 0.8811007678917262], "low_energy": [1.01923857494259, 0.8872114163838554, 0.929264808842712, 0.9115409260881745, 0.9073929107888158], "LICUV": [1.163371500719423, 0.9420391017780844, 0.9263166713641241, 0.9013493733253396, 0.8758106983715106], "NAMFIS": [0.7105205547879975, 0.6916956614233177, 0.69169566142939, 0.6916956614427177, 0.6916956614904529]}, "mae": {"best": 0.5069641749064129, "random": [0.6837881843104506, 0.6318431637672111, 0.6185382365137061, 0.602364107598609, 0.6108739571991655], "low_energy": [0.7183673344236431, 0.6330921605571446, 0.6495689636806646, 0.6315655255279157, 0.6304365994810307], "LICUV": [0.7302732574578487, 0.6126352325500483, 0.6051270186352466, 0.5966435150164292, 0.5890544008000524], "NAMFIS": [0.5069641749064129, 0.4923839500908366, 0.4923839500959331, 0.49238395010536984, 0.49238395014053365]}, "bundle-size": [1, 3, 5, 10, 30]}}