{"minimum_sasa": 8.339251518249512, "minimum_psa": 6.141654014587402}