{"52b": {"0": {"Atom 1": "(15,)", "Atom 2": "(19, 20)", "NMR exp": 2.6, "lower bound": 1.6, "upper bound": 3.8, "md": [2.9132990578222397, 2.7481077285524824]}, "1": {"Atom 1": "(15,)", "Atom 2": "(19, 20)", "NMR exp": 2.6, "lower bound": 1.6, "upper bound": 3.8, "md": [2.9132990578222397, 2.7481077285524824]}, "2": {"Atom 1": "(15,)", "Atom 2": "(59,)", "NMR exp": 2.7, "lower bound": 1.7, "upper bound": 3.7, "md": [3.6220652261949273]}, "3": {"Atom 1": "(15,)", "Atom 2": "(11,)", "NMR exp": 3.4, "lower bound": 1.9, "upper bound": 4.2, "md": [3.5298955247318395]}, "4": {"Atom 1": "(26,)", "Atom 2": "(17,)", "NMR exp": 2.1, "lower bound": 1.5, "upper bound": 3.1, "md": [2.2914555234930014]}, "5": {"Atom 1": "(26,)", "Atom 2": "(28,)", "NMR exp": 2.1, "lower bound": 1.5, "upper bound": 3.1, "md": [2.91063911298213]}, "6": {"Atom 1": "(45,)", "Atom 2": "(28,)", "NMR exp": 2.0, "lower bound": 1.5, "upper bound": 3.0, "md": [2.1919806489255]}, "7": {"Atom 1": "(45,)", "Atom 2": "(47,)", "NMR exp": 3.4, "lower bound": 2.7, "upper bound": 4.2, "md": [2.9188637042882366]}, "8": {"Atom 1": "(45,)", "Atom 2": "(49, 50)", "NMR exp": 2.6, "lower bound": 1.6, "upper bound": 3.9, "md": [2.6849082107649282, 2.959960894057076]}, "9": {"Atom 1": "(45,)", "Atom 2": "(49, 50)", "NMR exp": 2.6, "lower bound": 1.6, "upper bound": 3.9, "md": [2.6849082107649282, 2.959960894057076]}, "10": {"Atom 1": "(57,)", "Atom 2": "(45,)", "NMR exp": 3.5, "lower bound": 2.5, "upper bound": 4.5, "md": [2.511733708501348]}, "11": {"Atom 1": "(57,)", "Atom 2": "(47,)", "NMR exp": 3.0, "lower bound": 2.2, "upper bound": 4.1, "md": [3.2267683162915852]}, "12": {"Atom 1": "(57,)", "Atom 2": "(49, 50)", "NMR exp": 3.0, "lower bound": 1.9, "upper bound": 3.7, "md": [2.711476139994143, 2.910345667709497]}, "13": {"Atom 1": "(57,)", "Atom 2": "(49, 50)", "NMR exp": 3.0, "lower bound": 1.9, "upper bound": 3.7, "md": [2.711476139994143, 2.910345667709497]}, "14": {"Atom 1": "(57,)", "Atom 2": "(59,)", "NMR exp": 2.5, "lower bound": 1.7, "upper bound": 3.2, "md": [2.748319706220395]}, "15": {"Atom 1": "(57,)", "Atom 2": "(61,)", "NMR exp": 2.5, "lower bound": 1.5, "upper bound": 3.5, "md": [3.3181981151674007]}, "16": {"Atom 1": "(59,)", "Atom 2": "(61,)", "NMR exp": 2.3, "lower bound": 1.5, "upper bound": 3.3, "md": [2.45995114449467]}, "17": {"Atom 1": "(59,)", "Atom 2": "(11,)", "NMR exp": 1.9, "lower bound": 1.5, "upper bound": 2.6, "md": [2.1669128811807052]}}}