{"cis": {"stat": {"0": "MAE", "1": "MSE", "2": "RMSD", "3": "pearsonr", "4": "kendalltau", "5": "chisq", "6": "percentage_fulfilled"}, "value": {"0": 0.3378294072282443, "1": 0.15463926814030854, "2": 0.45702024311005246, "3": 0.5269487416152567, "4": 0.43319692342869326, "5": 1.401775961818483, "6": 1.0}, "up": {"0": 0.48887045999031337, "1": 0.34913996949739246, "2": 0.6113721700939578, "3": 0.8586427811919727, "4": 0.7921639902328783, "5": 2.434610338150559, "6": 0.0}, "low": {"0": 0.20726094510726625, "1": 0.0, "2": 0.27648607020336796, "3": 0.06486105184532323, "4": 0.0, "5": 0.5246323010006321, "6": 0.0}, "most-populated-1": {"0": 0.4397054407331677, "1": 0.25645378960503457, "2": 0.5419487162591733, "3": NaN, "4": NaN, "5": NaN, "6": 0.9444444444444444}}}