{"cis": {"stat": {"0": "MAE", "1": "MSE", "2": "RMSD", "3": "RMSD_step", "4": "pearsonr", "5": "kendalltau", "6": "chisq", "7": "percentage_fulfilled"}, "value": {"0": 0.3378294072282443, "1": 0.15463926814030854, "2": 0.45702024311005246, "3": 0.0, "4": 0.5269487416152567, "5": 0.43319692342869326, "6": 1.401775961818483, "7": 1.0}, "up": {"0": 0.4902333554332439, "1": 0.350289959362818, "2": 0.6058857609028396, "3": 0.0, "4": 0.8656350142771516, "5": 0.7978576565219285, "6": 2.470908396362796, "7": 0.0}, "low": {"0": 0.2034945987946165, "1": 0.0, "2": 0.2712051167975691, "3": 0.0, "4": 0.06260530529077432, "5": 0.0, "6": 0.5122961909310719, "7": 0.0}, "most-populated-1": {"0": 0.4397054407331677, "1": 0.25645378960503457, "2": 0.5419487162591733, "3": 0.0, "4": NaN, "5": NaN, "6": NaN, "7": 0.9444444444444444}}}