{"stat":{"0":"MAE","1":"MSE","2":"RMSD","3":"pearsonr","4":"kendalltau","5":"chisq"},"value":{"0":0.4545371466,"1":0.15237518,"2":0.6235390058,"3":0.1620371302,"4":0.18221301,"5":3.9515135637},"up":{"0":0.653614683,"1":0.4100824803,"2":0.8771227981,"3":0.6660467587,"4":0.5135197124,"5":8.4057400109},"low":{"0":0.2934868721,"1":0.0,"2":0.3704204919,"3":0.0,"4":0.0,"5":1.2729165346}}