{"22": {"0": {"Atom 1": "(3,)", "Atom 2": "(26,)", "NMR exp": 3.19, "lower bound": 0.0, "upper bound": 3.5100000000000002, "md": [3.4204016962001837], "lower": [2.9658673770023416], "upper": [4.468709441059911]}, "1": {"Atom 1": "(3,)", "Atom 2": "(13, 14)", "NMR exp": 1.83, "lower bound": 0.0, "upper bound": 3.16, "md": [4.321109733299996, 3.7546367278323363], "lower": [3.6532244988584632, 2.708496341855902], "upper": [4.644869468188871, 4.396313538673805]}, "2": {"Atom 1": "(22,)", "Atom 2": "(26,)", "NMR exp": 2.93, "lower bound": 0.0, "upper bound": 3.22, "md": [2.848443936676495], "lower": [2.287432603184126], "upper": [3.555635063528501]}, "3": {"Atom 1": "(19, 20)", "Atom 2": "(26,)", "NMR exp": 2.73, "lower bound": 0.0, "upper bound": 4.2700000000000005, "md": [2.9829413612574363, 3.6785082610036435], "lower": [2.551737412509136, 3.1497709874021247], "upper": [3.5628548970082705, 4.277755074142547]}, "4": {"Atom 1": "(16, 17)", "Atom 2": "(26,)", "NMR exp": 2.71, "lower bound": 0.0, "upper bound": 4.24, "md": [1.4913320557281426, 4.305608929940862], "lower": [1.460877117075377, 3.958586960514733], "upper": [4.142461942800303, 5.00703211233215]}, "5": {"Atom 1": "(13, 14)", "Atom 2": "(26,)", "NMR exp": 2.63, "lower bound": 0.0, "upper bound": 4.14, "md": [2.3981602870860503, 3.875059487424252], "lower": [2.130964864286179, 3.654153203207481], "upper": [4.428270096946992, 5.09803658763699]}, "6": {"Atom 1": "(47,)", "Atom 2": "(59,)", "NMR exp": 2.57, "lower bound": 0.0, "upper bound": 2.83, "md": [3.1945665055421664], "lower": [2.224279735031461], "upper": [3.5677385913913615]}, "7": {"Atom 1": "(49,)", "Atom 2": "(59,)", "NMR exp": 3.39, "lower bound": 0.0, "upper bound": 3.73, "md": [2.728032447486897], "lower": [2.3529244298812815], "upper": [4.1190040216334225]}, "8": {"Atom 1": "(61,)", "Atom 2": "(1,)", "NMR exp": 2.17, "lower bound": 0.0, "upper bound": 2.39, "md": [2.779504498928508], "lower": [2.2907906511631486], "upper": [3.5428411478248503]}, "9": {"Atom 1": "(1,)", "Atom 2": "(3,)", "NMR exp": 2.6, "lower bound": 0.0, "upper bound": 2.86, "md": [2.2229851032946786], "lower": [2.130604794590085], "upper": [2.8826230491357183]}, "10": {"Atom 1": "(1,)", "Atom 2": "(5, 6)", "NMR exp": 2.37, "lower bound": 0.0, "upper bound": 3.83, "md": [3.205019358906, 3.0938007609156917], "lower": [2.7179923131063117, 2.7239104144923023], "upper": [3.616343153317788, 3.7211299118676524]}, "11": {"Atom 1": "(16, 17)", "Atom 2": "(13, 14)", "NMR exp": 1.73, "lower bound": 0.0, "upper bound": 4.19, "md": [2.27584886334881, 2.8091168913807674, 2.7455367247101834, 2.2723852409527727], "lower": [2.172947260796167, 2.677935247484803, 2.652398523600874, 2.1708074539722078], "upper": [2.408216494926586, 2.971325721472055, 2.943015847553026, 2.4043936674899364]}, "12": {"Atom 1": "(26,)", "Atom 2": "(28,)", "NMR exp": 2.31, "lower bound": 0.0, "upper bound": 2.54, "md": [2.5617525366361726], "lower": [2.2082711936562633], "upper": [2.915123967567796]}, "13": {"Atom 1": "(28,)", "Atom 2": "(35, 36, 37, 39, 40, 41)", "NMR exp": 3.23, "lower bound": 0.0, "upper bound": 6.99, "md": [3.2750750479037007, 3.2622802829804853, 3.231491089815036, 2.744749757569153, 2.6808567381607467, 2.367912008654274], "lower": [2.5123461440705226, 2.5077138215306976, 2.4972511506285127, 2.32425283769189, 2.301888391332801, 2.1725617345596566], "upper": [4.431422113485282, 4.427596781566259, 4.423013415719405, 4.354436242794543, 4.341071689506336, 4.254520156485052]}, "14": {"Atom 1": "(45,)", "Atom 2": "(50,)", "NMR exp": 2.75, "lower bound": 0.0, "upper bound": 3.02, "md": [2.7603402666783303], "lower": [2.4346596401819225], "upper": [3.4381674392460093]}, "15": {"Atom 1": "(45,)", "Atom 2": "(49,)", "NMR exp": 3.02, "lower bound": 0.0, "upper bound": 3.3200000000000003, "md": [2.4441088769213994], "lower": [2.2538487458192855], "upper": [3.118729880965067]}, "16": {"Atom 1": "(47,)", "Atom 2": "(50,)", "NMR exp": 2.2600000000000002, "lower bound": 0.0, "upper bound": 2.49, "md": [2.5281325403366006], "lower": [2.3656183383223413], "upper": [2.9943655679397283]}, "17": {"Atom 1": "(47,)", "Atom 2": "(49,)", "NMR exp": 2.11, "lower bound": 0.0, "upper bound": 2.32, "md": [2.6105612334812065], "lower": [2.4018868986827218], "upper": [2.9595061034190415]}, "18": {"Atom 1": "(50,)", "Atom 2": "(54, 55)", "NMR exp": 2.6, "lower bound": 0.0, "upper bound": 6.0600000000000005, "md": [3.214025003177907, 2.42315565987405], "lower": [2.3908577467833325, 2.2110368813569345], "upper": [3.7276219735991596, 3.6128293670632257]}, "19": {"Atom 1": "(49,)", "Atom 2": "(54, 55)", "NMR exp": 3.31, "lower bound": 0.0, "upper bound": 7.11, "md": [3.3126575847191226, 1.7192727521177809], "lower": [2.5062836089868283, 1.717773199081421], "upper": [3.762758815325424, 3.447870372268855]}, "20": {"Atom 1": "(59,)", "Atom 2": "(63, 64)", "NMR exp": 2.49, "lower bound": 0.0, "upper bound": 3.98, "md": [2.924862169742121, 3.0320045555668336], "lower": [2.5242023804439997, 2.591329068728239], "upper": [3.5757543146904767, 3.5912058837770395]}, "21": {"Atom 1": "(61,)", "Atom 2": "(63, 64)", "NMR exp": 2.08, "lower bound": 0.0, "upper bound": 3.47, "md": [2.586170095565915, 2.378001379112653], "lower": [2.3811271862607972, 2.2527144143645668], "upper": [2.879299447465981, 2.9380169366937405]}}}