{"stat":{"0":"MAE","1":"MSE","2":"RMSD","3":"pearsonr","4":"kendalltau","5":"chisq"},"value":{"0":0.4340960252,"1":0.1576084485,"2":0.5997143586,"3":0.0403787019,"4":0.16485939,"5":3.4768452212},"up":{"0":0.6187441673,"1":0.3979642105,"2":0.8202462559,"3":0.6554645178,"4":0.5585585586,"5":6.8762407935},"low":{"0":0.2733830119,"1":0.0,"2":0.3629684493,"3":0.0,"4":0.0,"5":1.1595744175}}