{"22": {"0": {"Atom 1": "(3,)", "Atom 2": "(26,)", "NMR exp": 3.19, "lower bound": 0.0, "upper bound": 3.5100000000000002, "md": [1.843159302195071], "lower": [1.7738386116872773], "upper": [4.052454166173008]}, "1": {"Atom 1": "(3,)", "Atom 2": "(13, 14)", "NMR exp": 1.83, "lower bound": 0.0, "upper bound": 3.16, "md": [3.9452726982343584, 3.5005338836634485], "lower": [3.0301757325780176, 2.5706784479197586], "upper": [4.620459185096021, 4.399224800394265]}, "2": {"Atom 1": "(22,)", "Atom 2": "(26,)", "NMR exp": 2.93, "lower bound": 0.0, "upper bound": 3.22, "md": [3.075515250109722], "lower": [2.3406422822677753], "upper": [3.5634249645128513]}, "3": {"Atom 1": "(19, 20)", "Atom 2": "(26,)", "NMR exp": 2.73, "lower bound": 0.0, "upper bound": 4.2700000000000005, "md": [3.0952484136690415, 3.979866200533883], "lower": [2.661096358772994, 3.4876088359964617], "upper": [3.654554097628297, 4.3828468219080134]}, "4": {"Atom 1": "(16, 17)", "Atom 2": "(26,)", "NMR exp": 2.71, "lower bound": 0.0, "upper bound": 4.24, "md": [2.684773210563282, 4.282399609554788], "lower": [2.3129511543108396, 3.945390700547807], "upper": [3.9309343936034167, 4.786106055905613]}, "5": {"Atom 1": "(13, 14)", "Atom 2": "(26,)", "NMR exp": 2.63, "lower bound": 0.0, "upper bound": 4.14, "md": [2.4977447891407185, 3.833818222516442], "lower": [2.1970082008610743, 3.6281281828642444], "upper": [3.535789948928244, 4.481705783129078]}, "6": {"Atom 1": "(47,)", "Atom 2": "(59,)", "NMR exp": 2.57, "lower bound": 0.0, "upper bound": 2.83, "md": [2.9782610534371523], "lower": [2.202440711054296], "upper": [3.5658323562362133]}, "7": {"Atom 1": "(49,)", "Atom 2": "(59,)", "NMR exp": 3.39, "lower bound": 0.0, "upper bound": 3.73, "md": [2.714481293526029], "lower": [2.334034355599166], "upper": [4.098715366085361]}, "8": {"Atom 1": "(61,)", "Atom 2": "(1,)", "NMR exp": 2.17, "lower bound": 0.0, "upper bound": 2.39, "md": [3.0438533546528346], "lower": [2.2771357752650743], "upper": [3.565690987411921]}, "9": {"Atom 1": "(1,)", "Atom 2": "(3,)", "NMR exp": 2.6, "lower bound": 0.0, "upper bound": 2.86, "md": [2.497418312151675], "lower": [2.2485602184580378], "upper": [2.909426696448878]}, "10": {"Atom 1": "(1,)", "Atom 2": "(5, 6)", "NMR exp": 2.37, "lower bound": 0.0, "upper bound": 3.83, "md": [3.1217406530240543, 2.934730088220213], "lower": [2.628730862296465, 2.618151994906465], "upper": [3.574699146305926, 3.605397933414544]}, "11": {"Atom 1": "(16, 17)", "Atom 2": "(13, 14)", "NMR exp": 1.73, "lower bound": 0.0, "upper bound": 4.19, "md": [2.264882587630385, 2.7764779234972066, 2.7225093698940688, 2.260340229557839], "lower": [2.1661132449037805, 2.660629197236335, 2.6375278419642267, 2.1627883193794553], "upper": [2.401919666372358, 2.9591395463085193, 2.9317661302240623, 2.3972449422184163]}, "12": {"Atom 1": "(26,)", "Atom 2": "(28,)", "NMR exp": 2.31, "lower bound": 0.0, "upper bound": 2.54, "md": [2.711756346205678], "lower": [2.336294648939426], "upper": [2.9313929516207122]}, "13": {"Atom 1": "(28,)", "Atom 2": "(35, 36, 37, 39, 40, 41)", "NMR exp": 3.23, "lower bound": 0.0, "upper bound": 6.99, "md": [3.117005604305004, 3.193769312909433, 3.143879742164137, 2.6875028900671043, 2.7819887788498128, 2.748550216972966], "lower": [2.458009169990806, 2.485788786608349, 2.466482488629754, 2.304971914397356, 2.3373341808069226, 2.3247702123163836], "upper": [4.398365095452635, 4.413993592095076, 4.404160523436282, 4.341786179094863, 4.363486040985748, 4.356636596909017]}, "14": {"Atom 1": "(45,)", "Atom 2": "(50,)", "NMR exp": 2.75, "lower bound": 0.0, "upper bound": 3.02, "md": [2.76592849559119], "lower": [2.440692309136805], "upper": [3.431897906015191]}, "15": {"Atom 1": "(45,)", "Atom 2": "(49,)", "NMR exp": 3.02, "lower bound": 0.0, "upper bound": 3.3200000000000003, "md": [2.470953687324469], "lower": [2.276760130562364], "upper": [3.1221115865541185]}, "16": {"Atom 1": "(47,)", "Atom 2": "(50,)", "NMR exp": 2.2600000000000002, "lower bound": 0.0, "upper bound": 2.49, "md": [2.4865127660846347], "lower": [2.340134790527372], "upper": [2.990811577907856]}, "17": {"Atom 1": "(47,)", "Atom 2": "(49,)", "NMR exp": 2.11, "lower bound": 0.0, "upper bound": 2.32, "md": [2.622667043286481], "lower": [2.407383708479847], "upper": [2.9601188725251943]}, "18": {"Atom 1": "(50,)", "Atom 2": "(54, 55)", "NMR exp": 2.6, "lower bound": 0.0, "upper bound": 6.0600000000000005, "md": [3.2360402752044557, 2.4263367487493235], "lower": [2.39311362345203, 2.2132854361691066], "upper": [3.7585545602331405, 3.5332438483104007]}, "19": {"Atom 1": "(49,)", "Atom 2": "(54, 55)", "NMR exp": 3.31, "lower bound": 0.0, "upper bound": 7.11, "md": [3.3199248218753254, 2.4897836598750565], "lower": [2.5342696909386038, 2.2478586702300087], "upper": [3.7842338198611776, 3.5330331891373605]}, "20": {"Atom 1": "(59,)", "Atom 2": "(63, 64)", "NMR exp": 2.49, "lower bound": 0.0, "upper bound": 3.98, "md": [3.1193307640649057, 2.9866783973214237], "lower": [2.675218420493481, 2.5613135046101307], "upper": [3.6490909120762423, 3.5965845030981143]}, "21": {"Atom 1": "(61,)", "Atom 2": "(63, 64)", "NMR exp": 2.08, "lower bound": 0.0, "upper bound": 3.47, "md": [2.544214960576353, 2.366799066854662], "lower": [2.3604897912057914, 2.2474641245328426], "upper": [2.8259344787955794, 2.9375580011243763]}}}