{"stat":{"0":"MAE","1":"MSE","2":"RMSD","3":"pearsonr","4":"kendalltau","5":"chisq"},"value":{"0":0.6169750028,"1":0.2505727412,"2":0.7979637741,"3":0.0911357078,"4":0.11279853,"5":6.1778078254},"up":{"0":0.8410191781,"1":0.5703971572,"2":1.0792553344,"3":0.5624980405,"4":0.4597899697,"5":12.1503196251},"low":{"0":0.4260820539,"1":0.0,"2":0.5237497145,"3":0.0,"4":0.0,"5":2.3517251147}}