{"22": {"0": {"Atom 1": "(3,)", "Atom 2": "(26,)", "NMR exp": 3.19, "lower bound": 0.0, "upper bound": 3.5100000000000002, "md": [2.606713108376509], "lower": [2.376185237603966], "upper": [4.041495210798623]}, "1": {"Atom 1": "(3,)", "Atom 2": "(13, 14)", "NMR exp": 1.83, "lower bound": 0.0, "upper bound": 3.16, "md": [4.43243562870887, 4.083033457538845], "lower": [3.886830476718753, 3.430157669509142], "upper": [4.658025427104142, 4.45525612698145]}, "2": {"Atom 1": "(22,)", "Atom 2": "(26,)", "NMR exp": 2.93, "lower bound": 0.0, "upper bound": 3.22, "md": [2.1894815386558655], "lower": [2.0643484695478667], "upper": [3.15601669782151]}, "3": {"Atom 1": "(19, 20)", "Atom 2": "(26,)", "NMR exp": 2.73, "lower bound": 0.0, "upper bound": 4.2700000000000005, "md": [2.95457908964861, 3.4442492730142984], "lower": [2.5916588173156807, 3.0688586729412863], "upper": [3.676761995383159, 4.1942278082585895]}, "4": {"Atom 1": "(16, 17)", "Atom 2": "(26,)", "NMR exp": 2.71, "lower bound": 0.0, "upper bound": 4.24, "md": [3.8156909820984666, 4.862893778602223], "lower": [2.846382255155047, 4.296893029437908], "upper": [4.987558330161287, 5.414206554196156]}, "5": {"Atom 1": "(13, 14)", "Atom 2": "(26,)", "NMR exp": 2.63, "lower bound": 0.0, "upper bound": 4.14, "md": [3.7777667782660305, 5.142776677556557], "lower": [2.6912286871749407, 4.049632109116665], "upper": [5.343940416059436, 5.627288135685582]}, "6": {"Atom 1": "(47,)", "Atom 2": "(59,)", "NMR exp": 2.57, "lower bound": 0.0, "upper bound": 2.83, "md": [2.1125528928631576], "lower": [2.0015970456290018], "upper": [3.425480079885913]}, "7": {"Atom 1": "(49,)", "Atom 2": "(59,)", "NMR exp": 3.39, "lower bound": 0.0, "upper bound": 3.73, "md": [4.159952552151177], "lower": [3.307682648410333], "upper": [5.0062521650104985]}, "8": {"Atom 1": "(61,)", "Atom 2": "(1,)", "NMR exp": 2.17, "lower bound": 0.0, "upper bound": 2.39, "md": [3.159026690666414], "lower": [2.3734726138387536], "upper": [3.5656955000303596]}, "9": {"Atom 1": "(1,)", "Atom 2": "(3,)", "NMR exp": 2.6, "lower bound": 0.0, "upper bound": 2.86, "md": [2.3803062155694703], "lower": [2.2064059678864973], "upper": [2.9084725155868725]}, "10": {"Atom 1": "(1,)", "Atom 2": "(5, 6)", "NMR exp": 2.37, "lower bound": 0.0, "upper bound": 3.83, "md": [3.1667191588421035, 3.0767616774097313], "lower": [2.6878633760734174, 2.723427443674279], "upper": [3.596418113578978, 3.6796112333019653]}, "11": {"Atom 1": "(16, 17)", "Atom 2": "(13, 14)", "NMR exp": 1.73, "lower bound": 0.0, "upper bound": 4.19, "md": [2.2629092431359874, 2.8161650693702804, 2.747784920675219, 2.324065228959516], "lower": [2.16451230340068, 2.681329927436962, 2.652865115574784, 2.203256296697152], "upper": [2.4019748849290856, 2.976449034542463, 2.9413282280755646, 2.4349093554188435]}, "12": {"Atom 1": "(26,)", "Atom 2": "(28,)", "NMR exp": 2.31, "lower bound": 0.0, "upper bound": 2.54, "md": [2.1814467557308954], "lower": [2.091957665524672], "upper": [2.6984113629439133]}, "13": {"Atom 1": "(28,)", "Atom 2": "(35, 36, 37, 39, 40, 41)", "NMR exp": 3.23, "lower bound": 0.0, "upper bound": 6.99, "md": [3.0839559055769277, 3.618989338822921, 3.0939599157101, 2.802564952099346, 2.831439275488938, 2.814730894222075], "lower": [2.4447508336594095, 2.6595507395293265, 2.4480355891317283, 2.345257947286438, 2.356669918080231, 2.3504528830714575], "upper": [4.380679065984429, 4.507673289155075, 4.382324685094018, 4.370117243042068, 4.376096688826417, 4.373255086229762]}, "14": {"Atom 1": "(45,)", "Atom 2": "(50,)", "NMR exp": 2.75, "lower bound": 0.0, "upper bound": 3.02, "md": [2.634706837249929], "lower": [2.386796932419829], "upper": [3.3316908547362862]}, "15": {"Atom 1": "(45,)", "Atom 2": "(49,)", "NMR exp": 3.02, "lower bound": 0.0, "upper bound": 3.3200000000000003, "md": [1.6503481737158172], "lower": [1.6503164768218994], "upper": [3.021896318733278]}, "16": {"Atom 1": "(47,)", "Atom 2": "(50,)", "NMR exp": 2.2600000000000002, "lower bound": 0.0, "upper bound": 2.49, "md": [2.568393360087762], "lower": [2.383792111394188], "upper": [3.010960528601518]}, "17": {"Atom 1": "(47,)", "Atom 2": "(49,)", "NMR exp": 2.11, "lower bound": 0.0, "upper bound": 2.32, "md": [2.636845996130962], "lower": [2.4151023443489428], "upper": [2.972041146904821]}, "18": {"Atom 1": "(50,)", "Atom 2": "(54, 55)", "NMR exp": 2.6, "lower bound": 0.0, "upper bound": 6.0600000000000005, "md": [3.0229717122223456, 2.5159914092033056], "lower": [2.345425168452045, 2.2494567713810745], "upper": [3.739300153106874, 3.503748549880555]}, "19": {"Atom 1": "(49,)", "Atom 2": "(54, 55)", "NMR exp": 3.31, "lower bound": 0.0, "upper bound": 7.11, "md": [3.1140682755575457, 2.556878369852131], "lower": [2.427218362398569, 2.273478978947365], "upper": [3.7558640954982967, 3.4715109916166944]}, "20": {"Atom 1": "(59,)", "Atom 2": "(63, 64)", "NMR exp": 2.49, "lower bound": 0.0, "upper bound": 3.98, "md": [3.080478959822525, 3.869078548335257], "lower": [2.599956470356402, 2.8770485108610204], "upper": [3.603259377761417, 4.051624204363225]}, "21": {"Atom 1": "(61,)", "Atom 2": "(63, 64)", "NMR exp": 2.08, "lower bound": 0.0, "upper bound": 3.47, "md": [2.662984693666227, 2.4675863967427314], "lower": [2.401823429240162, 2.3125684803682582], "upper": [2.9660789917177226, 2.9705464098232444]}}}