{"22": {"0": {"Atom 1": "(3,)", "Atom 2": "(26,)", "NMR exp": 3.19, "lower bound": 0.0, "upper bound": 3.5100000000000002, "md": [3.3192983424590037], "lower": [2.8834451829760717], "upper": [4.18074437183328]}, "1": {"Atom 1": "(3,)", "Atom 2": "(13, 14)", "NMR exp": 1.83, "lower bound": 0.0, "upper bound": 3.16, "md": [4.4037745751858335, 4.147902695291712], "lower": [3.4842990111398366, 3.2786351574497474], "upper": [4.652565656586092, 4.492306868710919]}, "2": {"Atom 1": "(22,)", "Atom 2": "(26,)", "NMR exp": 2.93, "lower bound": 0.0, "upper bound": 3.22, "md": [2.8573414180433345], "lower": [2.2618899601660356], "upper": [3.556115767567386]}, "3": {"Atom 1": "(19, 20)", "Atom 2": "(26,)", "NMR exp": 2.73, "lower bound": 0.0, "upper bound": 4.2700000000000005, "md": [3.00756297464638, 3.6698833628633074], "lower": [2.6091099089495264, 3.2038675524000446], "upper": [3.557287166840318, 4.268026532370673]}, "4": {"Atom 1": "(16, 17)", "Atom 2": "(26,)", "NMR exp": 2.71, "lower bound": 0.0, "upper bound": 4.24, "md": [2.7967140694222143, 4.397191626483792], "lower": [2.366298008819329, 4.000403342530126], "upper": [4.407065338006541, 5.046372367105615]}, "5": {"Atom 1": "(13, 14)", "Atom 2": "(26,)", "NMR exp": 2.63, "lower bound": 0.0, "upper bound": 4.14, "md": [2.757209844588012, 4.059128960227855], "lower": [2.357538839655989, 3.7708398630868385], "upper": [4.568062922108595, 5.1786268594511355]}, "6": {"Atom 1": "(47,)", "Atom 2": "(59,)", "NMR exp": 2.57, "lower bound": 0.0, "upper bound": 2.83, "md": [2.9790900281729167], "lower": [2.1914042690753437], "upper": [3.5721233934590857]}, "7": {"Atom 1": "(49,)", "Atom 2": "(59,)", "NMR exp": 3.39, "lower bound": 0.0, "upper bound": 3.73, "md": [5.691384536479723], "lower": [3.961418967255077], "upper": [5.726877240437736]}, "8": {"Atom 1": "(61,)", "Atom 2": "(1,)", "NMR exp": 2.17, "lower bound": 0.0, "upper bound": 2.39, "md": [3.0693769793756043], "lower": [2.352947179528702], "upper": [3.5573041834635393]}, "9": {"Atom 1": "(1,)", "Atom 2": "(3,)", "NMR exp": 2.6, "lower bound": 0.0, "upper bound": 2.86, "md": [2.312860470257054], "lower": [2.180619695439948], "upper": [2.9067491745970195]}, "10": {"Atom 1": "(1,)", "Atom 2": "(5, 6)", "NMR exp": 2.37, "lower bound": 0.0, "upper bound": 3.83, "md": [3.1517869849118987, 2.8758749323450337], "lower": [2.702832928398819, 2.5697744495948496], "upper": [3.5882213959057836, 3.585177976097283]}, "11": {"Atom 1": "(16, 17)", "Atom 2": "(13, 14)", "NMR exp": 1.73, "lower bound": 0.0, "upper bound": 4.19, "md": [2.11944320976997, 2.783635836619385, 2.6988290544152003, 2.2725243064582403], "lower": [2.0568180097310456, 2.662884902255728, 2.618810271433493, 2.1719179016598695], "upper": [2.351534453112487, 2.9640805623935407, 2.927805757490895, 2.40578557035316]}, "12": {"Atom 1": "(26,)", "Atom 2": "(28,)", "NMR exp": 2.31, "lower bound": 0.0, "upper bound": 2.54, "md": [2.8328658703701115], "lower": [2.297175126170191], "upper": [2.9668474136105862]}, "13": {"Atom 1": "(28,)", "Atom 2": "(35, 36, 37, 39, 40, 41)", "NMR exp": 3.23, "lower bound": 0.0, "upper bound": 6.99, "md": [3.1403665235925255, 3.165717200543399, 3.1830632040951707, 2.6604827156831057, 2.726889603635535, 2.7587330428356296], "lower": [2.4682099070706003, 2.477590138120476, 2.483237163772383, 2.2968305288119684, 2.320350185030083, 2.331718176665881], "upper": [4.42019850458522, 4.422948988604608, 4.427769495164758, 4.329128670323071, 4.3446965342088095, 4.353214991172167]}, "14": {"Atom 1": "(45,)", "Atom 2": "(50,)", "NMR exp": 2.75, "lower bound": 0.0, "upper bound": 3.02, "md": [2.853708168036667], "lower": [2.4851368541171204], "upper": [3.562983864328373]}, "15": {"Atom 1": "(45,)", "Atom 2": "(49,)", "NMR exp": 3.02, "lower bound": 0.0, "upper bound": 3.3200000000000003, "md": [2.724684583625162], "lower": [2.4209729616821827], "upper": [3.3083054219249397]}, "16": {"Atom 1": "(47,)", "Atom 2": "(50,)", "NMR exp": 2.2600000000000002, "lower bound": 0.0, "upper bound": 2.49, "md": [2.574575086058029], "lower": [2.388691575304611], "upper": [3.01139172869624]}, "17": {"Atom 1": "(47,)", "Atom 2": "(49,)", "NMR exp": 2.11, "lower bound": 0.0, "upper bound": 2.32, "md": [2.578399529275755], "lower": [2.392240248443094], "upper": [2.929979118785956]}, "18": {"Atom 1": "(50,)", "Atom 2": "(54, 55)", "NMR exp": 2.6, "lower bound": 0.0, "upper bound": 6.0600000000000005, "md": [3.139064174116565, 2.4853162374447533], "lower": [2.386657086547209, 2.235062550116842], "upper": [3.7122629285655164, 3.626546834067888]}, "19": {"Atom 1": "(49,)", "Atom 2": "(54, 55)", "NMR exp": 3.31, "lower bound": 0.0, "upper bound": 7.11, "md": [3.1874177482882824, 2.5139617478792116], "lower": [2.4801245484288432, 2.2560185667599884], "upper": [3.7271131071970407, 3.623937899658954]}, "20": {"Atom 1": "(59,)", "Atom 2": "(63, 64)", "NMR exp": 2.49, "lower bound": 0.0, "upper bound": 3.98, "md": [2.470369753048675, 2.7854917148050333], "lower": [2.269054006159603, 2.4563872545633796], "upper": [3.385630996984763, 3.5816087732201787]}, "21": {"Atom 1": "(61,)", "Atom 2": "(63, 64)", "NMR exp": 2.08, "lower bound": 0.0, "upper bound": 3.47, "md": [2.6877678914344467, 1.8446270401253668], "lower": [2.4090100638109164, 1.8444515466690063], "upper": [2.9835301063841864, 2.8469325841914377]}}}