{"stat":{"0":"MAE","1":"MSE","2":"RMSD","3":"pearsonr","4":"kendalltau","5":"chisq"},"value":{"0":0.4567148096,"1":0.3481403055,"2":0.7697083446,"3":0.4378355053,"4":0.3817796401,"5":5.5436360485},"up":{"0":0.7410372832,"1":0.6608353229,"2":1.1368739114,"3":0.7914659163,"4":0.7067406253,"5":12.7541670035},"low":{"0":0.2301573047,"1":0.0921867658,"2":0.2914737624,"3":0.0,"4":0.0,"5":0.7911614627}}