{"stat":{"0":"MAE","1":"MSE","2":"RMSD","3":"pearsonr","4":"kendalltau","5":"chisq"},"value":{"0":0.4392986563,"1":0.2505971464,"2":0.6302275888,"3":0.1223841857,"4":0.21692025,"5":4.2268143597},"up":{"0":0.6544357664,"1":0.5054393977,"2":0.9403601882,"3":0.7525248757,"4":0.5799086758,"5":9.8843308283},"low":{"0":0.2810667637,"1":0.0249785149,"2":0.3434408881,"3":0.0,"4":0.0,"5":1.0652559596}}