{"22": {"0": {"Atom 1": "(3,)", "Atom 2": "(26,)", "NMR exp": 3.19, "lower bound": 0.0, "upper bound": 3.5100000000000002, "md": [3.189460317441121], "lower": [2.816478414819125], "upper": [4.33255850408418]}, "1": {"Atom 1": "(3,)", "Atom 2": "(13, 14)", "NMR exp": 1.83, "lower bound": 0.0, "upper bound": 3.16, "md": [4.412884171808814, 4.062247341623623], "lower": [3.7330003481072875, 3.501672694999025], "upper": [4.665165710923437, 4.444591927206019]}, "2": {"Atom 1": "(22,)", "Atom 2": "(26,)", "NMR exp": 2.93, "lower bound": 0.0, "upper bound": 3.22, "md": [3.3816538196852277], "lower": [2.8061775088664658], "upper": [3.594014809648706]}, "3": {"Atom 1": "(19, 20)", "Atom 2": "(26,)", "NMR exp": 2.73, "lower bound": 0.0, "upper bound": 4.2700000000000005, "md": [3.0684312674635903, 4.019220787781258], "lower": [2.6374866715171077, 3.6609111196331012], "upper": [3.606034051805703, 4.365444562345878]}, "4": {"Atom 1": "(16, 17)", "Atom 2": "(26,)", "NMR exp": 2.71, "lower bound": 0.0, "upper bound": 4.24, "md": [2.452832819282621, 4.084886270955814], "lower": [2.1548086829962814, 3.803322234438375], "upper": [3.6964525529296504, 4.631871794239007]}, "5": {"Atom 1": "(13, 14)", "Atom 2": "(26,)", "NMR exp": 2.63, "lower bound": 0.0, "upper bound": 4.14, "md": [2.4012353051963777, 3.814710881126968], "lower": [2.120286740012346, 3.604452661496226], "upper": [3.2380246146500316, 4.333291780777241]}, "6": {"Atom 1": "(47,)", "Atom 2": "(59,)", "NMR exp": 2.57, "lower bound": 0.0, "upper bound": 2.83, "md": [2.8814324058588356], "lower": [2.2333294378317285], "upper": [3.557154211363339]}, "7": {"Atom 1": "(49,)", "Atom 2": "(59,)", "NMR exp": 3.39, "lower bound": 0.0, "upper bound": 3.73, "md": [2.4901898235259536], "lower": [2.1994721765290524], "upper": [4.015050422295034]}, "8": {"Atom 1": "(61,)", "Atom 2": "(1,)", "NMR exp": 2.17, "lower bound": 0.0, "upper bound": 2.39, "md": [2.902379373171186], "lower": [2.2111017584429504], "upper": [3.5616774899075327]}, "9": {"Atom 1": "(1,)", "Atom 2": "(3,)", "NMR exp": 2.6, "lower bound": 0.0, "upper bound": 2.86, "md": [2.7423620922874945], "lower": [2.3624453461126915], "upper": [2.940958970680398]}, "10": {"Atom 1": "(1,)", "Atom 2": "(5, 6)", "NMR exp": 2.37, "lower bound": 0.0, "upper bound": 3.83, "md": [3.004481872377295, 2.8747791328580594], "lower": [2.603341942854525, 2.5939852130189847], "upper": [3.534366399064289, 3.615755228654559]}, "11": {"Atom 1": "(16, 17)", "Atom 2": "(13, 14)", "NMR exp": 1.73, "lower bound": 0.0, "upper bound": 4.19, "md": [2.2683279631062465, 2.803358542024222, 2.7502109442862834, 2.2664927467586162], "lower": [2.1683276755329923, 2.6778858913351655, 2.658135558284694, 2.1674734202303187], "upper": [2.4038211186554173, 2.9671061235470653, 2.942940495477745, 2.4002392142364637]}, "12": {"Atom 1": "(26,)", "Atom 2": "(28,)", "NMR exp": 2.31, "lower bound": 0.0, "upper bound": 2.54, "md": [2.8474831493624393], "lower": [2.6044668423608885], "upper": [2.9642530399052496]}, "13": {"Atom 1": "(28,)", "Atom 2": "(35, 36, 37, 39, 40, 41)", "NMR exp": 3.23, "lower bound": 0.0, "upper bound": 6.99, "md": [3.1637407757764016, 1.9842246299545414, 3.2872619523081545, 2.7350356957920083, 2.7277759658352587, 2.8523178912941725], "lower": [2.483639504587248, 1.9312601991108151, 2.5277007308820756, 2.324426559967255, 2.322097532024342, 2.3648054849435773], "upper": [4.448971180261696, 4.157354587135493, 4.4725883727653155, 4.348255513811376, 4.346696982285007, 4.374691516417872]}, "14": {"Atom 1": "(45,)", "Atom 2": "(50,)", "NMR exp": 2.75, "lower bound": 0.0, "upper bound": 3.02, "md": [2.9630364815238877], "lower": [2.514844244894471], "upper": [3.722440471844398]}, "15": {"Atom 1": "(45,)", "Atom 2": "(49,)", "NMR exp": 3.02, "lower bound": 0.0, "upper bound": 3.3200000000000003, "md": [2.486201948883612], "lower": [2.2872999536645193], "upper": [3.2298619016962786]}, "16": {"Atom 1": "(47,)", "Atom 2": "(50,)", "NMR exp": 2.2600000000000002, "lower bound": 0.0, "upper bound": 2.49, "md": [2.5698351789930745], "lower": [2.383547795292451], "upper": [3.0099284327426505]}, "17": {"Atom 1": "(47,)", "Atom 2": "(49,)", "NMR exp": 2.11, "lower bound": 0.0, "upper bound": 2.32, "md": [2.6711146662030667], "lower": [2.4179220011937206], "upper": [2.9921434613860676]}, "18": {"Atom 1": "(50,)", "Atom 2": "(54, 55)", "NMR exp": 2.6, "lower bound": 0.0, "upper bound": 6.0600000000000005, "md": [2.5013576367092782, 3.1709589515811776], "lower": [2.235844577746735, 2.3848291703994127], "upper": [3.5303771272368736, 3.7503107351908844]}, "19": {"Atom 1": "(49,)", "Atom 2": "(54, 55)", "NMR exp": 3.31, "lower bound": 0.0, "upper bound": 7.11, "md": [2.4923179940142957, 3.2530055409003804], "lower": [2.245577559045546, 2.501691717855435], "upper": [3.4976436961626023, 3.7862900696370145]}, "20": {"Atom 1": "(59,)", "Atom 2": "(63, 64)", "NMR exp": 2.49, "lower bound": 0.0, "upper bound": 3.98, "md": [2.9749613585559103, 2.998627692187328], "lower": [2.5857271631957457, 2.5785257032003495], "upper": [3.593817419436443, 3.5677370843938965]}, "21": {"Atom 1": "(61,)", "Atom 2": "(63, 64)", "NMR exp": 2.08, "lower bound": 0.0, "upper bound": 3.47, "md": [2.609591377207388, 2.2553828632952864], "lower": [2.3866443552371246, 2.1688814021619036], "upper": [2.893586181285515, 2.8996380840870897]}}}