{"stat":{"0":"MAE","1":"MSE","2":"RMSD","3":"pearsonr","4":"kendalltau","5":"chisq"},"value":{"0":0.6209890859,"1":0.424680861,"2":0.802968415,"3":0.3159392597,"4":0.2342738701,"5":6.3234072406},"up":{"0":0.8481654337,"1":0.7208046408,"2":1.0720201397,"3":0.6833355571,"4":0.5225225225,"5":12.3678625971},"low":{"0":0.4261396557,"1":0.1390720861,"2":0.5340828677,"3":0.0,"4":0.0,"5":2.5304684412}}