{"22": {"0": {"Atom 1": "(3,)", "Atom 2": "(26,)", "NMR exp": 3.19, "lower bound": 0.0, "upper bound": 3.5100000000000002, "md": [4.042518156759617], "lower": [3.3315103274719613], "upper": [6.260551287829077]}, "1": {"Atom 1": "(3,)", "Atom 2": "(13, 14)", "NMR exp": 1.83, "lower bound": 0.0, "upper bound": 3.16, "md": [4.044866678285227, 4.1399446074550434], "lower": [2.7586196616554055, 2.420353625624144], "upper": [4.598798680595468, 4.47267984777562]}, "2": {"Atom 1": "(22,)", "Atom 2": "(26,)", "NMR exp": 2.93, "lower bound": 0.0, "upper bound": 3.22, "md": [2.0781761336209916], "lower": [1.985884373014549], "upper": [3.4331822392166087]}, "3": {"Atom 1": "(19, 20)", "Atom 2": "(26,)", "NMR exp": 2.73, "lower bound": 0.0, "upper bound": 4.2700000000000005, "md": [2.184708669334624, 2.7040862309286697], "lower": [2.0052572046683266, 2.49890645383077], "upper": [3.796482871486022, 4.428382631317804]}, "4": {"Atom 1": "(16, 17)", "Atom 2": "(26,)", "NMR exp": 2.71, "lower bound": 0.0, "upper bound": 4.24, "md": [3.0132946105098615, 4.764560344083432], "lower": [2.4971718784119243, 4.253867789676249], "upper": [5.40598257242308, 6.017251977946313]}, "5": {"Atom 1": "(13, 14)", "Atom 2": "(26,)", "NMR exp": 2.63, "lower bound": 0.0, "upper bound": 4.14, "md": [3.7570585521730697, 5.1516667904688225], "lower": [2.7327330468956834, 4.025825691924394], "upper": [5.783297155275192, 6.1888284301589795]}, "6": {"Atom 1": "(47,)", "Atom 2": "(59,)", "NMR exp": 2.57, "lower bound": 0.0, "upper bound": 2.83, "md": [3.408203531588223], "lower": [3.1044986260223024], "upper": [3.58754751272041]}, "7": {"Atom 1": "(49,)", "Atom 2": "(59,)", "NMR exp": 3.39, "lower bound": 0.0, "upper bound": 3.73, "md": [3.739026077534447], "lower": [2.9102197925041025], "upper": [4.157436977785383]}, "8": {"Atom 1": "(61,)", "Atom 2": "(1,)", "NMR exp": 2.17, "lower bound": 0.0, "upper bound": 2.39, "md": [2.7683968081227746], "lower": [2.3097738197449775], "upper": [3.5349143137265]}, "9": {"Atom 1": "(1,)", "Atom 2": "(3,)", "NMR exp": 2.6, "lower bound": 0.0, "upper bound": 2.86, "md": [2.1022007108515606], "lower": [2.0410935533088765], "upper": [2.865038900255682]}, "10": {"Atom 1": "(1,)", "Atom 2": "(5, 6)", "NMR exp": 2.37, "lower bound": 0.0, "upper bound": 3.83, "md": [3.3963966613458414, 3.8436227081396366], "lower": [2.675496434872949, 2.9546893579568154], "upper": [3.6963591173731536, 4.032309256527635]}, "11": {"Atom 1": "(16, 17)", "Atom 2": "(13, 14)", "NMR exp": 1.73, "lower bound": 0.0, "upper bound": 4.19, "md": [2.260772939984699, 3.1711193145695704, 2.7704907380624313, 2.2535803820372737], "lower": [2.163938982289789, 2.835245871674385, 2.66244676358376, 2.1574075957895076], "upper": [2.4008918688589787, 3.1964404824240216, 2.956252389396551, 2.3953077851885127]}, "12": {"Atom 1": "(26,)", "Atom 2": "(28,)", "NMR exp": 2.31, "lower bound": 0.0, "upper bound": 2.54, "md": [2.215967813227048], "lower": [2.1182699434928702], "upper": [2.867309870499996]}, "13": {"Atom 1": "(28,)", "Atom 2": "(35, 36, 37, 39, 40, 41)", "NMR exp": 3.23, "lower bound": 0.0, "upper bound": 6.99, "md": [3.1919922513661665, 3.1886219600978434, 3.1145948731057316, 2.8035781329277922, 2.791149245043402, 2.809622296796635], "lower": [2.4829342520159154, 2.4805254748547196, 2.4571535331088867, 2.343818514252437, 2.3394666606439145, 2.344512402310545], "upper": [4.457017018738662, 4.457480235360212, 4.442754097384448, 4.334261881971112, 4.330932746419439, 4.337759597881166]}, "14": {"Atom 1": "(45,)", "Atom 2": "(50,)", "NMR exp": 2.75, "lower bound": 0.0, "upper bound": 3.02, "md": [4.155108095733586], "lower": [2.8230014009651807], "upper": [4.221359021220692]}, "15": {"Atom 1": "(45,)", "Atom 2": "(49,)", "NMR exp": 3.02, "lower bound": 0.0, "upper bound": 3.3200000000000003, "md": [3.084909145755223], "lower": [2.493336917243398], "upper": [3.5494868647893014]}, "16": {"Atom 1": "(47,)", "Atom 2": "(50,)", "NMR exp": 2.2600000000000002, "lower bound": 0.0, "upper bound": 2.49, "md": [2.5110700293258743], "lower": [2.3583878838197263], "upper": [2.986821337223076]}, "17": {"Atom 1": "(47,)", "Atom 2": "(49,)", "NMR exp": 2.11, "lower bound": 0.0, "upper bound": 2.32, "md": [3.046573864269844], "lower": [2.522439930551914], "upper": [3.101068089847532]}, "18": {"Atom 1": "(50,)", "Atom 2": "(54, 55)", "NMR exp": 2.6, "lower bound": 0.0, "upper bound": 6.0600000000000005, "md": [3.415929033300412, 1.948186386045948], "lower": [2.46760935691736, 1.8917894742630461], "upper": [3.7366237618042955, 3.6137898512297224]}, "19": {"Atom 1": "(49,)", "Atom 2": "(54, 55)", "NMR exp": 3.31, "lower bound": 0.0, "upper bound": 7.11, "md": [3.5619425358377943, 2.2227247804201395], "lower": [2.6921040291007587, 2.1038051555768233], "upper": [3.8617005638906643, 3.677887932538005]}, "20": {"Atom 1": "(59,)", "Atom 2": "(63, 64)", "NMR exp": 2.49, "lower bound": 0.0, "upper bound": 3.98, "md": [1.9622007115251956, 2.863054311165167], "lower": [1.885342268688742, 2.52081780319158], "upper": [3.3267600008815243, 3.4254745552022032]}, "21": {"Atom 1": "(61,)", "Atom 2": "(63, 64)", "NMR exp": 2.08, "lower bound": 0.0, "upper bound": 3.47, "md": [2.8813175338984816, 2.4663699762093665], "lower": [2.4515529956015034, 2.297759819131526], "upper": [3.034297764522975, 2.976077491807512]}}}