{"22": {"0": {"Atom 1": "(3,)", "Atom 2": "(26,)", "NMR exp": 3.19, "lower bound": 0.0, "upper bound": 3.5100000000000002, "md": [3.424178608746011], "lower": [3.0886057611636115], "upper": [4.177416694889902]}, "1": {"Atom 1": "(3,)", "Atom 2": "(13, 14)", "NMR exp": 1.83, "lower bound": 0.0, "upper bound": 3.16, "md": [4.467667413543973, 4.191952211240731], "lower": [3.85347617443907, 3.4541596326351938], "upper": [4.670228937884426, 4.511595989107387]}, "2": {"Atom 1": "(22,)", "Atom 2": "(26,)", "NMR exp": 2.93, "lower bound": 0.0, "upper bound": 3.22, "md": [3.412311802697307], "lower": [2.9805949400649285], "upper": [3.6088750676397616]}, "3": {"Atom 1": "(19, 20)", "Atom 2": "(26,)", "NMR exp": 2.73, "lower bound": 0.0, "upper bound": 4.2700000000000005, "md": [2.934315714727029, 4.024576520092901], "lower": [2.5552289545566436, 3.757904194537374], "upper": [3.491192003192178, 4.347133196186047]}, "4": {"Atom 1": "(16, 17)", "Atom 2": "(26,)", "NMR exp": 2.71, "lower bound": 0.0, "upper bound": 4.24, "md": [2.530005356390276, 4.164443566623553], "lower": [2.20783716680583, 3.862183020018568], "upper": [3.765692278672222, 4.664844757595068]}, "5": {"Atom 1": "(13, 14)", "Atom 2": "(26,)", "NMR exp": 2.63, "lower bound": 0.0, "upper bound": 4.14, "md": [2.646219876682832, 3.951556621165277], "lower": [2.3221523872473555, 3.7318275172292985], "upper": [3.2471105564352074, 4.325732462987446]}, "6": {"Atom 1": "(47,)", "Atom 2": "(59,)", "NMR exp": 2.57, "lower bound": 0.0, "upper bound": 2.83, "md": [2.1831637900238565], "lower": [2.047400443631253], "upper": [3.12879035156749]}, "7": {"Atom 1": "(49,)", "Atom 2": "(59,)", "NMR exp": 3.39, "lower bound": 0.0, "upper bound": 3.73, "md": [3.7182600074175443], "lower": [2.8932955004516407], "upper": [4.658206719635329]}, "8": {"Atom 1": "(61,)", "Atom 2": "(1,)", "NMR exp": 2.17, "lower bound": 0.0, "upper bound": 2.39, "md": [3.29395176948455], "lower": [2.513435969237519], "upper": [3.5741135839607465]}, "9": {"Atom 1": "(1,)", "Atom 2": "(3,)", "NMR exp": 2.6, "lower bound": 0.0, "upper bound": 2.86, "md": [2.644685303042804], "lower": [2.2960282316640495], "upper": [2.9246804573814202]}, "10": {"Atom 1": "(1,)", "Atom 2": "(5, 6)", "NMR exp": 2.37, "lower bound": 0.0, "upper bound": 3.83, "md": [3.290692184991611, 2.932106419236771], "lower": [2.8418108478279294, 2.652102893921928], "upper": [3.647203478250992, 3.542599544077032]}, "11": {"Atom 1": "(16, 17)", "Atom 2": "(13, 14)", "NMR exp": 1.73, "lower bound": 0.0, "upper bound": 4.19, "md": [2.2821427379252883, 2.7802551638057094, 2.721296001829521, 2.275440365339621], "lower": [2.178994069939079, 2.6604314000665603, 2.6339576606519266, 2.174469877460675], "upper": [2.413780005802927, 2.966188483945125, 2.93688162986595, 2.4079383597308164]}, "12": {"Atom 1": "(26,)", "Atom 2": "(28,)", "NMR exp": 2.31, "lower bound": 0.0, "upper bound": 2.54, "md": [2.8924240662695864], "lower": [2.7048877314663557], "upper": [2.989993159791783]}, "13": {"Atom 1": "(28,)", "Atom 2": "(35, 36, 37, 39, 40, 41)", "NMR exp": 3.23, "lower bound": 0.0, "upper bound": 6.99, "md": [3.140471851982405, 3.149022439161227, 3.150811682591606, 2.643708692086861, 2.742404407575462, 2.7538791055772056], "lower": [2.4684187791363463, 2.4702091918341798, 2.4701871946282994, 2.2901374827782393, 2.3241792029469934, 2.3294352527991737], "upper": [4.417908866341278, 4.420733361122353, 4.421852399018553, 4.322398290015791, 4.348054198850255, 4.349420098408742]}, "14": {"Atom 1": "(45,)", "Atom 2": "(50,)", "NMR exp": 2.75, "lower bound": 0.0, "upper bound": 3.02, "md": [2.8059494609027555], "lower": [2.4567575650386044], "upper": [3.5119857265814347]}, "15": {"Atom 1": "(45,)", "Atom 2": "(49,)", "NMR exp": 3.02, "lower bound": 0.0, "upper bound": 3.3200000000000003, "md": [2.4861442503374103], "lower": [2.2919794444451953], "upper": [3.0796261019882527]}, "16": {"Atom 1": "(47,)", "Atom 2": "(50,)", "NMR exp": 2.2600000000000002, "lower bound": 0.0, "upper bound": 2.49, "md": [2.533493451108016], "lower": [2.375468048563016], "upper": [3.000875302645501]}, "17": {"Atom 1": "(47,)", "Atom 2": "(49,)", "NMR exp": 2.11, "lower bound": 0.0, "upper bound": 2.32, "md": [2.6744445527358796], "lower": [2.43195755201818], "upper": [3.0034992800531164]}, "18": {"Atom 1": "(50,)", "Atom 2": "(54, 55)", "NMR exp": 2.6, "lower bound": 0.0, "upper bound": 6.0600000000000005, "md": [2.450591952103338, 2.415187265307593], "lower": [2.2286040210386373, 2.2124134000066285], "upper": [3.5831238469486415, 3.5451575332492222]}, "19": {"Atom 1": "(49,)", "Atom 2": "(54, 55)", "NMR exp": 3.31, "lower bound": 0.0, "upper bound": 7.11, "md": [2.4318352843350657, 3.2010642394354756], "lower": [2.2218272425113987, 2.4892689303594064], "upper": [3.568059017905641, 3.7274634336848624]}, "20": {"Atom 1": "(59,)", "Atom 2": "(63, 64)", "NMR exp": 2.49, "lower bound": 0.0, "upper bound": 3.98, "md": [2.917577589436402, 3.7712924881899452], "lower": [2.5299252698446484, 3.05728826886074], "upper": [3.4477554562945345, 4.004137044810929]}, "21": {"Atom 1": "(61,)", "Atom 2": "(63, 64)", "NMR exp": 2.08, "lower bound": 0.0, "upper bound": 3.47, "md": [2.823332574668467, 2.3861432368652884], "lower": [2.4296351249596793, 2.2690197578506077], "upper": [3.023468701441235, 2.9486413700192493]}}}