{"stat":{"0":"MAE","1":"MSE","2":"RMSD","3":"pearsonr","4":"kendalltau","5":"chisq"},"value":{"0":0.434166962,"1":0.3034198049,"2":0.6541674765,"3":0.2394607888,"4":0.2863347301,"5":4.7097265459},"up":{"0":0.670939856,"1":0.5647830474,"2":0.9850277236,"3":0.7904076131,"4":0.640558588,"5":11.1688360561},"low":{"0":0.2659703814,"1":0.0890080404,"2":0.3270804868,"3":0.0,"4":0.0,"5":0.9634791518}}