{"stat":{"0":"MAE","1":"MSE","2":"RMSD","3":"pearsonr","4":"kendalltau","5":"chisq"},"value":{"0":0.4321830139,"1":0.1815656166,"2":0.6307393786,"3":0.1268682506,"4":0.16485939,"5":4.2393381146},"up":{"0":0.6477884036,"1":0.456215668,"2":0.9413683417,"3":0.6918975825,"4":0.484172872,"5":10.0966262936},"low":{"0":0.2718849117,"1":0.0,"2":0.3441618939,"3":0.0,"4":0.0,"5":1.0397577073}}