{"22": {"0": {"Atom 1": "(3,)", "Atom 2": "(26,)", "NMR exp": 3.19, "lower bound": 0.0, "upper bound": 3.5100000000000002, "md": [2.8748047117258926], "lower": [2.5834024864397174], "upper": [4.1325032651963305]}, "1": {"Atom 1": "(3,)", "Atom 2": "(13, 14)", "NMR exp": 1.83, "lower bound": 0.0, "upper bound": 3.16, "md": [4.379653117412004, 4.10807878120402], "lower": [3.537679056026988, 3.246523395818725], "upper": [4.6598340726439105, 4.483214076796905]}, "2": {"Atom 1": "(22,)", "Atom 2": "(26,)", "NMR exp": 2.93, "lower bound": 0.0, "upper bound": 3.22, "md": [2.383531617454989], "lower": [2.1790004170009896], "upper": [3.4546152576698033]}, "3": {"Atom 1": "(19, 20)", "Atom 2": "(26,)", "NMR exp": 2.73, "lower bound": 0.0, "upper bound": 4.2700000000000005, "md": [2.9358356792096743, 3.1556652317185283], "lower": [2.5300418361700987, 2.8200738245894317], "upper": [3.5653934915798566, 4.168665424566561]}, "4": {"Atom 1": "(16, 17)", "Atom 2": "(26,)", "NMR exp": 2.71, "lower bound": 0.0, "upper bound": 4.24, "md": [3.1685310249216005, 4.642790900570172], "lower": [2.5551348322056486, 4.150208356238837], "upper": [4.552646999878097, 5.142579375890892]}, "5": {"Atom 1": "(13, 14)", "Atom 2": "(26,)", "NMR exp": 2.63, "lower bound": 0.0, "upper bound": 4.14, "md": [2.986236104181141, 4.437106579119601], "lower": [2.4705112498947726, 3.919558819165463], "upper": [4.888112921896493, 5.556629365243783]}, "6": {"Atom 1": "(47,)", "Atom 2": "(59,)", "NMR exp": 2.57, "lower bound": 0.0, "upper bound": 2.83, "md": [3.296963298260608], "lower": [2.286403983522744], "upper": [3.5702166048487873]}, "7": {"Atom 1": "(49,)", "Atom 2": "(59,)", "NMR exp": 3.39, "lower bound": 0.0, "upper bound": 3.73, "md": [2.8315057927644096], "lower": [2.398918481111245], "upper": [3.9756192519468136]}, "8": {"Atom 1": "(61,)", "Atom 2": "(1,)", "NMR exp": 2.17, "lower bound": 0.0, "upper bound": 2.39, "md": [2.5501291921152043], "lower": [2.2214959709749573], "upper": [3.496796007227274]}, "9": {"Atom 1": "(1,)", "Atom 2": "(3,)", "NMR exp": 2.6, "lower bound": 0.0, "upper bound": 2.86, "md": [2.1883213307790723], "lower": [2.1070620689397837], "upper": [2.830390504416283]}, "10": {"Atom 1": "(1,)", "Atom 2": "(5, 6)", "NMR exp": 2.37, "lower bound": 0.0, "upper bound": 3.83, "md": [2.9717050928653093, 3.2479955197945816], "lower": [2.5572178735109157, 2.7749383945244723], "upper": [3.5286424053091907, 3.828906802021544]}, "11": {"Atom 1": "(16, 17)", "Atom 2": "(13, 14)", "NMR exp": 1.73, "lower bound": 0.0, "upper bound": 4.19, "md": [2.2792773463591067, 2.7846544838577847, 2.7349589885094154, 2.2663435208639164], "lower": [2.1756082636288263, 2.66221778831603, 2.645682288550387, 2.1674601516460945], "upper": [2.41078572275931, 2.964015874863817, 2.938994393263936, 2.4017758487700833]}, "12": {"Atom 1": "(26,)", "Atom 2": "(28,)", "NMR exp": 2.31, "lower bound": 0.0, "upper bound": 2.54, "md": [2.322728966412538], "lower": [2.172920417970997], "upper": [2.8820456727631845]}, "13": {"Atom 1": "(28,)", "Atom 2": "(35, 36, 37, 39, 40, 41)", "NMR exp": 3.23, "lower bound": 0.0, "upper bound": 6.99, "md": [3.3587305847215805, 3.4029651014213376, 3.364089283792329, 2.6760297040218304, 2.673941081216246, 2.667369903760785], "lower": [2.5436169662593344, 2.5600600065296, 2.543775043404367, 2.300550363469481, 2.300112424209505, 2.29760370239124], "upper": [4.474249232512733, 4.483836239804195, 4.476013271344476, 4.310270665120022, 4.309178156997128, 4.307513018021608]}, "14": {"Atom 1": "(45,)", "Atom 2": "(50,)", "NMR exp": 2.75, "lower bound": 0.0, "upper bound": 3.02, "md": [2.7817348639156823], "lower": [2.4403820583603646], "upper": [3.4606931298268386]}, "15": {"Atom 1": "(45,)", "Atom 2": "(49,)", "NMR exp": 3.02, "lower bound": 0.0, "upper bound": 3.3200000000000003, "md": [2.2767600894627025], "lower": [2.1382977255780307], "upper": [3.0179647073689027]}, "16": {"Atom 1": "(47,)", "Atom 2": "(50,)", "NMR exp": 2.2600000000000002, "lower bound": 0.0, "upper bound": 2.49, "md": [2.4790449989396484], "lower": [2.3366782381069093], "upper": [2.9783087647156385]}, "17": {"Atom 1": "(47,)", "Atom 2": "(49,)", "NMR exp": 2.11, "lower bound": 0.0, "upper bound": 2.32, "md": [2.589022142206536], "lower": [2.394021627829636], "upper": [2.942346707876328]}, "18": {"Atom 1": "(50,)", "Atom 2": "(54, 55)", "NMR exp": 2.6, "lower bound": 0.0, "upper bound": 6.0600000000000005, "md": [3.236483292864184, 2.458461708709961], "lower": [2.3883488730258327, 2.2249938459388856], "upper": [3.7545662940273323, 3.5599479868914354]}, "19": {"Atom 1": "(49,)", "Atom 2": "(54, 55)", "NMR exp": 3.31, "lower bound": 0.0, "upper bound": 7.11, "md": [3.3117198378458643, 2.423696623413845], "lower": [2.5074003889133896, 2.216846364207382], "upper": [3.7800534829407626, 3.525906824455893]}, "20": {"Atom 1": "(59,)", "Atom 2": "(63, 64)", "NMR exp": 2.49, "lower bound": 0.0, "upper bound": 3.98, "md": [2.449823378958878, 2.9564586225321614], "lower": [2.257029266882394, 2.5744138249056823], "upper": [3.395988485419473, 3.557066050658379]}, "21": {"Atom 1": "(61,)", "Atom 2": "(63, 64)", "NMR exp": 2.08, "lower bound": 0.0, "upper bound": 3.47, "md": [2.7357529661701347, 2.414430848146129], "lower": [2.4297186143084235, 2.2769002789497903], "upper": [3.0040696384255123, 2.9505171838469924]}}}