{"22": {"0": {"Atom 1": "(3,)", "Atom 2": "(26,)", "NMR exp": 3.19, "lower bound": 0.0, "upper bound": 3.5100000000000002, "md": [3.3591331190909175], "lower": [2.9719706736502034], "upper": [4.2156692646970795]}, "1": {"Atom 1": "(3,)", "Atom 2": "(13, 14)", "NMR exp": 1.83, "lower bound": 0.0, "upper bound": 3.16, "md": [4.61715400684395, 2.82923145434914], "lower": [4.19525978149164, 2.4358690627107045], "upper": [4.745764370887931, 4.409356699224327]}, "2": {"Atom 1": "(22,)", "Atom 2": "(26,)", "NMR exp": 2.93, "lower bound": 0.0, "upper bound": 3.22, "md": [2.5760133300553956], "lower": [2.256940883037219], "upper": [3.5444207795098404]}, "3": {"Atom 1": "(19, 20)", "Atom 2": "(26,)", "NMR exp": 2.73, "lower bound": 0.0, "upper bound": 4.2700000000000005, "md": [2.3700189979246935, 3.4827994380081013], "lower": [2.159834045466803, 3.026289287425857], "upper": [3.3569576625157787, 4.259348935389463]}, "4": {"Atom 1": "(16, 17)", "Atom 2": "(26,)", "NMR exp": 2.71, "lower bound": 0.0, "upper bound": 4.24, "md": [2.999300029737176, 4.471408611674036], "lower": [2.4635258758924614, 4.039872396442214], "upper": [4.216753211338585, 4.9115816911530565]}, "5": {"Atom 1": "(13, 14)", "Atom 2": "(26,)", "NMR exp": 2.63, "lower bound": 0.0, "upper bound": 4.14, "md": [2.7749400815822973, 4.161634293537926], "lower": [2.373874970818905, 3.827546436893798], "upper": [4.061037697542905, 5.013942704301717]}, "6": {"Atom 1": "(47,)", "Atom 2": "(59,)", "NMR exp": 2.57, "lower bound": 0.0, "upper bound": 2.83, "md": [3.2016046489354264], "lower": [2.213834318426021], "upper": [3.591527091146404]}, "7": {"Atom 1": "(49,)", "Atom 2": "(59,)", "NMR exp": 3.39, "lower bound": 0.0, "upper bound": 3.73, "md": [2.7935287072298265], "lower": [2.3657230814718098], "upper": [4.444404064594821]}, "8": {"Atom 1": "(61,)", "Atom 2": "(1,)", "NMR exp": 2.17, "lower bound": 0.0, "upper bound": 2.39, "md": [3.0321905678787293], "lower": [2.3242594691132843], "upper": [3.549092904541312]}, "9": {"Atom 1": "(1,)", "Atom 2": "(3,)", "NMR exp": 2.6, "lower bound": 0.0, "upper bound": 2.86, "md": [2.44123619147441], "lower": [2.227878294337937], "upper": [2.9143853928873837]}, "10": {"Atom 1": "(1,)", "Atom 2": "(5, 6)", "NMR exp": 2.37, "lower bound": 0.0, "upper bound": 3.83, "md": [3.209790126109486, 2.7877622385018634], "lower": [2.721128069227533, 2.526222544446043], "upper": [3.6034536429507824, 3.538113859058769]}, "11": {"Atom 1": "(16, 17)", "Atom 2": "(13, 14)", "NMR exp": 1.73, "lower bound": 0.0, "upper bound": 4.19, "md": [2.2730839284645916, 2.7665089633372686, 2.768703068914174, 2.263164322674846], "lower": [2.1728082674990143, 2.6503593212734318, 2.666623082489936, 2.1658648210846567], "upper": [2.4094363668464074, 2.960422966819748, 2.9563395473015666, 2.402090108652363]}, "12": {"Atom 1": "(26,)", "Atom 2": "(28,)", "NMR exp": 2.31, "lower bound": 0.0, "upper bound": 2.54, "md": [2.473128815480551], "lower": [2.2079379431389285], "upper": [2.9330177767505075]}, "13": {"Atom 1": "(28,)", "Atom 2": "(35, 36, 37, 39, 40, 41)", "NMR exp": 3.23, "lower bound": 0.0, "upper bound": 6.99, "md": [2.9917299897405196, 3.137460360892004, 3.167718354271797, 2.76704197674988, 2.76651529781046, 2.77946330544418], "lower": [2.41519739270415, 2.4660678469303923, 2.4787402447117515, 2.331074110513875, 2.3300866858834635, 2.3339270768582225], "upper": [4.421313851952359, 4.449312408797797, 4.456870940599352, 4.351433895275679, 4.352244176593897, 4.354004629151195]}, "14": {"Atom 1": "(45,)", "Atom 2": "(50,)", "NMR exp": 2.75, "lower bound": 0.0, "upper bound": 3.02, "md": [2.8112330814307396], "lower": [2.458223482260668], "upper": [3.5998137600749875]}, "15": {"Atom 1": "(45,)", "Atom 2": "(49,)", "NMR exp": 3.02, "lower bound": 0.0, "upper bound": 3.3200000000000003, "md": [2.5244613073158195], "lower": [2.3084731562929655], "upper": [3.184740896681925]}, "16": {"Atom 1": "(47,)", "Atom 2": "(50,)", "NMR exp": 2.2600000000000002, "lower bound": 0.0, "upper bound": 2.49, "md": [2.490084363311064], "lower": [2.342572199849477], "upper": [2.981211757870266]}, "17": {"Atom 1": "(47,)", "Atom 2": "(49,)", "NMR exp": 2.11, "lower bound": 0.0, "upper bound": 2.32, "md": [2.6750431993050463], "lower": [2.4288831341960524], "upper": [3.0020851677744678]}, "18": {"Atom 1": "(50,)", "Atom 2": "(54, 55)", "NMR exp": 2.6, "lower bound": 0.0, "upper bound": 6.0600000000000005, "md": [3.2714927575916666, 2.3501385063951226], "lower": [2.4267494942239476, 2.176973680725792], "upper": [3.732288274978477, 3.601084279285314]}, "19": {"Atom 1": "(49,)", "Atom 2": "(54, 55)", "NMR exp": 3.31, "lower bound": 0.0, "upper bound": 7.11, "md": [3.434033516618973, 2.4312002951448783], "lower": [2.6144424783176152, 2.220036352576005], "upper": [3.808586862169554, 3.6405373387527478]}, "20": {"Atom 1": "(59,)", "Atom 2": "(63, 64)", "NMR exp": 2.49, "lower bound": 0.0, "upper bound": 3.98, "md": [2.6440209581069705, 2.996239755028389], "lower": [2.3765734258759834, 2.5553429843820767], "upper": [3.465801210443057, 3.6422994048238957]}, "21": {"Atom 1": "(61,)", "Atom 2": "(63, 64)", "NMR exp": 2.08, "lower bound": 0.0, "upper bound": 3.47, "md": [2.7236567834740604, 2.34588527236239], "lower": [2.4175321879342087, 2.236147388650122], "upper": [3.0044410239171095, 2.8987901773096927]}}}