{"stat":{"0":"MAE","1":"MSE","2":"RMSD","3":"pearsonr","4":"kendalltau","5":"chisq"},"value":{"0":0.3585291034,"1":0.1515395938,"2":0.4365660533,"3":0.491387373,"4":0.2950115401,"5":1.8763793863},"up":{"0":0.4663802908,"1":0.3271256199,"2":0.5497869037,"3":0.7599618201,"4":0.595379652,"5":3.1724683654},"low":{"0":0.260611183,"1":0.0,"2":0.3142458085,"3":0.0701590864,"4":0.0,"5":0.8781053299}}