{"22": {"0": {"Atom 1": "(3,)", "Atom 2": "(26,)", "NMR exp": 3.19, "lower bound": 0.0, "upper bound": 3.5100000000000002, "md": [3.5379216494920755], "lower": [3.1269424716042], "upper": [4.4569842300201525]}, "1": {"Atom 1": "(3,)", "Atom 2": "(13, 14)", "NMR exp": 1.83, "lower bound": 0.0, "upper bound": 3.16, "md": [4.6975585244131635, 4.370955128402923], "lower": [4.5222185663237, 4.006856066534775], "upper": [4.807308979723373, 4.5519485852915595]}, "2": {"Atom 1": "(22,)", "Atom 2": "(26,)", "NMR exp": 2.93, "lower bound": 0.0, "upper bound": 3.22, "md": [3.344181111353417], "lower": [2.9063928351651644], "upper": [3.5872626046971767]}, "3": {"Atom 1": "(19, 20)", "Atom 2": "(26,)", "NMR exp": 2.73, "lower bound": 0.0, "upper bound": 4.2700000000000005, "md": [1.5414758833242266, 3.373551022130638], "lower": [1.5206804522570496, 2.9946050286907515], "upper": [3.212151685842403, 4.1898429961435255]}, "4": {"Atom 1": "(16, 17)", "Atom 2": "(26,)", "NMR exp": 2.71, "lower bound": 0.0, "upper bound": 4.24, "md": [4.141188123670022, 4.457252582684687], "lower": [2.8366246936639, 3.982442140265227], "upper": [4.524964281468758, 4.739772357875764]}, "5": {"Atom 1": "(13, 14)", "Atom 2": "(26,)", "NMR exp": 2.63, "lower bound": 0.0, "upper bound": 4.14, "md": [3.4757781526659732, 3.763822707266865], "lower": [2.5159605602998467, 3.5647866934712926], "upper": [4.589058509340952, 4.154047690714419]}, "6": {"Atom 1": "(47,)", "Atom 2": "(59,)", "NMR exp": 2.57, "lower bound": 0.0, "upper bound": 2.83, "md": [3.2766481202474727], "lower": [2.695283680186111], "upper": [3.5615503936444624]}, "7": {"Atom 1": "(49,)", "Atom 2": "(59,)", "NMR exp": 3.39, "lower bound": 0.0, "upper bound": 3.73, "md": [2.899487292529708], "lower": [2.3615844324347712], "upper": [3.839302776118987]}, "8": {"Atom 1": "(61,)", "Atom 2": "(1,)", "NMR exp": 2.17, "lower bound": 0.0, "upper bound": 2.39, "md": [2.8669614156699126], "lower": [2.1758818566359843], "upper": [3.569800741566141]}, "9": {"Atom 1": "(1,)", "Atom 2": "(3,)", "NMR exp": 2.6, "lower bound": 0.0, "upper bound": 2.86, "md": [2.800145880572666], "lower": [2.377073021300372], "upper": [2.9521755889539394]}, "10": {"Atom 1": "(1,)", "Atom 2": "(5, 6)", "NMR exp": 2.37, "lower bound": 0.0, "upper bound": 3.83, "md": [3.1709751933499595, 3.039174240296007], "lower": [2.7265014837423154, 2.7728245199188692], "upper": [3.6021492362053533, 3.703852836006139]}, "11": {"Atom 1": "(16, 17)", "Atom 2": "(13, 14)", "NMR exp": 1.73, "lower bound": 0.0, "upper bound": 4.19, "md": [2.2697961609523576, 2.778788714150752, 2.737320018510317, 2.2731516517660904], "lower": [2.1692139283786394, 2.6633750130657794, 2.650333859943089, 2.171998615611357], "upper": [2.404983511094606, 2.958796078003099, 2.9375662485885483, 2.404264299607288]}, "12": {"Atom 1": "(26,)", "Atom 2": "(28,)", "NMR exp": 2.31, "lower bound": 0.0, "upper bound": 2.54, "md": [2.864328860438189], "lower": [2.7578237066621054], "upper": [2.967369272320392]}, "13": {"Atom 1": "(28,)", "Atom 2": "(35, 36, 37, 39, 40, 41)", "NMR exp": 3.23, "lower bound": 0.0, "upper bound": 6.99, "md": [3.4858223185536272, 3.4634612004615097, 3.4433810304493293, 2.646579008738528, 2.6237063196650516, 2.661820125896302], "lower": [2.627720187189027, 2.6211853605830773, 2.610084686862548, 2.294759630981555, 2.2857342621483827, 2.2992531683337623], "upper": [4.56418463322331, 4.558950611642241, 4.552796207642304, 4.3059177820296455, 4.30225387648978, 4.313320033148049]}, "14": {"Atom 1": "(45,)", "Atom 2": "(50,)", "NMR exp": 2.75, "lower bound": 0.0, "upper bound": 3.02, "md": [1.7515687939381739], "lower": [1.6784672385511332], "upper": [3.736994659150416]}, "15": {"Atom 1": "(45,)", "Atom 2": "(49,)", "NMR exp": 3.02, "lower bound": 0.0, "upper bound": 3.3200000000000003, "md": [2.57450505572538], "lower": [2.3025192787115865], "upper": [3.326803268526299]}, "16": {"Atom 1": "(47,)", "Atom 2": "(50,)", "NMR exp": 2.2600000000000002, "lower bound": 0.0, "upper bound": 2.49, "md": [2.4790468325868416], "lower": [2.3333352030136663], "upper": [2.9865904366177602]}, "17": {"Atom 1": "(47,)", "Atom 2": "(49,)", "NMR exp": 2.11, "lower bound": 0.0, "upper bound": 2.32, "md": [2.6806088285884533], "lower": [2.4136556640028966], "upper": [2.9970604051923537]}, "18": {"Atom 1": "(50,)", "Atom 2": "(54, 55)", "NMR exp": 2.6, "lower bound": 0.0, "upper bound": 6.0600000000000005, "md": [3.28225340210709, 2.4222556511484763], "lower": [2.4024221357734086, 2.2067880127400286], "upper": [3.7161857281641164, 3.6303154116067633]}, "19": {"Atom 1": "(49,)", "Atom 2": "(54, 55)", "NMR exp": 3.31, "lower bound": 0.0, "upper bound": 7.11, "md": [3.3371360072749785, 2.3934198416818138], "lower": [2.530024860056171, 2.2010489324194342], "upper": [3.7497217492218087, 3.6517699533718178]}, "20": {"Atom 1": "(59,)", "Atom 2": "(63, 64)", "NMR exp": 2.49, "lower bound": 0.0, "upper bound": 3.98, "md": [2.4537022226833236, 3.0094152400016694], "lower": [2.2746273693790195, 2.5994392193423614], "upper": [3.4353761779635614, 3.4615455534986994]}, "21": {"Atom 1": "(61,)", "Atom 2": "(63, 64)", "NMR exp": 2.08, "lower bound": 0.0, "upper bound": 3.47, "md": [1.7984003584367356, 1.8505593009339387], "lower": [1.7983657121658325, 1.8292139768600464], "upper": [2.5298521700787697, 2.8615514860746245]}}}