{"stat":{"0":"MAE","1":"MSE","2":"RMSD","3":"pearsonr","4":"kendalltau","5":"chisq"},"value":{"0":0.5908511022,"1":0.3746764037,"2":0.7960069925,"3":0.2094934878,"4":0.2342738701,"5":6.4551267564},"up":{"0":0.8389914785,"1":0.6927949123,"2":1.1289213349,"3":0.6770309743,"4":0.5377816447,"5":14.0342023696},"low":{"0":0.397479898,"1":0.0969327551,"2":0.4744221198,"3":0.0,"4":0.0,"5":1.9908664696}}