{"stat":{"0":"MAE","1":"MSE","2":"RMSD","3":"pearsonr","4":"kendalltau","5":"chisq"},"value":{"0":0.4195659944,"1":0.1757117109,"2":0.4801246699,"3":0.4719201031,"4":0.3036883501,"5":2.062889115},"up":{"0":0.5197666177,"1":0.3544980002,"2":0.5700348156,"3":0.7678856137,"4":0.6018099548,"5":2.9066412905},"low":{"0":0.3245279552,"1":0.0,"2":0.38127599,"3":0.0768310141,"4":0.0,"5":1.3036747399}}