{"22": {"0": {"Atom 1": "(3,)", "Atom 2": "(26,)", "NMR exp": 3.19, "lower bound": 0.0, "upper bound": 3.5100000000000002, "md": [3.4480988253828713], "lower": [2.9746714391084783], "upper": [4.289972246702769]}, "1": {"Atom 1": "(3,)", "Atom 2": "(13, 14)", "NMR exp": 1.83, "lower bound": 0.0, "upper bound": 3.16, "md": [3.4622148892103115, 2.4833347858380383], "lower": [2.8767341174170156, 2.2808023842626968], "upper": [4.615625417257178, 4.361600725705539]}, "2": {"Atom 1": "(22,)", "Atom 2": "(26,)", "NMR exp": 2.93, "lower bound": 0.0, "upper bound": 3.22, "md": [2.4335524831019244], "lower": [2.202295436762312], "upper": [3.509689444044259]}, "3": {"Atom 1": "(19, 20)", "Atom 2": "(26,)", "NMR exp": 2.73, "lower bound": 0.0, "upper bound": 4.2700000000000005, "md": [2.07298667716055, 3.1929240228762943], "lower": [1.9288228595022092, 2.8455933824752204], "upper": [3.3534612472816248, 4.2273497369049196]}, "4": {"Atom 1": "(16, 17)", "Atom 2": "(26,)", "NMR exp": 2.71, "lower bound": 0.0, "upper bound": 4.24, "md": [3.213839297473925, 4.664556454479164], "lower": [2.577602515789941, 4.151660852428928], "upper": [4.403525883129042, 5.083577834258048]}, "5": {"Atom 1": "(13, 14)", "Atom 2": "(26,)", "NMR exp": 2.63, "lower bound": 0.0, "upper bound": 4.14, "md": [2.995867350818138, 4.390323012532505], "lower": [2.457970938753288, 3.8847704289165295], "upper": [4.683588247382772, 5.472463152271584]}, "6": {"Atom 1": "(47,)", "Atom 2": "(59,)", "NMR exp": 2.57, "lower bound": 0.0, "upper bound": 2.83, "md": [3.317329897151544], "lower": [2.3825184361517038], "upper": [3.5763417309542387]}, "7": {"Atom 1": "(49,)", "Atom 2": "(59,)", "NMR exp": 3.39, "lower bound": 0.0, "upper bound": 3.73, "md": [2.559394700877831], "lower": [2.249925569988425], "upper": [3.9217203542692642]}, "8": {"Atom 1": "(61,)", "Atom 2": "(1,)", "NMR exp": 2.17, "lower bound": 0.0, "upper bound": 2.39, "md": [3.011442466454155], "lower": [2.297045209472575], "upper": [3.5510660246071573]}, "9": {"Atom 1": "(1,)", "Atom 2": "(3,)", "NMR exp": 2.6, "lower bound": 0.0, "upper bound": 2.86, "md": [2.266426050429673], "lower": [2.1607130698482804], "upper": [2.872268694479477]}, "10": {"Atom 1": "(1,)", "Atom 2": "(5, 6)", "NMR exp": 2.37, "lower bound": 0.0, "upper bound": 3.83, "md": [3.2970473733018597, 2.9631490475279385], "lower": [2.7260925462310137, 2.6314456902734094], "upper": [3.64955518227665, 3.6815769811733676]}, "11": {"Atom 1": "(16, 17)", "Atom 2": "(13, 14)", "NMR exp": 1.73, "lower bound": 0.0, "upper bound": 4.19, "md": [2.28157469544537, 2.3924579949455596, 2.7504918710665254, 2.270594154358259], "lower": [2.176921786040338, 2.3506191897060456, 2.657643089904541, 2.1701990981869246], "upper": [2.411415990132737, 2.892137861680887, 2.9427968145975267, 2.403101359257959]}, "12": {"Atom 1": "(26,)", "Atom 2": "(28,)", "NMR exp": 2.31, "lower bound": 0.0, "upper bound": 2.54, "md": [2.341645853196175], "lower": [2.1791894823352855], "upper": [2.8915761631903316]}, "13": {"Atom 1": "(28,)", "Atom 2": "(35, 36, 37, 39, 40, 41)", "NMR exp": 3.23, "lower bound": 0.0, "upper bound": 6.99, "md": [3.3386698377087294, 3.3229571808166263, 2.8551300522199847, 2.706117779313844, 2.720637801750964, 2.693466307041581], "lower": [2.538673923489362, 2.533727426423397, 2.3702885342284166, 2.311515882279418, 2.3170797731186967, 2.3077299419060777], "upper": [4.476386372278819, 4.474572022468786, 4.377432826648944, 4.32707565813029, 4.330015502532044, 4.322104345798795]}, "14": {"Atom 1": "(45,)", "Atom 2": "(50,)", "NMR exp": 2.75, "lower bound": 0.0, "upper bound": 3.02, "md": [2.6523254013203896], "lower": [2.38770882289852], "upper": [3.4583156817650402]}, "15": {"Atom 1": "(45,)", "Atom 2": "(49,)", "NMR exp": 3.02, "lower bound": 0.0, "upper bound": 3.3200000000000003, "md": [2.3398487895461684], "lower": [2.183571058559629], "upper": [3.1004028193002333]}, "16": {"Atom 1": "(47,)", "Atom 2": "(50,)", "NMR exp": 2.2600000000000002, "lower bound": 0.0, "upper bound": 2.49, "md": [2.5024928632747527], "lower": [2.349239326400755], "upper": [2.98899764437627]}, "17": {"Atom 1": "(47,)", "Atom 2": "(49,)", "NMR exp": 2.11, "lower bound": 0.0, "upper bound": 2.32, "md": [2.5831975840609935], "lower": [2.3897749766391616], "upper": [2.9344001585856034]}, "18": {"Atom 1": "(50,)", "Atom 2": "(54, 55)", "NMR exp": 2.6, "lower bound": 0.0, "upper bound": 6.0600000000000005, "md": [2.356055456867109, 3.6795818112289918], "lower": [2.179219654940358, 2.898500818385683], "upper": [3.5011796060719784, 3.993126095126715]}, "19": {"Atom 1": "(49,)", "Atom 2": "(54, 55)", "NMR exp": 3.31, "lower bound": 0.0, "upper bound": 7.11, "md": [2.386680824878444, 3.5612031574422587], "lower": [2.1989864802380485, 2.8228671166595065], "upper": [3.5019305651891663, 3.9033373226592913]}, "20": {"Atom 1": "(59,)", "Atom 2": "(63, 64)", "NMR exp": 2.49, "lower bound": 0.0, "upper bound": 3.98, "md": [2.6622919881339056, 3.086217556260167], "lower": [2.3937775038373825, 2.617486574837921], "upper": [3.487947587555589, 3.570672799202411]}, "21": {"Atom 1": "(61,)", "Atom 2": "(63, 64)", "NMR exp": 2.08, "lower bound": 0.0, "upper bound": 3.47, "md": [2.668181084414717, 2.3976862833668475], "lower": [2.4109467497561177, 2.266200739165788], "upper": [2.9549981517853796, 2.9447026236558784]}}}