{"stat":{"0":"MAE","1":"MSE","2":"RMSD","3":"pearsonr","4":"kendalltau","5":"chisq"},"value":{"0":0.3506967048,"1":0.1557941613,"2":0.4721518976,"3":0.6232982228,"4":0.4251636901,"5":2.050001516},"up":{"0":0.491122557,"1":0.3453771047,"2":0.610251784,"3":0.8055803414,"4":0.698630137,"5":3.4171605175},"low":{"0":0.2237297256,"1":0.0,"2":0.3187719934,"3":0.2633536166,"4":0.0934548287,"5":0.9487272964}}