{"22": {"0": {"Atom 1": "(3,)", "Atom 2": "(26,)", "NMR exp": 3.19, "lower bound": 0.0, "upper bound": 3.5100000000000002, "md": [3.3697188405408207], "lower": [2.9529413632144332], "upper": [4.306189337832284]}, "1": {"Atom 1": "(3,)", "Atom 2": "(13, 14)", "NMR exp": 1.83, "lower bound": 0.0, "upper bound": 3.16, "md": [2.930448790372626, 2.4903751146612985], "lower": [2.590837383855586, 2.2643620990745954], "upper": [4.607066873820139, 4.34024438062889]}, "2": {"Atom 1": "(22,)", "Atom 2": "(26,)", "NMR exp": 2.93, "lower bound": 0.0, "upper bound": 3.22, "md": [3.0292438211564363], "lower": [2.3330976394287966], "upper": [3.563120995984471]}, "3": {"Atom 1": "(19, 20)", "Atom 2": "(26,)", "NMR exp": 2.73, "lower bound": 0.0, "upper bound": 4.2700000000000005, "md": [2.74754130630087, 3.7758632507566348], "lower": [2.428385284652009, 3.259567693433402], "upper": [3.4800049057735567, 4.306988002961495]}, "4": {"Atom 1": "(16, 17)", "Atom 2": "(26,)", "NMR exp": 2.71, "lower bound": 0.0, "upper bound": 4.24, "md": [2.5244596204523466, 4.171604110066733], "lower": [2.2078673185160174, 3.864889240232368], "upper": [3.8195299047815663, 4.715462751302607]}, "5": {"Atom 1": "(13, 14)", "Atom 2": "(26,)", "NMR exp": 2.63, "lower bound": 0.0, "upper bound": 4.14, "md": [2.6327709868241445, 3.998933993594514], "lower": [2.267953488627805, 3.721670406889457], "upper": [3.706184061150771, 4.67952650176459]}, "6": {"Atom 1": "(47,)", "Atom 2": "(59,)", "NMR exp": 2.57, "lower bound": 0.0, "upper bound": 2.83, "md": [2.1719377589648454], "lower": [2.0400854192497944], "upper": [3.5210108079346507]}, "7": {"Atom 1": "(49,)", "Atom 2": "(59,)", "NMR exp": 3.39, "lower bound": 0.0, "upper bound": 3.73, "md": [4.4524786796883555], "lower": [3.374891695638321], "upper": [5.1626901153869635]}, "8": {"Atom 1": "(61,)", "Atom 2": "(1,)", "NMR exp": 2.17, "lower bound": 0.0, "upper bound": 2.39, "md": [3.264452607149529], "lower": [2.3117710316933113], "upper": [3.5754538853062274]}, "9": {"Atom 1": "(1,)", "Atom 2": "(3,)", "NMR exp": 2.6, "lower bound": 0.0, "upper bound": 2.86, "md": [2.632473732629477], "lower": [2.2911304970520057], "upper": [2.9275077730678283]}, "10": {"Atom 1": "(1,)", "Atom 2": "(5, 6)", "NMR exp": 2.37, "lower bound": 0.0, "upper bound": 3.83, "md": [3.3147923902304424, 1.788424815877779], "lower": [2.765657035226554, 1.7277078967659691], "upper": [3.66725556040087, 3.412887907473633]}, "11": {"Atom 1": "(16, 17)", "Atom 2": "(13, 14)", "NMR exp": 1.73, "lower bound": 0.0, "upper bound": 4.19, "md": [2.272770675881542, 2.8134289025398354, 2.7471696889550263, 2.2776348940831728], "lower": [2.1712325394918075, 2.6827011378649384, 2.655405113663768, 2.1744766496160772], "upper": [2.4063952729937634, 2.9718175072761914, 2.941370380660841, 2.4066001210858197]}, "12": {"Atom 1": "(26,)", "Atom 2": "(28,)", "NMR exp": 2.31, "lower bound": 0.0, "upper bound": 2.54, "md": [2.792323445352002], "lower": [2.42578913784671], "upper": [2.9496181745873535]}, "13": {"Atom 1": "(28,)", "Atom 2": "(35, 36, 37, 39, 40, 41)", "NMR exp": 3.23, "lower bound": 0.0, "upper bound": 6.99, "md": [3.210078710168021, 3.2111761463607635, 3.2194143997786884, 2.7479212675409097, 2.7194012984966354, 2.709754780274918], "lower": [2.497416134409256, 2.4957353760694017, 2.5003167278186873, 2.327484016098558, 2.3180385789436473, 2.3146997188798983], "upper": [4.447504710570773, 4.448167801718409, 4.449056337951175, 4.349832832113488, 4.343234408221414, 4.341071871242478]}, "14": {"Atom 1": "(45,)", "Atom 2": "(50,)", "NMR exp": 2.75, "lower bound": 0.0, "upper bound": 3.02, "md": [2.6402578564898436], "lower": [2.3874515023007676], "upper": [3.538423385744318]}, "15": {"Atom 1": "(45,)", "Atom 2": "(49,)", "NMR exp": 3.02, "lower bound": 0.0, "upper bound": 3.3200000000000003, "md": [2.491471680923401], "lower": [2.287743993911117], "upper": [3.206969967573991]}, "16": {"Atom 1": "(47,)", "Atom 2": "(50,)", "NMR exp": 2.2600000000000002, "lower bound": 0.0, "upper bound": 2.49, "md": [2.5335394197930197], "lower": [2.3665782101348487], "upper": [3.001407706210926]}, "17": {"Atom 1": "(47,)", "Atom 2": "(49,)", "NMR exp": 2.11, "lower bound": 0.0, "upper bound": 2.32, "md": [2.66868621947142], "lower": [2.4180338905364525], "upper": [2.9905459576997355]}, "18": {"Atom 1": "(50,)", "Atom 2": "(54, 55)", "NMR exp": 2.6, "lower bound": 0.0, "upper bound": 6.0600000000000005, "md": [2.488138631934516, 3.1670832245406317], "lower": [2.234128598444001, 2.3719676504554097], "upper": [3.6339904909870646, 3.7058237415441435]}, "19": {"Atom 1": "(49,)", "Atom 2": "(54, 55)", "NMR exp": 3.31, "lower bound": 0.0, "upper bound": 7.11, "md": [2.4795667745046153, 3.254701375963822], "lower": [2.2409392030191935, 2.4806848763143057], "upper": [3.6169246569418134, 3.738601521924717]}, "20": {"Atom 1": "(59,)", "Atom 2": "(63, 64)", "NMR exp": 2.49, "lower bound": 0.0, "upper bound": 3.98, "md": [3.055024677620993, 3.915645841527521], "lower": [2.6043330862877165, 2.8664057927232887], "upper": [3.6340350373253285, 4.0679918362635386]}, "21": {"Atom 1": "(61,)", "Atom 2": "(63, 64)", "NMR exp": 2.08, "lower bound": 0.0, "upper bound": 3.47, "md": [1.7917237717888528, 1.9172658803133238], "lower": [1.7911916971206665, 1.879387885764042], "upper": [2.547193141140701, 2.8559852826316474]}}}