{"22": {"0": {"Atom 1": "(3,)", "Atom 2": "(26,)", "NMR exp": 3.19, "lower bound": 0.0, "upper bound": 3.5100000000000002, "md": [3.503662719257668], "lower": [3.0300891276927935], "upper": [4.377214202256439]}, "1": {"Atom 1": "(3,)", "Atom 2": "(13, 14)", "NMR exp": 1.83, "lower bound": 0.0, "upper bound": 3.16, "md": [4.104202296324526, 4.222747327587191], "lower": [3.1646050735524653, 3.7139367762531057], "upper": [4.631259000500388, 4.509533956521883]}, "2": {"Atom 1": "(22,)", "Atom 2": "(26,)", "NMR exp": 2.93, "lower bound": 0.0, "upper bound": 3.22, "md": [2.3002812982065697], "lower": [2.1360122425275074], "upper": [3.460069684128335]}, "3": {"Atom 1": "(19, 20)", "Atom 2": "(26,)", "NMR exp": 2.73, "lower bound": 0.0, "upper bound": 4.2700000000000005, "md": [2.6894081939111842, 2.919255558651951], "lower": [2.3795283227761748, 2.66452192423549], "upper": [3.434543250833247, 4.121259396951858]}, "4": {"Atom 1": "(16, 17)", "Atom 2": "(26,)", "NMR exp": 2.71, "lower bound": 0.0, "upper bound": 4.24, "md": [3.362584945669155, 4.695996316184655], "lower": [2.600874753266897, 4.1299634984426685], "upper": [4.528548201334632, 5.1523924929262765]}, "5": {"Atom 1": "(13, 14)", "Atom 2": "(26,)", "NMR exp": 2.63, "lower bound": 0.0, "upper bound": 4.14, "md": [3.416353503083879, 4.896586083565962], "lower": [2.550160283091356, 3.909399381291655], "upper": [5.265219016855976, 5.63275552066164]}, "6": {"Atom 1": "(47,)", "Atom 2": "(59,)", "NMR exp": 2.57, "lower bound": 0.0, "upper bound": 2.83, "md": [3.3667367096826055], "lower": [2.973196969308021], "upper": [3.576267371479233]}, "7": {"Atom 1": "(49,)", "Atom 2": "(59,)", "NMR exp": 3.39, "lower bound": 0.0, "upper bound": 3.73, "md": [2.9717943693333675], "lower": [2.4197167095299474], "upper": [3.875621173889697]}, "8": {"Atom 1": "(61,)", "Atom 2": "(1,)", "NMR exp": 2.17, "lower bound": 0.0, "upper bound": 2.39, "md": [2.9547202876765217], "lower": [2.2671441605700444], "upper": [3.545430251444736]}, "9": {"Atom 1": "(1,)", "Atom 2": "(3,)", "NMR exp": 2.6, "lower bound": 0.0, "upper bound": 2.86, "md": [2.2548267059272478], "lower": [2.155120110787354], "upper": [2.853209826347378]}, "10": {"Atom 1": "(1,)", "Atom 2": "(5, 6)", "NMR exp": 2.37, "lower bound": 0.0, "upper bound": 3.83, "md": [3.285387746058441, 3.2855230395680555], "lower": [2.7555863349282754, 2.8380902978530727], "upper": [3.6459509918277684, 3.835449658149619]}, "11": {"Atom 1": "(16, 17)", "Atom 2": "(13, 14)", "NMR exp": 1.73, "lower bound": 0.0, "upper bound": 4.19, "md": [2.2772026953952715, 2.555514638372171, 2.746302587634887, 2.7719408703217456], "lower": [2.1742379397277927, 2.4978642516575853, 2.655397102456951, 2.2960746005391415], "upper": [2.4089298987580996, 2.9028425250113075, 2.941728707644123, 2.801720791055963]}, "12": {"Atom 1": "(26,)", "Atom 2": "(28,)", "NMR exp": 2.31, "lower bound": 0.0, "upper bound": 2.54, "md": [2.2418961963433177], "lower": [2.133257518819119], "upper": [2.8620044108219567]}, "13": {"Atom 1": "(28,)", "Atom 2": "(35, 36, 37, 39, 40, 41)", "NMR exp": 3.23, "lower bound": 0.0, "upper bound": 6.99, "md": [3.3132333511093837, 3.3768009997555173, 3.4190491510872465, 2.6754348844891975, 2.6793834974353894, 2.6624051849671004], "lower": [2.538030138908149, 2.56218805215221, 2.5803141533460865, 2.3030615689057474, 2.305491575239709, 2.2989563524822163], "upper": [4.493156687775142, 4.504598098060557, 4.511422182952976, 4.314148525554827, 4.316500415052418, 4.312281693174132]}, "14": {"Atom 1": "(45,)", "Atom 2": "(50,)", "NMR exp": 2.75, "lower bound": 0.0, "upper bound": 3.02, "md": [2.4812374315375334], "lower": [2.2896326850048383], "upper": [3.5486408674651684]}, "15": {"Atom 1": "(45,)", "Atom 2": "(49,)", "NMR exp": 3.02, "lower bound": 0.0, "upper bound": 3.3200000000000003, "md": [2.3714445159900315], "lower": [2.201140023053547], "upper": [3.1970752496582455]}, "16": {"Atom 1": "(47,)", "Atom 2": "(50,)", "NMR exp": 2.2600000000000002, "lower bound": 0.0, "upper bound": 2.49, "md": [2.515318562967166], "lower": [2.3550039974707393], "upper": [2.992846608430916]}, "17": {"Atom 1": "(47,)", "Atom 2": "(49,)", "NMR exp": 2.11, "lower bound": 0.0, "upper bound": 2.32, "md": [2.6245075705068843], "lower": [2.4017743019109363], "upper": [2.9658690748541288]}, "18": {"Atom 1": "(50,)", "Atom 2": "(54, 55)", "NMR exp": 2.6, "lower bound": 0.0, "upper bound": 6.0600000000000005, "md": [2.9436483625569947, 2.5268916012452074], "lower": [2.322481976759, 2.2448135102205278], "upper": [3.694640872741848, 3.6155482639954384]}, "19": {"Atom 1": "(49,)", "Atom 2": "(54, 55)", "NMR exp": 3.31, "lower bound": 0.0, "upper bound": 7.11, "md": [3.0464460048923967, 2.618447171987687], "lower": [2.3887357642184393, 2.289573623446223], "upper": [3.7182361115649916, 3.628179135375447]}, "20": {"Atom 1": "(59,)", "Atom 2": "(63, 64)", "NMR exp": 2.49, "lower bound": 0.0, "upper bound": 3.98, "md": [2.5404519646357544, 3.3007866898368534], "lower": [2.31609106774827, 2.714883169090116], "upper": [3.4341060281441136, 3.638092725291281]}, "21": {"Atom 1": "(61,)", "Atom 2": "(63, 64)", "NMR exp": 2.08, "lower bound": 0.0, "upper bound": 3.47, "md": [2.7401760999846405, 2.3226828678467357], "lower": [2.4266084936018837, 2.2178361280671717], "upper": [3.0030558470472815, 2.924377969341215]}}}