{"stat":{"0":"MAE","1":"MSE","2":"RMSD","3":"pearsonr","4":"kendalltau","5":"chisq"},"value":{"0":0.4987644956,"1":0.2482396153,"2":0.6864052948,"3":0.1195155577,"4":0.13015215,"5":4.9164821698},"up":{"0":0.7174583986,"1":0.5302902253,"2":0.9900235723,"3":0.6150546092,"4":0.4155296237,"5":10.8343701397},"low":{"0":0.3269142577,"1":0.0,"2":0.4111764951,"3":0.0,"4":0.0,"5":1.4866375231}}