{"stat":{"0":"MAE","1":"MSE","2":"RMSD","3":"pearsonr","4":"kendalltau","5":"chisq"},"value":{"0":0.5937819378,"1":0.2490043358,"2":0.7623112635,"3":0.1472156413,"4":0.06941448,"5":5.6853443455},"up":{"0":0.8082335547,"1":0.5553527956,"2":1.0048014496,"3":0.5197382819,"4":0.3396548908,"5":10.6983734268},"low":{"0":0.4063672664,"1":0.0,"2":0.5200594845,"3":0.0,"4":0.0,"5":2.335105588}}