{"22": {"0": {"Atom 1": "(3,)", "Atom 2": "(26,)", "NMR exp": 3.19, "lower bound": 0.0, "upper bound": 3.5100000000000002, "md": [3.5044694629700786], "lower": [3.0134740445109474], "upper": [4.440655907470444]}, "1": {"Atom 1": "(3,)", "Atom 2": "(13, 14)", "NMR exp": 1.83, "lower bound": 0.0, "upper bound": 3.16, "md": [3.88829405944625, 3.875082630687564], "lower": [3.036774008763596, 2.9166800883813866], "upper": [4.608182241872341, 4.423376038821674]}, "2": {"Atom 1": "(22,)", "Atom 2": "(26,)", "NMR exp": 2.93, "lower bound": 0.0, "upper bound": 3.22, "md": [2.2168816119996384], "lower": [2.083435936470228], "upper": [3.4156927771319334]}, "3": {"Atom 1": "(19, 20)", "Atom 2": "(26,)", "NMR exp": 2.73, "lower bound": 0.0, "upper bound": 4.2700000000000005, "md": [2.336670203926435, 2.9454390963176063], "lower": [2.1198165262178863, 2.675528583882236], "upper": [3.3934951058592437, 4.177712811376524]}, "4": {"Atom 1": "(16, 17)", "Atom 2": "(26,)", "NMR exp": 2.71, "lower bound": 0.0, "upper bound": 4.24, "md": [3.7725633015086797, 4.826557802440088], "lower": [2.8272985097387062, 4.25339330132973], "upper": [4.7488318560705896, 5.283731935380485]}, "5": {"Atom 1": "(13, 14)", "Atom 2": "(26,)", "NMR exp": 2.63, "lower bound": 0.0, "upper bound": 4.14, "md": [3.945500147489277, 5.144875664311001], "lower": [2.6956492922458137, 3.9801754495603974], "upper": [5.382176139457361, 5.687891888258457]}, "6": {"Atom 1": "(47,)", "Atom 2": "(59,)", "NMR exp": 2.57, "lower bound": 0.0, "upper bound": 2.83, "md": [3.2772206962912667], "lower": [2.361907113209207], "upper": [3.570895471956703]}, "7": {"Atom 1": "(49,)", "Atom 2": "(59,)", "NMR exp": 3.39, "lower bound": 0.0, "upper bound": 3.73, "md": [3.0346893236207304], "lower": [2.478233213646109], "upper": [3.937088631212503]}, "8": {"Atom 1": "(61,)", "Atom 2": "(1,)", "NMR exp": 2.17, "lower bound": 0.0, "upper bound": 2.39, "md": [3.1366102333715205], "lower": [2.371424833804287], "upper": [3.555762580904007]}, "9": {"Atom 1": "(1,)", "Atom 2": "(3,)", "NMR exp": 2.6, "lower bound": 0.0, "upper bound": 2.86, "md": [1.7774817034005628], "lower": [1.7759897708892822], "upper": [2.812860441215479]}, "10": {"Atom 1": "(1,)", "Atom 2": "(5, 6)", "NMR exp": 2.37, "lower bound": 0.0, "upper bound": 3.83, "md": [3.36400248496759, 3.4227982207041383], "lower": [2.7697868452232246, 2.8459518366959657], "upper": [3.678607024932367, 3.8627284573296388]}, "11": {"Atom 1": "(16, 17)", "Atom 2": "(13, 14)", "NMR exp": 1.73, "lower bound": 0.0, "upper bound": 4.19, "md": [2.267937747553809, 3.112227205968178, 2.6509040663711825, 2.2566908793555482], "lower": [2.1680351833884255, 2.8317292790402737, 2.582481133623962, 2.1604342483487455], "upper": [2.403458549777272, 3.145302378503726, 2.9115470327584174, 2.3954092505429463]}, "12": {"Atom 1": "(26,)", "Atom 2": "(28,)", "NMR exp": 2.31, "lower bound": 0.0, "upper bound": 2.54, "md": [2.229520569282728], "lower": [2.1253349285015974], "upper": [2.845640673444336]}, "13": {"Atom 1": "(28,)", "Atom 2": "(35, 36, 37, 39, 40, 41)", "NMR exp": 3.23, "lower bound": 0.0, "upper bound": 6.99, "md": [3.265927625926676, 5.717629971904618, 3.209943860663613, 2.712388116006214, 2.7283240468340213, 2.7560502267746148], "lower": [2.509847760482929, 3.7162824011915307, 2.4895101336337895, 2.3125685168861168, 2.318712952229749, 2.3281696164150785], "upper": [4.437945387879292, 5.757318902399033, 4.428339388255041, 4.338026606359067, 4.340313930317958, 4.348102343463644]}, "14": {"Atom 1": "(45,)", "Atom 2": "(50,)", "NMR exp": 2.75, "lower bound": 0.0, "upper bound": 3.02, "md": [1.9379493663654987], "lower": [1.8708569461945224], "upper": [3.0358561161405992]}, "15": {"Atom 1": "(45,)", "Atom 2": "(49,)", "NMR exp": 3.02, "lower bound": 0.0, "upper bound": 3.3200000000000003, "md": [2.334513207297488], "lower": [2.1800471520482603], "upper": [3.0687979478685588]}, "16": {"Atom 1": "(47,)", "Atom 2": "(50,)", "NMR exp": 2.2600000000000002, "lower bound": 0.0, "upper bound": 2.49, "md": [2.5068862367830373], "lower": [2.3514088142671863], "upper": [2.989498843795447]}, "17": {"Atom 1": "(47,)", "Atom 2": "(49,)", "NMR exp": 2.11, "lower bound": 0.0, "upper bound": 2.32, "md": [2.600896329913603], "lower": [2.397118642660161], "upper": [2.9467505640138416]}, "18": {"Atom 1": "(50,)", "Atom 2": "(54, 55)", "NMR exp": 2.6, "lower bound": 0.0, "upper bound": 6.0600000000000005, "md": [3.3254664654120925, 2.3817399318231467], "lower": [2.429952906659439, 2.1914792587204435], "upper": [3.7688806044828893, 3.573621783335758]}, "19": {"Atom 1": "(49,)", "Atom 2": "(54, 55)", "NMR exp": 3.31, "lower bound": 0.0, "upper bound": 7.11, "md": [3.405601435493187, 2.3949274770480353], "lower": [2.5874447352979066, 2.203843385982186], "upper": [3.803118893230188, 3.5639066360448632]}, "20": {"Atom 1": "(59,)", "Atom 2": "(63, 64)", "NMR exp": 2.49, "lower bound": 0.0, "upper bound": 3.98, "md": [2.4047268029461364, 3.07686816818255], "lower": [2.2283022651839066, 2.6165996681040555], "upper": [3.403607667923641, 3.5540013158791988]}, "21": {"Atom 1": "(61,)", "Atom 2": "(63, 64)", "NMR exp": 2.08, "lower bound": 0.0, "upper bound": 3.47, "md": [2.7329559134329884, 2.3696860745085364], "lower": [2.4248977246208754, 2.2484020820861264], "upper": [2.9980052321450765, 2.9280591509423575]}}}