{"stat":{"0":"MAE","1":"MSE","2":"RMSD","3":"pearsonr","4":"kendalltau","5":"chisq"},"value":{"0":0.4231787601,"1":0.2103000082,"2":0.6305105727,"3":0.1155741727,"4":0.22559706,"5":4.2673981782},"up":{"0":0.637704076,"1":0.4805056478,"2":0.9399751414,"3":0.7007519861,"4":0.5714301555,"5":10.1287740854},"low":{"0":0.2563947192,"1":0.0,"2":0.3357959296,"3":0.0,"4":0.0,"5":1.0031933594}}