{"22": {"0": {"Atom 1": "(3,)", "Atom 2": "(26,)", "NMR exp": 3.19, "lower bound": 0.0, "upper bound": 3.5100000000000002, "md": [3.21758048325155], "lower": [2.8364576048832313], "upper": [4.317301853310691]}, "1": {"Atom 1": "(3,)", "Atom 2": "(13, 14)", "NMR exp": 1.83, "lower bound": 0.0, "upper bound": 3.16, "md": [4.662675961027995, 4.081247523909899], "lower": [4.276728835782004, 3.5007491530876234], "upper": [4.780635422208192, 4.462900467205527]}, "2": {"Atom 1": "(22,)", "Atom 2": "(26,)", "NMR exp": 2.93, "lower bound": 0.0, "upper bound": 3.22, "md": [2.4827134947250054], "lower": [2.2145339752995032], "upper": [3.5289667447302175]}, "3": {"Atom 1": "(19, 20)", "Atom 2": "(26,)", "NMR exp": 2.73, "lower bound": 0.0, "upper bound": 4.2700000000000005, "md": [2.993334280708435, 3.214629801930541], "lower": [2.580601659495745, 2.8610666279223187], "upper": [3.580336646062773, 4.203825653213764]}, "4": {"Atom 1": "(16, 17)", "Atom 2": "(26,)", "NMR exp": 2.71, "lower bound": 0.0, "upper bound": 4.24, "md": [2.8773671556477494, 4.4781366706426295], "lower": [2.4014845679071346, 4.03710698888847], "upper": [4.222090558300837, 4.9784569704977795]}, "5": {"Atom 1": "(13, 14)", "Atom 2": "(26,)", "NMR exp": 2.63, "lower bound": 0.0, "upper bound": 4.14, "md": [2.7498910720882486, 4.215927851002714], "lower": [2.3277486448744824, 3.8200692521037696], "upper": [4.307574593704884, 5.243219689446487]}, "6": {"Atom 1": "(47,)", "Atom 2": "(59,)", "NMR exp": 2.57, "lower bound": 0.0, "upper bound": 2.83, "md": [3.431206891940524], "lower": [3.178884443645386], "upper": [3.600356129337219]}, "7": {"Atom 1": "(49,)", "Atom 2": "(59,)", "NMR exp": 3.39, "lower bound": 0.0, "upper bound": 3.73, "md": [2.7670072745231584], "lower": [2.3450601022158546], "upper": [3.999693259210665]}, "8": {"Atom 1": "(61,)", "Atom 2": "(1,)", "NMR exp": 2.17, "lower bound": 0.0, "upper bound": 2.39, "md": [2.8211978735343903], "lower": [2.2630834352263487], "upper": [3.5393938835184384]}, "9": {"Atom 1": "(1,)", "Atom 2": "(3,)", "NMR exp": 2.6, "lower bound": 0.0, "upper bound": 2.86, "md": [2.2926869420342566], "lower": [2.1759811615419666], "upper": [2.885873709915867]}, "10": {"Atom 1": "(1,)", "Atom 2": "(5, 6)", "NMR exp": 2.37, "lower bound": 0.0, "upper bound": 3.83, "md": [3.1553909735959267, 3.1194890428969746], "lower": [2.672502713435472, 2.7377007362384846], "upper": [3.597227342434584, 3.7524141937713766]}, "11": {"Atom 1": "(16, 17)", "Atom 2": "(13, 14)", "NMR exp": 1.73, "lower bound": 0.0, "upper bound": 4.19, "md": [2.2600414820131975, 2.786713557188944, 2.7417292250657486, 2.271210429090313], "lower": [2.162788272769374, 2.665469709267496, 2.651224630071271, 2.1700466830744514], "upper": [2.400364770793928, 2.9627066668008286, 2.940568708626106, 2.4035369714145]}, "12": {"Atom 1": "(26,)", "Atom 2": "(28,)", "NMR exp": 2.31, "lower bound": 0.0, "upper bound": 2.54, "md": [2.3600469756752513], "lower": [2.186660936504242], "upper": [2.9009512649243705]}, "13": {"Atom 1": "(28,)", "Atom 2": "(35, 36, 37, 39, 40, 41)", "NMR exp": 3.23, "lower bound": 0.0, "upper bound": 6.99, "md": [3.282063814492184, 3.2458122237934814, 3.3174487602575953, 2.7326588614305822, 2.684122675087646, 2.697112738926031], "lower": [2.5229124978615998, 2.5072036800007877, 2.5361846749970836, 2.322625262022003, 2.304373891245505, 2.309184916934164], "upper": [4.4724866210668495, 4.467156705273731, 4.480862066908784, 4.339084443456402, 4.327803367572361, 4.3305087987316]}, "14": {"Atom 1": "(45,)", "Atom 2": "(50,)", "NMR exp": 2.75, "lower bound": 0.0, "upper bound": 3.02, "md": [2.570757947136156], "lower": [2.34592221522044], "upper": [3.502218968981164]}, "15": {"Atom 1": "(45,)", "Atom 2": "(49,)", "NMR exp": 3.02, "lower bound": 0.0, "upper bound": 3.3200000000000003, "md": [2.4338515598877812], "lower": [2.245630940627567], "upper": [3.1940332860893643]}, "16": {"Atom 1": "(47,)", "Atom 2": "(50,)", "NMR exp": 2.2600000000000002, "lower bound": 0.0, "upper bound": 2.49, "md": [2.5110043777452757], "lower": [2.3512937687601263], "upper": [2.9912026325028367]}, "17": {"Atom 1": "(47,)", "Atom 2": "(49,)", "NMR exp": 2.11, "lower bound": 0.0, "upper bound": 2.32, "md": [2.6292131854269165], "lower": [2.405495624386832], "upper": [2.966906262676662]}, "18": {"Atom 1": "(50,)", "Atom 2": "(54, 55)", "NMR exp": 2.6, "lower bound": 0.0, "upper bound": 6.0600000000000005, "md": [3.3655437122371983, 2.428359068498495], "lower": [2.460505051170286, 2.211697099867809], "upper": [3.7887821114180813, 3.5584874226598644]}, "19": {"Atom 1": "(49,)", "Atom 2": "(54, 55)", "NMR exp": 3.31, "lower bound": 0.0, "upper bound": 7.11, "md": [3.2829574420020875, 2.4084734419122573], "lower": [2.5016531097913974, 2.2094184700798434], "upper": [3.768045800640387, 3.54858666457271]}, "20": {"Atom 1": "(59,)", "Atom 2": "(63, 64)", "NMR exp": 2.49, "lower bound": 0.0, "upper bound": 3.98, "md": [2.7093171721529825, 3.204306402837264], "lower": [2.415786141480396, 2.6581527182114413], "upper": [3.5205684649653235, 3.584058925212102]}, "21": {"Atom 1": "(61,)", "Atom 2": "(63, 64)", "NMR exp": 2.08, "lower bound": 0.0, "upper bound": 3.47, "md": [2.6562036304308543, 2.371516711307902], "lower": [2.404837410889374, 2.249898399298909], "upper": [2.9479289746872603, 2.9240395504284065]}}}