{"stat":{"0":"MAE","1":"MSE","2":"RMSD","3":"pearsonr","4":"kendalltau","5":"chisq"},"value":{"0":0.5791258927,"1":0.3003652599,"2":0.9158972532,"3":0.1229850792,"4":0.1735362,"5":7.9987303423},"up":{"0":0.8985418858,"1":0.6880481328,"2":1.3176513782,"3":0.590424923,"4":0.4751188217,"5":16.8946503206},"low":{"0":0.3162707354,"1":0.0,"2":0.4208890603,"3":0.0,"4":0.0,"5":1.5322686263}}