{"22": {"0": {"Atom 1": "(3,)", "Atom 2": "(26,)", "NMR exp": 3.19, "lower bound": 0.0, "upper bound": 3.5100000000000002, "md": [3.213477188826339], "lower": [2.8233999483168066], "upper": [4.24402087253484]}, "1": {"Atom 1": "(3,)", "Atom 2": "(13, 14)", "NMR exp": 1.83, "lower bound": 0.0, "upper bound": 3.16, "md": [4.450531271411536, 4.220491779667096], "lower": [3.9763982927088026, 3.7459186724045654], "upper": [4.675172549008744, 4.510913035943913]}, "2": {"Atom 1": "(22,)", "Atom 2": "(26,)", "NMR exp": 2.93, "lower bound": 0.0, "upper bound": 3.22, "md": [2.2259817938361546], "lower": [2.0916716288716426], "upper": [3.427841228815791]}, "3": {"Atom 1": "(19, 20)", "Atom 2": "(26,)", "NMR exp": 2.73, "lower bound": 0.0, "upper bound": 4.2700000000000005, "md": [2.583829537866012, 3.0084534042740674], "lower": [2.298533356005248, 2.710668258809989], "upper": [3.4228712966506443, 4.162875526448668]}, "4": {"Atom 1": "(16, 17)", "Atom 2": "(26,)", "NMR exp": 2.71, "lower bound": 0.0, "upper bound": 4.24, "md": [4.050667407155647, 4.984564867153523], "lower": [2.9171504927386405, 4.309891278819525], "upper": [4.8229586716452575, 5.322938260186819]}, "5": {"Atom 1": "(13, 14)", "Atom 2": "(26,)", "NMR exp": 2.63, "lower bound": 0.0, "upper bound": 4.14, "md": [5.9976693708828215, 5.389352049181719], "lower": [3.158449066868041, 4.013975957367595], "upper": [6.049678073312745, 5.679932390377808]}, "6": {"Atom 1": "(47,)", "Atom 2": "(59,)", "NMR exp": 2.57, "lower bound": 0.0, "upper bound": 2.83, "md": [2.9918508141419298], "lower": [2.2020290359455337], "upper": [3.5579545672143778]}, "7": {"Atom 1": "(49,)", "Atom 2": "(59,)", "NMR exp": 3.39, "lower bound": 0.0, "upper bound": 3.73, "md": [2.916403527478737], "lower": [2.436199736118524], "upper": [4.083877840286773]}, "8": {"Atom 1": "(61,)", "Atom 2": "(1,)", "NMR exp": 2.17, "lower bound": 0.0, "upper bound": 2.39, "md": [2.762705411498088], "lower": [2.2720218151697815], "upper": [3.543264015418433]}, "9": {"Atom 1": "(1,)", "Atom 2": "(3,)", "NMR exp": 2.6, "lower bound": 0.0, "upper bound": 2.86, "md": [2.1331556331845913], "lower": [2.0654579076409973], "upper": [2.860367156207636]}, "10": {"Atom 1": "(1,)", "Atom 2": "(5, 6)", "NMR exp": 2.37, "lower bound": 0.0, "upper bound": 3.83, "md": [3.3355177511216256, 3.7689647416005703], "lower": [2.778788938616676, 3.043089042626516], "upper": [3.6682824523539104, 3.980938181217702]}, "11": {"Atom 1": "(16, 17)", "Atom 2": "(13, 14)", "NMR exp": 1.73, "lower bound": 0.0, "upper bound": 4.19, "md": [1.857709903385286, 2.6586047513070756, 2.742533314759427, 2.2608987364803577], "lower": [1.8217521726384571, 2.5793107469029306, 2.6513193401934028, 2.1637136871813976], "upper": [2.327711290193445, 2.9250310201982472, 2.939903841744215, 2.3982003743947202]}, "12": {"Atom 1": "(26,)", "Atom 2": "(28,)", "NMR exp": 2.31, "lower bound": 0.0, "upper bound": 2.54, "md": [2.1969127749064565], "lower": [2.104106546382672], "upper": [2.8484124421937747]}, "13": {"Atom 1": "(28,)", "Atom 2": "(35, 36, 37, 39, 40, 41)", "NMR exp": 3.23, "lower bound": 0.0, "upper bound": 6.99, "md": [3.246462830709308, 3.1806947766667344, 3.2252578602141275, 2.7469693548398517, 2.7579211530254484, 2.726405284274754], "lower": [2.5027607419022893, 2.480269424464126, 2.4943413215808325, 2.325069498686532, 2.3280281586956533, 2.3183769870431132], "upper": [4.438558470906532, 4.423264351648624, 4.432799919776388, 4.342657239116899, 4.3443337447321015, 4.336676737655161]}, "14": {"Atom 1": "(45,)", "Atom 2": "(50,)", "NMR exp": 2.75, "lower bound": 0.0, "upper bound": 3.02, "md": [2.658804306777353], "lower": [2.389477935462242], "upper": [3.3782246766768527]}, "15": {"Atom 1": "(45,)", "Atom 2": "(49,)", "NMR exp": 3.02, "lower bound": 0.0, "upper bound": 3.3200000000000003, "md": [2.3866263955243103], "lower": [2.2171721146771897], "upper": [3.0465456703266183]}, "16": {"Atom 1": "(47,)", "Atom 2": "(50,)", "NMR exp": 2.2600000000000002, "lower bound": 0.0, "upper bound": 2.49, "md": [2.493597232134284], "lower": [2.3466815695335517], "upper": [2.9848750538347177]}, "17": {"Atom 1": "(47,)", "Atom 2": "(49,)", "NMR exp": 2.11, "lower bound": 0.0, "upper bound": 2.32, "md": [2.5926593747430617], "lower": [2.3958645155669767], "upper": [2.945956909562216]}, "18": {"Atom 1": "(50,)", "Atom 2": "(54, 55)", "NMR exp": 2.6, "lower bound": 0.0, "upper bound": 6.0600000000000005, "md": [3.150386393477069, 2.418293753579588], "lower": [2.373027937010523, 2.209224171226811], "upper": [3.7239119094783657, 3.590859054129706]}, "19": {"Atom 1": "(49,)", "Atom 2": "(54, 55)", "NMR exp": 3.31, "lower bound": 0.0, "upper bound": 7.11, "md": [3.228891812784822, 2.439703963610389], "lower": [2.4703703562953816, 2.224885034005966], "upper": [3.7449339710735106, 3.585590162332614]}, "20": {"Atom 1": "(59,)", "Atom 2": "(63, 64)", "NMR exp": 2.49, "lower bound": 0.0, "upper bound": 3.98, "md": [2.3194756431325287, 3.1254789440410473], "lower": [2.168505476485421, 2.641494777231996], "upper": [3.3721505328517996, 3.6624623848168856]}, "21": {"Atom 1": "(61,)", "Atom 2": "(63, 64)", "NMR exp": 2.08, "lower bound": 0.0, "upper bound": 3.47, "md": [2.7634848192885024, 2.41637376632032], "lower": [2.4294680431957887, 2.2772865249087144], "upper": [3.011161677262495, 2.9586294636475268]}}}