{"22": {"0": {"Atom 1": "(3,)", "Atom 2": "(26,)", "NMR exp": 3.19, "lower bound": 0.0, "upper bound": 3.5100000000000002, "md": [3.1208006786038425], "lower": [2.7714107171342657], "upper": [4.189618947782096]}, "1": {"Atom 1": "(3,)", "Atom 2": "(13, 14)", "NMR exp": 1.83, "lower bound": 0.0, "upper bound": 3.16, "md": [4.527015796034092, 4.259828599357854], "lower": [4.074422565316809, 3.7235989201746307], "upper": [4.705088626867078, 4.528156101426363]}, "2": {"Atom 1": "(22,)", "Atom 2": "(26,)", "NMR exp": 2.93, "lower bound": 0.0, "upper bound": 3.22, "md": [2.403595413411326], "lower": [2.1864935565911314], "upper": [3.4808589516603874]}, "3": {"Atom 1": "(19, 20)", "Atom 2": "(26,)", "NMR exp": 2.73, "lower bound": 0.0, "upper bound": 4.2700000000000005, "md": [2.800269429969376, 3.127711106856172], "lower": [2.4518286574585093, 2.803905245972155], "upper": [3.5122593841658354, 4.189670361276861]}, "4": {"Atom 1": "(16, 17)", "Atom 2": "(26,)", "NMR exp": 2.71, "lower bound": 0.0, "upper bound": 4.24, "md": [3.063947549046907, 4.565338470998829], "lower": [2.5231547612543936, 4.115725384897812], "upper": [4.467291351947159, 5.121270758056397]}, "5": {"Atom 1": "(13, 14)", "Atom 2": "(26,)", "NMR exp": 2.63, "lower bound": 0.0, "upper bound": 4.14, "md": [2.8530377794325386, 4.390387800199558], "lower": [2.399090933380353, 3.8953722026310063], "upper": [4.716386209797689, 5.560881047820802]}, "6": {"Atom 1": "(47,)", "Atom 2": "(59,)", "NMR exp": 2.57, "lower bound": 0.0, "upper bound": 2.83, "md": [3.1072283874379947], "lower": [2.9415688275810123], "upper": [3.567330051052697]}, "7": {"Atom 1": "(49,)", "Atom 2": "(59,)", "NMR exp": 3.39, "lower bound": 0.0, "upper bound": 3.73, "md": [2.8855350250480045], "lower": [2.4202858619437153], "upper": [4.146791509365757]}, "8": {"Atom 1": "(61,)", "Atom 2": "(1,)", "NMR exp": 2.17, "lower bound": 0.0, "upper bound": 2.39, "md": [2.906097262310094], "lower": [2.320459859564003], "upper": [3.5250054384369793]}, "9": {"Atom 1": "(1,)", "Atom 2": "(3,)", "NMR exp": 2.6, "lower bound": 0.0, "upper bound": 2.86, "md": [2.223319534249771], "lower": [2.1326579124122493], "upper": [2.85409686339757]}, "10": {"Atom 1": "(1,)", "Atom 2": "(5, 6)", "NMR exp": 2.37, "lower bound": 0.0, "upper bound": 3.83, "md": [3.230984378606717, 3.3607213155278597], "lower": [2.7140539218869537, 2.8358608561261462], "upper": [3.6164504999975136, 3.861005563003743]}, "11": {"Atom 1": "(16, 17)", "Atom 2": "(13, 14)", "NMR exp": 1.73, "lower bound": 0.0, "upper bound": 4.19, "md": [2.267687221722596, 2.6897604455405753, 2.7500453476564433, 2.2736562419195057], "lower": [2.1678239773026955, 2.601795337307872, 2.6564883652020432, 2.1719750142704206], "upper": [2.404090511662931, 2.9321401890003536, 2.9432338868137635, 2.4048208276276615]}, "12": {"Atom 1": "(26,)", "Atom 2": "(28,)", "NMR exp": 2.31, "lower bound": 0.0, "upper bound": 2.54, "md": [2.301118116377901], "lower": [2.163610919278217], "upper": [2.8756934163080814]}, "13": {"Atom 1": "(28,)", "Atom 2": "(35, 36, 37, 39, 40, 41)", "NMR exp": 3.23, "lower bound": 0.0, "upper bound": 6.99, "md": [3.4241504547268486, 3.3973084280115224, 3.4145332398121164, 2.6606459321852167, 2.655851976160915, 2.7288842068026193], "lower": [2.568093752429308, 2.560115712752568, 2.566942060650453, 2.294989480401158, 2.2932126660392096, 2.3190925526807074], "upper": [4.485193956635163, 4.479520832387146, 4.483041140863255, 4.318182645619274, 4.318227657223228, 4.335046672407081]}, "14": {"Atom 1": "(45,)", "Atom 2": "(50,)", "NMR exp": 2.75, "lower bound": 0.0, "upper bound": 3.02, "md": [2.7500379241682347], "lower": [2.430460262976623], "upper": [3.4734872263242025]}, "15": {"Atom 1": "(45,)", "Atom 2": "(49,)", "NMR exp": 3.02, "lower bound": 0.0, "upper bound": 3.3200000000000003, "md": [2.2964439189025128], "lower": [2.1515476511246248], "upper": [3.0350176251474945]}, "16": {"Atom 1": "(47,)", "Atom 2": "(50,)", "NMR exp": 2.2600000000000002, "lower bound": 0.0, "upper bound": 2.49, "md": [2.4842736958114697], "lower": [2.339595200909428], "upper": [2.9818097679421105]}, "17": {"Atom 1": "(47,)", "Atom 2": "(49,)", "NMR exp": 2.11, "lower bound": 0.0, "upper bound": 2.32, "md": [2.6860615949714766], "lower": [2.4261894418888446], "upper": [3.000655899169959]}, "18": {"Atom 1": "(50,)", "Atom 2": "(54, 55)", "NMR exp": 2.6, "lower bound": 0.0, "upper bound": 6.0600000000000005, "md": [3.2574274119443976, 2.3795862170809934], "lower": [2.397990703377012, 2.1907708861089192], "upper": [3.714445620015751, 3.64298699465783]}, "19": {"Atom 1": "(49,)", "Atom 2": "(54, 55)", "NMR exp": 3.31, "lower bound": 0.0, "upper bound": 7.11, "md": [3.2811963593622857, 2.405168139828931], "lower": [2.498408324826232, 2.2078593154873727], "upper": [3.724537190392794, 3.658301259123643]}, "20": {"Atom 1": "(59,)", "Atom 2": "(63, 64)", "NMR exp": 2.49, "lower bound": 0.0, "upper bound": 3.98, "md": [2.6656784217710805, 3.187010573410522], "lower": [2.3813792394390747, 2.645615803337314], "upper": [3.499163126799392, 3.5808337801347685]}, "21": {"Atom 1": "(61,)", "Atom 2": "(63, 64)", "NMR exp": 2.08, "lower bound": 0.0, "upper bound": 3.47, "md": [2.671755324993857, 2.399545432661343], "lower": [2.411595259083162, 2.2679217182403035], "upper": [2.964462410866176, 2.933669098551779]}}}