{"stat":{"0":"MAE","1":"MSE","2":"RMSD","3":"pearsonr","4":"kendalltau","5":"chisq"},"value":{"0":0.4395632201,"1":0.2160718804,"2":0.6653530249,"3":0.0789534966,"4":0.1735362,"5":4.8028352777},"up":{"0":0.6727773179,"1":0.5039339045,"2":0.9992773704,"3":0.6911312737,"4":0.5137614679,"5":11.4989131066},"low":{"0":0.267051575,"1":0.0,"2":0.3475291086,"3":0.0,"4":0.0,"5":1.0478747635}}