{"minimum_sasa": 9.403424034118615, "minimum_psa": 8.33336577415466}