{"single": {"stat": {"0": "MAE", "1": "MSE", "2": "RMSD", "3": "RMSD_step", "4": "pearsonr", "5": "kendalltau", "6": "chisq", "7": "percentage_fulfilled"}, "value": {"0": 0.8813456776486164, "1": -0.655128135049046, "2": 1.0275977816584871, "3": 0.4830458915396479, "4": 0.4224124693237949, "5": 0.4773046784773316, "6": 17.522493214090336, "7": 0.9027777777777778}, "up": {"0": 1.0044326945243796, "1": -0.4665407801388171, "2": 1.1384736179388728, "3": 0.641179468722378, "4": 0.5721416628379752, "5": 0.5968146071861262, "6": 21.576032648766276, "7": 0.0}, "low": {"0": 0.7639561552390208, "1": 0.0, "2": 0.9087477083431474, "3": 0.2666666666666666, "4": 0.24620493758699852, "5": 0.32049718197192717, "6": 13.74743470990812, "7": 0.0}}}