{"single": {"stat": {"0": "MAE", "1": "MSE", "2": "RMSD", "3": "RMSD_step", "4": "pearsonr", "5": "kendalltau", "6": "chisq", "7": "percentage_fulfilled"}, "value": {"0": 0.8813456776486164, "1": -0.655128135049046, "2": 1.0275977816584871, "3": 0.4830458915396479, "4": 0.4224124693237949, "5": 0.4773046784773316, "6": 17.522493214090336, "7": 0.9027777777777778}, "up": {"0": 1.003405346828839, "1": -0.4659796840439403, "2": 1.139320290133355, "3": 0.641179468722378, "4": 0.571585255286953, "5": 0.5959202812549146, "6": 21.459991602654632, "7": 0.0}, "low": {"0": 0.7585470523556186, "1": 0.0, "2": 0.9080134246788728, "3": 0.3018461712712472, "4": 0.24729318552621338, "5": 0.3222362801829691, "6": 13.699053953901837, "7": 0.0}}}