{"single": {"fulfil": {"best": 0.5517241379310345, "random": [0.32413793103448274, 0.46896551724137925, 0.5655172413793104, 0.6413793103448275, 0.6620689655172414], "low_energy": [0.3103448275862069, 0.5517241379310345, 0.4482758620689655, 0.6206896551724138, 0.6896551724137931], "LICUV": [0.5517241379310345, 0.6896551724137931, 0.5862068965517241, 0.5517241379310345, 0.6551724137931034], "NAMFIS": [0.27586206896551724, 0.5172413793103449, 0.7586206896551724, 0.7586206896551724, 0.7586206896551724]}, "rmsd": {"best": 0.38786485610639876, "random": [0.7478779628920158, 0.4989198583990593, 0.3739043037579602, 0.29494536158483464, 0.23500081805310416], "low_energy": [0.8348897002633568, 0.40392078118627045, 0.3945116932205959, 0.24139805543734033, 0.22308056320487551], "LICUV": [0.5943762757458132, 0.38058454080751797, 0.34726981362737913, 0.361373348210509, 0.27774447557860504], "NAMFIS": [0.5333773183324741, 0.2842008143291436, 0.22280894253132544, 0.21861807437921735, 0.21861807422081775]}, "mae": {"best": 0.3154343085453427, "random": [0.5411163223858536, 0.32522029769416094, 0.24367984360569395, 0.19814592608515966, 0.1699515965861757], "low_energy": [0.5392396575006944, 0.2852041927100853, 0.2681706722712923, 0.17433809372942755, 0.16463416551595955], "LICUV": [0.4090410686361377, 0.21790225788248035, 0.21615200290010636, 0.2196159068389638, 0.18053250202647958], "NAMFIS": [0.4020107098283438, 0.1989781851011151, 0.1401254086398383, 0.1341338094672337, 0.1341338094008693]}, "bundle-size": [1, 3, 5, 10, 30]}}