{"single": {"fulfil": {"best": 0.3448275862068966, "random": [0.2482758620689655, 0.33103448275862074, 0.3413793103448276, 0.32413793103448274, 0.32068965517241377], "low_energy": [0.2413793103448276, 0.3793103448275862, 0.3448275862068966, 0.3448275862068966, 0.3448275862068966], "LICUV": [0.3448275862068966, 0.3448275862068966, 0.3448275862068966, 0.3103448275862069, 0.3448275862068966], "NAMFIS": [0.2413793103448276, 0.3103448275862069, 0.27586206896551724, 0.27586206896551724, 0.27586206896551724]}, "rmsd": {"best": 1.9172074394013479, "random": [2.6788050946537316, 2.349131091941794, 2.3986973762500945, 2.208355332854344, 2.104260221570889], "low_energy": [2.554759878159791, 2.0009471128810405, 1.9717304425913367, 2.0872043808559, 2.0725890755290113], "LICUV": [3.0994522786756673, 2.739638609664688, 2.5600489400716446, 2.43909181062961, 2.2498879361824553], "NAMFIS": [2.1785964465699506, 1.8170691086608268, 1.7596364138043865, 1.7596364156546596, 1.7596364376522866]}, "mae": {"best": 1.4548181295394897, "random": [1.9254182861426776, 1.7158401649686887, 1.7280660951168758, 1.6073382193672159, 1.561133786432532], "low_energy": [1.855061712922721, 1.4839077385359252, 1.4584085318590694, 1.5064034391561822, 1.5203300976016596], "LICUV": [2.1789465623066335, 1.9011467990632862, 1.792299524017464, 1.764659538588083, 1.6335844470230547], "NAMFIS": [1.6581850372511762, 1.4383873317934166, 1.3992887637100033, 1.3992887652811405, 1.3992887785242105]}, "bundle-size": [1, 3, 5, 10, 30]}}