{"single": {"fulfil": {"best": 0.5517241379310345, "random": [0.38620689655172413, 0.5206896551724138, 0.5310344827586206, 0.6068965517241379, 0.6758620689655173], "low_energy": [0.3103448275862069, 0.5517241379310345, 0.4482758620689655, 0.6206896551724138, 0.6896551724137931], "LICUV": [0.5517241379310345, 0.6896551724137931, 0.5862068965517241, 0.5517241379310345, 0.6551724137931034], "NAMFIS": [0.27586206896551724, 0.5172413793103449, 0.7586206896551724, 0.7586206896551724, 0.7586206896551724]}, "rmsd": {"best": 0.38786485610639876, "random": [0.6943526514194358, 0.4815261808911095, 0.4265810133580092, 0.274813453718849, 0.24204037740901638], "low_energy": [0.8348897002633568, 0.40392078118627045, 0.3945116932205959, 0.24139805543734033, 0.22308056320487551], "LICUV": [0.5943762757458132, 0.38058454080751797, 0.34726981362737913, 0.361373348210509, 0.27774447557860504], "NAMFIS": [0.5333773183324741, 0.28420049595387675, 0.22281051330090537, 0.2186197631220314, 0.2186197630704705]}, "rmsd_stepwise": {"best": 0.21288656522940194, "random": [0.461580103707275, 0.3211639528744752, 0.35881358029094745, 0.3269165659983691, 0.2989030765051248], "low_energy": [0.4910860588953624, 0.2682767485137381, 0.39309996973657546, 0.08021522772280014, 0.2246683379316399], "LICUV": [0.31781582174543194, 0.2830011575460669, 0.3911874054809237, 0.3901723756990245, 0.2932928394202158], "NAMFIS": [0.5145336019991376, 0.44203292122677457, 0.26158667054514945, 0.26158667054514945, 0.26158667054514945]}, "mae": {"best": 0.3154343085453427, "random": [0.49006358353845003, 0.3186092307969798, 0.27684923929444816, 0.19439861292083266, 0.1703282997474268], "low_energy": [0.5392396575006944, 0.2852041927100853, 0.2681706722712923, 0.17433809372942755, 0.16463416551595955], "LICUV": [0.4090410686361377, 0.21790225788248035, 0.21615200290010636, 0.2196159068389638, 0.18053250202647958], "NAMFIS": [0.4020107098283438, 0.1989779052575103, 0.14012811837296535, 0.13413619940690774, 0.13413619939157584]}, "bundle-size": [1, 3, 5, 10, 30]}}