{"single": {"fulfil": {"best": 0.5517241379310345, "random": [0.33103448275862074, 0.4724137931034482, 0.5448275862068965, 0.6137931034482759, 0.6551724137931034], "low_energy": [0.3103448275862069, 0.5517241379310345, 0.4482758620689655, 0.6206896551724138, 0.6896551724137931], "LICUV": [0.5517241379310345, 0.6896551724137931, 0.5862068965517241, 0.5517241379310345, 0.6551724137931034], "NAMFIS": [0.27586206896551724, 0.5172413793103449, 0.7586206896551724, 0.7586206896551724, 0.7586206896551724]}, "rmsd": {"best": 0.38786485610639876, "random": [0.7976213018523046, 0.4989338435808273, 0.38724353129823463, 0.3204104014976171, 0.23628758036332825], "low_energy": [0.8348897002633568, 0.40392078118627045, 0.3945116932205959, 0.24139805543734033, 0.22308056320487551], "LICUV": [0.5943762757458132, 0.38058454080751797, 0.34726981362737913, 0.361373348210509, 0.27774447557860504], "NAMFIS": [0.5333773183324741, 0.28422720535879925, 0.22281159239183915, 0.2186193926939571, 0.2186193926400889]}, "mae": {"best": 0.3154343085453427, "random": [0.560192010994615, 0.33592191774870345, 0.25705411354920316, 0.21137224056129042, 0.17068920805540072], "low_energy": [0.5392396575006944, 0.2852041927100853, 0.2681706722712923, 0.17433809372942755, 0.16463416551595955], "LICUV": [0.4090410686361377, 0.21790225788248035, 0.21615200290010636, 0.2196159068389638, 0.18053250202647958], "NAMFIS": [0.4020107098283438, 0.19900213338578918, 0.14012380821548617, 0.13412649013284417, 0.13412649011677455]}, "bundle-size": [1, 3, 5, 10, 30]}}