{"minimum_sasa": 7.893759727478027, "minimum_psa": 6.383382797241211}