{"single": {"fulfil": {"best": 0.5862068965517241, "random": [0.33793103448275863, 0.4275862068965517, 0.5206896551724138, 0.5931034482758621, 0.6413793103448275], "low_energy": [0.41379310344827586, 0.6206896551724138, 0.4827586206896552, 0.5862068965517241, 0.6896551724137931], "LICUV": [0.5862068965517241, 0.5517241379310345, 0.6206896551724138, 0.6896551724137931, 0.7241379310344828], "NAMFIS": [0.3793103448275862, 0.5862068965517241, 0.5862068965517241, 0.6896551724137931, 0.6896551724137931]}, "rmsd": {"best": 0.41294518465429086, "random": [0.6265761271745989, 0.4993224815661582, 0.386102895318528, 0.3076781487430262, 0.2860434924437362], "low_energy": [0.6152145929874634, 0.3802054507661719, 0.28249921740068495, 0.2026574581391921, 0.2190145854910614], "LICUV": [0.5441978763625641, 0.3387902702202702, 0.3133345945180199, 0.24986522832829453, 0.20704444708845002], "NAMFIS": [0.48653318288178055, 0.3176318676798936, 0.2422409307666171, 0.20674840702413472, 0.2062633788557729]}, "mae": {"best": 0.299058675437138, "random": [0.4543794511268878, 0.3405512346726561, 0.24867481565819866, 0.21324042822384098, 0.19296810828732952], "low_energy": [0.449459406425213, 0.2567638086684448, 0.21474468789653242, 0.14673204977239865, 0.17366370932886782], "LICUV": [0.35034210533931326, 0.2191059339377803, 0.22489785650525057, 0.16469668578961455, 0.13892128865859907], "NAMFIS": [0.3230017425274026, 0.23470724424707992, 0.186629684277193, 0.15604821586046833, 0.15569606247098602]}, "bundle-size": [1, 3, 5, 10, 30]}}