{"single": {"fulfil": {"best": 0.5862068965517241, "random": [0.3275862068965517, 0.46896551724137936, 0.5310344827586208, 0.5931034482758621, 0.6655172413793103], "low_energy": [0.41379310344827586, 0.6206896551724138, 0.4827586206896552, 0.5862068965517241, 0.6896551724137931], "LICUV": [0.5862068965517241, 0.5517241379310345, 0.6206896551724138, 0.6896551724137931, 0.7241379310344828], "NAMFIS": [0.3793103448275862, 0.5862068965517241, 0.5862068965517241, 0.6896551724137931, 0.6896551724137931]}, "rmsd": {"best": 0.41294518465429086, "random": [0.6595893080625347, 0.4789743597233597, 0.4279822353614831, 0.31760054738757615, 0.2561352151830407], "low_energy": [0.6152145929874634, 0.3802054507661719, 0.28249921740068495, 0.2026574581391921, 0.2190145854910614], "LICUV": [0.5441978763625641, 0.3387902702202702, 0.3133345945180199, 0.24986522832829453, 0.20704444708845002], "NAMFIS": [0.48653318288178055, 0.3176424305788667, 0.24223719863942753, 0.20678207383163905, 0.20626458793203084]}, "mae": {"best": 0.299058675437138, "random": [0.47258838844299317, 0.3256263811795632, 0.2764617148076476, 0.21320008783831407, 0.1833723076221467], "low_energy": [0.449459406425213, 0.2567638086684448, 0.21474468789653242, 0.14673204977239865, 0.17366370932886782], "LICUV": [0.35034210533931326, 0.2191059339377803, 0.22489785650525057, 0.16469668578961455, 0.13892128865859907], "NAMFIS": [0.3230017425274026, 0.23470878608465884, 0.18661816793209124, 0.15603755380399095, 0.15566333406256652]}, "bundle-size": [1, 3, 5, 10, 30]}}