{"single": {"fulfil": {"best": 0.5862068965517241, "random": [0.3310344827586207, 0.496551724137931, 0.503448275862069, 0.6034482758620692, 0.6517241379310346], "low_energy": [0.41379310344827586, 0.6206896551724138, 0.4827586206896552, 0.5862068965517241, 0.6896551724137931], "LICUV": [0.5862068965517241, 0.5517241379310345, 0.6206896551724138, 0.6896551724137931, 0.7241379310344828], "NAMFIS": [0.3793103448275862, 0.5862068965517241, 0.5862068965517241, 0.6896551724137931, 0.6896551724137931]}, "rmsd": {"best": 0.41294518465429086, "random": [0.6641877367493807, 0.49652274187781115, 0.40133137021562054, 0.31581235088250376, 0.26953779045380566], "low_energy": [0.6152145929874634, 0.3802054507661719, 0.28249921740068495, 0.2026574581391921, 0.2190145854910614], "LICUV": [0.5441978763625641, 0.3387902702202702, 0.3133345945180199, 0.24986522832829453, 0.20704444708845002], "NAMFIS": [0.48653318288178055, 0.3176421295341134, 0.24223907725820945, 0.20672881304041832, 0.2062659062059304]}, "rmsd_stepwise": {"best": 0.2538598581623469, "random": [0.4756281536303174, 0.37877725433799536, 0.3483977343598313, 0.2397798126050868, 0.24525912851830478], "low_energy": [0.3807252607037403, 0.20838459139541599, 0.34509868653513576, 0.3057269460110466, 0.22148402293121086], "LICUV": [0.28789365852809207, 0.31589500656454483, 0.26173822141927255, 0.2222611077089287, 0.22128932535764437], "NAMFIS": [0.5029464906068966, 0.44589700372511415, 0.3948068056570244, 0.3373783305593804, 0.3373783305593804]}, "mae": {"best": 0.299058675437138, "random": [0.4648115929077411, 0.3339190280147934, 0.26941338481044097, 0.21781705742790486, 0.19011830043523179], "low_energy": [0.449459406425213, 0.2567638086684448, 0.21474468789653242, 0.14673204977239865, 0.17366370932886782], "LICUV": [0.35034210533931326, 0.2191059339377803, 0.22489785650525057, 0.16469668578961455, 0.13892128865859907], "NAMFIS": [0.3230017425274026, 0.23471393253501768, 0.18663027526071296, 0.15604129333367114, 0.15570485822658614]}, "bundle-size": [1, 3, 5, 10, 30]}}