{"single": {"fulfil": {"best": 0.41379310344827586, "random": [0.2655172413793103, 0.3103448275862069, 0.31034482758620696, 0.3413793103448276, 0.34482758620689663], "low_energy": [0.27586206896551724, 0.3103448275862069, 0.3448275862068966, 0.3448275862068966, 0.3448275862068966], "LICUV": [0.41379310344827586, 0.3793103448275862, 0.3448275862068966, 0.3793103448275862, 0.3448275862068966], "NAMFIS": [0.27586206896551724, 0.3448275862068966, 0.3448275862068966, 0.3448275862068966, 0.3448275862068966]}, "rmsd": {"best": 1.949339365197105, "random": [3.0298398351983655, 2.4709613955417637, 2.492941104040915, 2.42005737809989, 2.247626806604724], "low_energy": [2.868401511140781, 2.3770731863357564, 2.4817035306270956, 2.132476853483603, 2.1598262286407883], "LICUV": [2.757516763265359, 2.633871380874988, 2.286242843209086, 2.2852967175274834, 2.2742295824330556], "NAMFIS": [1.949339365197105, 1.5842039633336344, 1.5526422384887395, 1.5559096223597257, 1.5559096233819925]}, "mae": {"best": 1.4589102092282524, "random": [2.103549959511592, 1.7852378758483405, 1.7929055390114168, 1.7393185265229927, 1.6559105660067721], "low_energy": [2.052105276173558, 1.7533157835871436, 1.8107291478969287, 1.618535514961404, 1.62286273893146], "LICUV": [1.8283699053731455, 1.813905511902179, 1.5995375798394607, 1.6180510136533472, 1.6215490460467044], "NAMFIS": [1.4589102092282524, 1.216869769796013, 1.2009613372579984, 1.2006084630282785, 1.2006084637043135]}, "bundle-size": [1, 3, 5, 10, 30]}}