{"minimum_sasa": 8.366730690002441, "minimum_psa": 7.128657341003418}