{"single": {"stat": {"0": "MAE", "1": "MSE", "2": "RMSD", "3": "pearsonr", "4": "kendalltau", "5": "chisq", "6": "percentage_fulfilled"}, "value": {"0": 0.6671149863580358, "1": -0.27980938408283523, "2": 0.8140445966064057, "3": 0.6433475496983161, "4": 0.5244503949346777, "5": 31.12045515907687, "6": 0.9303482587064676}, "up": {"0": 0.7324484571360959, "1": -0.17415748839988957, "2": 0.8862380236572293, "3": 0.7135467323228666, "4": 0.5842614906258473, "5": 36.50109262564872, "6": 0.0}, "low": {"0": 0.6045668051892772, "1": 0.0, "2": 0.7415513319526038, "3": 0.5638521973781886, "4": 0.455852196662802, "5": 25.987683094023456, "6": 0.0}, "most-populated-1": {"0": 0.9813856823527395, "1": 0.42012414113799124, "2": 1.4557497407339492, "3": NaN, "4": NaN, "5": NaN, "6": 0.7960199004975125}}}