{"single": {"stat": {"0": "MAE", "1": "MSE", "2": "RMSD", "3": "RMSD_step", "4": "pearsonr", "5": "kendalltau", "6": "chisq", "7": "percentage_fulfilled"}, "value": {"0": 0.6671149863580358, "1": -0.27980938408283523, "2": 0.8140445966064057, "3": 0.40303574400451575, "4": 0.6433475496983161, "5": 0.5244503949346777, "6": 31.12045515907687, "7": 0.9303482587064676}, "up": {"0": 0.7319286127763586, "1": -0.17388267631964932, "2": 0.8852603811425701, "3": 0.5015895132486273, "4": 0.7135811120445618, "5": 0.5853349411656987, "6": 36.60488527076717, "7": 0.0}, "low": {"0": 0.6032200475136378, "1": 0.0, "2": 0.7409085328728402, "3": 0.2891056719475403, "4": 0.5631079236550379, "5": 0.45522043235575094, "6": 25.954070803436032, "7": 0.0}, "most-populated-1": {"0": 0.9813856823527395, "1": 0.42012414113799124, "2": 1.4557497407339492, "3": 0.40303574400451575, "4": NaN, "5": NaN, "6": NaN, "7": 0.7960199004975125}}}