{"single": {"stat": {"0": "MAE", "1": "MSE", "2": "RMSD", "3": "RMSD_step", "4": "pearsonr", "5": "kendalltau", "6": "chisq", "7": "percentage_fulfilled"}, "value": {"0": 0.40573430522059384, "1": -0.04620314436254979, "2": 0.5592577541120208, "3": 0.20636860226303802, "4": 0.37219830593130926, "5": 0.21548943696248515, "6": 2.397134865815163, "7": 0.36}, "up": {"0": 0.5653469270874433, "1": 0.1714226787620131, "2": 0.7355636533670782, "3": 0.2654887944670196, "4": 0.7109375798889425, "5": 0.5532108348836973, "6": 4.014742784950303, "7": 0.0}, "low": {"0": 0.26365416937688313, "1": 0.0, "2": 0.3720504288037201, "3": 0.1408669580742942, "4": 0.0, "5": 0.0, "6": 1.1057486324442507, "7": 0.0}}}