{"single": {"stat": {"0": "MAE", "1": "MSE", "2": "RMSD", "3": "RMSD_step", "4": "pearsonr", "5": "kendalltau", "6": "chisq", "7": "percentage_fulfilled"}, "value": {"0": 0.40573430522059384, "1": -0.04620314436254979, "2": 0.5592577541120208, "3": 0.20636860226303802, "4": 0.37219830593130926, "5": 0.21548943696248515, "6": 2.397134865815163, "7": 0.36}, "up": {"0": 0.5634654486666747, "1": 0.1687605924179744, "2": 0.733328277922491, "3": 0.26567668320464, "4": 0.7018392030522593, "5": 0.5537932652259748, "6": 3.997417960941587, "7": 0.0}, "low": {"0": 0.26519786801559564, "1": 0.0, "2": 0.36946321224226086, "3": 0.14076931483814226, "4": 0.0, "5": 0.0, "6": 1.0977357046760787, "7": 0.0}}}