{"minimum_sasa": 8.515050354003911, "minimum_psa": 6.350866813659636}