{"single": {"fulfil": {"best": 0.4883720930232558, "random": [0.3302325581395349, 0.3534883720930232, 0.3767441860465116, 0.3651162790697674, 0.3790697674418605], "low_energy": [0.3488372093023256, 0.37209302325581395, 0.3953488372093023, 0.37209302325581395, 0.37209302325581395], "LICUV": [0.4883720930232558, 0.4418604651162791, 0.4186046511627907, 0.3953488372093023, 0.4186046511627907], "NAMFIS": [0.3953488372093023, 0.4186046511627907, 0.3953488372093023, 0.3953488372093023, 0.3953488372093023]}, "rmsd": {"best": 1.4388735099250998, "random": [1.70643087730788, 1.628068016632459, 1.5956851115414852, 1.5883419544818158, 1.5718902893719386], "low_energy": [1.7684343916440743, 1.6330779274150349, 1.5800445707009367, 1.5784115336555087, 1.551847937672305], "LICUV": [1.7117903037854172, 1.5519958673735137, 1.5358030971375067, 1.5715151114359234, 1.538045873033312], "NAMFIS": [1.6335996538976176, 1.6198936256693548, 1.605475637578313, 1.6054756575156504, 1.605475711509416]}, "mae": {"best": 1.0069144891029178, "random": [1.2201613155409343, 1.130912624255111, 1.1018495864960383, 1.0884054684778939, 1.0722846718095556], "low_energy": [1.2333239007550614, 1.1381839354427667, 1.0968149040078836, 1.0832548259983756, 1.052798615053999], "LICUV": [1.1732145052177958, 1.074776931322007, 1.0459692963767244, 1.0661037132634377, 1.0263765753285334], "NAMFIS": [1.1542211510414302, 1.1407640311914586, 1.1309280735201666, 1.130928088218692, 1.130928130130146]}, "bundle-size": [1, 3, 5, 10, 30]}}