{"single": {"stat": {"0": "MAE", "1": "MSE", "2": "RMSD", "3": "RMSD_step", "4": "pearsonr", "5": "kendalltau", "6": "chisq", "7": "percentage_fulfilled"}, "value": {"0": 0.37762315547994296, "1": 0.09570665977638489, "2": 0.5302836049060237, "3": 0.4392980293840273, "4": 0.6365955316284517, "5": 0.5203456483416571, "6": 2.8583121345533864, "7": 0.5862068965517241}, "up": {"0": 0.520615270227105, "1": 0.29561871862791, "2": 0.6890220684540546, "3": 0.6271310562620672, "4": 0.8421885290299105, "5": 0.7359033738856846, "6": 5.273651989725763, "7": 0.0}, "low": {"0": 0.2534911047463013, "1": 0.0, "2": 0.3670000561444442, "3": 0.19051155924300034, "4": 0.3407995911393247, "5": 0.2544446124910442, "6": 1.1665281883353091, "7": 0.0}}}