{"single": {"stat": {"0": "MAE", "1": "MSE", "2": "RMSD", "3": "RMSD_step", "4": "pearsonr", "5": "kendalltau", "6": "chisq", "7": "percentage_fulfilled"}, "value": {"0": 0.37762315547994296, "1": 0.09570665977638489, "2": 0.5302836049060237, "3": 0.4392980293840273, "4": 0.6365955316284517, "5": 0.5203456483416571, "6": 2.8583121345533864, "7": 0.5862068965517241}, "up": {"0": 0.5218096771510122, "1": 0.2907272753341254, "2": 0.6868312931805938, "3": 0.6259184970067767, "4": 0.8391965396588316, "5": 0.7423512264785243, "6": 5.353670967407497, "7": 0.0}, "low": {"0": 0.25017811375027604, "1": 0.0, "2": 0.3586515381854495, "3": 0.18956233595181274, "4": 0.3346267093937595, "5": 0.2666666666666667, "6": 1.182461242022787, "7": 0.0}}}