{"single": {"fulfil": {"best": 0.59375, "random": [0.36875, 0.409375, 0.409375, 0.403125, 0.43125], "low_energy": [0.34375, 0.28125, 0.28125, 0.375, 0.4375], "LICUV": [0.59375, 0.5625, 0.5625, 0.53125, 0.53125], "NAMFIS": [0.59375, 0.40625, 0.5, 0.5625, 0.5625]}, "rmsd": {"best": 0.32197795884545477, "random": [0.6035045207453344, 0.41567020180521713, 0.4558769995150035, 0.4353245459239461, 0.3900474364532146], "low_energy": [0.6478583038916484, 0.465262087933046, 0.4392341548613302, 0.41008947807759977, 0.39857192264872016], "LICUV": [0.32197795884545477, 0.2573752344206784, 0.2606264281941625, 0.3129162233748754, 0.30423403847318375], "NAMFIS": [0.32197795884545477, 0.3067142968157769, 0.25853181299185746, 0.29313247948224647, 0.2931324794407857]}, "rmsd_stepwise": {"best": 0.08975661535508117, "random": [0.14472193815863482, 0.13457038786832703, 0.14023243625105114, 0.14578409956335475, 0.1422626831029273], "low_energy": [0.15072740294982853, 0.15781714102086622, 0.15623499927993081, 0.14328729880907093, 0.14003347814005043], "LICUV": [0.10080922576827969, 0.10383279828647587, 0.10884335073857285, 0.11372939373794266, 0.11101801655587254], "NAMFIS": [0.10080922576827969, 0.14808148094883433, 0.14002231964940443, 0.12434830115445886, 0.12434830115445886]}, "mae": {"best": 0.21594124555587765, "random": [0.4063793579936027, 0.28422539029652516, 0.3086439997563263, 0.30086096426166636, 0.27064599359954405], "low_energy": [0.4437134352326392, 0.3479006669526167, 0.3369755825694186, 0.2979049161084925, 0.2838582739589372], "LICUV": [0.21594124555587765, 0.1879731645586525, 0.1772848633958799, 0.20912960960937116, 0.20791894927221827], "NAMFIS": [0.21594124555587765, 0.2261001640294584, 0.19374498985125826, 0.20240302796196735, 0.20240302794250398]}, "bundle-size": [1, 3, 5, 10, 30]}}