{"single": {"fulfil": {"best": 0.34375, "random": [0.1875, 0.1875, 0.203125, 0.203125, 0.209375], "low_energy": [0.1875, 0.1875, 0.15625, 0.1875, 0.21875], "LICUV": [0.34375, 0.34375, 0.3125, 0.28125, 0.25], "NAMFIS": [0.125, 0.1875, 0.1875, 0.1875, 0.1875]}, "rmsd": {"best": 1.492842209438616, "random": [2.4531701139750113, 2.215860353973752, 2.199359332534647, 2.1921037072258134, 1.8936284268781094], "low_energy": [1.8912225805945186, 1.8056217973589976, 1.767887513139887, 1.744898654333937, 1.5745807313582365], "LICUV": [1.9300202015065335, 1.6831115190682249, 1.685851739996659, 1.6537256987350524, 1.691811004647918], "NAMFIS": [1.526993679537831, 1.3249989961281199, 1.3249989962457913, 1.3249989965014084, 1.3249989968608349]}, "mae": {"best": 1.032709266990423, "random": [1.6671558334231373, 1.4927276317154625, 1.4719591473323805, 1.4658305817307566, 1.3020451798834063], "low_energy": [1.27595179349184, 1.1814125267945499, 1.1619374757511598, 1.1756550372390668, 1.1271884278470141], "LICUV": [1.2208754181861876, 1.0500009616176644, 1.0650669138638162, 1.0667875003993657, 1.1159539598082584], "NAMFIS": [1.1018013444542882, 0.9213628429076425, 0.9213628429378524, 0.9213628429984048, 0.921362843078231]}, "bundle-size": [1, 3, 5, 10, 30]}}