{"single": {"fulfil": {"best": 0.59375, "random": [0.390625, 0.378125, 0.409375, 0.41875, 0.428125], "low_energy": [0.34375, 0.28125, 0.28125, 0.375, 0.4375], "LICUV": [0.59375, 0.5625, 0.5625, 0.53125, 0.53125], "NAMFIS": [0.59375, 0.40625, 0.5, 0.5625, 0.5625]}, "rmsd": {"best": 0.32197795884545477, "random": [0.5955509775168129, 0.4630680649792619, 0.48525831533901426, 0.42429506976051623, 0.3882292592529657], "low_energy": [0.6478583038916484, 0.465262087933046, 0.4392341548613302, 0.41008947807759977, 0.39857192264872016], "LICUV": [0.32197795884545477, 0.2573752344206784, 0.2606264281941625, 0.3129162233748754, 0.30423403847318375], "NAMFIS": [0.32197795884545477, 0.3067140908762897, 0.2585341767294022, 0.2931325582563034, 0.2931325581496634]}, "mae": {"best": 0.21594124555587765, "random": [0.40087617421150207, 0.32388894891061065, 0.32909162644787016, 0.29470232403727203, 0.27268166109345204], "low_energy": [0.4437134352326392, 0.3479006669526167, 0.3369755825694186, 0.2979049161084925, 0.2838582739589372], "LICUV": [0.21594124555587765, 0.1879731645586525, 0.1772848633958799, 0.20912960960937116, 0.20791894927221827], "NAMFIS": [0.21594124555587765, 0.22609998789797725, 0.19374628255127135, 0.20240318111044492, 0.20240318106035218]}, "bundle-size": [1, 3, 5, 10, 30]}}