{"single": {"fulfil": {"best": 0.59375, "random": [0.378125, 0.35625, 0.378125, 0.371875, 0.428125], "low_energy": [0.34375, 0.28125, 0.28125, 0.375, 0.4375], "LICUV": [0.59375, 0.5625, 0.5625, 0.53125, 0.53125], "NAMFIS": [0.59375, 0.40625, 0.5, 0.5625, 0.5625]}, "rmsd": {"best": 0.32197795884545477, "random": [0.675249671677639, 0.49878154966846716, 0.4176341954496178, 0.39981301633760064, 0.38920485372116287], "low_energy": [0.6478583038916484, 0.465262087933046, 0.4392341548613302, 0.41008947807759977, 0.39857192264872016], "LICUV": [0.32197795884545477, 0.2573752344206784, 0.2606264281941625, 0.3129162233748754, 0.30423403847318375], "NAMFIS": [0.32197795884545477, 0.30671578686893886, 0.25853666206329845, 0.2931345691443436, 0.2931345691005461]}, "mae": {"best": 0.21594124555587765, "random": [0.45864069521427153, 0.3410837687130891, 0.3031088553936292, 0.2856038390249681, 0.275358418135733], "low_energy": [0.4437134352326392, 0.3479006669526167, 0.3369755825694186, 0.2979049161084925, 0.2838582739589372], "LICUV": [0.21594124555587765, 0.1879731645586525, 0.1772848633958799, 0.20912960960937116, 0.20791894927221827], "NAMFIS": [0.21594124555587765, 0.22610124066451429, 0.1937470147524843, 0.2024039221902374, 0.20240392216986564]}, "bundle-size": [1, 3, 5, 10, 30]}}