{"minimum_sasa": 8.317098617553711, "minimum_psa": 6.217489242553711}