{"single": {"fulfil": {"best": 0.9090909090909091, "random": [0.8, 0.8257575757575758, 0.8242424242424242, 0.8287878787878787, 0.8348484848484847], "low_energy": [0.8636363636363636, 0.8787878787878788, 0.8333333333333334, 0.8787878787878788, 0.8484848484848485], "LICUV": [0.9090909090909091, 0.9090909090909091, 0.8484848484848485, 0.8636363636363636, 0.8484848484848485], "NAMFIS": [0.8636363636363636, 0.9242424242424242, 0.9090909090909091, 0.8939393939393939, 0.8939393939393939]}, "rmsd": {"best": 0.8938994296473319, "random": [1.3950113597268947, 1.1343461310279306, 1.187699137815646, 1.1051524883004107, 1.0686722446386445], "low_energy": [0.8938994296473319, 1.0050500678658358, 1.0703131221234576, 1.074226002587535, 1.054544033575323], "LICUV": [0.9725559039251056, 1.01194042384055, 1.009192902550246, 1.034830395827713, 1.0420573710080558], "NAMFIS": [0.8938994296473319, 0.9388955577686907, 0.9626547880796074, 0.966342172920928, 0.9663421729211001]}, "rmsd_stepwise": {"best": 0.45126085985421294, "random": [0.6789379639293619, 0.6480594571894415, 0.656917925848836, 0.655389768948632, 0.6480973161198589], "low_energy": [0.5302943722236935, 0.557048499058233, 0.6531972647421806, 0.557048499058233, 0.6227991553292183], "LICUV": [0.4644971213662962, 0.4644971213662962, 0.6227991553292183, 0.5908391567007969, 0.6090230627070626], "NAMFIS": [0.5302943722236935, 0.4206776639776551, 0.4644971213662962, 0.5045249791095129, 0.5045249791095129]}, "mae": {"best": 0.7099201065121274, "random": [1.0485970746387134, 0.9355372859672559, 0.9711033405103807, 0.9368459248299745, 0.9052919465284412], "low_energy": [0.7099201065121274, 0.8260061727729724, 0.9189965245232092, 0.9254180320872063, 0.890115221189937], "LICUV": [0.8036101406270807, 0.875959952679249, 0.8394852459306463, 0.8558209074041988, 0.8899876877985167], "NAMFIS": [0.7099201065121274, 0.7674491495087917, 0.8080969193033458, 0.8104322408766361, 0.8104322408768792]}, "bundle-size": [1, 3, 5, 10, 30]}}