{"single": {"fulfil": {"best": 0.4827586206896552, "random": [0.35517241379310344, 0.3620689655172414, 0.3689655172413794, 0.3724137931034483, 0.38965517241379305], "low_energy": [0.3448275862068966, 0.3793103448275862, 0.3793103448275862, 0.41379310344827586, 0.41379310344827586], "LICUV": [0.4827586206896552, 0.5172413793103449, 0.5172413793103449, 0.4827586206896552, 0.4482758620689655], "NAMFIS": [0.4482758620689655, 0.3793103448275862, 0.3793103448275862, 0.3793103448275862, 0.3793103448275862]}, "rmsd": {"best": 1.7379682594482855, "random": [2.4966685471852887, 2.4479053251572127, 2.3733521730306757, 2.231947104617975, 2.1701769317646713], "low_energy": [2.8014725479865255, 2.649924339751341, 2.444186082305005, 2.4055142987124265, 2.2372729246179586], "LICUV": [2.663752683376924, 2.428576065838409, 2.365568747157717, 2.001288143242864, 1.9901217817192136], "NAMFIS": [1.7379682594482855, 1.7665005184631941, 1.7515787570200716, 1.7435460220057968, 1.7435460642907572]}, "mae": {"best": 1.2729238635096056, "random": [1.8174543889144363, 1.730208675540205, 1.6739050573010013, 1.595982301619372, 1.5506039790886605], "low_energy": [2.0244647481523703, 1.8760728739180927, 1.7502280509572736, 1.7087879698422404, 1.5944507122284703], "LICUV": [1.7123141563349755, 1.571076625200104, 1.5560371473664134, 1.3905837364126106, 1.4036343791726014], "NAMFIS": [1.2729238635096056, 1.3337683279916488, 1.3032757739315166, 1.302497891192954, 1.3024979073371257]}, "bundle-size": [1, 3, 5, 10, 30]}}