{"single": {"fulfil": {"best": 0.8275862068965517, "random": [0.5620689655172414, 0.6241379310344828, 0.6862068965517242, 0.7, 0.6862068965517242], "low_energy": [0.4827586206896552, 0.5862068965517241, 0.5862068965517241, 0.5862068965517241, 0.7241379310344828], "LICUV": [0.8275862068965517, 0.8620689655172413, 0.896551724137931, 0.8275862068965517, 0.7931034482758621], "NAMFIS": [0.7931034482758621, 0.896551724137931, 0.896551724137931, 0.9310344827586207, 0.9310344827586207]}, "rmsd": {"best": 0.3642348998330209, "random": [0.7530251040679474, 0.5274689039694533, 0.4425873243278836, 0.36163164685323207, 0.3791238097403034], "low_energy": [0.8051953146427436, 0.580104710461109, 0.5702269380295937, 0.5228229651963572, 0.34421858697952407], "LICUV": [0.5770657597508502, 0.325174908407279, 0.26701333874606387, 0.290764646975968, 0.30424050485833354], "NAMFIS": [0.3819496169634373, 0.2274633266692555, 0.239399660129582, 0.2321736898158028, 0.232173689721353]}, "mae": {"best": 0.2574185292474155, "random": [0.5198291284626928, 0.37451837868491195, 0.31993586671844054, 0.2719463990242309, 0.2850548619853042], "low_energy": [0.5468860675548683, 0.4204130698576785, 0.41224846759915174, 0.34637296997498745, 0.2558028933976827], "LICUV": [0.3338645520703545, 0.21319889794910007, 0.19015203445523982, 0.20182034519688621, 0.22145918285919144], "NAMFIS": [0.2699975128831533, 0.16718102112878921, 0.17055952381690764, 0.1617660337026198, 0.16176603361488456]}, "bundle-size": [1, 3, 5, 10, 30]}}