{"single": {"fulfil": {"best": 0.8275862068965517, "random": [0.5344827586206896, 0.6344827586206897, 0.6172413793103448, 0.6586206896551724, 0.6620689655172415], "low_energy": [0.4827586206896552, 0.5862068965517241, 0.5862068965517241, 0.5862068965517241, 0.7241379310344828], "LICUV": [0.8275862068965517, 0.8620689655172413, 0.896551724137931, 0.8275862068965517, 0.7931034482758621], "NAMFIS": [0.7931034482758621, 0.896551724137931, 0.896551724137931, 0.9310344827586207, 0.9310344827586207]}, "rmsd": {"best": 0.3642348998330209, "random": [0.7878465373073577, 0.5205444952574056, 0.5188773347494277, 0.41491020051189353, 0.38529737795759306], "low_energy": [0.8051953146427436, 0.580104710461109, 0.5702269380295937, 0.5228229651963572, 0.34421858697952407], "LICUV": [0.5770657597508502, 0.325174908407279, 0.26701333874606387, 0.290764646975968, 0.30424050485833354], "NAMFIS": [0.3819496169634373, 0.22746282815417085, 0.23939945410157215, 0.23217320301242486, 0.23217320292277313]}, "rmsd_stepwise": {"best": 0.1452227777327434, "random": [0.4409247737316429, 0.33316022317175525, 0.37293991526369413, 0.3294999053656586, 0.34519985098452477], "low_energy": [0.537446067863622, 0.371023746800195, 0.36638494924666704, 0.371023746800195, 0.27146473702541163], "LICUV": [0.2522177493822516, 0.11380564194244083, 0.1030567302759622, 0.3456627816538681, 0.34785549913126584], "NAMFIS": [0.3338438619144151, 0.32406895817892284, 0.2347412368457278, 0.0842000900974209, 0.0842000900974209]}, "mae": {"best": 0.2574185292474155, "random": [0.5458063275567414, 0.3730127769415829, 0.36176337422073784, 0.3061741094515734, 0.28771613888021486], "low_energy": [0.5468860675548683, 0.4204130698576785, 0.41224846759915174, 0.34637296997498745, 0.2558028933976827], "LICUV": [0.3338645520703545, 0.21319889794910007, 0.19015203445523982, 0.20182034519688621, 0.22145918285919144], "NAMFIS": [0.2699975128831533, 0.16718038556652245, 0.1705591456825093, 0.16176577448482327, 0.1617657744014697]}, "bundle-size": [1, 3, 5, 10, 30]}}