{"single": {"fulfil": {"best": 0.8275862068965517, "random": [0.5413793103448276, 0.6620689655172414, 0.6620689655172414, 0.6724137931034482, 0.6758620689655173], "low_energy": [0.4827586206896552, 0.5862068965517241, 0.5862068965517241, 0.5862068965517241, 0.7241379310344828], "LICUV": [0.8275862068965517, 0.8620689655172413, 0.896551724137931, 0.8275862068965517, 0.7931034482758621], "NAMFIS": [0.7931034482758621, 0.896551724137931, 0.896551724137931, 0.9310344827586207, 0.9310344827586207]}, "rmsd": {"best": 0.3642348998330209, "random": [0.7989109910148308, 0.4879018859544327, 0.4360248902380122, 0.39380423921168084, 0.35897854953227776], "low_energy": [0.8051953146427436, 0.580104710461109, 0.5702269380295937, 0.5228229651963572, 0.34421858697952407], "LICUV": [0.5770657597508502, 0.325174908407279, 0.26701333874606387, 0.290764646975968, 0.30424050485833354], "NAMFIS": [0.3819496169634373, 0.22746227222209886, 0.23939940478543426, 0.23217407683317617, 0.23217407683285507]}, "mae": {"best": 0.2574185292474155, "random": [0.5496767621862475, 0.3417593110122567, 0.32256002721356636, 0.3023053597406945, 0.27429423795512403], "low_energy": [0.5468860675548683, 0.4204130698576785, 0.41224846759915174, 0.34637296997498745, 0.2558028933976827], "LICUV": [0.3338645520703545, 0.21319889794910007, 0.19015203445523982, 0.20182034519688621, 0.22145918285919144], "NAMFIS": [0.2699975128831533, 0.16717955054637532, 0.1705586709923889, 0.16176671900952141, 0.16176671900923587]}, "bundle-size": [1, 3, 5, 10, 30]}}