{"minimum_sasa": 8.323508262634277, "minimum_psa": 6.355576038360596}