{"single": {"stat": {"0": "MAE", "1": "MSE", "2": "RMSD", "3": "RMSD_step", "4": "pearsonr", "5": "kendalltau", "6": "chisq", "7": "percentage_fulfilled"}, "value": {"0": 0.8268107732352423, "1": -0.1463603512976339, "2": 1.1927771088333396, "3": 0.6019200049073732, "4": 0.4724645943857448, "5": 0.5103226529629142, "6": 30.35174944251245, "7": 0.8351648351648352}, "up": {"0": 1.012249131542897, "1": 0.10339270026935228, "2": 1.4441869994382859, "3": 0.7384290571155306, "4": 0.5984625162183218, "5": 0.615294297292199, "6": 45.26582985743656, "7": 0.0}, "low": {"0": 0.6579069007060491, "1": 0.0, "2": 0.9269851515434206, "3": 0.4420233199556504, "4": 0.3315592897357635, "5": 0.3883164173715074, "6": 18.500410663138076, "7": 0.0}, "most-populated-1": {"0": 0.7957647509627288, "1": 0.017945461744790368, "2": 1.1515288976988762, "3": 0.6019200049073732, "4": NaN, "5": NaN, "6": NaN, "7": 0.8571428571428571}}}