{"minimum_sasa": 11.949298877716053, "minimum_psa": 10.085694150924686}