{"single": {"stat": {"0": "MAE", "1": "MSE", "2": "RMSD", "3": "pearsonr", "4": "kendalltau", "5": "chisq", "6": "percentage_fulfilled"}, "value": {"0": 0.8268107732352423, "1": -0.14636035129763386, "2": 1.1927771088333396, "3": 0.4724645943857448, "4": 0.5103226529629142, "5": 30.35174944251245, "6": 0.8351648351648352}, "up": {"0": 1.013312158675131, "1": 0.1138285019300149, "2": 1.4473038553135702, "3": 0.598913390915374, "4": 0.6165468218855095, "5": 44.535713565375005, "6": 0.0}, "low": {"0": 0.6599355716265017, "1": 0.0, "2": 0.9243784065792422, "3": 0.33072092897969746, "4": 0.3908991544821414, "5": 18.402641548604606, "6": 0.0}, "most-populated-1": {"0": 0.7957647509627288, "1": 0.017945461744790368, "2": 1.1515288976988762, "3": NaN, "4": NaN, "5": NaN, "6": 0.8571428571428571}}}