{"single": {"stat": {"0": "MAE", "1": "MSE", "2": "RMSD", "3": "RMSD_step", "4": "pearsonr", "5": "kendalltau", "6": "chisq", "7": "percentage_fulfilled"}, "value": {"0": 0.5854651489577614, "1": 0.2884185900328358, "2": 0.9289237190825659, "3": 0.38737845702299617, "4": 0.43830995257276645, "5": 0.40000121933189753, "6": 8.224292056708812, "7": 0.5517241379310345}, "up": {"0": 0.8653582354810577, "1": 0.6259939862187325, "2": 1.285351386430489, "3": 0.5224329678927022, "4": 0.6601552923252738, "5": 0.6205128205128206, "6": 15.477193390556542, "7": 0.0}, "low": {"0": 0.3484223686155197, "1": 0.0, "2": 0.5028707132376093, "3": 0.22920928504981292, "4": 0.18664997724329255, "5": 0.16325349525959762, "6": 2.4236598884100418, "7": 0.0}}}