{"single": {"stat": {"0": "MAE", "1": "MSE", "2": "RMSD", "3": "RMSD_step", "4": "pearsonr", "5": "kendalltau", "6": "chisq", "7": "percentage_fulfilled"}, "value": {"0": 0.5854651489577614, "1": 0.2884185900328358, "2": 0.9289237190825659, "3": 0.38737845702299617, "4": 0.43830995257276645, "5": 0.40000121933189753, "6": 8.224292056708812, "7": 0.5517241379310345}, "up": {"0": 0.8686451452874492, "1": 0.6315773459131757, "2": 1.289656083499269, "3": 0.5208363631265063, "4": 0.6578498792597038, "5": 0.6183236035612654, "6": 15.3189337886828, "7": 0.0}, "low": {"0": 0.35125697111504284, "1": 0.0, "2": 0.5045037925849325, "3": 0.224841514142965, "4": 0.19590139655332126, "5": 0.16251398977925421, "6": 2.4353321392200766, "7": 0.0}}}