{"single": {"fulfil": {"best": 0.625, "random": [0.2666666666666667, 0.2833333333333333, 0.3833333333333334, 0.4125, 0.4458333333333333], "low_energy": [0.16666666666666666, 0.25, 0.25, 0.2916666666666667, 0.5], "LICUV": [0.625, 0.5416666666666666, 0.5416666666666666, 0.5416666666666666, 0.5833333333333334], "NAMFIS": [0.375, 0.4583333333333333, 0.7083333333333334, 0.7083333333333334, 0.7083333333333334]}, "rmsd": {"best": 0.34109928901552605, "random": [0.6160601993273025, 0.46421293621540344, 0.4299970701356277, 0.3767369485733761, 0.36197404089134444], "low_energy": [0.689176238948707, 0.5240331312820735, 0.4853467770051035, 0.42601781787034293, 0.30003814084049896], "LICUV": [0.5509898673584578, 0.4711371585791806, 0.4672868087218499, 0.3057858392269968, 0.2799307466653831], "NAMFIS": [0.34109928901552605, 0.28548995849175673, 0.21603840953663778, 0.2181175016819178, 0.21811750168485688]}, "rmsd_stepwise": {"best": 0.09440603794249604, "random": [0.18679912711176558, 0.1838193068192163, 0.16902113581266948, 0.15873744308865725, 0.1466967363585777], "low_energy": [0.18003471887388822, 0.17680026395153742, 0.16617009357883858, 0.16731955454558595, 0.13076696830622017], "LICUV": [0.1227463509301464, 0.13665650368716445, 0.13709789689609878, 0.13665650368716445, 0.134086414922119], "NAMFIS": [0.1578369411766459, 0.14937369246289653, 0.11593820192959119, 0.11593820192959119, 0.11593820192959119]}, "mae": {"best": 0.2740604857603709, "random": [0.47720089463392884, 0.3656283849900585, 0.3223325221302879, 0.2997655681619461, 0.27806969400212134], "low_energy": [0.5437649333477019, 0.43726630154538354, 0.38413109217909347, 0.33626662903759547, 0.22701949842778424], "LICUV": [0.3212564675013225, 0.27069725183005655, 0.2790977190752722, 0.23942599592833466, 0.206999410058795], "NAMFIS": [0.2740604857603709, 0.22552556328227755, 0.16177259340959255, 0.16598501397000828, 0.16598501397265109]}, "bundle-size": [1, 3, 5, 10, 30]}}