{"single": {"fulfil": {"best": 0.625, "random": [0.2833333333333333, 0.30833333333333335, 0.39583333333333337, 0.3583333333333333, 0.4416666666666666], "low_energy": [0.16666666666666666, 0.25, 0.25, 0.2916666666666667, 0.5], "LICUV": [0.625, 0.5416666666666666, 0.5416666666666666, 0.5416666666666666, 0.5833333333333334], "NAMFIS": [0.375, 0.4583333333333333, 0.7083333333333334, 0.7083333333333334, 0.7083333333333334]}, "rmsd": {"best": 0.34109928901552605, "random": [0.6549796213948458, 0.4604760058920071, 0.43534234245846, 0.3995469751050511, 0.3625977340078858], "low_energy": [0.689176238948707, 0.5240331312820735, 0.4853467770051035, 0.42601781787034293, 0.30003814084049896], "LICUV": [0.5509898673584578, 0.4711371585791806, 0.4672868087218499, 0.3057858392269968, 0.2799307466653831], "NAMFIS": [0.34109928901552605, 0.2855135672555493, 0.2160525410940153, 0.21813397464288858, 0.21813397457654402]}, "mae": {"best": 0.2740604857603709, "random": [0.50398215085268, 0.3515167385316963, 0.3290142971067667, 0.320212391520214, 0.281205978235464], "low_energy": [0.5437649333477019, 0.43726630154538354, 0.38413109217909347, 0.33626662903759547, 0.22701949842778424], "LICUV": [0.3212564675013225, 0.27069725183005655, 0.2790977190752722, 0.23942599592833466, 0.206999410058795], "NAMFIS": [0.2740604857603709, 0.22555588343941288, 0.16179874795945545, 0.1660315711554865, 0.16603157111103733]}, "bundle-size": [1, 3, 5, 10, 30]}}