{"single": {"fulfil": {"best": 0.25, "random": [0.12083333333333332, 0.1416666666666667, 0.12916666666666665, 0.15833333333333333, 0.15], "low_energy": [0.08333333333333333, 0.08333333333333333, 0.125, 0.16666666666666666, 0.20833333333333334], "LICUV": [0.25, 0.25, 0.125, 0.125, 0.125], "NAMFIS": [0.041666666666666664, 0.08333333333333333, 0.08333333333333333, 0.08333333333333333, 0.08333333333333333]}, "rmsd": {"best": 1.8556381231559442, "random": [2.8144627215635625, 2.467858482346416, 2.3585312802249887, 2.208985136513694, 2.102593450605796], "low_energy": [2.143347132604979, 1.9603369374486384, 2.0232861671184525, 1.9572246249464997, 1.8760135669672864], "LICUV": [2.4907495361673337, 2.25221266511024, 2.348454804233231, 2.1403914981496888, 2.191728858830999], "NAMFIS": [1.8556381231559442, 1.6297864712093855, 1.6295831738457947, 1.6295831736388642, 1.6295831748787843]}, "mae": {"best": 1.4451047523816423, "random": [2.095756617407004, 1.8759197579791085, 1.7902048089651725, 1.7034608800752409, 1.6633027100301738], "low_energy": [1.659669716954231, 1.5558893057206944, 1.6134496100270486, 1.5634547877984002, 1.5160601489359367], "LICUV": [1.8264814247687653, 1.7163019955573262, 1.709824038059984, 1.6182130313467598, 1.6766782820953898], "NAMFIS": [1.4927928644418713, 1.356443148635473, 1.3599126727266901, 1.3599126724610346, 1.3599126734636817]}, "bundle-size": [1, 3, 5, 10, 30]}}