{"single": {"fulfil": {"best": 0.625, "random": [0.2875, 0.31666666666666665, 0.33333333333333337, 0.3416666666666667, 0.4416666666666667], "low_energy": [0.16666666666666666, 0.25, 0.25, 0.2916666666666667, 0.5], "LICUV": [0.625, 0.5416666666666666, 0.5416666666666666, 0.5416666666666666, 0.5833333333333334], "NAMFIS": [0.375, 0.4583333333333333, 0.7083333333333334, 0.7083333333333334, 0.7083333333333334]}, "rmsd": {"best": 0.34109928901552605, "random": [0.6849757074085079, 0.4638109939538337, 0.4322397928945755, 0.4115900165997652, 0.351907597152315], "low_energy": [0.689176238948707, 0.5240331312820735, 0.4853467770051035, 0.42601781787034293, 0.30003814084049896], "LICUV": [0.5509898673584578, 0.4711371585791806, 0.4672868087218499, 0.3057858392269968, 0.2799307466653831], "NAMFIS": [0.34109928901552605, 0.2854895698868265, 0.2160480965094219, 0.2181387984844474, 0.21813879803242334]}, "mae": {"best": 0.2740604857603709, "random": [0.5144824680884679, 0.3554302648543102, 0.3382508329264332, 0.33015966846725325, 0.275073537423397], "low_energy": [0.5437649333477019, 0.43726630154538354, 0.38413109217909347, 0.33626662903759547, 0.22701949842778424], "LICUV": [0.3212564675013225, 0.27069725183005655, 0.2790977190752722, 0.23942599592833466, 0.206999410058795], "NAMFIS": [0.2740604857603709, 0.22552287431937268, 0.16179284213845765, 0.1660628319753207, 0.16606283169528682]}, "bundle-size": [1, 3, 5, 10, 30]}}