{"minimum_sasa": 8.266839027404785, "minimum_psa": 6.311668872833252}