{"minimum_sasa": 9.558506622314425, "minimum_psa": 4.300688161849983}