{"single": {"stat": {"0": "MAE", "1": "MSE", "2": "RMSD", "3": "RMSD_step", "4": "pearsonr", "5": "kendalltau", "6": "chisq", "7": "percentage_fulfilled"}, "value": {"0": 0.2093344188594614, "1": -0.06251799235414407, "2": 0.27415639562264227, "3": 0.0, "4": 0.8950392060929816, "5": 0.6833333333333333, "6": 0.37420508557135523, "7": 1.0}, "up": {"0": 0.30102238454388197, "1": 0.06252540227496185, "2": 0.35964221617259856, "3": 0.0, "4": 0.9722810962942257, "5": 0.8956521739130436, "6": 0.6747006355759237, "7": 0.0}, "low": {"0": 0.1260334104025562, "1": 0.0, "2": 0.17243296316981643, "3": 0.0, "4": 0.7742483055828514, "5": 0.40350877192982454, "6": 0.14438933281437819, "7": 0.0}}}