{"single": {"stat": {"0": "MAE", "1": "MSE", "2": "RMSD", "3": "RMSD_step", "4": "pearsonr", "5": "kendalltau", "6": "chisq", "7": "percentage_fulfilled"}, "value": {"0": 0.2093344188594614, "1": -0.06251799235414407, "2": 0.27415639562264227, "3": 0.0, "4": 0.8950392060929816, "5": 0.6833333333333333, "6": 0.37420508557135523, "7": 1.0}, "up": {"0": 0.2993280093473747, "1": 0.06462275332542795, "2": 0.36275920929657857, "3": 0.0, "4": 0.9721647725212166, "5": 0.9056603773584905, "6": 0.6743683025851116, "7": 0.0}, "low": {"0": 0.127353121193498, "1": 0.0, "2": 0.17375197757931574, "3": 0.0, "4": 0.7715884546071543, "5": 0.4054054054054055, "6": 0.14761565553292563, "7": 0.0}}}