{"11": {"0": {"Atom 1": "(92,)", "Atom 2": "(75,)", "NMR exp": 2.36, "lower bound": 0, "upper bound": 0, "md": [2.4413719537834835]}, "1": {"Atom 1": "(73,)", "Atom 2": "(92,)", "NMR exp": 4.01, "lower bound": 0, "upper bound": 0, "md": [3.5675131546816763]}, "2": {"Atom 1": "(73,)", "Atom 2": "(56,)", "NMR exp": 2.62, "lower bound": 0, "upper bound": 0, "md": [2.8669231178365067]}, "3": {"Atom 1": "(54,)", "Atom 2": "(73,)", "NMR exp": 2.63, "lower bound": 0, "upper bound": 0, "md": [2.7043593184456607]}, "4": {"Atom 1": "(54,)", "Atom 2": "(41, 42)", "NMR exp": 2.91, "lower bound": 0, "upper bound": 0, "md": [4.100603623225679, 2.9459330422627095]}, "5": {"Atom 1": "(54,)", "Atom 2": "(50,)", "NMR exp": 3.38, "lower bound": 0, "upper bound": 0, "md": [3.451277989927512]}, "6": {"Atom 1": "(54,)", "Atom 2": "(22,)", "NMR exp": 3.66, "lower bound": 0, "upper bound": 0, "md": [3.633487812148931]}, "7": {"Atom 1": "(54,)", "Atom 2": "(1,)", "NMR exp": 3.61, "lower bound": 0, "upper bound": 0, "md": [3.751615995495258]}, "8": {"Atom 1": "(73,)", "Atom 2": "(1,)", "NMR exp": 3.55, "lower bound": 0, "upper bound": 0, "md": [3.537285172265513]}, "9": {"Atom 1": "(41, 42)", "Atom 2": "(24, 25)", "NMR exp": 3.46, "lower bound": 0, "upper bound": 0, "md": [3.0120183984493605, 4.0369969917084365, 4.232108870123067, 4.755391798744891]}, "10": {"Atom 1": "(28,)", "Atom 2": "(41, 42)", "NMR exp": 3.09, "lower bound": 0, "upper bound": 0, "md": [3.4349280948526175, 4.466357489352226]}, "11": {"Atom 1": "(20,)", "Atom 2": "(3,)", "NMR exp": 2.88, "lower bound": 0, "upper bound": 0, "md": [2.259770853258604]}, "12": {"Atom 1": "(41, 42)", "Atom 2": "(22,)", "NMR exp": 2.13, "lower bound": 0, "upper bound": 0, "md": [2.332140134669448, 2.3081218994387904]}, "13": {"Atom 1": "(1,)", "Atom 2": "(96,)", "NMR exp": 3.79, "lower bound": 0, "upper bound": 0, "md": [3.418222815379928]}, "14": {"Atom 1": "(1,)", "Atom 2": "(102, 103)", "NMR exp": 3.7, "lower bound": 0, "upper bound": 0, "md": [3.5785852934556894, 3.998319183280081]}, "15": {"Atom 1": "(1,)", "Atom 2": "(75,)", "NMR exp": 4.3, "lower bound": 0, "upper bound": 0, "md": [4.1682972106514535]}}}