{"single": {"stat": {"0": "MAE", "1": "MSE", "2": "RMSD", "3": "pearsonr", "4": "kendalltau", "5": "chisq", "6": "percentage_fulfilled"}, "value": {"0": 0.31568452408159425, "1": 0.053832375479409424, "2": 0.4788717462765387, "3": 0.5788757857418094, "4": 0.4805194805194805, "5": 1.8867805209225839, "6": 0.6363636363636364}, "up": {"0": 0.4773486173197831, "1": 0.26471513119227164, "2": 0.6673788827137593, "3": 0.8344532456403453, "4": 0.7706422018348624, "5": 3.6010039893416734, "6": 0.0}, "low": {"0": 0.17950363146705842, "1": 0.0, "2": 0.26453383209553233, "3": 0.305212704540693, "4": 0.1493212669683258, "5": 0.5571222723141134, "6": 0.0}, "most-populated-1": {"0": 0.34185269529169254, "1": 0.1342051696777342, "2": 0.43781969304181695, "3": NaN, "4": NaN, "5": NaN, "6": 0.45454545454545453}}}