{"single": {"stat": {"0": "MAE", "1": "MSE", "2": "RMSD", "3": "RMSD_step", "4": "pearsonr", "5": "kendalltau", "6": "chisq", "7": "percentage_fulfilled"}, "value": {"0": 0.18108696859517825, "1": -0.006183313131195659, "2": 0.2514969751190714, "3": 0.2786738073610272, "4": 0.7620195906831507, "5": 0.5379622201167248, "6": 0.5978052864865485, "7": 0.6818181818181818}, "up": {"0": 0.2572838506232423, "1": 0.10300182111846148, "2": 0.32828967691835764, "3": 0.45332834757009105, "4": 0.9092337393626827, "5": 0.7466063348416289, "6": 1.0996320453546555, "7": 0.0}, "low": {"0": 0.11281172188530546, "1": 0.0, "2": 0.1709234068567494, "3": 0.09007572571806659, "4": 0.5385841689640793, "5": 0.2785388127853881, "6": 0.2434579785470825, "7": 0.0}, "most-populated-1": {"0": 0.34185269529169254, "1": 0.1342051696777342, "2": 0.43781969304181695, "3": 0.2786738073610272, "4": NaN, "5": NaN, "6": NaN, "7": 0.45454545454545453}}}