{"36": {"0": {"Atom 1": "(25,)", "Atom 2": "(32,)", "NMR exp": [2.75], "lower bound": 2.48, "upper bound": 3.0300000000000002, "md": [2.4854357709453847], "lower": [2.1303013220646267], "upper": [3.604648938206392]}, "1": {"Atom 1": "(1,)", "Atom 2": "(3,)", "NMR exp": [2.5100000000000002], "lower bound": 2.2600000000000002, "upper bound": 2.7600000000000002, "md": [2.2416267196297226], "lower": [2.145902219396709], "upper": [2.3597401302364154]}, "2": {"Atom 1": "(1,)", "Atom 2": "(61,)", "NMR exp": [2.5], "lower bound": 2.25, "upper bound": 2.75, "md": [2.1462359246557265], "lower": [2.014300603359951], "upper": [2.3286912817824974]}, "3": {"Atom 1": "(1,)", "Atom 2": "(5, 6)", "NMR exp": [3.24], "lower bound": 2.92, "upper bound": 4.46, "md": [3.215985793723771, 3.509409270615221], "lower": [2.866871851854444, 2.940495368663921], "upper": [3.648452801825578, 3.9627227656773147]}, "4": {"Atom 1": "(1,)", "Atom 2": "(8, 9)", "NMR exp": [3.4], "lower bound": 3.06, "upper bound": 4.64, "md": [3.0437263655206195, 3.2514053143423247], "lower": [2.6511239367283883, 2.833505240882213], "upper": [4.243504771454377, 4.354680103973452]}, "5": {"Atom 1": "(3,)", "Atom 2": "(5, 6)", "NMR exp": [2.5500000000000003, 2.67], "lower bound": 2.3000000000000003, "upper bound": 2.94, "md": [2.6836207971850454, 2.531486204298725], "lower": [2.4238383559012466, 2.366475092070047], "upper": [3.0144860193895613, 2.9020604235371414]}, "6": {"Atom 1": "(3,)", "Atom 2": "(8, 9)", "NMR exp": [2.83], "lower bound": 2.5500000000000003, "upper bound": 4.01, "md": [2.8146159880761585, 2.649512442773156], "lower": [2.4521076062030684, 2.390056348670624], "upper": [3.485480439224643, 3.40790565843353]}, "7": {"Atom 1": "(8, 9)", "Atom 2": "(11, 12)", "NMR exp": [2.69], "lower bound": 2.42, "upper bound": 3.86, "md": [2.6660817602180975, 2.4976617030628345, 2.4870748233431748, 2.6658521094913525], "lower": [2.44038081448846, 2.33146567266066, 2.326388407825259, 2.44113510238341], "upper": [3.015173391132587, 2.875041472259036, 2.858114717837614, 3.014675216523743]}, "8": {"Atom 1": "(25,)", "Atom 2": "(27, 28)", "NMR exp": [1.77, 1.93], "lower bound": 1.74, "upper bound": 2.12, "md": [2.7715662281537017, 2.573640772718859], "lower": [2.482384268926748, 2.3611725506145045], "upper": [2.9536889340808217, 2.8588207345605734]}, "9": {"Atom 1": "(25,)", "Atom 2": "(3,)", "NMR exp": [2.7800000000000002], "lower bound": 2.5, "upper bound": 3.06, "md": [2.8237619918050463], "lower": [2.559679734767444], "upper": [3.265767182358976]}, "10": {"Atom 1": "(25,)", "Atom 2": "(5, 6)", "NMR exp": [3.04, 3.39], "lower bound": 2.74, "upper bound": 3.73, "md": [3.3818047400028726, 3.2988450007035444], "lower": [2.4858847379651734, 2.528024497417927], "upper": [4.342520450657871, 4.400166061291129]}, "11": {"Atom 1": "(32,)", "Atom 2": "(27, 28)", "NMR exp": [3.06, 3.19], "lower bound": 2.75, "upper bound": 3.5100000000000002, "md": [2.442182942541069, 3.2902343636916465], "lower": [2.1737041230252028, 3.05254619683095], "upper": [3.16087199054001, 3.5107934408837815]}, "12": {"Atom 1": "(32,)", "Atom 2": "(34,)", "NMR exp": [2.45], "lower bound": 2.21, "upper bound": 2.7, "md": [2.9105979384923852], "lower": [2.8168108360527495], "upper": [2.9905632833009537]}, "13": {"Atom 1": "(32,)", "Atom 2": "(36, 37)", "NMR exp": [3.0100000000000002, 3.2600000000000002], "lower bound": 2.71, "upper bound": 3.59, "md": [2.7112430600972575, 2.69198981468967], "lower": [2.415228249931798, 2.418701063683041], "upper": [3.2656202553099645, 3.3046458928550067]}, "14": {"Atom 1": "(34,)", "Atom 2": "(36, 37)", "NMR exp": [2.0300000000000002, 2.15], "lower bound": 1.83, "upper bound": 2.37, "md": [2.504729815698125, 2.8401922068554355], "lower": [2.3630538740418903, 2.489830765940793], "upper": [2.8292389030687266, 3.0415023189059087]}, "15": {"Atom 1": "(34,)", "Atom 2": "(46, 47)", "NMR exp": [2.67], "lower bound": 2.4, "upper bound": 3.84, "md": [2.334527974873202, 2.32920865011598], "lower": [2.135819905489502, 2.1408275940680963], "upper": [2.7819605758818198, 2.719467042396928]}, "16": {"Atom 1": "(55,)", "Atom 2": "(52, 53)", "NMR exp": [2.2800000000000002, 2.7], "lower bound": 2.05, "upper bound": 2.97, "md": [2.764798731297188, 2.278840143081359], "lower": [2.6539810207576555, 2.1738256247748837], "upper": [2.9273820456819224, 2.400745263923148]}, "17": {"Atom 1": "(46, 47)", "Atom 2": "(52, 53)", "NMR exp": [3.13], "lower bound": 2.82, "upper bound": 4.34, "md": [3.420520790333131, 3.859287244138983, 3.9467542259431205, 3.113535692147097], "lower": [2.9102108985400825, 3.751874110433664, 3.816942562800821, 2.8416949945480963], "upper": [4.010703174628796, 3.9784835553724918, 4.081247624350236, 3.76569241352877]}, "18": {"Atom 1": "(59,)", "Atom 2": "(55,)", "NMR exp": [2.43], "lower bound": 2.19, "upper bound": 2.67, "md": [2.389639073861871], "lower": [2.1901209814412157], "upper": [2.710117914204345]}, "19": {"Atom 1": "(59,)", "Atom 2": "(61,)", "NMR exp": [2.58], "lower bound": 2.32, "upper bound": 2.84, "md": [2.887354530512702], "lower": [2.779983326500159], "upper": [2.975750158375872]}, "20": {"Atom 1": "(59,)", "Atom 2": "(63,)", "NMR exp": [2.87], "lower bound": 2.58, "upper bound": 3.16, "md": [2.7853378064835503], "lower": [2.4508432415306367], "upper": [3.6081082773569517]}, "21": {"Atom 1": "(61,)", "Atom 2": "(63,)", "NMR exp": [2.7600000000000002], "lower bound": 2.48, "upper bound": 3.04, "md": [2.5837111388714926], "lower": [2.3937534154030944], "upper": [2.986293188754511]}}}