{"single": {"stat": {"0": "MAE", "1": "MSE", "2": "RMSD", "3": "RMSD_step", "4": "pearsonr", "5": "kendalltau", "6": "chisq", "7": "percentage_fulfilled"}, "value": {"0": 0.2093344188594614, "1": -0.06251799235414407, "2": 0.27415639562264227, "3": 0.0, "4": 0.8950392060929816, "5": 0.6833333333333333, "6": 0.37420508557135523, "7": 1.0}, "up": {"0": 0.30333291871964035, "1": 0.06214091670544391, "2": 0.36220397299088286, "3": 0.0, "4": 0.9733602058522897, "5": 0.894736842105263, "6": 0.6741940685249618, "7": 0.0}, "low": {"0": 0.12562732708249166, "1": 0.0, "2": 0.17208637170225377, "3": 0.0, "4": 0.7745951426679002, "5": 0.41071428571428564, "6": 0.14758882667922366, "7": 0.0}, "most-populated-1": {"0": 0.3616158747673035, "1": 0.2057568383216857, "2": 0.4910472274198761, "3": 0.0, "4": NaN, "5": NaN, "6": NaN, "7": 0.9375}}}