{"single": {"stat": {"0": "MAE", "1": "MSE", "2": "RMSD", "3": "pearsonr", "4": "kendalltau", "5": "chisq", "6": "percentage_fulfilled"}, "value": {"0": 0.2093344188594614, "1": -0.06251799235414407, "2": 0.27415639562264227, "3": 0.8950392060929816, "4": 0.6833333333333333, "5": 0.37420508557135523, "6": 1.0}, "up": {"0": 0.2997924415407934, "1": 0.0638891349880463, "2": 0.3639878215689399, "3": 0.9719436261331922, "4": 0.9074074074074074, "5": 0.6754485697502286, "6": 0.0}, "low": {"0": 0.12979174821556924, "1": 0.0, "2": 0.17333292063000666, "3": 0.77461559313613, "4": 0.41071428571428564, "5": 0.14581750876333724, "6": 0.0}, "most-populated-1": {"0": 0.3616158747673035, "1": 0.2057568383216857, "2": 0.4910472274198761, "3": NaN, "4": NaN, "5": NaN, "6": 0.9375}}}