{"single": {"stat": {"0": "MAE", "1": "MSE", "2": "RMSD", "3": "RMSD_step", "4": "pearsonr", "5": "kendalltau", "6": "chisq", "7": "percentage_fulfilled"}, "value": {"0": 0.51190577617281, "1": 0.27167143858107035, "2": 0.6606351758365747, "3": 0.3188045853440061, "4": 0.34332293589477253, "5": 0.24295068005271442, "6": 3.898865991749003, "7": 0.6363636363636364}, "up": {"0": 0.696834362309785, "1": 0.5186381277506761, "2": 0.8459757011986404, "3": 0.5183193995911227, "4": 0.7579710807491363, "5": 0.583333958516423, "6": 6.5823276150312315, "7": 0.0}, "low": {"0": 0.3431910576270239, "1": 0.010391905708105617, "2": 0.4511221554334566, "3": 0.10775919136602519, "4": 0.0, "5": 0.0, "6": 1.692665102866976, "7": 0.0}}}