{"single": {"stat": {"0": "MAE", "1": "MSE", "2": "RMSD", "3": "RMSD_step", "4": "pearsonr", "5": "kendalltau", "6": "chisq", "7": "percentage_fulfilled"}, "value": {"0": 0.51190577617281, "1": 0.27167143858107035, "2": 0.6606351758365747, "3": 0.3188045853440061, "4": 0.34332293589477253, "5": 0.24295068005271442, "6": 3.898865991749003, "7": 0.6363636363636364}, "up": {"0": 0.6949885263195804, "1": 0.5135466554610243, "2": 0.8444343424534265, "3": 0.5177559750091619, "4": 0.7659092937652554, "5": 0.5819068794190597, "6": 6.624167869619384, "7": 0.0}, "low": {"0": 0.34405358624302296, "1": 0.011485503364515605, "2": 0.44968888979894633, "3": 0.109933343731013, "4": 0.0, "5": 0.0, "6": 1.6581582559797945, "7": 0.0}}}