{"single": {"stat": {"0": "MAE", "1": "MSE", "2": "RMSD", "3": "RMSD_step", "4": "pearsonr", "5": "kendalltau", "6": "chisq", "7": "percentage_fulfilled"}, "value": {"0": 0.5507782049648882, "1": 0.4253716070562758, "2": 0.7223100520945044, "3": 0.3225537305487399, "4": 0.3191426539363893, "5": 0.23427387005083175, "6": 5.267253362552286, "7": 0.5909090909090909}, "up": {"0": 0.7667450867963702, "1": 0.6784804536163398, "2": 0.9900518011214283, "3": 0.519357338884008, "4": 0.709298411232388, "5": 0.5871559633027523, "6": 10.686964660739676, "7": 0.0}, "low": {"0": 0.3765691808428318, "1": 0.19477608841328214, "2": 0.4444166218985313, "3": 0.12067753712071758, "4": 0.0, "5": 0.0, "6": 1.793700117687927, "7": 0.0}}}