{"single": {"stat": {"0": "MAE", "1": "MSE", "2": "RMSD", "3": "RMSD_step", "4": "pearsonr", "5": "kendalltau", "6": "chisq", "7": "percentage_fulfilled"}, "value": {"0": 0.4424219095921496, "1": 0.2966524494037366, "2": 0.6204023834297856, "3": 0.1667816807453926, "4": 0.3636855392810566, "5": 0.2347826086956522, "6": 4.559033695900178, "7": 0.3548387096774194}, "up": {"0": 0.6006309840510555, "1": 0.494791433073628, "2": 0.7941808257936895, "3": 0.22863638543301082, "4": 0.6655167736191797, "5": 0.49605480629285026, "6": 7.569220040532126, "7": 0.0}, "low": {"0": 0.29771185503085856, "1": 0.11019805245795375, "2": 0.4174551293162653, "3": 0.10177378445017862, "4": 0.0, "5": 0.0, "6": 2.0145802291887436, "7": 0.0}}}