{"single": {"stat": {"0": "MAE", "1": "MSE", "2": "RMSD", "3": "RMSD_step", "4": "pearsonr", "5": "kendalltau", "6": "chisq", "7": "percentage_fulfilled"}, "value": {"0": 0.4424219095921496, "1": 0.2966524494037366, "2": 0.6204023834297856, "3": 0.1667816807453926, "4": 0.3636855392810566, "5": 0.2347826086956522, "6": 4.559033695900178, "7": 0.3548387096774194}, "up": {"0": 0.6030698069383422, "1": 0.493693496191623, "2": 0.7906262187645515, "3": 0.2264038639207951, "4": 0.6595585327186366, "5": 0.5011373194317785, "6": 7.576444323671381, "7": 0.0}, "low": {"0": 0.29904650665901183, "1": 0.1100836236019967, "2": 0.4185126598952316, "3": 0.10186882761702333, "4": 0.0, "5": 0.0, "6": 2.011477955619508, "7": 0.0}}}