{"single": {"fulfil": {"best": 0.5806451612903226, "random": [0.3387096774193548, 0.46451612903225803, 0.5290322580645161, 0.5612903225806452, 0.6096774193548387], "low_energy": [0.2903225806451613, 0.25806451612903225, 0.3548387096774194, 0.5161290322580645, 0.6451612903225806], "LICUV": [0.5806451612903226, 0.5806451612903226, 0.5483870967741935, 0.5483870967741935, 0.6451612903225806], "NAMFIS": [0.25806451612903225, 0.45161290322580644, 0.6774193548387096, 0.6451612903225806, 0.6451612903225806]}, "rmsd": {"best": 0.3784496665475682, "random": [0.576397715597978, 0.39618091051729143, 0.3409430519472404, 0.2829848659281044, 0.25132369977957814], "low_energy": [0.5429381722310274, 0.43770672180145487, 0.3731909060126868, 0.26075657861641865, 0.2683332490907892], "LICUV": [0.607276875003599, 0.37463057442608916, 0.3748616852196374, 0.3450842150055429, 0.22391338214460885], "NAMFIS": [0.4002607298788392, 0.3286249971147448, 0.25382293740479794, 0.20670715256405284, 0.2067071525635061]}, "mae": {"best": 0.26844821437712624, "random": [0.4219472110809817, 0.28942047204750737, 0.2410673103518874, 0.20781873876267473, 0.17847439750588284], "low_energy": [0.4054016522438295, 0.3479139012878992, 0.28652180290749857, 0.19112900345417566, 0.17986914619498015], "LICUV": [0.39599962634424996, 0.26015779664430616, 0.2771244108955703, 0.25701770959689874, 0.1588360238871316], "NAMFIS": [0.3268631086041849, 0.24539722456399402, 0.19025106684014187, 0.1593094862966738, 0.1593094862957032]}, "bundle-size": [1, 3, 5, 10, 30]}}