{"single": {"fulfil": {"best": 0.3870967741935484, "random": [0.2580645161290322, 0.2225806451612903, 0.2129032258064516, 0.2, 0.1967741935483871], "low_energy": [0.22580645161290322, 0.1935483870967742, 0.1935483870967742, 0.1935483870967742, 0.22580645161290322], "LICUV": [0.3870967741935484, 0.25806451612903225, 0.2903225806451613, 0.25806451612903225, 0.25806451612903225], "NAMFIS": [0.2903225806451613, 0.2903225806451613, 0.2903225806451613, 0.2903225806451613, 0.2903225806451613]}, "rmsd": {"best": 0.6182316904871515, "random": [0.9831318202161101, 0.8638859376224802, 0.8630489541477931, 0.8495720110971124, 0.8442573878375708], "low_energy": [0.7994520408077664, 0.8559755436001883, 0.8128711539847123, 0.8272467014934449, 0.826027628474456], "LICUV": [1.0600804878791958, 0.9778330234280332, 0.8823011175546773, 0.8760005487054288, 0.8235475044943491], "NAMFIS": [0.7981894702300223, 0.7844336909858968, 0.7844336909265417, 0.7844336905452021, 0.7844336894959945]}, "mae": {"best": 0.4485604095458983, "random": [0.6769606645645634, 0.6156680235711889, 0.6242041501939984, 0.6169143223932545, 0.6140265719664069], "low_energy": [0.584050678130119, 0.6087521018626556, 0.5852093315615312, 0.5899518416034742, 0.5957362792958982], "LICUV": [0.7005552113440728, 0.6561091595626121, 0.5883081670178438, 0.604096332776291, 0.5906786457792539], "NAMFIS": [0.5400349860037527, 0.5370229827540568, 0.5370229827624418, 0.5370229826707669, 0.5370229824913466]}, "bundle-size": [1, 3, 5, 10, 30]}}