{"single": {"fulfil": {"best": 0.5806451612903226, "random": [0.33548387096774196, 0.529032258064516, 0.5451612903225806, 0.6580645161290324, 0.6161290322580646], "low_energy": [0.2903225806451613, 0.25806451612903225, 0.3548387096774194, 0.5161290322580645, 0.6451612903225806], "LICUV": [0.5806451612903226, 0.5806451612903226, 0.5483870967741935, 0.5483870967741935, 0.6451612903225806], "NAMFIS": [0.25806451612903225, 0.45161290322580644, 0.6774193548387096, 0.6451612903225806, 0.6451612903225806]}, "rmsd": {"best": 0.3784496665475682, "random": [0.5482492126982027, 0.38318209898789235, 0.33428437939654826, 0.257824162947416, 0.2571377594369139], "low_energy": [0.5429381722310274, 0.43770672180145487, 0.3731909060126868, 0.26075657861641865, 0.2683332490907892], "LICUV": [0.607276875003599, 0.37463057442608916, 0.3748616852196374, 0.3450842150055429, 0.22391338214460885], "NAMFIS": [0.4002607298788392, 0.328629685976567, 0.25381219894576695, 0.20668120790949343, 0.2066812079102776]}, "rmsd_stepwise": {"best": 0.10215421611939347, "random": [0.23499825723983325, 0.15709839490440136, 0.15549972239365442, 0.1480576988056106, 0.14593183417225378], "low_energy": [0.2839411570117324, 0.1947454914795536, 0.19071173991638654, 0.17427268214477984, 0.15252709965456057], "LICUV": [0.11519968637950138, 0.09368788264679011, 0.09799604995330995, 0.1605233376661595, 0.1416151076321923], "NAMFIS": [0.17342842718204737, 0.20628824181149397, 0.1686760590695247, 0.1684464115034425, 0.1684464115034425]}, "mae": {"best": 0.26844821437712624, "random": [0.3931279064609157, 0.27310590195656703, 0.2313616207907793, 0.17714670103517735, 0.1799210874155882], "low_energy": [0.4054016522438295, 0.3479139012878992, 0.28652180290749857, 0.19112900345417566, 0.17986914619498015], "LICUV": [0.39599962634424996, 0.26015779664430616, 0.2771244108955703, 0.25701770959689874, 0.1588360238871316], "NAMFIS": [0.3268631086041849, 0.24540834724439728, 0.19024901740760725, 0.15929182608076173, 0.15929182608033593]}, "bundle-size": [1, 3, 5, 10, 30]}}