{"single": {"fulfil": {"best": 0.5806451612903226, "random": [0.32258064516129037, 0.48064516129032253, 0.5096774193548386, 0.5741935483870967, 0.5806451612903225], "low_energy": [0.2903225806451613, 0.25806451612903225, 0.3548387096774194, 0.5161290322580645, 0.6451612903225806], "LICUV": [0.5806451612903226, 0.5806451612903226, 0.5483870967741935, 0.5483870967741935, 0.6451612903225806], "NAMFIS": [0.25806451612903225, 0.45161290322580644, 0.6774193548387096, 0.6451612903225806, 0.6451612903225806]}, "rmsd": {"best": 0.3784496665475682, "random": [0.6217888809912139, 0.35734596146385933, 0.33690439208695533, 0.28474177690501634, 0.2577820389335047], "low_energy": [0.5429381722310274, 0.43770672180145487, 0.3731909060126868, 0.26075657861641865, 0.2683332490907892], "LICUV": [0.607276875003599, 0.37463057442608916, 0.3748616852196374, 0.3450842150055429, 0.22391338214460885], "NAMFIS": [0.4002607298788392, 0.32864732855882045, 0.25376791068657495, 0.20665855318839174, 0.20665855318851004]}, "mae": {"best": 0.26844821437712624, "random": [0.44901973278291757, 0.2647784725405268, 0.23907366113950346, 0.20610995373162644, 0.18499768388623397], "low_energy": [0.4054016522438295, 0.3479139012878992, 0.28652180290749857, 0.19112900345417566, 0.17986914619498015], "LICUV": [0.39599962634424996, 0.26015779664430616, 0.2771244108955703, 0.25701770959689874, 0.1588360238871316], "NAMFIS": [0.3268631086041849, 0.24543442586367464, 0.19022476918499095, 0.15928825838918134, 0.15928825838860822]}, "bundle-size": [1, 3, 5, 10, 30]}}