{"minimum_sasa": 7.898911952972412, "minimum_psa": 5.540616512298584}