{"minimum_sasa": 8.485997085571267, "minimum_psa": 6.275258245468159}