{"single": {"stat": {"0": "MAE", "1": "MSE", "2": "RMSD", "3": "RMSD_step", "4": "pearsonr", "5": "kendalltau", "6": "chisq", "7": "percentage_fulfilled"}, "value": {"0": 0.4119816862075998, "1": -0.04441714746297404, "2": 0.5638319853080057, "3": 0.17467827569563416, "4": 0.3364471165991937, "5": 0.3357085827243608, "6": 3.598465125258213, "7": 0.15625}, "up": {"0": 0.5607335453152296, "1": 0.1685558442638934, "2": 0.8081624229934457, "3": 0.20894938071442382, "4": 0.6679644605335389, "5": 0.5618711338219998, "6": 7.567405931515154, "7": 0.0}, "low": {"0": 0.2989317057265357, "1": 0.0, "2": 0.3485169771209196, "3": 0.13946269658141422, "4": 0.028758442590066408, "5": 0.05690277294702623, "6": 1.34475862758926, "7": 0.0}}}