{"single": {"stat": {"0": "MAE", "1": "MSE", "2": "RMSD", "3": "RMSD_step", "4": "pearsonr", "5": "kendalltau", "6": "chisq", "7": "percentage_fulfilled"}, "value": {"0": 0.25348225672169433, "1": -0.034598077866388854, "2": 0.37244166559983055, "3": 0.13630159573533976, "4": 0.4621032878089315, "5": 0.4040611219362653, "6": 1.4524464642369113, "7": 0.4375}, "up": {"0": 0.3582249731582944, "1": 0.08382206598910256, "2": 0.5310451950813644, "3": 0.17860680440110344, "4": 0.7814167813369436, "5": 0.6406911870979904, "6": 2.6998764330232463, "7": 0.0}, "low": {"0": 0.16848835573262927, "1": 0.0, "2": 0.22707066528152164, "3": 0.0924463508386928, "4": 0.09730766466041664, "5": 0.14374685728583061, "6": 0.5842291176946117, "7": 0.0}}}