{"single": {"stat": {"0": "MAE", "1": "MSE", "2": "RMSD", "3": "RMSD_step", "4": "pearsonr", "5": "kendalltau", "6": "chisq", "7": "percentage_fulfilled"}, "value": {"0": 0.4119816862075998, "1": -0.04441714746297404, "2": 0.5638319853080057, "3": 0.17467827569563416, "4": 0.3364471165991937, "5": 0.3357085827243608, "6": 3.598465125258213, "7": 0.15625}, "up": {"0": 0.5639449704211188, "1": 0.16107825706556028, "2": 0.8037605882889199, "3": 0.20887664477159804, "4": 0.6696544259363966, "5": 0.5597497499925214, "6": 7.513836311448518, "7": 0.0}, "low": {"0": 0.30002841417301007, "1": 0.0, "2": 0.34374099026764393, "3": 0.13964184092810794, "4": 0.030342336637792885, "5": 0.07021151851932668, "6": 1.3425437332651402, "7": 0.0}}}