{"single": {"fulfil": {"best": 0.8737864077669902, "random": [0.7563106796116504, 0.7864077669902912, 0.7766990291262135, 0.7941747572815533, 0.7825242718446602], "low_energy": [0.8349514563106796, 0.7864077669902912, 0.7766990291262136, 0.8252427184466019, 0.7961165048543689], "LICUV": [0.8737864077669902, 0.8543689320388349, 0.8737864077669902, 0.8640776699029126, 0.8155339805825242], "NAMFIS": [0.8737864077669902, 0.8640776699029126, 0.8252427184466019, 0.8252427184466019, 0.8252427184466019]}, "rmsd": {"best": 1.1224605551622007, "random": [1.534486600012192, 1.342926771169435, 1.259104521447421, 1.2123894237743085, 1.1591779742895763], "low_energy": [1.1620817658920966, 1.3251113091144133, 1.3508749432614102, 1.1961177883733713, 1.1218936675832505], "LICUV": [1.1224605551622007, 1.2056380325648877, 1.078951039273515, 1.0931357100920773, 1.0875671129602607], "NAMFIS": [1.1224605551622007, 1.028630241358648, 1.0558325137391449, 1.056658080358465, 1.056658080360875]}, "rmsd_stepwise": {"best": 0.528783179087078, "random": [0.7697773296761559, 0.725404354503467, 0.7461658740317019, 0.7170115645738622, 0.7381422269128506], "low_energy": [0.6244220628880429, 0.732067162285734, 0.7488502514048626, 0.660685140115117, 0.7148901741981409], "LICUV": [0.528783179087078, 0.5925098827572822, 0.5587781399703622, 0.5805922653986846, 0.6792342919059451], "NAMFIS": [0.528783179087078, 0.5805922653986846, 0.660685140115117, 0.660685140115117, 0.660685140115117]}, "mae": {"best": 0.8321730234090564, "random": [1.1183354200668705, 1.0557606876128427, 1.0205294820898136, 1.011681267120925, 0.9899971612085441], "low_energy": [0.8698867640449005, 1.0256333336545775, 1.0937402587033138, 0.9982754360376651, 0.960203948229064], "LICUV": [0.8321730234090564, 0.9344009385663277, 0.8681976716171231, 0.8999444870577407, 0.9203962845905416], "NAMFIS": [0.8321730234090564, 0.8480090380023698, 0.8778313645288647, 0.8902355068141362, 0.8902355068151679]}, "bundle-size": [1, 3, 5, 10, 30]}}