{"minimum_sasa": 12.767120666503942, "minimum_psa": 11.187700462341326}