{"single": {"stat": {"0": "MAE", "1": "MSE", "2": "RMSD", "3": "RMSD_step", "4": "pearsonr", "5": "kendalltau", "6": "chisq", "7": "percentage_fulfilled"}, "value": {"0": 0.7569593781426411, "1": -0.7032717751866518, "2": 0.9017277920731401, "3": 0.4626767418423584, "4": 0.6543918685892824, "5": 0.5382986905398405, "6": 16.481190378374723, "7": 0.9069767441860465}, "up": {"0": 0.8626656862135212, "1": -0.5847551709634056, "2": 1.0160544433634684, "3": 0.6071281999403343, "4": 0.7622800605515245, "5": 0.6545327057728018, "6": 20.547045577515842, "7": 0.0}, "low": {"0": 0.6565082553374247, "1": 0.0, "2": 0.7857063544888961, "3": 0.2663273034409719, "4": 0.5199866136653748, "5": 0.40495461434521124, "6": 12.743896828863411, "7": 0.0}}}