{"single": {"stat": {"0": "MAE", "1": "MSE", "2": "RMSD", "3": "RMSD_step", "4": "pearsonr", "5": "kendalltau", "6": "chisq", "7": "percentage_fulfilled"}, "value": {"0": 0.931299369227285, "1": -0.7879756221699115, "2": 1.1458744637314235, "3": 0.7534417154662004, "4": 0.4445232934437599, "5": 0.36296242961068925, "6": 26.55290574193844, "7": 0.7441860465116279}, "up": {"0": 1.072289586178091, "1": -0.6069575754856222, "2": 1.295639309407295, "3": 0.8903928445745237, "4": 0.5886912122437203, "5": 0.502898072856262, "6": 33.39025265870538, "7": 0.0}, "low": {"0": 0.7943291532727098, "1": 0.0, "2": 0.9906574421665232, "3": 0.5994183226940891, "4": 0.3048953673039074, "5": 0.21348636964677628, "6": 20.197923161585642, "7": 0.0}}}