{"single": {"stat": {"0": "MAE", "1": "MSE", "2": "RMSD", "3": "RMSD_step", "4": "pearsonr", "5": "kendalltau", "6": "chisq", "7": "percentage_fulfilled"}, "value": {"0": 0.931299369227285, "1": -0.7879756221699115, "2": 1.1458744637314235, "3": 0.7534417154662004, "4": 0.4445232934437599, "5": 0.36296242961068925, "6": 26.55290574193844, "7": 0.7441860465116279}, "up": {"0": 1.071811554877877, "1": -0.6048092700674431, "2": 1.2971035370642978, "3": 0.889473322083172, "4": 0.5895606566165225, "5": 0.5026523173404149, "6": 33.40058499401341, "7": 0.0}, "low": {"0": 0.7926393173243308, "1": 0.0, "2": 0.9942826068361041, "3": 0.5994183226940891, "4": 0.3052872923283496, "5": 0.2083492109642754, "6": 20.134032352485587, "7": 0.0}}}