{"cis": {"fulfil": {"best": 1.0, "random": [0.8833333333333332, 0.9444444444444444, 0.9444444444444444, 0.95, 0.9555555555555555], "low_energy": [0.8888888888888888, 0.8888888888888888, 0.9444444444444444, 1.0, 1.0], "LICUV": [1.0, 1.0, 1.0, 1.0, 1.0], "NAMFIS": [1.0, 1.0, 1.0, 1.0, 1.0]}, "rmsd": {"best": 0.44679952174610993, "random": [0.6355768465714067, 0.49635988154408944, 0.5192028420203911, 0.4585230178171291, 0.42392079004792815], "low_energy": [0.5884979495473234, 0.6034654643753212, 0.5802845206419314, 0.47386827503414836, 0.4165217610757737], "LICUV": [0.45382040271575763, 0.4469032023508891, 0.30209919960976467, 0.3366456332529714, 0.35705390703328027], "NAMFIS": [0.35966938824713035, 0.2685651961543725, 0.24449697941245976, 0.23577108746057815, 0.23577108746071557]}, "mae": {"best": 0.3526333093643188, "random": [0.5042524849043951, 0.42709651692419887, 0.4454727339814585, 0.41044133952217116, 0.379289591597574], "low_energy": [0.5099951028823851, 0.5258710649254998, 0.5096830259860384, 0.4084339418286699, 0.37217928009044815], "LICUV": [0.3817237748040092, 0.3410773978109375, 0.27486249531080503, 0.2936920745578547, 0.3155394833697652], "NAMFIS": [0.2728268527984618, 0.23107425483927768, 0.21953871312073692, 0.20787762045102715, 0.2078776204510755]}, "bundle-size": [1, 3, 5, 10, 30]}, "trans": {"fulfil": {"best": 1.0, "random": [0.8699999999999999, 0.9400000000000001, 0.9800000000000001, 1.0, 1.0], "low_energy": [0.9, 0.9, 0.8, 1.0, 1.0], "LICUV": [1.0, 1.0, 1.0, 1.0, 1.0], "NAMFIS": [0.8, 1.0, 1.0, 1.0, 1.0]}, "rmsd": {"best": 0.27597663927827504, "random": [0.5617501750742274, 0.47392778070955777, 0.3296529519561501, 0.28560270901470336, 0.30639024207991156], "low_energy": [0.5446840920526433, 0.6287535289049925, 0.631707938037457, 0.34863947607176726, 0.3517638058115724], "LICUV": [0.27597663927827504, 0.2990368515415267, 0.25954388424423475, 0.2711248501202999, 0.27655640657017344], "NAMFIS": [0.7742623365483424, 0.3871589153763928, 0.34294760404685753, 0.3364257924246945, 0.33642579237445547]}, "mae": {"best": 0.20831700325012195, "random": [0.4317312169075011, 0.3748057644323984, 0.2563954659221674, 0.23005861530680058, 0.27022702466896226], "low_energy": [0.44708979129791243, 0.5322370431498685, 0.5248152776574194, 0.29173633670058813, 0.2961087374396357], "LICUV": [0.22823613166809076, 0.23331813781206093, 0.17611677995987826, 0.20231831439948414, 0.23055359670326112], "NAMFIS": [0.6298315048217772, 0.3287843056874009, 0.28330482512989436, 0.2785625944327293, 0.2785625944029867]}, "bundle-size": [1, 3, 5, 10, 30]}}