{"cis": {"fulfil": {"best": 1.0, "random": [0.8055555555555556, 0.9277777777777778, 0.9388888888888888, 0.9666666666666666, 0.9555555555555555], "low_energy": [0.8888888888888888, 0.8888888888888888, 0.9444444444444444, 1.0, 1.0], "LICUV": [1.0, 1.0, 1.0, 1.0, 1.0], "NAMFIS": [1.0, 1.0, 1.0, 1.0, 1.0]}, "rmsd": {"best": 0.44679952174610993, "random": [0.7108689937151726, 0.5027609044359335, 0.4950765934956145, 0.42377303470932537, 0.4145590933695373], "low_energy": [0.5884979495473234, 0.6034654643753212, 0.5802845206419314, 0.47386827503414836, 0.4165217610757737], "LICUV": [0.45382040271575763, 0.4469032023508891, 0.30209919960976467, 0.3366456332529714, 0.35705390703328027], "NAMFIS": [0.35966938824713035, 0.2685964267885483, 0.24451869160444967, 0.23582941393372006, 0.23582941393360426]}, "mae": {"best": 0.3526333093643188, "random": [0.5662464796172246, 0.4262669390322322, 0.4304205611893983, 0.37351371111285364, 0.37036194299565944], "low_energy": [0.5099951028823851, 0.5258710649254998, 0.5096830259860384, 0.4084339418286699, 0.37217928009044815], "LICUV": [0.3817237748040092, 0.3410773978109375, 0.27486249531080503, 0.2936920745578547, 0.3155394833697652], "NAMFIS": [0.2728268527984618, 0.23110618770543684, 0.2194980353773782, 0.2078798887484968, 0.20787988874843566]}, "bundle-size": [1, 3, 5, 10, 30]}, "trans": {"fulfil": {"best": 1.0, "random": [0.9200000000000002, 0.99, 0.9800000000000001, 1.0, 1.0], "low_energy": [0.9, 0.9, 0.8, 1.0, 1.0], "LICUV": [1.0, 1.0, 1.0, 1.0, 1.0], "NAMFIS": [0.8, 1.0, 1.0, 1.0, 1.0]}, "rmsd": {"best": 0.27597663927827504, "random": [0.5372906946741093, 0.3755152132393934, 0.3812299534036899, 0.31069904262377784, 0.3131916854916911], "low_energy": [0.5446840920526433, 0.6287535289049925, 0.631707938037457, 0.34863947607176726, 0.3517638058115724], "LICUV": [0.27597663927827504, 0.2990368515415267, 0.25954388424423475, 0.2711248501202999, 0.27655640657017344], "NAMFIS": [0.7742623365483424, 0.3866492280024456, 0.33927709912500226, 0.332884762164466, 0.33288476216581153]}, "mae": {"best": 0.20831700325012195, "random": [0.42887327480316156, 0.29589694192675653, 0.30519815957275614, 0.263745529199306, 0.27236727413286344], "low_energy": [0.44708979129791243, 0.5322370431498685, 0.5248152776574194, 0.29173633670058813, 0.2961087374396357], "LICUV": [0.22823613166809076, 0.23331813781206093, 0.17611677995987826, 0.20231831439948414, 0.23055359670326112], "NAMFIS": [0.6298315048217772, 0.32842174461284307, 0.2803469422651989, 0.27564433725642096, 0.27564433725785165]}, "bundle-size": [1, 3, 5, 10, 30]}}