{"cis": {"fulfil": {"best": 0.4444444444444444, "random": [0.4166666666666667, 0.4444444444444445, 0.4444444444444445, 0.4444444444444445, 0.4444444444444445], "low_energy": [0.3888888888888889, 0.4444444444444444, 0.4444444444444444, 0.4444444444444444, 0.4444444444444444], "LICUV": [0.4444444444444444, 0.4444444444444444, 0.4444444444444444, 0.4444444444444444, 0.4444444444444444], "NAMFIS": [0.5, 0.5, 0.5, 0.5, 0.5]}, "rmsd": {"best": 2.298526483783515, "random": [2.4458318244503507, 2.3453450292056823, 2.3453450292056823, 2.3453450292056823, 2.3453450292056823], "low_energy": [2.298526483783515, 2.3453450292056828, 2.3453450292056828, 2.3453450292056828, 2.3453450292056828], "LICUV": [2.5931371651171866, 2.3453450292056828, 2.3453450292056828, 2.3453450292056828, 2.3453450292056828], "NAMFIS": [2.0292954143424566, 2.0292954143424566, 2.0292954143424566, 2.0292954143424566, 2.0292954143424566]}, "mae": {"best": 1.710663953092363, "random": [1.7853871564070385, 1.7308215402336349, 1.7308215402336349, 1.7308215402336349, 1.7308215402336349], "low_energy": [1.710663953092363, 1.7308215402336347, 1.7308215402336347, 1.7308215402336347, 1.7308215402336347], "LICUV": [1.8601103597217135, 1.7308215402336347, 1.7308215402336347, 1.7308215402336347, 1.7308215402336347], "NAMFIS": [1.4646683311462398, 1.4646683311462398, 1.4646683311462398, 1.4646683311462398, 1.4646683311462398]}, "bundle-size": [1, 3, 5, 10, 30]}, "trans": {"fulfil": {"best": 0.8, "random": [0.54, 0.5399999999999999, 0.52, 0.58, 0.6], "low_energy": [0.5, 0.5, 0.5, 0.5, 0.5], "LICUV": [0.8, 0.7, 0.7, 0.7, 0.7], "NAMFIS": [0.5, 0.5, 0.5, 0.5, 0.5]}, "rmsd": {"best": 1.1112552413255732, "random": [2.1786213542860415, 1.9985904682531146, 2.0596255291202725, 1.7975856011684344, 1.8079674232210157], "low_energy": [2.4221721309347104, 2.3663777950712066, 2.389827761218718, 2.364100541168286, 2.2252340665993295], "LICUV": [1.365076532751648, 1.120140654635909, 1.094759326877936, 1.18492494836867, 1.3676727936767819], "NAMFIS": [2.5734068030726007, 2.561668863179711, 2.561668862849254, 2.561668862744435, 2.5616688585091576]}, "mae": {"best": 0.7235591316223143, "random": [1.4730746202468872, 1.3787122223490031, 1.3741352213523172, 1.172212163489257, 1.2076630905740082], "low_energy": [1.6493197774887078, 1.6570190054113554, 1.6474000599380463, 1.605974344525538, 1.5561212088200382], "LICUV": [0.8575580215454099, 0.7387212060079815, 0.727241557268442, 0.8036602060764665, 0.8615544953572625], "NAMFIS": [1.8674386167526236, 1.8557173503684854, 1.8557173501538706, 1.8557173500189879, 1.855717347102635]}, "bundle-size": [1, 3, 5, 10, 30]}}