{"cis": {"fulfil": {"best": 1.0, "random": [0.8166666666666667, 0.9444444444444444, 0.9555555555555555, 0.961111111111111, 0.95], "low_energy": [0.8888888888888888, 0.8888888888888888, 0.9444444444444444, 1.0, 1.0], "LICUV": [1.0, 1.0, 1.0, 1.0, 1.0], "NAMFIS": [1.0, 1.0, 1.0, 1.0, 1.0]}, "rmsd": {"best": 0.44679952174610993, "random": [0.7182617229344852, 0.49833200806949496, 0.481607906034102, 0.4356231648297599, 0.43602365069081095], "low_energy": [0.5884979495473234, 0.6034654643753212, 0.5802845206419314, 0.47386827503414836, 0.4165217610757737], "LICUV": [0.45382040271575763, 0.4469032023508891, 0.30209919960976467, 0.3366456332529714, 0.35705390703328027], "NAMFIS": [0.35966938824713035, 0.26859594632365696, 0.24451613675782677, 0.2358276059710309, 0.23582760597109473]}, "rmsd_stepwise": {"best": 0.0, "random": [0.3765991233438564, 0.18170409753617708, 0.12868051655912355, 0.11693777674917327, 0.16970562748477147], "low_energy": [0.3333333333333333, 0.3333333333333333, 0.23570226039551584, 0.0, 0.0], "LICUV": [0.0, 0.0, 0.0, 0.0, 0.0], "NAMFIS": [0.0, 0.0, 0.0, 0.0, 0.0]}, "mae": {"best": 0.3526333093643188, "random": [0.5836381236712136, 0.4255138034726622, 0.42358768531819946, 0.38137408960063995, 0.39518163013104723], "low_energy": [0.5099951028823851, 0.5258710649254998, 0.5096830259860384, 0.4084339418286699, 0.37217928009044815], "LICUV": [0.3817237748040092, 0.3410773978109375, 0.27486249531080503, 0.2936920745578547, 0.3155394833697652], "NAMFIS": [0.2728268527984618, 0.23110426219932761, 0.2194932684827399, 0.2078757149299503, 0.20787571492998452]}, "bundle-size": [1, 3, 5, 10, 30]}, "trans": {"fulfil": {"best": 1.0, "random": [0.95, 0.99, 1.0, 1.0, 1.0], "low_energy": [0.9, 0.9, 0.8, 1.0, 1.0], "LICUV": [1.0, 1.0, 1.0, 1.0, 1.0], "NAMFIS": [0.8, 1.0, 1.0, 1.0, 1.0]}, "rmsd": {"best": 0.27597663927827504, "random": [0.45987387161301524, 0.3861652378297892, 0.32204789879684337, 0.3016157145756709, 0.29210171944681085], "low_energy": [0.5446840920526433, 0.6287535289049925, 0.631707938037457, 0.34863947607176726, 0.3517638058115724], "LICUV": [0.27597663927827504, 0.2990368515415267, 0.25954388424423475, 0.2711248501202999, 0.27655640657017344], "NAMFIS": [0.7742623365483424, 0.38692563076994013, 0.34131034747643524, 0.3347919374096653, 0.33479193740912405]}, "rmsd_stepwise": {"best": 0.0, "random": [0.13958968935504718, 0.03162277660168379, 0.0, 0.0, 0.0], "low_energy": [0.31622776601683794, 0.31622776601683794, 0.4472135954999579, 0.0, 0.0], "LICUV": [0.0, 0.0, 0.0, 0.0, 0.0], "NAMFIS": [0.4919349550499536, 0.0, 0.0, 0.0, 0.0]}, "mae": {"best": 0.20831700325012195, "random": [0.3539247169494628, 0.298986687443125, 0.27646444506092516, 0.25265056954633236, 0.24978881325395239], "low_energy": [0.44708979129791243, 0.5322370431498685, 0.5248152776574194, 0.29173633670058813, 0.2961087374396357], "LICUV": [0.22823613166809076, 0.23331813781206093, 0.17611677995987826, 0.20231831439948414, 0.23055359670326112], "NAMFIS": [0.6298315048217772, 0.328596100680412, 0.28197334908466243, 0.2772076348261995, 0.2772076348259484]}, "bundle-size": [1, 3, 5, 10, 30]}}