{"minimum_sasa": 7.067410945892334, "minimum_psa": 4.908102035522461}