{"single": {"stat": {"0": "MAE", "1": "MSE", "2": "RMSD", "3": "RMSD_step", "4": "pearsonr", "5": "kendalltau", "6": "chisq", "7": "percentage_fulfilled"}, "value": {"0": 0.768763671069283, "1": -0.4898571157818701, "2": 0.9478973321238335, "3": 0.6558629811172451, "4": 0.5473862289538789, "5": 0.43573362846671326, "6": 13.566191208193926, "7": 0.8125}, "up": {"0": 0.9089158001134249, "1": -0.29371291234654123, "2": 1.0887591292077674, "3": 0.8186307165016469, "4": 0.674193139777768, "5": 0.57825387836865, "6": 17.616266319240765, "7": 0.0}, "low": {"0": 0.6359384154486656, "1": 0.0, "2": 0.7979192831779564, "3": 0.4716990566028301, "4": 0.413519328142713, "5": 0.2682830923243798, "6": 9.822158260004036, "7": 0.0}}}