{"single": {"stat": {"0": "MAE", "1": "MSE", "2": "RMSD", "3": "RMSD_step", "4": "pearsonr", "5": "kendalltau", "6": "chisq", "7": "percentage_fulfilled"}, "value": {"0": 0.768763671069283, "1": -0.4898571157818701, "2": 0.9478973321238335, "3": 0.6558629811172451, "4": 0.5473862289538789, "5": 0.43573362846671326, "6": 13.566191208193926, "7": 0.8125}, "up": {"0": 0.9054843753335236, "1": -0.284543185022447, "2": 1.0873754658600123, "3": 0.8186307165016469, "4": 0.6789162162357631, "5": 0.5758036527681187, "6": 17.551430583145578, "7": 0.0}, "low": {"0": 0.636840140902578, "1": 0.0, "2": 0.800384660284249, "3": 0.4556931533389545, "4": 0.4131957963966194, "5": 0.2641071824725828, "6": 9.831147966910615, "7": 0.0}}}