{"single": {"fulfil": {"best": 0.7361111111111112, "random": [0.638888888888889, 0.6333333333333334, 0.6638888888888889, 0.6652777777777779, 0.6597222222222221], "low_energy": [0.6111111111111112, 0.6527777777777778, 0.5833333333333334, 0.6388888888888888, 0.7083333333333334], "LICUV": [0.7361111111111112, 0.7083333333333334, 0.7638888888888888, 0.7777777777777778, 0.7638888888888888], "NAMFIS": [0.6388888888888888, 0.8055555555555556, 0.7638888888888888, 0.7638888888888888, 0.7638888888888888]}, "rmsd": {"best": 1.3838810903121816, "random": [2.2302146720516043, 2.040152588491261, 2.008146808849613, 1.7693949534411986, 1.558354784791635], "low_energy": [2.342315588794926, 1.9015253626571813, 1.9109044109529572, 1.830879337697295, 1.4133584015300538], "LICUV": [1.9051175965986713, 1.8760250591437493, 1.3811665617641828, 1.3048492019255937, 1.348893950769473], "NAMFIS": [1.4794701049170642, 1.2806003090144635, 1.27286725709162, 1.2728672571313684, 1.2728672572423452]}, "mae": {"best": 1.0878652797804937, "random": [1.5345661944150921, 1.4726321902077495, 1.43260509113567, 1.334727366879492, 1.2225261315591873], "low_energy": [1.71124848458502, 1.4221943072187704, 1.4253956228593152, 1.3739664345507832, 1.1095732718228222], "LICUV": [1.303877321216795, 1.2998830134683654, 1.0059855321199103, 1.0039282983867346, 1.0755474995176004], "NAMFIS": [1.1305359714561038, 1.0066146613793383, 1.0002158726605284, 1.0002158727068557, 1.0002158728370556]}, "bundle-size": [1, 3, 5, 10, 30]}}