{"single": {"fulfil": {"best": 0.9583333333333334, "random": [0.8583333333333332, 0.8777777777777779, 0.8652777777777777, 0.9055555555555557, 0.9166666666666667], "low_energy": [0.8888888888888888, 0.8333333333333334, 0.8611111111111112, 0.875, 0.8888888888888888], "LICUV": [0.9583333333333334, 0.9583333333333334, 0.9444444444444444, 0.9444444444444444, 0.9027777777777778], "NAMFIS": [0.9166666666666666, 0.9305555555555556, 0.9583333333333334, 0.9305555555555556, 0.9444444444444444]}, "rmsd": {"best": 0.7847576008297865, "random": [1.1859014454131176, 1.0269502459064617, 1.0527825305473555, 0.9321808298607076, 0.9063364115922363], "low_energy": [1.0660487257286462, 1.1094867334311267, 1.0003448251682723, 0.9460509884127124, 0.9325993848261099], "LICUV": [0.9580925256404155, 0.9113535119779506, 0.8938635127446728, 0.8989680742557007, 0.8643809876740692], "NAMFIS": [0.791426626871918, 0.7383145220520756, 0.8069197652082428, 0.8122144074880869, 0.8042617379608002]}, "mae": {"best": 0.5844417492548624, "random": [0.823386318584283, 0.7610581860187683, 0.7929394943534203, 0.739067816416174, 0.7354536374322086], "low_energy": [0.7229994383123186, 0.8372360379745882, 0.7720864699843317, 0.7541076496174905, 0.7639227495166966], "LICUV": [0.6794639216528998, 0.7148372941509662, 0.6752069729476377, 0.6747431712951412, 0.7071102830094325], "NAMFIS": [0.6008220473925273, 0.5785346634429055, 0.6595869430207295, 0.670395805431634, 0.6647174121326334]}, "bundle-size": [1, 3, 5, 10, 30]}}