{"single": {"fulfil": {"best": 0.9583333333333334, "random": [0.8541666666666666, 0.8555555555555555, 0.8902777777777778, 0.888888888888889, 0.9125], "low_energy": [0.8888888888888888, 0.8333333333333334, 0.8611111111111112, 0.875, 0.8888888888888888], "LICUV": [0.9583333333333334, 0.9583333333333334, 0.9444444444444444, 0.9444444444444444, 0.9027777777777778], "NAMFIS": [0.9166666666666666, 0.9305555555555556, 0.9583333333333334, 0.9305555555555556, 0.9444444444444444]}, "rmsd": {"best": 0.7847576008297865, "random": [1.3062871082168868, 1.0687057372903153, 0.9894053794084015, 1.0338668566459788, 0.9226387449158745], "low_energy": [1.0660487257286462, 1.1094867334311267, 1.0003448251682723, 0.9460509884127124, 0.9325993848261099], "LICUV": [0.9580925256404155, 0.9113535119779506, 0.8938635127446728, 0.8989680742557007, 0.8643809876740692], "NAMFIS": [0.791426626871918, 0.738314749752141, 0.8069390683389601, 0.8122252019097673, 0.8043274237101915]}, "rmsd_stepwise": {"best": 0.3018461712712472, "random": [0.5766533227119568, 0.5937777141736442, 0.5100477928639524, 0.5156875380975917, 0.4545652732591656], "low_energy": [0.5185449728701348, 0.641179468722378, 0.5830951894845299, 0.5517648452415614, 0.5185449728701348], "LICUV": [0.3018461712712472, 0.3018461712712472, 0.35590260840104365, 0.35590260840104365, 0.4830458915396479], "NAMFIS": [0.40824829046386296, 0.402768199119819, 0.3018461712712472, 0.402768199119819, 0.37712361663282523]}, "mae": {"best": 0.5844417492548624, "random": [0.8805239364504812, 0.7998987381105902, 0.7648229752917168, 0.8024091580689626, 0.7458785827692738], "low_energy": [0.7229994383123186, 0.8372360379745882, 0.7720864699843317, 0.7541076496174905, 0.7639227495166966], "LICUV": [0.6794639216528998, 0.7148372941509662, 0.6752069729476377, 0.6747431712951412, 0.7071102830094325], "NAMFIS": [0.6008220473925273, 0.5785389037546445, 0.6596031976921151, 0.6704171505369355, 0.6647853329911119]}, "bundle-size": [1, 3, 5, 10, 30]}}