{"single": {"fulfil": {"best": 0.9583333333333334, "random": [0.8541666666666667, 0.8638888888888889, 0.8652777777777778, 0.8902777777777777, 0.9083333333333332], "low_energy": [0.8888888888888888, 0.8333333333333334, 0.8611111111111112, 0.875, 0.8888888888888888], "LICUV": [0.9583333333333334, 0.9583333333333334, 0.9444444444444444, 0.9444444444444444, 0.9027777777777778], "NAMFIS": [0.9166666666666666, 0.9305555555555556, 0.9583333333333334, 0.9305555555555556, 0.9444444444444444]}, "rmsd": {"best": 0.7847576008297865, "random": [1.1716555875991213, 1.0881404816056686, 1.0032304625683488, 0.9797253025654854, 0.9064993992604536], "low_energy": [1.0660487257286462, 1.1094867334311267, 1.0003448251682723, 0.9460509884127124, 0.9325993848261099], "LICUV": [0.9580925256404155, 0.9113535119779506, 0.8938635127446728, 0.8989680742557007, 0.8643809876740692], "NAMFIS": [0.791426626871918, 0.7383063130612134, 0.8068921978922877, 0.8121911234775457, 0.8042074057251137]}, "mae": {"best": 0.5844417492548624, "random": [0.8250902128550741, 0.8019699850681242, 0.7852887534636965, 0.7843102074917147, 0.7385392677851852], "low_energy": [0.7229994383123186, 0.8372360379745882, 0.7720864699843317, 0.7541076496174905, 0.7639227495166966], "LICUV": [0.6794639216528998, 0.7148372941509662, 0.6752069729476377, 0.6747431712951412, 0.7071102830094325], "NAMFIS": [0.6008220473925273, 0.5785118871210984, 0.6595621454970361, 0.6703533422858112, 0.6646488184881855]}, "bundle-size": [1, 3, 5, 10, 30]}}