{"minimum_sasa": 9.556611061096191, "minimum_psa": 8.557147026062012}