{"minimum_sasa": 8.040781784057607, "minimum_psa": 5.993929791450511}