{"trans": {"stat": {"0": "MAE", "1": "MSE", "2": "RMSD", "3": "pearsonr", "4": "kendalltau", "5": "chisq", "6": "percentage_fulfilled"}, "value": {"0": 0.4420586198335907, "1": -0.13504298866129583, "2": 0.5487482900692376, "3": 0.4648033663286901, "4": 0.29117028033189307, "5": 2.3491441183556474, "6": 0.3333333333333333}, "up": {"0": 0.5883966236557815, "1": 0.09285352694322443, "2": 0.7163965338166203, "3": 0.8078522077807639, "4": 0.6750098545636845, "5": 4.045283687825875, "6": 0.0}, "low": {"0": 0.31473837955986034, "1": 0.0, "2": 0.36752220641165567, "3": 0.0, "4": 0.0, "5": 1.0190817693823138, "6": 0.0}, "most-populated-1": {"0": 0.29488712174551823, "1": 0.126134114492507, "2": 0.41085779380526116, "3": NaN, "4": NaN, "5": NaN, "6": 0.42857142857142855}}}