{"trans": {"stat": {"0": "MAE", "1": "MSE", "2": "RMSD", "3": "RMSD_step", "4": "pearsonr", "5": "kendalltau", "6": "chisq", "7": "percentage_fulfilled"}, "value": {"0": 0.2537258254040599, "1": 0.0501462307694224, "2": 0.37591331182137677, "3": 0.049521520093601265, "4": 0.5418447950217268, "5": 0.31980998003666944, "6": 1.2289485421039013, "7": 0.5238095238095238}, "up": {"0": 0.3864596849262317, "1": 0.21963953944813452, "2": 0.5574734581575842, "3": 0.06741087539937088, "4": 0.8820079373390948, "5": 0.6633603633750669, "6": 2.855558782251396, "7": 0.0}, "low": {"0": 0.1505210438244179, "1": 0.0, "2": 0.2007502759619639, "3": 0.02729741205637874, "4": 0.0, "5": 0.0, "6": 0.2908545682863358, "7": 0.0}, "most-populated-1": {"0": 0.29488712174551823, "1": 0.126134114492507, "2": 0.41085779380526116, "3": 0.049521520093601265, "4": NaN, "5": NaN, "6": NaN, "7": 0.42857142857142855}}}