{"40": {"0": {"Atom 1": "(1,)", "Atom 2": "(25,)", "NMR exp": [2.7600000000000002], "lower bound": 2.49, "upper bound": 3.04, "md": [2.6195522900270274], "lower": [2.25966313949126], "upper": [3.489661670522815]}, "1": {"Atom 1": "(25,)", "Atom 2": "(32,)", "NMR exp": [3.7800000000000002], "lower bound": 3.4, "upper bound": 4.15, "md": [4.905328579628458], "lower": [3.646387598555708], "upper": [4.953859902664797]}, "2": {"Atom 1": "(25,)", "Atom 2": "(45,)", "NMR exp": [3.2], "lower bound": 2.88, "upper bound": 3.52, "md": [2.261069685275146], "lower": [2.2201278926525205], "upper": [4.107334693933536]}, "3": {"Atom 1": "(32,)", "Atom 2": "(45,)", "NMR exp": [2.46], "lower bound": 2.22, "upper bound": 2.71, "md": [1.7164905316934986], "lower": [1.62302494133826], "upper": [3.017380578899842]}, "4": {"Atom 1": "(45,)", "Atom 2": "(66,)", "NMR exp": [3.5700000000000003], "lower bound": 3.21, "upper bound": 3.92, "md": [2.296041391354826], "lower": [2.0478655639961287], "upper": [4.254046123708399]}, "5": {"Atom 1": "(1,)", "Atom 2": "(3,)", "NMR exp": [2.83], "lower bound": 2.54, "upper bound": 3.11, "md": [2.900675988456074], "lower": [2.8182317106486785], "upper": [2.9869147797391924]}, "6": {"Atom 1": "(1,)", "Atom 2": "(68,)", "NMR exp": [2.12], "lower bound": 1.9100000000000001, "upper bound": 2.34, "md": [2.3200502152383184], "lower": [2.0962426233085036], "upper": [2.6142035869401457]}, "7": {"Atom 1": "(1,)", "Atom 2": "(5, 6)", "NMR exp": [2.35, 3.22], "lower bound": 2.12, "upper bound": 3.5500000000000003, "md": [2.7096551212160453, 2.268889583457962], "lower": [2.443184773187665, 2.1390225326862025], "upper": [3.5667293929018324, 2.8465087883329256]}, "8": {"Atom 1": "(1,)", "Atom 2": "(72, 73, 74, 76, 77, 78)", "NMR exp": [3.4], "lower bound": 3.06, "upper bound": 5.5, "md": [1.9537998474588065, 3.2930618910327745, 1.9285913234437864, 3.938150357027272, 4.675068314657701, 3.910575731081695], "lower": [1.885201029632031, 2.889526341830687, 1.7867266259758394, 3.1360038558135734, 3.907965986578483, 3.1146596453279924], "upper": [4.305480098145029, 4.654077867721025, 4.308472866210535, 5.131643393267597, 5.351008812605225, 5.131172012626256]}, "9": {"Atom 1": "(3,)", "Atom 2": "(5, 6)", "NMR exp": [2.54, 2.59], "lower bound": 2.29, "upper bound": 2.85, "md": [2.52682185531835, 2.6963155868342032], "lower": [2.380747196561785, 2.4443729802644194], "upper": [2.9037520319775503, 3.02536906347087]}, "10": {"Atom 1": "(11, 12)", "Atom 2": "(14,)", "NMR exp": [3.04], "lower bound": 2.8000000000000003, "upper bound": 4.11, "md": [3.170363302645603, 2.965763798504857], "lower": [2.6906224708805584, 2.6013977090207168], "upper": [3.1918707676217832, 3.0258907037577325]}, "11": {"Atom 1": "(25,)", "Atom 2": "(3,)", "NMR exp": [2.87], "lower bound": 2.58, "upper bound": 3.16, "md": [2.5715783628597744], "lower": [2.27563702109497], "upper": [3.308566254842232]}, "12": {"Atom 1": "(25,)", "Atom 2": "(27, 28)", "NMR exp": [2.66, 2.71], "lower bound": 2.42, "upper bound": 3.58, "md": [1.9605202944847617, 1.991070025876389], "lower": [1.9318617564455327, 1.9486531509569078], "upper": [2.6833906891680686, 2.876376385225584]}, "13": {"Atom 1": "(32,)", "Atom 2": "(27, 28)", "NMR exp": [2.16, 2.85], "lower bound": 2.25, "upper bound": 3.41, "md": [2.1811676196224923, 1.9522592250107744], "lower": [2.057314704945456, 1.8800561335657422], "upper": [2.753039964287846, 3.1275021650729213]}, "14": {"Atom 1": "(32,)", "Atom 2": "(34,)", "NMR exp": [2.85], "lower bound": 2.57, "upper bound": 3.14, "md": [2.764307230968366], "lower": [2.2976485246809224], "upper": [2.934879678758121]}, "15": {"Atom 1": "(32,)", "Atom 2": "(36, 37)", "NMR exp": [2.36], "lower bound": 2.12, "upper bound": 3.2600000000000002, "md": [2.8994611665304606, 2.1583029583274347], "lower": [2.4870365698565715, 2.048675154946296], "upper": [3.6503565058937832, 2.944550259619687]}, "16": {"Atom 1": "(34,)", "Atom 2": "(36, 37)", "NMR exp": [2.38], "lower bound": 2.15, "upper bound": 3.2800000000000002, "md": [2.064116257987244, 2.824510718034795], "lower": [2.021446726976169, 2.4616547916020837], "upper": [2.827335209020762, 3.035340255090799]}, "17": {"Atom 1": "(45,)", "Atom 2": "(27, 28)", "NMR exp": [3.31], "lower bound": 2.98, "upper bound": 4.21, "md": [2.050212360708234, 4.312964391451606], "lower": [1.9601648779308116, 4.094021925801257], "upper": [4.1752212702692795, 5.288496561748029]}, "18": {"Atom 1": "(45,)", "Atom 2": "(49, 50)", "NMR exp": [3.3200000000000003], "lower bound": 2.99, "upper bound": 4.22, "md": [3.152262075580123, 3.175452808180931], "lower": [2.7060326468733695, 2.6698882310664924], "upper": [3.7155075518900564, 3.7093436420699]}, "19": {"Atom 1": "(45,)", "Atom 2": "(36, 37)", "NMR exp": [2.85], "lower bound": 2.56, "upper bound": 3.75, "md": [3.3137007188697623, 2.5863958175621793], "lower": [2.7653732644599263, 2.3868646997129095], "upper": [4.17152671989667, 4.013538481956782]}, "20": {"Atom 1": "(45,)", "Atom 2": "(52, 53)", "NMR exp": [3.09], "lower bound": 2.7800000000000002, "upper bound": 3.99, "md": [3.346680139116964, 3.3969651850965876], "lower": [2.865398088797547, 2.6499053982514953], "upper": [4.405470178539746, 4.422124718276955]}, "21": {"Atom 1": "(45,)", "Atom 2": "(55, 56)", "NMR exp": [3.54], "lower bound": 3.19, "upper bound": 4.44, "md": [4.2992058187061275, 3.105409034352846], "lower": [3.467299046471486, 2.6165010052688595], "upper": [5.394502356121099, 5.249240235957217]}, "22": {"Atom 1": "(47,)", "Atom 2": "(49, 50)", "NMR exp": [2.82], "lower bound": 2.54, "upper bound": 3.72, "md": [2.283541188787972, 2.6305148196271415], "lower": [2.2025999132153533, 2.413413407501364], "upper": [2.78568122576516, 3.0061531523545533]}, "23": {"Atom 1": "(66,)", "Atom 2": "(47,)", "NMR exp": [2.19], "lower bound": 1.97, "upper bound": 2.41, "md": [2.13214980020114], "lower": [2.034962022728223], "upper": [2.678162199424008]}, "24": {"Atom 1": "(66,)", "Atom 2": "(68,)", "NMR exp": [2.82], "lower bound": 2.5300000000000002, "upper bound": 3.1, "md": [1.9897447190165014], "lower": [1.9409945856129687], "upper": [2.8476855462396338]}, "25": {"Atom 1": "(66,)", "Atom 2": "(70,)", "NMR exp": [2.44], "lower bound": 2.19, "upper bound": 2.68, "md": [2.4405005801428], "lower": [2.2802458312178584], "upper": [3.152020756412725]}, "26": {"Atom 1": "(66,)", "Atom 2": "(49, 50)", "NMR exp": [3.63], "lower bound": 3.27, "upper bound": 4.53, "md": [2.9994748736723396, 3.6455253189756185], "lower": [2.633398324264622, 2.857850871101842], "upper": [3.979076389631632, 4.215229658904566]}, "27": {"Atom 1": "(68,)", "Atom 2": "(70,)", "NMR exp": [2.96], "lower bound": 2.66, "upper bound": 3.25, "md": [2.0049589419352634], "lower": [1.9752049838218653], "upper": [2.9260827717974776]}, "28": {"Atom 1": "(68,)", "Atom 2": "(72, 73, 74, 76, 77, 78)", "NMR exp": [2.75], "lower bound": 2.48, "upper bound": 4.86, "md": [2.507368141423496, 3.058267441696228, 2.915789908500784, 2.6997648233907543, 2.6973165595841113, 2.7881203821262885], "lower": [2.3257968463646073, 2.5742717922730862, 2.518401108456809, 2.4219551311505527, 2.4198630218974406, 2.459748956866521], "upper": [3.4759575571853767, 3.6855320804191347, 3.6388924363215294, 3.583389158176496, 3.583850893684401, 3.620466187505495]}}}