{"single": {"stat": {"0": "MAE", "1": "MSE", "2": "RMSD", "3": "pearsonr", "4": "kendalltau", "5": "chisq", "6": "percentage_fulfilled"}, "value": {"0": 0.36376970383444723, "1": -0.17542396488557688, "2": 0.5281847717871578, "3": 0.7043395970492565, "4": 0.47901380586659337, "5": 2.563574789531351, "6": 0.5862068965517241}, "up": {"0": 0.5088168211513182, "1": 0.008379385218590999, "2": 0.6709967513780218, "3": 0.8577770578532877, "4": 0.6769301859722794, "5": 4.04606060984757, "6": 0.0}, "low": {"0": 0.23318333627232737, "1": 0.0, "2": 0.3656043495081229, "3": 0.4813530343820755, "4": 0.27202875879406524, "5": 1.2997400372675896, "6": 0.0}, "most-populated-1": {"0": 0.23259047672666344, "1": 0.18195017124044474, "2": 0.4234209356157999, "3": NaN, "4": NaN, "5": NaN, "6": 0.8620689655172413}}}