{"single": {"stat": {"0": "MAE", "1": "MSE", "2": "RMSD", "3": "RMSD_step", "4": "pearsonr", "5": "kendalltau", "6": "chisq", "7": "percentage_fulfilled"}, "value": {"0": 0.197839171190944, "1": -0.016831586185845213, "2": 0.27635386195731415, "3": 0.22793677284236766, "4": 0.802930160101658, "5": 0.6881272440380861, "6": 0.6616840507605274, "7": 0.8620689655172413}, "up": {"0": 0.27332677502000086, "1": 0.08543104904983446, "2": 0.37178011003354855, "3": 0.36991423433383996, "4": 0.9112817632431883, "5": 0.8175057014567415, "6": 1.1592475695233677, "7": 0.0}, "low": {"0": 0.13377509821445485, "1": 0.0, "2": 0.1723195298561952, "3": 0.05942250821665657, "4": 0.7089250148773611, "5": 0.5351089872424536, "6": 0.2889867917514618, "7": 0.0}, "most-populated-1": {"0": 0.23259047672666344, "1": 0.18195017124044474, "2": 0.4234209356157999, "3": 0.22793677284236766, "4": NaN, "5": NaN, "6": NaN, "7": 0.8620689655172413}}}