{"40": {"0": {"Atom 1": "(1,)", "Atom 2": "(25,)", "NMR exp": [2.7600000000000002], "lower bound": 2.49, "upper bound": 3.04, "md": [2.525572231311042], "lower": [2.199243545572662], "upper": [3.4169512741109465]}, "1": {"Atom 1": "(25,)", "Atom 2": "(32,)", "NMR exp": [3.7800000000000002], "lower bound": 3.4, "upper bound": 4.15, "md": [3.0716667891063136], "lower": [2.3334572279428505], "upper": [4.037695865925391]}, "2": {"Atom 1": "(25,)", "Atom 2": "(45,)", "NMR exp": [3.2], "lower bound": 2.88, "upper bound": 3.52, "md": [3.549391595407392], "lower": [3.1930509747872406], "upper": [4.553366158050739]}, "3": {"Atom 1": "(32,)", "Atom 2": "(45,)", "NMR exp": [2.46], "lower bound": 2.22, "upper bound": 2.71, "md": [2.461896070208181], "lower": [2.1978963485759344], "upper": [3.3737248020962523]}, "4": {"Atom 1": "(45,)", "Atom 2": "(66,)", "NMR exp": [3.5700000000000003], "lower bound": 3.21, "upper bound": 3.92, "md": [3.0666920800211064], "lower": [2.253630059532918], "upper": [4.327994651191748]}, "5": {"Atom 1": "(1,)", "Atom 2": "(3,)", "NMR exp": [2.83], "lower bound": 2.54, "upper bound": 3.11, "md": [2.916973957040573], "lower": [2.8309748792519946], "upper": [2.994405696555842]}, "6": {"Atom 1": "(1,)", "Atom 2": "(68,)", "NMR exp": [2.12], "lower bound": 1.9100000000000001, "upper bound": 2.34, "md": [2.1401855536131107], "lower": [2.0128097482553713], "upper": [2.4101051308491073]}, "7": {"Atom 1": "(1,)", "Atom 2": "(5, 6)", "NMR exp": [2.35, 3.22], "lower bound": 2.12, "upper bound": 3.5500000000000003, "md": [2.886296175738081, 2.4601342107605806], "lower": [2.5114517448774283, 2.264186676038566], "upper": [3.6217322067224966, 3.0037400028274908]}, "8": {"Atom 1": "(1,)", "Atom 2": "(72, 73, 74, 76, 77, 78)", "NMR exp": [3.4], "lower bound": 3.06, "upper bound": 5.5, "md": [3.4720379335200855, 3.459727358748334, 3.467865620460455, 4.212054663934603, 4.2247582555092285, 4.218177972296102], "lower": [2.986988527319094, 2.980117765090325, 2.98550812329614, 3.415077828853316, 3.434278290346765, 3.417530895790048], "upper": [4.740193033240457, 4.737924583464467, 4.742580943634516, 5.190962990932562, 5.196209159777565, 5.1962894495313305]}, "9": {"Atom 1": "(3,)", "Atom 2": "(5, 6)", "NMR exp": [2.54, 2.59], "lower bound": 2.29, "upper bound": 2.85, "md": [2.571289848332356, 2.7055456449504915], "lower": [2.4038863734517197, 2.447188897742628], "upper": [2.938459988046572, 3.0268764352752795]}, "10": {"Atom 1": "(11, 12)", "Atom 2": "(14,)", "NMR exp": [3.04], "lower bound": 2.8000000000000003, "upper bound": 4.11, "md": [2.6570663273141535, 2.644330504518904], "lower": [2.3783362093098344, 2.3692259692688262], "upper": [2.9097731985362083, 2.9049177378052913]}, "11": {"Atom 1": "(25,)", "Atom 2": "(3,)", "NMR exp": [2.87], "lower bound": 2.58, "upper bound": 3.16, "md": [2.7494090546039374], "lower": [2.3505915553745145], "upper": [3.352460389055448]}, "12": {"Atom 1": "(25,)", "Atom 2": "(27, 28)", "NMR exp": [2.66, 2.71], "lower bound": 2.42, "upper bound": 3.58, "md": [2.548102345465891, 2.783023076693573], "lower": [2.360309517239155, 2.490051733383002], "upper": [2.84331148665366, 2.966161588205868]}, "13": {"Atom 1": "(32,)", "Atom 2": "(27, 28)", "NMR exp": [2.16, 2.85], "lower bound": 2.25, "upper bound": 3.41, "md": [2.2585676161346586, 2.831742600691996], "lower": [2.103249164584439, 2.3378564974402782], "upper": [2.850854532327742, 3.2524494694851445]}, "14": {"Atom 1": "(32,)", "Atom 2": "(34,)", "NMR exp": [2.85], "lower bound": 2.57, "upper bound": 3.14, "md": [2.695375619231265], "lower": [2.238062399548811], "upper": [2.925290344067421]}, "15": {"Atom 1": "(32,)", "Atom 2": "(36, 37)", "NMR exp": [2.36], "lower bound": 2.12, "upper bound": 3.2600000000000002, "md": [2.785730190733835, 2.5203962485735993], "lower": [2.448510700434453, 2.289096391375457], "upper": [3.6102023642927055, 3.1779035897202816]}, "16": {"Atom 1": "(34,)", "Atom 2": "(36, 37)", "NMR exp": [2.38], "lower bound": 2.15, "upper bound": 3.2800000000000002, "md": [2.639883374685093, 2.6185851752322717], "lower": [2.4265831765655617, 2.412126284581247], "upper": [3.00671216691959, 2.989457393868036]}, "17": {"Atom 1": "(45,)", "Atom 2": "(27, 28)", "NMR exp": [3.31], "lower bound": 2.98, "upper bound": 4.21, "md": [3.357817901061142, 4.574233371476181], "lower": [3.0166711554156804, 4.270556251517475], "upper": [4.776219398497682, 5.544405914443951]}, "18": {"Atom 1": "(45,)", "Atom 2": "(49, 50)", "NMR exp": [3.3200000000000003], "lower bound": 2.99, "upper bound": 4.22, "md": [3.049255024498842, 2.782075718492356], "lower": [2.6630125685704313, 2.4940656261155594], "upper": [3.686743299972465, 3.439776752168516]}, "19": {"Atom 1": "(45,)", "Atom 2": "(36, 37)", "NMR exp": [2.85], "lower bound": 2.56, "upper bound": 3.75, "md": [3.0811817426982757, 3.2201946732181677], "lower": [2.67290379077173, 2.794661261159673], "upper": [4.071013070529206, 4.290646044633386]}, "20": {"Atom 1": "(45,)", "Atom 2": "(52, 53)", "NMR exp": [3.09], "lower bound": 2.7800000000000002, "upper bound": 3.99, "md": [3.282053277691227, 3.2297807397436014], "lower": [2.8226234692871905, 2.5898366563139352], "upper": [4.3705102665907845, 4.396077420491354]}, "21": {"Atom 1": "(45,)", "Atom 2": "(55, 56)", "NMR exp": [3.54], "lower bound": 3.19, "upper bound": 4.44, "md": [4.398310769748853, 4.356987533063902], "lower": [3.5693927310348856, 3.4763258603017335], "upper": [5.4143606356829235, 5.386103634522655]}, "22": {"Atom 1": "(47,)", "Atom 2": "(49, 50)", "NMR exp": [2.82], "lower bound": 2.54, "upper bound": 3.72, "md": [2.5747363046092473, 2.627929844358692], "lower": [2.395182365021047, 2.412478362888758], "upper": [2.9584400255463263, 3.005246525456989]}, "23": {"Atom 1": "(66,)", "Atom 2": "(47,)", "NMR exp": [2.19], "lower bound": 1.97, "upper bound": 2.41, "md": [2.2817827655089387], "lower": [2.135061108182121], "upper": [2.84848036149368]}, "24": {"Atom 1": "(66,)", "Atom 2": "(68,)", "NMR exp": [2.82], "lower bound": 2.5300000000000002, "upper bound": 3.1, "md": [2.753446920333268], "lower": [2.3674564935347653], "upper": [2.913531296463967]}, "25": {"Atom 1": "(66,)", "Atom 2": "(70,)", "NMR exp": [2.44], "lower bound": 2.19, "upper bound": 2.68, "md": [2.5369893862638255], "lower": [2.338809004998215], "upper": [3.261857030843555]}, "26": {"Atom 1": "(66,)", "Atom 2": "(49, 50)", "NMR exp": [3.63], "lower bound": 3.27, "upper bound": 4.53, "md": [3.0791623609900536, 3.3745848877573503], "lower": [2.669636576402725, 2.7490394634611492], "upper": [4.011780346897017, 4.171927389128945]}, "27": {"Atom 1": "(68,)", "Atom 2": "(70,)", "NMR exp": [2.96], "lower bound": 2.66, "upper bound": 3.25, "md": [2.7732427904762353], "lower": [2.4177368996490562], "upper": [3.034411471093345]}, "28": {"Atom 1": "(68,)", "Atom 2": "(72, 73, 74, 76, 77, 78)", "NMR exp": [2.75], "lower bound": 2.48, "upper bound": 4.86, "md": [2.8902082072757476, 2.8764113399334192, 2.887720396758151, 2.8497566679566324, 2.8535840887326764, 2.859032740990151], "lower": [2.5101448013445884, 2.5043775418985583, 2.5077069905695324, 2.4846039222293306, 2.4847699510449126, 2.4882106028884863], "upper": [3.628199856212909, 3.624706990995354, 3.6296069959627113, 3.64159954502156, 3.6438625843778607, 3.647075409823516]}}}