{"single": {"stat": {"0": "MAE", "1": "MSE", "2": "RMSD", "3": "pearsonr", "4": "kendalltau", "5": "chisq", "6": "percentage_fulfilled"}, "value": {"0": 0.4282889883294965, "1": 0.2842356656100491, "2": 0.5968182918064138, "3": 0.23769777687411361, "4": 0.2516274900545971, "5": 3.8068131928449267, "6": 0.7272727272727273}, "up": {"0": 0.6232259782463772, "1": 0.5149857968047634, "2": 0.8631370976114402, "3": 0.7534047925391669, "4": 0.6199095022624433, "5": 8.576650755426295, "6": 0.0}, "low": {"0": 0.2738635542348577, "1": 0.07644211273100672, "2": 0.34806936025557744, "3": 0.0, "4": 0.0, "5": 1.093906506885628, "6": 0.0}, "most-populated-1": {"0": 0.6202800958806817, "1": 0.5259042973951858, "2": 0.8448676192919868, "3": NaN, "4": NaN, "5": NaN, "6": 0.6818181818181818}}}