{"single": {"stat": {"0": "MAE", "1": "MSE", "2": "RMSD", "3": "RMSD_step", "4": "pearsonr", "5": "kendalltau", "6": "chisq", "7": "percentage_fulfilled"}, "value": {"0": 0.19877138091753335, "1": 0.028589935108429845, "2": 0.2606017280766182, "3": 0.1557387089151103, "4": 0.779662020151638, "5": 0.5930735930735931, "6": 0.6063998153501258, "7": 0.6363636363636364}, "up": {"0": 0.2713039586964215, "1": 0.14078476733628303, "2": 0.3288898448649441, "3": 0.19872376896306373, "4": 0.8989079175921382, "5": 0.8028399368171644, "6": 1.0158071839806762, "7": 0.0}, "low": {"0": 0.13109116912340138, "1": 0.0, "2": 0.1802911859161318, "3": 0.10394491548192951, "4": 0.5975609179116399, "5": 0.3392857142857143, "6": 0.27711674146719323, "7": 0.0}}}