{"single": {"stat": {"0": "MAE", "1": "MSE", "2": "RMSD", "3": "RMSD_step", "4": "pearsonr", "5": "kendalltau", "6": "chisq", "7": "percentage_fulfilled"}, "value": {"0": 0.19877138091753335, "1": 0.028589935108429845, "2": 0.2606017280766182, "3": 0.1557387089151103, "4": 0.779662020151638, "5": 0.5930735930735931, "6": 0.6063998153501258, "7": 0.6363636363636364}, "up": {"0": 0.27062426795516165, "1": 0.1415903133559314, "2": 0.32925873762368696, "3": 0.19886124666685662, "4": 0.8973770860183449, "5": 0.8037559709241949, "6": 1.012600758842795, "7": 0.0}, "low": {"0": 0.1300370396316943, "1": 0.0, "2": 0.18252412516664884, "3": 0.10308866439755983, "4": 0.5945164897590328, "5": 0.32727063259321326, "6": 0.2755592278120003, "7": 0.0}}}