{"56": {"0": {"Atom 1": "(13,)", "Atom 2": "(7, 8)", "NMR exp": [2.38, 2.51], "lower bound": 2.14, "upper bound": 2.54, "md": [3.9369956253484912, 3.814139671236019], "lower": [3.0431339017121752, 2.9859874997102303], "upper": [4.377281227461691, 4.288991027383898]}, "1": {"Atom 1": "(32,)", "Atom 2": "(13,)", "NMR exp": [3.12], "lower bound": 2.81, "upper bound": 3.43, "md": [2.5779168204043637], "lower": [2.151640885745951], "upper": [4.362302410411643]}, "2": {"Atom 1": "(75,)", "Atom 2": "(92,)", "NMR exp": [2.17], "lower bound": 1.95, "upper bound": 2.39, "md": [1.677684152526926], "lower": [1.5934901751432575], "upper": [3.8510455368078103]}, "3": {"Atom 1": "(127,)", "Atom 2": "(116,)", "NMR exp": [2.28], "lower bound": 2.06, "upper bound": 2.51, "md": [2.7537665179563233], "lower": [2.427627059430975], "upper": [4.037409212110626]}, "4": {"Atom 1": "(127,)", "Atom 2": "(118,)", "NMR exp": [2.49], "lower bound": 2.24, "upper bound": 2.74, "md": [3.0693711880524828], "lower": [2.291247485839383], "upper": [3.5357209542791583]}, "5": {"Atom 1": "(127,)", "Atom 2": "(120, 121)", "NMR exp": [3.48], "lower bound": 3.13, "upper bound": 4.83, "md": [2.3770729568201188, 3.238375132384237], "lower": [2.1815536357833483, 2.6495102288894583], "upper": [3.712694844434673, 4.040262157648165]}, "6": {"Atom 1": "(146,)", "Atom 2": "(127,)", "NMR exp": [2.59], "lower bound": 2.33, "upper bound": 2.85, "md": [1.7026425081868048], "lower": [1.6167351788982498], "upper": [4.410958806697211]}, "7": {"Atom 1": "(146,)", "Atom 2": "(131,)", "NMR exp": [2.96], "lower bound": 2.67, "upper bound": 3.26, "md": [2.9612441714064133], "lower": [2.4935758835666895], "upper": [4.1767603901905]}, "8": {"Atom 1": "(13,)", "Atom 2": "(15,)", "NMR exp": [2.22], "lower bound": 2.0, "upper bound": 2.44, "md": [2.757761308447009], "lower": [2.457059364581377], "upper": [2.90839854158204]}, "9": {"Atom 1": "(51,)", "Atom 2": "(55, 56)", "NMR exp": [2.42], "lower bound": 2.18, "upper bound": 3.66, "md": [2.0505522544418597, 1.9328894443144446], "lower": [1.9661272533309302, 1.8613076554002226], "upper": [2.850675314964902, 3.452210079925438]}, "10": {"Atom 1": "(51,)", "Atom 2": "(58, 59)", "NMR exp": [2.68], "lower bound": 2.41, "upper bound": 3.95, "md": [2.998755482363593, 2.60500317184856], "lower": [2.4407156628838367, 2.304402245864562], "upper": [4.173571958942155, 3.8988353807776286]}, "11": {"Atom 1": "(64,)", "Atom 2": "(53,)", "NMR exp": [3.88], "lower bound": 3.49, "upper bound": 4.27, "md": [2.093863145839809], "lower": [1.9220701829325], "upper": [4.99979161125837]}, "12": {"Atom 1": "(64,)", "Atom 2": "(55, 56)", "NMR exp": [3.5], "lower bound": 3.15, "upper bound": 4.85, "md": [1.6338341710657143, 2.905386863808004], "lower": [1.592826338046681, 2.4494199615252934], "upper": [4.0248908053776615, 4.269377387066622]}, "13": {"Atom 1": "(64,)", "Atom 2": "(58, 59)", "NMR exp": [3.44], "lower bound": 3.1, "upper bound": 4.79, "md": [2.530130495039233, 2.1384792408076967], "lower": [2.3127379252467013, 2.041789325665607], "upper": [3.388887680661142, 3.1703256626017327]}, "14": {"Atom 1": "(64,)", "Atom 2": "(61, 62)", "NMR exp": [3.03], "lower bound": 2.73, "upper bound": 4.34, "md": [2.59838100799823, 2.157182591004296], "lower": [2.356190355164828, 2.093437142337839], "upper": [2.900320067591908, 2.7962227558287216]}, "15": {"Atom 1": "(53,)", "Atom 2": "(55, 56)", "NMR exp": [2.16], "lower bound": 1.94, "upper bound": 3.37, "md": [2.665729139560186, 2.068060738558084], "lower": [2.4224555879137477, 2.0158903757592768], "upper": [3.0213416436793894, 2.689069987783813]}, "16": {"Atom 1": "(53,)", "Atom 2": "(61, 62)", "NMR exp": [4.53], "lower bound": 4.07, "upper bound": 5.98, "md": [1.8082181658707865, 2.9272532178852946], "lower": [1.7767072080228696, 2.347811461265735], "upper": [4.352347251074051, 4.509854111199477]}, "17": {"Atom 1": "(55, 56)", "Atom 2": "(58, 59)", "NMR exp": [2.51], "lower bound": 2.26, "upper bound": 4.76, "md": [2.749169884690136, 2.4807041049684853, 2.4318829376756796, 2.7212257597666896], "lower": [2.474963223813553, 2.325914312992631, 2.2883836792264, 2.4584037802833865], "upper": [3.0350382017116826, 2.774116373221007, 2.749138582284804, 3.031635689771903]}, "18": {"Atom 1": "(75,)", "Atom 2": "(79, 80)", "NMR exp": [2.98, 2.52], "lower bound": 2.27, "upper bound": 2.91, "md": [3.5408128690546556, 3.1515542022205167], "lower": [2.606350279562217, 2.5303428713296863], "upper": [3.7632559711011355, 3.777345910497672]}, "19": {"Atom 1": "(75,)", "Atom 2": "(82, 83)", "NMR exp": [2.69, 2.73], "lower bound": 2.42, "upper bound": 2.85, "md": [2.8255869568649272, 2.8793291155788325], "lower": [2.357720601100647, 2.4027836986434683], "upper": [4.288717737556142, 4.2758857285530425]}, "20": {"Atom 1": "(77,)", "Atom 2": "(79, 80)", "NMR exp": [2.46, 2.7], "lower bound": 2.22, "upper bound": 2.7, "md": [3.2378406056048084, 2.8307673942310494], "lower": [2.622277284040518, 2.459005928222714], "upper": [3.25865264043595, 3.030939907475487]}, "21": {"Atom 1": "(77,)", "Atom 2": "(82, 83)", "NMR exp": [2.55, 2.54], "lower bound": 2.29, "upper bound": 2.66, "md": [2.7506133410060025, 2.685976485722958], "lower": [2.39492880955744, 2.375825345327353], "upper": [3.5857146831815805, 3.5215428899148558]}, "22": {"Atom 1": "(92,)", "Atom 2": "(96, 97)", "NMR exp": [2.82], "lower bound": 2.54, "upper bound": 4.1, "md": [3.4087360187072506, 2.968478246686899], "lower": [2.5396815183865296, 2.5427784809498744], "upper": [3.770999017165321, 3.7471433304446378]}, "23": {"Atom 1": "(92,)", "Atom 2": "(99, 100)", "NMR exp": [2.95], "lower bound": 2.66, "upper bound": 4.25, "md": [2.595564596951283, 3.158746770533279], "lower": [2.2520928157747724, 2.6029861742451885], "upper": [4.13471973132046, 4.222031172591772]}, "24": {"Atom 1": "(105,)", "Atom 2": "(94,)", "NMR exp": [3.1], "lower bound": 2.79, "upper bound": 3.41, "md": [4.776426975552541], "lower": [3.9450639381235364], "upper": [5.496898717095025]}, "25": {"Atom 1": "(105,)", "Atom 2": "(96, 97)", "NMR exp": [3.13], "lower bound": 2.82, "upper bound": 4.45, "md": [3.2167407288877476, 5.439882911557836], "lower": [2.5769761633487853, 3.6667580557993484], "upper": [4.378535214603712, 5.499370597616933]}, "26": {"Atom 1": "(105,)", "Atom 2": "(99, 100)", "NMR exp": [3.17], "lower bound": 2.85, "upper bound": 4.49, "md": [1.9619331680558934, 2.660989595087719], "lower": [1.8984898198328963, 2.3807033937860487], "upper": [3.146631343760683, 3.447361123119293]}, "27": {"Atom 1": "(105,)", "Atom 2": "(102, 103)", "NMR exp": [3.05], "lower bound": 2.75, "upper bound": 4.36, "md": [2.635943215536212, 2.1843081121280683], "lower": [2.3729037062576714, 2.114829708800126], "upper": [2.9060708481636848, 2.809922303263715]}, "28": {"Atom 1": "(94,)", "Atom 2": "(96, 97)", "NMR exp": [2.16], "lower bound": 1.95, "upper bound": 3.38, "md": [2.5997696071788625, 2.466280319425474], "lower": [2.3969882124317983, 2.333308528708156], "upper": [2.9830522122514593, 2.8701266248779653]}, "29": {"Atom 1": "(94,)", "Atom 2": "(102, 103)", "NMR exp": [2.83], "lower bound": 2.54, "upper bound": 4.11, "md": [5.765854899353161, 3.5119736904913634], "lower": [4.154190175347699, 2.5258209158197684], "upper": [5.802254563269877, 4.60064382578799]}, "30": {"Atom 1": "(116,)", "Atom 2": "(120, 121)", "NMR exp": [2.91], "lower bound": 2.62, "upper bound": 4.2, "md": [2.8107995596869655, 2.3149493137529595], "lower": [2.445183473805206, 2.18613298350764], "upper": [3.5608372948637292, 3.3166348545777318]}, "31": {"Atom 1": "(118,)", "Atom 2": "(120, 121)", "NMR exp": [2.01], "lower bound": 1.81, "upper bound": 3.21, "md": [2.0042621192848253, 2.498231506120833], "lower": [1.9566785793095764, 2.3331721062559065], "upper": [2.7645380032535405, 2.848110110240419]}, "32": {"Atom 1": "(127,)", "Atom 2": "(129,)", "NMR exp": [2.72], "lower bound": 2.45, "upper bound": 2.99, "md": [2.3237462052677436], "lower": [2.172365241168717],