{"single": {"stat": {"0": "MAE", "1": "MSE", "2": "RMSD", "3": "pearsonr", "4": "kendalltau", "5": "chisq", "6": "percentage_fulfilled"}, "value": {"0": 0.5198651916983605, "1": -0.08527328398766182, "2": 0.9163325347305971, "3": 0.2601773774975471, "4": 0.3509175100381729, "5": -4.750087047212815, "6": 0.4418604651162791}, "up": {"0": 0.7673356093941974, "1": 0.09272032432772015, "2": 1.3772040031161, "3": 0.5599408040032617, "4": 0.5324216064421651, "5": 7.339685395541783, "6": 0.0}, "low": {"0": 0.32620520554479665, "1": 0.0, "2": 0.46929657207752534, "3": 0.1273265995296769, "4": 0.1448942983792384, "5": 0.0, "6": 0.0}, "most-populated-1": {"0": 0.6188815802197123, "1": 0.4393337101160094, "2": 1.0213457619039366, "3": NaN, "4": NaN, "5": NaN, "6": 0.6744186046511628}}}