{"minimum_sasa": 12.760717773437506, "minimum_psa": 9.411323776245116}