{"single": {"stat": {"0": "MAE", "1": "MSE", "2": "RMSD", "3": "RMSD_step", "4": "pearsonr", "5": "kendalltau", "6": "chisq", "7": "percentage_fulfilled"}, "value": {"0": 0.40697270153996506, "1": 0.11483678491022013, "2": 0.8091660296713371, "3": 0.47047724409295544, "4": 0.463801217908345, "5": 0.4624826561566271, "6": -7.429344318146608, "7": 0.627906976744186}, "up": {"0": 0.6489539960505937, "1": 0.23488884590906886, "2": 1.286794287510846, "3": 0.6388733718595868, "4": 0.7519484719208412, "5": 0.6344550940075316, "6": 3.7147395069056732, "7": 0.0}, "low": {"0": 0.24583091521051856, "1": 0.0, "2": 0.34105885822768106, "3": 0.23429941164531276, "4": 0.34486486123469917, "5": 0.267268505079283, "6": 0.0, "7": 0.0}, "most-populated-1": {"0": 0.6188815802197123, "1": 0.4393337101160094, "2": 1.0213457619039366, "3": 0.47047724409295544, "4": NaN, "5": NaN, "6": NaN, "7": 0.6744186046511628}}}