{"single": {"stat": {"0": "MAE", "1": "MSE", "2": "RMSD", "3": "RMSD_step", "4": "pearsonr", "5": "kendalltau", "6": "chisq", "7": "percentage_fulfilled"}, "value": {"0": 1.0816051150025598, "1": -0.8364840487940512, "2": 1.2372345499332031, "3": 0.7693144091944298, "4": 0.41295817153590375, "5": 0.397457010769884, "6": 36.05388405429429, "7": 0.7475728155339806}, "up": {"0": 1.1957655943412862, "1": -0.652026736349322, "2": 1.358670840569853, "3": 0.8970285358753962, "4": 0.5277822469172057, "5": 0.4968773637787186, "6": 43.1870658000694, "7": 0.0}, "low": {"0": 0.9659729743613855, "1": 0.0, "2": 1.1211783973669072, "3": 0.6330692687448397, "4": 0.29656836400149433, "5": 0.27646812054174075, "6": 29.733065250244017, "7": 0.0}}}