{"single": {"stat": {"0": "MAE", "1": "MSE", "2": "RMSD", "3": "RMSD_step", "4": "pearsonr", "5": "kendalltau", "6": "chisq", "7": "percentage_fulfilled"}, "value": {"0": 1.0816051150025598, "1": -0.8364840487940512, "2": 1.2372345499332031, "3": 0.7693144091944298, "4": 0.41295817153590375, "5": 0.397457010769884, "6": 36.05388405429429, "7": 0.7475728155339806}, "up": {"0": 1.201702856864916, "1": -0.6481852581599005, "2": 1.3591874434557911, "3": 0.89529514578057, "4": 0.5279366603347674, "5": 0.4973394477951326, "6": 42.980397431751044, "7": 0.0}, "low": {"0": 0.9659382786378851, "1": 0.0, "2": 1.1201645109567735, "3": 0.6269048641842428, "4": 0.2974450763754846, "5": 0.2769548313748086, "6": 29.727855454521713, "7": 0.0}}}