{"minimum_sasa": 14.305528259277324, "minimum_psa": 11.43556224823002}