{"minimum_sasa": 7.327122402191151, "minimum_psa": 5.655772047042862}