{"single": {"stat": {"0": "MAE", "1": "MSE", "2": "RMSD", "3": "pearsonr", "4": "kendalltau", "5": "chisq", "6": "percentage_fulfilled"}, "value": {"0": 0.6263849290435176, "1": 0.3128560726381289, "2": 0.8851318581681245, "3": 0.02795002683376471, "4": 0.03470724000753063, "5": 7.290072651014934, "6": 0.7272727272727273}, "up": {"0": 0.9128214166495281, "1": 0.6832877297344189, "2": 1.2296618211632264, "3": 0.40554169972049575, "4": 0.35910604003715574, "5": 13.859035436222646, "6": 0.0}, "low": {"0": 0.3933619835383839, "1": 0.0, "2": 0.5224437243425651, "3": 0.0, "4": 0.0, "5": 2.3687652768026632, "6": 0.0}, "most-populated-1": {"0": 0.6371691916205665, "1": 0.5000786343487825, "2": 0.8147112013189416, "3": NaN, "4": NaN, "5": NaN, "6": 0.5454545454545454}}}