{"single": {"stat": {"0": "MAE", "1": "MSE", "2": "RMSD", "3": "pearsonr", "4": "kendalltau", "5": "chisq", "6": "percentage_fulfilled"}, "value": {"0": 0.6263849290435176, "1": 0.3128560726381289, "2": 0.8851318581681245, "3": 0.02795002683376471, "4": 0.03470724000753063, "5": 7.290072651014934, "6": 0.7272727272727273}, "up": {"0": 0.9131687891129294, "1": 0.6768848830560725, "2": 1.2199263543992183, "3": 0.4115931450415963, "4": 0.35814870950835365, "5": 13.89396510746955, "6": 0.0}, "low": {"0": 0.3868216709439039, "1": 0.0, "2": 0.5128492675095945, "3": 0.0, "4": 0.0, "5": 2.344851725700875, "6": 0.0}, "most-populated-1": {"0": 0.6371691916205665, "1": 0.5000786343487825, "2": 0.8147112013189416, "3": NaN, "4": NaN, "5": NaN, "6": 0.5454545454545454}}}