{"single": {"stat": {"0": "MAE", "1": "MSE", "2": "RMSD", "3": "RMSD_step", "4": "pearsonr", "5": "kendalltau", "6": "chisq", "7": "percentage_fulfilled"}, "value": {"0": 0.4013542884328178, "1": 0.25447901692356756, "2": 0.543267590914657, "3": 0.30412318078520273, "4": 0.24931258727382966, "5": 0.27765792006024503, "6": 3.145396486248148, "7": 0.7272727272727273}, "up": {"0": 0.5762158674622667, "1": 0.465223965988768, "2": 0.7854608079836012, "3": 0.5074523036680381, "4": 0.7794666112263514, "5": 0.6247475212006274, "6": 6.93507320141769, "7": 0.0}, "low": {"0": 0.27358405987888823, "1": 0.06721837463352738, "2": 0.330136398764641, "3": 0.07400859900898497, "4": 0.0, "5": 0.0, "6": 0.9617289940497654, "7": 0.0}, "most-populated-1": {"0": 0.6371691916205665, "1": 0.5000786343487825, "2": 0.8147112013189416, "3": 0.30412318078520273, "4": NaN, "5": NaN, "6": NaN, "7": 0.5454545454545454}}}