{"22": {"0": {"Atom 1": "(3,)", "Atom 2": "(26,)", "NMR exp": 3.19, "lower bound": 0.0, "upper bound": 3.5100000000000002, "md": [3.502846011629217], "lower": [2.998629084644377], "upper": [4.45095261375914]}, "1": {"Atom 1": "(3,)", "Atom 2": "(13, 14)", "NMR exp": 1.83, "lower bound": 0.0, "upper bound": 3.16, "md": [4.180089894634633, 3.655704440254696], "lower": [3.2700204902561856, 2.6486685446589595], "upper": [4.633898847993327, 4.387927272053448]}, "2": {"Atom 1": "(22,)", "Atom 2": "(26,)", "NMR exp": 2.93, "lower bound": 0.0, "upper bound": 3.22, "md": [2.9633902149093387], "lower": [2.3408274965635845], "upper": [3.5511425376446555]}, "3": {"Atom 1": "(19, 20)", "Atom 2": "(26,)", "NMR exp": 2.73, "lower bound": 0.0, "upper bound": 4.2700000000000005, "md": [2.948257946633483, 3.8103079288464956], "lower": [2.537954188653126, 3.18350254918962], "upper": [3.6026357667560127, 4.349679950594802]}, "4": {"Atom 1": "(16, 17)", "Atom 2": "(26,)", "NMR exp": 2.71, "lower bound": 0.0, "upper bound": 4.24, "md": [2.817410298016007, 4.339611670838627], "lower": [2.3838232169634423, 3.972916697627915], "upper": [4.109376443616414, 4.858078863934258]}, "5": {"Atom 1": "(13, 14)", "Atom 2": "(26,)", "NMR exp": 2.63, "lower bound": 0.0, "upper bound": 4.14, "md": [2.5368140497501517, 3.9862820161749513], "lower": [2.2096052738049323, 3.714048291434547], "upper": [3.853815633954871, 4.816168798910731]}, "6": {"Atom 1": "(47,)", "Atom 2": "(59,)", "NMR exp": 2.57, "lower bound": 0.0, "upper bound": 2.83, "md": [3.207986549864855], "lower": [2.2917914969861974], "upper": [3.570202946841145]}, "7": {"Atom 1": "(49,)", "Atom 2": "(59,)", "NMR exp": 3.39, "lower bound": 0.0, "upper bound": 3.73, "md": [2.9399094373753627], "lower": [2.4317866519079616], "upper": [3.9971803396016345]}, "8": {"Atom 1": "(61,)", "Atom 2": "(1,)", "NMR exp": 2.17, "lower bound": 0.0, "upper bound": 2.39, "md": [2.8749018929653927], "lower": [2.2544713332978223], "upper": [3.556640428623488]}, "9": {"Atom 1": "(1,)", "Atom 2": "(3,)", "NMR exp": 2.6, "lower bound": 0.0, "upper bound": 2.86, "md": [2.7331279522795713], "lower": [2.412968287483104], "upper": [2.9349743477996597]}, "10": {"Atom 1": "(1,)", "Atom 2": "(5, 6)", "NMR exp": 2.37, "lower bound": 0.0, "upper bound": 3.83, "md": [2.9463999655327524, 2.978732975079406], "lower": [2.5410081638707958, 2.6253734270257314], "upper": [3.5177328781466723, 3.6420215825538382]}, "11": {"Atom 1": "(16, 17)", "Atom 2": "(13, 14)", "NMR exp": 1.73, "lower bound": 0.0, "upper bound": 4.19, "md": [2.290858233300908, 2.8394093549838426, 2.8333540676153164, 2.289737325057154], "lower": [2.182889990101838, 2.695134662377876, 2.7099777502496365, 2.1823434550831085], "upper": [2.4165614726131435, 2.9815432162379696, 2.9795657659035353, 2.4136007193625493]}, "12": {"Atom 1": "(26,)", "Atom 2": "(28,)", "NMR exp": 2.31, "lower bound": 0.0, "upper bound": 2.54, "md": [2.6636166407202406], "lower": [2.2573444850835953], "upper": [2.913911175721876]}, "13": {"Atom 1": "(28,)", "Atom 2": "(35, 36, 37, 39, 40, 41)", "NMR exp": 3.23, "lower bound": 0.0, "upper bound": 6.99, "md": [3.0455189198553994, 3.025539773413892, 3.0443591178223746, 2.9653521667700615, 2.9642986745791364, 2.9535161832365313], "lower": [2.433185716855163, 2.4256112467671596, 2.4336054930907585, 2.39657619820541, 2.395901058038944, 2.391883746857369], "upper": [4.392075141951446, 4.388819326626731, 4.392229461955582, 4.4078027594510445, 4.408380420723807, 4.406339796548122]}, "14": {"Atom 1": "(45,)", "Atom 2": "(50,)", "NMR exp": 2.75, "lower bound": 0.0, "upper bound": 3.02, "md": [2.7297158903871392], "lower": [2.4243806292964862], "upper": [3.483139644699796]}, "15": {"Atom 1": "(45,)", "Atom 2": "(49,)", "NMR exp": 3.02, "lower bound": 0.0, "upper bound": 3.3200000000000003, "md": [2.630418633226997], "lower": [2.3686775707837926], "upper": [3.251560524127319]}, "16": {"Atom 1": "(47,)", "Atom 2": "(50,)", "NMR exp": 2.2600000000000002, "lower bound": 0.0, "upper bound": 2.49, "md": [2.6967075694075917], "lower": [2.432432938216735], "upper": [3.0311173756476397]}, "17": {"Atom 1": "(47,)", "Atom 2": "(49,)", "NMR exp": 2.11, "lower bound": 0.0, "upper bound": 2.32, "md": [2.5549354039881713], "lower": [2.3776739096562047], "upper": [2.913200993357826]}, "18": {"Atom 1": "(50,)", "Atom 2": "(54, 55)", "NMR exp": 2.6, "lower bound": 0.0, "upper bound": 6.0600000000000005, "md": [2.746030438345033, 2.7217943925496777], "lower": [2.295903949211127, 2.291841414935695], "upper": [3.6799765806345883, 3.6596991912427987]}, "19": {"Atom 1": "(49,)", "Atom 2": "(54, 55)", "NMR exp": 3.31, "lower bound": 0.0, "upper bound": 7.11, "md": [2.8319950828031977, 2.8037871935251073], "lower": [2.346968662659191, 2.341140969830134], "upper": [3.684260329390877, 3.6642701278708993]}, "20": {"Atom 1": "(59,)", "Atom 2": "(63, 64)", "NMR exp": 2.49, "lower bound": 0.0, "upper bound": 3.98, "md": [2.96940226293352, 2.8444639690061884], "lower": [2.583987789102674, 2.509661099405973], "upper": [3.6333024402795737, 3.4371670171010438]}, "21": {"Atom 1": "(61,)", "Atom 2": "(63, 64)", "NMR exp": 2.08, "lower bound": 0.0, "upper bound": 3.47, "md": [2.4728857861059024, 2.5567141037401044], "lower": [2.3252374505345035, 2.343807230855725], "upper": [2.7465450737290142, 3.0024152368496915]}}}