{"22": {"0": {"Atom 1": "(3,)", "Atom 2": "(26,)", "NMR exp": 3.19, "lower bound": 0.0, "upper bound": 3.5100000000000002, "md": [3.285958199134644], "lower": [2.847165848385267], "upper": [4.373465576252196]}, "1": {"Atom 1": "(3,)", "Atom 2": "(13, 14)", "NMR exp": 1.83, "lower bound": 0.0, "upper bound": 3.16, "md": [4.388023368013346, 3.749497578900179], "lower": [3.578009583637892, 2.7448420354731513], "upper": [4.662283847603978, 4.397681821134667]}, "2": {"Atom 1": "(22,)", "Atom 2": "(26,)", "NMR exp": 2.93, "lower bound": 0.0, "upper bound": 3.22, "md": [2.3850676341103183], "lower": [2.1862149983260863], "upper": [3.5075638610919326]}, "3": {"Atom 1": "(19, 20)", "Atom 2": "(26,)", "NMR exp": 2.73, "lower bound": 0.0, "upper bound": 4.2700000000000005, "md": [1.7379710682705247, 3.14516222741655], "lower": [1.664219353164038, 2.726108915198798], "upper": [3.3533848465084577, 4.257539024869871]}, "4": {"Atom 1": "(16, 17)", "Atom 2": "(26,)", "NMR exp": 2.71, "lower bound": 0.0, "upper bound": 4.24, "md": [3.4941828075880217, 4.744242674054927], "lower": [2.70158734547537, 4.193576241189727], "upper": [4.458571549216236, 5.096855996805403]}, "5": {"Atom 1": "(13, 14)", "Atom 2": "(26,)", "NMR exp": 2.63, "lower bound": 0.0, "upper bound": 4.14, "md": [5.68004504014938, 5.190657444511751], "lower": [2.9063572752208686, 3.9602472539786815], "upper": [5.783887068175438, 5.635292382085123]}, "6": {"Atom 1": "(47,)", "Atom 2": "(59,)", "NMR exp": 2.57, "lower bound": 0.0, "upper bound": 2.83, "md": [3.312179424784452], "lower": [2.400349234670534], "upper": [3.5784693614946272]}, "7": {"Atom 1": "(49,)", "Atom 2": "(59,)", "NMR exp": 3.39, "lower bound": 0.0, "upper bound": 3.73, "md": [2.749400992987304], "lower": [2.3506628660814033], "upper": [3.953234432358702]}, "8": {"Atom 1": "(61,)", "Atom 2": "(1,)", "NMR exp": 2.17, "lower bound": 0.0, "upper bound": 2.39, "md": [3.1310330173898815], "lower": [2.289296805564307], "upper": [3.5661574726631224]}, "9": {"Atom 1": "(1,)", "Atom 2": "(3,)", "NMR exp": 2.6, "lower bound": 0.0, "upper bound": 2.86, "md": [2.493652262213494], "lower": [2.245467232241569], "upper": [2.9086218104785164]}, "10": {"Atom 1": "(1,)", "Atom 2": "(5, 6)", "NMR exp": 2.37, "lower bound": 0.0, "upper bound": 3.83, "md": [3.1693064675829685, 2.4797597677082996], "lower": [2.6484904375489258, 2.2899203395839662], "upper": [3.598366544707395, 3.463218816035809]}, "11": {"Atom 1": "(16, 17)", "Atom 2": "(13, 14)", "NMR exp": 1.73, "lower bound": 0.0, "upper bound": 4.19, "md": [2.3196816877998545, 2.3375407853475885, 2.767193657019001, 2.7402649610191605], "lower": [2.200408513757893, 2.3011771843912197, 2.668805841526506, 2.295111157434511], "upper": [2.4334142817384166, 2.888021279817388, 2.950733357695957, 2.7673998915315186]}, "12": {"Atom 1": "(26,)", "Atom 2": "(28,)", "NMR exp": 2.31, "lower bound": 0.0, "upper bound": 2.54, "md": [2.2202972007222965], "lower": [2.1181429247719414], "upper": [2.8712312961061737]}, "13": {"Atom 1": "(28,)", "Atom 2": "(35, 36, 37, 39, 40, 41)", "NMR exp": 3.23, "lower bound": 0.0, "upper bound": 6.99, "md": [3.1364974394635983, 3.427892027727934, 2.7116724992214607, 2.8113308558127046, 5.441593093158047, 2.7952653866773804], "lower": [2.4646379171003825, 2.569725182435471, 2.320251631273179, 2.345686610895916, 3.715127992054027, 2.3397372494183615], "upper": [4.411621292991528, 4.475664208451213, 4.3165655420003235, 4.375525203055554, 5.55585869803205, 4.373157184902408]}, "14": {"Atom 1": "(45,)", "Atom 2": "(50,)", "NMR exp": 2.75, "lower bound": 0.0, "upper bound": 3.02, "md": [2.6934310816627747], "lower": [2.408513769219175], "upper": [3.4603723190129916]}, "15": {"Atom 1": "(45,)", "Atom 2": "(49,)", "NMR exp": 3.02, "lower bound": 0.0, "upper bound": 3.3200000000000003, "md": [1.7414963268899188], "lower": [1.7044235236903058], "upper": [2.9785127996440206]}, "16": {"Atom 1": "(47,)", "Atom 2": "(50,)", "NMR exp": 2.2600000000000002, "lower bound": 0.0, "upper bound": 2.49, "md": [2.5368140479451293], "lower": [2.366751061970644], "upper": [2.9996536266191844]}, "17": {"Atom 1": "(47,)", "Atom 2": "(49,)", "NMR exp": 2.11, "lower bound": 0.0, "upper bound": 2.32, "md": [3.198209980997084], "lower": [2.559005884567009], "upper": [3.2206707611478196]}, "18": {"Atom 1": "(50,)", "Atom 2": "(54, 55)", "NMR exp": 2.6, "lower bound": 0.0, "upper bound": 6.0600000000000005, "md": [2.6994069792927324, 2.7004964515951317], "lower": [2.2872184758004, 2.2878583315817274], "upper": [3.6737501049346446, 3.656539931002369]}, "19": {"Atom 1": "(49,)", "Atom 2": "(54, 55)", "NMR exp": 3.31, "lower bound": 0.0, "upper bound": 7.11, "md": [2.741076224894073, 2.8470739601071244], "lower": [2.324456454014146, 2.351489135197004], "upper": [3.67074600230042, 3.6711963568057495]}, "20": {"Atom 1": "(59,)", "Atom 2": "(63, 64)", "NMR exp": 2.49, "lower bound": 0.0, "upper bound": 3.98, "md": [3.179107855029532, 3.223611507647803], "lower": [2.69499595678577, 2.6641752192082553], "upper": [3.7201941152143796, 3.629164016153702]}, "21": {"Atom 1": "(61,)", "Atom 2": "(63, 64)", "NMR exp": 2.08, "lower bound": 0.0, "upper bound": 3.47, "md": [1.9042656813838952, 2.3687011768241724], "lower": [1.869909009964085, 2.2471691518824826], "upper": [2.554283776374497, 2.9238446936226756]}}}