{"minimum_sasa": 8.375095934867836, "minimum_psa": 6.273666000366225}