{"single": {"stat": {"0": "MAE", "1": "MSE", "2": "RMSD", "3": "RMSD_step", "4": "pearsonr", "5": "kendalltau", "6": "chisq", "7": "percentage_fulfilled"}, "value": {"0": 0.35741151566095963, "1": 0.16132915677138435, "2": 0.5140914708234909, "3": 0.08892693630166282, "4": 0.31431770703367445, "5": 0.20174507021934718, "6": 2.5935254969862522, "7": 0.52}, "up": {"0": 0.506597017210333, "1": 0.35540326699298375, "2": 0.6713511907307841, "3": 0.11233877335986889, "4": 0.6545727925950925, "5": 0.5364051521700105, "6": 4.493843760185343, "7": 0.0}, "low": {"0": 0.21789907567820146, "1": 0.0, "2": 0.34353224012438976, "3": 0.06324555320336764, "4": 0.0, "5": 0.0, "6": 1.096988560209259, "7": 0.0}}}