{"single": {"stat": {"0": "MAE", "1": "MSE", "2": "RMSD", "3": "RMSD_step", "4": "pearsonr", "5": "kendalltau", "6": "chisq", "7": "percentage_fulfilled"}, "value": {"0": 0.35741151566095963, "1": 0.16132915677138435, "2": 0.5140914708234909, "3": 0.08892693630166282, "4": 0.31431770703367445, "5": 0.20174507021934718, "6": 2.5935254969862522, "7": 0.52}, "up": {"0": 0.5079938739026126, "1": 0.3575547637370006, "2": 0.669182600488379, "3": 0.1119111254175213, "4": 0.6557855674648382, "5": 0.5414502930966039, "6": 4.523585167582669, "7": 0.0}, "low": {"0": 0.22089137342752163, "1": 0.0, "2": 0.34221593922749793, "3": 0.06170899448216607, "4": 0.0, "5": 0.0, "6": 1.1128348244871995, "7": 0.0}}}