{"single": {"fulfil": {"best": 0.9148936170212766, "random": [0.7957446808510639, 0.7425531914893617, 0.6914893617021276, 0.6617021276595745, 0.6574468085106383], "low_energy": [0.7446808510638298, 0.7659574468085106, 0.7659574468085106, 0.6808510638297872, 0.723404255319149], "LICUV": [0.9148936170212766, 0.723404255319149, 0.8297872340425532, 0.8085106382978723, 0.723404255319149], "NAMFIS": [0.851063829787234, 0.8297872340425532, 0.7872340425531915, 0.7659574468085106, 0.7659574468085106]}, "rmsd": {"best": 1.0458598191485837, "random": [1.2975873095863413, 1.2597622120351344, 1.3192028258516835, 1.3169461781065686, 1.3281694827475452], "low_energy": [1.2070794328093575, 1.305928780367842, 1.3181005394917693, 1.3723304398952236, 1.2970045576277986], "LICUV": [1.0876828301778776, 1.2687562727790622, 1.2424307631176108, 1.2653018002080365, 1.2918452526472837], "NAMFIS": [1.0458598191485837, 1.096071169630834, 1.2041344276147021, 1.2292051568693763, 1.229205156869445]}, "rmsd_stepwise": {"best": 0.46676797279326243, "random": [0.7153109510018685, 0.8095058899693092, 0.8847990656181652, 0.9280323283412637, 0.9347685941250677], "low_energy": [0.7935913520462234, 0.7740471149550345, 0.7740471149550345, 0.9038922925856512, 0.841477929825244], "LICUV": [0.46676797279326243, 0.841477929825244, 0.6601095976056276, 0.7001519591898937, 0.841477929825244], "NAMFIS": [0.6174759879903676, 0.6601095976056276, 0.7380249664231079, 0.7740471149550345, 0.7740471149550345]}, "mae": {"best": 0.8000161799978702, "random": [1.019676667832314, 1.0679006548796797, 1.142815015601192, 1.1512198618562857, 1.1725882456344396], "low_energy": [0.9897256506250259, 1.1176085591862321, 1.1599604384310798, 1.2138038745392596, 1.130882049540608], "LICUV": [0.9054888664407933, 1.0982371983606476, 1.0772992106399977, 1.113345535896897, 1.1266382753661797], "NAMFIS": [0.8000161799978702, 0.8819429071254309, 1.0351418806278871, 1.072717424668306, 1.0727174246684066]}, "bundle-size": [1, 3, 5, 10, 30]}}