{"single": {"fulfil": {"best": 0.9148936170212766, "random": [0.7659574468085106, 0.7170212765957447, 0.6936170212765957, 0.676595744680851, 0.674468085106383], "low_energy": [0.7446808510638298, 0.7659574468085106, 0.7659574468085106, 0.6808510638297872, 0.723404255319149], "LICUV": [0.9148936170212766, 0.723404255319149, 0.8297872340425532, 0.8085106382978723, 0.723404255319149], "NAMFIS": [0.851063829787234, 0.8297872340425532, 0.7872340425531915, 0.7659574468085106, 0.7659574468085106]}, "rmsd": {"best": 1.0458598191485837, "random": [1.3366190912368445, 1.2886916063300808, 1.2954542327105252, 1.3312396551776864, 1.3307608706664737], "low_energy": [1.2070794328093575, 1.305928780367842, 1.3181005394917693, 1.3723304398952236, 1.2970045576277986], "LICUV": [1.0876828301778776, 1.2687562727790622, 1.2424307631176108, 1.2653018002080365, 1.2918452526472837], "NAMFIS": [1.0458598191485837, 1.0960762955675465, 1.2040952543700887, 1.2291335904364085, 1.2291335904380054]}, "mae": {"best": 0.8000161799978702, "random": [1.0614116912192486, 1.0849681497514072, 1.1204045419315138, 1.171921103144734, 1.1770922527959449], "low_energy": [0.9897256506250259, 1.1176085591862321, 1.1599604384310798, 1.2138038745392596, 1.130882049540608], "LICUV": [0.9054888664407933, 1.0982371983606476, 1.0772992106399977, 1.113345535896897, 1.1266382753661797], "NAMFIS": [0.8000161799978702, 0.881946084883084, 1.035129039078576, 1.0726607345117878, 1.072660734513863]}, "bundle-size": [1, 3, 5, 10, 30]}}