{"single": {"fulfil": {"best": 0.6808510638297872, "random": [0.6042553191489362, 0.6340425531914894, 0.6297872340425532, 0.6319148936170211, 0.6553191489361702], "low_energy": [0.5957446808510638, 0.5957446808510638, 0.6170212765957447, 0.6170212765957447, 0.6382978723404256], "LICUV": [0.6808510638297872, 0.723404255319149, 0.6808510638297872, 0.6808510638297872, 0.6595744680851063], "NAMFIS": [0.6808510638297872, 0.7021276595744681, 0.7021276595744681, 0.7021276595744681, 0.7021276595744681]}, "rmsd": {"best": 1.3437740733743515, "random": [1.6047276319787405, 1.5194339821864147, 1.5138170753871714, 1.489712078929708, 1.4590191769653544], "low_energy": [1.5209227490458601, 1.4691438429370616, 1.4665624788928504, 1.4797625100251321, 1.4657171201158774], "LICUV": [1.5107496501470454, 1.3355677948614875, 1.3603401817541445, 1.352821217999075, 1.3862506528924317], "NAMFIS": [1.3437740733743515, 1.3124464545712076, 1.305689602705876, 1.3056896027058797, 1.3056896027058715]}, "mae": {"best": 1.1068606985376237, "random": [1.370240118655753, 1.3037798267939842, 1.3291732619271297, 1.308113693471163, 1.269102753847756], "low_energy": [1.2646600033374542, 1.2723249245331198, 1.2700707727095104, 1.3016675585054303, 1.275112884740487], "LICUV": [1.207698477075455, 1.1355351025030074, 1.1738367992431549, 1.1423150430291953, 1.1801370880834636], "NAMFIS": [1.1155454858820488, 1.0629463971749897, 1.0592129725568242, 1.0592129725568138, 1.0592129725567667]}, "bundle-size": [1, 3, 5, 10, 30]}}