{"single": {"fulfil": {"best": 0.9148936170212766, "random": [0.8085106382978724, 0.6829787234042553, 0.7127659574468085, 0.6659574468085105, 0.6425531914893617], "low_energy": [0.7446808510638298, 0.7659574468085106, 0.7659574468085106, 0.6808510638297872, 0.723404255319149], "LICUV": [0.9148936170212766, 0.723404255319149, 0.8297872340425532, 0.8085106382978723, 0.723404255319149], "NAMFIS": [0.851063829787234, 0.8297872340425532, 0.7872340425531915, 0.7659574468085106, 0.7659574468085106]}, "rmsd": {"best": 1.0458598191485837, "random": [1.2375782108636881, 1.3198344903744323, 1.2973990836823102, 1.3438412585388846, 1.337780090519225], "low_energy": [1.2070794328093575, 1.305928780367842, 1.3181005394917693, 1.3723304398952236, 1.2970045576277986], "LICUV": [1.0876828301778776, 1.2687562727790622, 1.2424307631176108, 1.2653018002080365, 1.2918452526472837], "NAMFIS": [1.0458598191485837, 1.0960744791376744, 1.2041130181705613, 1.2291633849438683, 1.2291633849447114]}, "mae": {"best": 0.8000161799978702, "random": [0.9738770758852044, 1.0951304928845165, 1.0930711657116197, 1.1842709392965525, 1.1886224014404736], "low_energy": [0.9897256506250259, 1.1176085591862321, 1.1599604384310798, 1.2138038745392596, 1.130882049540608], "LICUV": [0.9054888664407933, 1.0982371983606476, 1.0772992106399977, 1.113345535896897, 1.1266382753661797], "NAMFIS": [0.8000161799978702, 0.8819444691471897, 1.0351363403595752, 1.0726840245048792, 1.072684024506001]}, "bundle-size": [1, 3, 5, 10, 30]}}