{"minimum_sasa": 9.70753288269043, "minimum_psa": 8.547642707824707}