{"single": {"fulfil": {"best": 0.775, "random": [0.5875, 0.6875, 0.7350000000000001, 0.7674999999999998, 0.7625], "low_energy": [0.725, 0.725, 0.8, 0.725, 0.725], "LICUV": [0.775, 0.775, 0.825, 0.775, 0.8], "NAMFIS": [0.7, 0.85, 0.875, 0.875, 0.875]}, "rmsd": {"best": 0.40750804165232224, "random": [0.6235108583799641, 0.44620445005671544, 0.42849283637377483, 0.37372738047525117, 0.32594322472480536], "low_energy": [0.5358898026766042, 0.5347228260012012, 0.49314401293822335, 0.38501443081693787, 0.3438739084299803], "LICUV": [0.5374797003564814, 0.4197355802651115, 0.39171309250424896, 0.33888591059766937, 0.3448179795356901], "NAMFIS": [0.4898318893380588, 0.33847810372148635, 0.3165401330828473, 0.2688897249098181, 0.27008155145600116]}, "rmsd_stepwise": {"best": 0.14195069566578392, "random": [0.3584232590215818, 0.31688334023784476, 0.33687904808173913, 0.30043063883527193, 0.2877874378784506], "low_energy": [0.2295593605148786, 0.35451022552248057, 0.29702693480558295, 0.242404620418011, 0.27732652235226257], "LICUV": [0.29116576034966757, 0.32710854467592254, 0.321830700835082, 0.3204333003918288, 0.31757676237407545], "NAMFIS": [0.3120857254024926, 0.2270132154743419, 0.21924871721403527, 0.2170483817032507, 0.2170483817032507]}, "mae": {"best": 0.2982562391757964, "random": [0.4362350406408309, 0.31397443288942906, 0.2907263917450891, 0.2557999387054059, 0.22505598824307493], "low_energy": [0.35257215070724474, 0.35611660354938607, 0.3131639287541339, 0.2685319189909212, 0.2518891021298308], "LICUV": [0.3311985661983489, 0.2586144944330881, 0.2334461791219949, 0.23731996180632384, 0.24393513797647967], "NAMFIS": [0.3218355817794799, 0.21254910851191555, 0.20074672981457434, 0.18224863364722582, 0.18253610246485497]}, "bundle-size": [1, 3, 5, 10, 30]}}