{"cis": {"fulfil": {"best": 0.5, "random": [0.42777777777777776, 0.4444444444444445, 0.43888888888888894, 0.4444444444444445, 0.4444444444444445], "low_energy": [0.5, 0.4444444444444444, 0.4444444444444444, 0.4444444444444444, 0.4444444444444444], "LICUV": [0.5, 0.4444444444444444, 0.4444444444444444, 0.4444444444444444, 0.4444444444444444], "NAMFIS": [0.5, 0.5, 0.5, 0.5, 0.5]}, "rmsd": {"best": 1.696547712033975, "random": [2.62714376261144, 2.3566951165661676, 2.2424887248804737, 2.310558163924349, 2.2588352481079883], "low_energy": [2.3789772114873013, 2.407218348944327, 2.42703098784441, 2.4236632699972724, 2.2588352481079883], "LICUV": [2.3789772114873013, 2.466748220721209, 2.482517290939084, 2.4136599333634794, 2.2588352481079883], "NAMFIS": [3.0294615128459594, 3.0299886823240136, 3.0299886808020244, 3.02998868034799, 3.0299886799916353]}, "mae": {"best": 1.3180756595399643, "random": [1.8594683170318604, 1.6948873754482836, 1.6106807582098681, 1.661635889616025, 1.6356081355509964], "low_energy": [1.6542036718792383, 1.7146522201499934, 1.7034610507736732, 1.7220315191028768, 1.6356081355509966], "LICUV": [1.6542036718792383, 1.7437841221522474, 1.7350911044287356, 1.728892310222769, 1.6356081355509966], "NAMFIS": [2.1191349411010734, 2.1194221489580514, 2.1194221482121396, 2.119422147920706, 2.1194221476373363]}, "bundle-size": [1, 3, 5, 10, 30]}, "trans": {"fulfil": {"best": 0.7, "random": [0.5, 0.52, 0.54, 0.58, 0.58], "low_energy": [0.5, 0.5, 0.5, 0.5, 0.5], "LICUV": [0.7, 0.7, 0.7, 0.7, 0.7], "NAMFIS": [0.5, 0.5, 0.5, 0.5, 0.5]}, "rmsd": {"best": 1.5510966037622314, "random": [2.5926336500127602, 2.3041332473831595, 2.058087996313898, 2.0233922463294944, 1.993285553826595], "low_energy": [2.2042607464205437, 2.308303036356273, 2.3193149124900314, 2.1893333452800623, 2.2486042379306084], "LICUV": [1.6998494509955506, 1.8919088444255483, 1.95122880227216, 1.879327380335692, 1.6713913223227495], "NAMFIS": [3.029312772578252, 2.6309189969886377, 2.6309189966792164, 2.6309189963668027, 2.6309189960862573]}, "mae": {"best": 0.9580453014373778, "random": [1.8089755020141596, 1.571833425979884, 1.3930439700337456, 1.3711727272534568, 1.2816711890542831], "low_energy": [1.605238304138183, 1.6317390864163595, 1.6414363431656713, 1.564905450668244, 1.5722253996821318], "LICUV": [1.092027893066406, 1.053171539648027, 1.1137105313852245, 1.0988287776076013, 0.910437696936145], "NAMFIS": [2.1457239770889274, 1.7505999122321843, 1.750599912078529, 1.750599911909014, 1.7505999117775641]}, "bundle-size": [1, 3, 5, 10, 30]}}