{"cis": {"fulfil": {"best": 1.0, "random": [0.7777777777777778, 0.8944444444444445, 0.888888888888889, 0.9111111111111111, 0.9277777777777778], "low_energy": [0.9444444444444444, 0.8888888888888888, 0.9444444444444444, 1.0, 1.0], "LICUV": [1.0, 1.0, 1.0, 1.0, 1.0], "NAMFIS": [0.8, 1.0, 1.0, 1.0, 1.0]}, "rmsd": {"best": 0.45943360749346285, "random": [0.8947520718201367, 0.6105133586390641, 0.5641870855513369, 0.5491327960332507, 0.5057814737090769], "low_energy": [0.5358232358299823, 0.6422916774832892, 0.557929620980553, 0.549516944599442, 0.5018291614396875], "LICUV": [0.48592541428349945, 0.46480677370501666, 0.4182935191949942, 0.3788742649957643, 0.3736889231099819], "NAMFIS": [0.7425757732945308, 0.5357582578846405, 0.506456731183922, 0.5065729279150962, 0.5065729279028738]}, "mae": {"best": 0.3887215614318847, "random": [0.7088918956120807, 0.49159169510314804, 0.46242590419144064, 0.4719491871660136, 0.44125632246902524], "low_energy": [0.42307587199740937, 0.5439565302322684, 0.4891111535095958, 0.4712246036486822, 0.45559129757098593], "LICUV": [0.3887215614318847, 0.37913105695250704, 0.36829412316646537, 0.3538970044657974, 0.34798602677267304], "NAMFIS": [0.6849125909805297, 0.48962965597473784, 0.4621667412056576, 0.462914173096806, 0.46291417308330285]}, "bundle-size": [1, 3, 5, 10, 30]}, "trans": {"fulfil": {"best": 1.0, "random": [0.82, 0.96, 0.99, 1.0, 1.0], "low_energy": [0.9, 0.9, 1.0, 1.0, 1.0], "LICUV": [1.0, 1.0, 1.0, 1.0, 1.0], "NAMFIS": [1.0, 1.0, 1.0, 1.0, 1.0]}, "rmsd": {"best": 0.2785112946858934, "random": [0.7034247669404498, 0.3467328948474586, 0.33954298336249467, 0.32132774529313346, 0.2835953213038725], "low_energy": [0.5516243857116064, 0.45269418385616966, 0.3939247039557023, 0.40010996356017053, 0.3279520180326801], "LICUV": [0.42589013984461566, 0.3332048955005084, 0.3187221603699952, 0.3245802085348731, 0.3278781660655442], "NAMFIS": [0.45943360749346285, 0.4375050520951361, 0.437772441661321, 0.4377724416618714, 0.43777244166099083]}, "mae": {"best": 0.207715425491333, "random": [0.541266535758972, 0.25698744060025613, 0.26215837867785685, 0.25940879370806996, 0.22653603142656062], "low_energy": [0.46640470027923564, 0.29564710711882003, 0.2756290141120706, 0.31390485915399446, 0.2819510919749074], "LICUV": [0.34764584541320803, 0.21721564226267148, 0.2293833826802175, 0.24190418835928829, 0.24491159890554423], "NAMFIS": [0.3943219926622178, 0.3816277974106394, 0.38200806104545737, 0.38200806104638074, 0.3820080610462661]}, "bundle-size": [1, 3, 5, 10, 30]}}