{"cis": {"fulfil": {"best": 1.0, "random": [0.7611111111111111, 0.8777777777777779, 0.8555555555555555, 0.9277777777777777, 0.9277777777777778], "low_energy": [0.9444444444444444, 0.8888888888888888, 0.9444444444444444, 1.0, 1.0], "LICUV": [1.0, 1.0, 1.0, 1.0, 1.0], "NAMFIS": [0.8, 1.0, 1.0, 1.0, 1.0]}, "rmsd": {"best": 0.45943360749346285, "random": [0.8425328854786835, 0.6142018680070018, 0.6033068026237002, 0.526812834853218, 0.509533220834397], "low_energy": [0.5358232358299823, 0.6422916774832892, 0.557929620980553, 0.549516944599442, 0.5018291614396875], "LICUV": [0.48592541428349945, 0.46480677370501666, 0.4182935191949942, 0.3788742649957643, 0.3736889231099819], "NAMFIS": [0.7425757732945308, 0.5357561421395887, 0.5064531559299806, 0.5065694695216669, 0.5065694694843682]}, "mae": {"best": 0.3887215614318847, "random": [0.672106521129608, 0.4975825877904505, 0.5132432193090836, 0.45470925152356995, 0.4495688804056221], "low_energy": [0.42307587199740937, 0.5439565302322684, 0.4891111535095958, 0.4712246036486822, 0.45559129757098593], "LICUV": [0.3887215614318847, 0.37913105695250704, 0.36829412316646537, 0.3538970044657974, 0.34798602677267304], "NAMFIS": [0.6849125909805297, 0.4896272021153464, 0.46216287643557263, 0.46291038757360264, 0.46291038753795777]}, "bundle-size": [1, 3, 5, 10, 30]}, "trans": {"fulfil": {"best": 1.0, "random": [0.8099999999999999, 0.96, 0.99, 1.0, 1.0], "low_energy": [0.9, 0.9, 1.0, 1.0, 1.0], "LICUV": [1.0, 1.0, 1.0, 1.0, 1.0], "NAMFIS": [1.0, 1.0, 1.0, 1.0, 1.0]}, "rmsd": {"best": 0.2785112946858934, "random": [0.6994481764451377, 0.44274492487732253, 0.33107509850466277, 0.31435301595774784, 0.28982045231142023], "low_energy": [0.5516243857116064, 0.45269418385616966, 0.3939247039557023, 0.40010996356017053, 0.3279520180326801], "LICUV": [0.42589013984461566, 0.3332048955005084, 0.3187221603699952, 0.3245802085348731, 0.3278781660655442], "NAMFIS": [0.45943360749346285, 0.43752837887004614, 0.437799569340687, 0.43779956934210235, 0.43779956934170894]}, "mae": {"best": 0.207715425491333, "random": [0.5368621072769162, 0.35088326779813556, 0.2597694078654116, 0.2437140206845155, 0.24077341371484473], "low_energy": [0.46640470027923564, 0.29564710711882003, 0.2756290141120706, 0.31390485915399446, 0.2819510919749074], "LICUV": [0.34764584541320803, 0.21721564226267148, 0.2293833826802175, 0.24190418835928829, 0.24491159890554423], "NAMFIS": [0.3943219926622178, 0.38165955570862053, 0.3820580025002153, 0.38205800250189115, 0.3820580025020324]}, "bundle-size": [1, 3, 5, 10, 30]}}