{"cis": {"fulfil": {"best": 1.0, "random": [0.7444444444444445, 0.8777777777777779, 0.888888888888889, 0.8833333333333334, 0.8944444444444445], "low_energy": [0.9444444444444444, 0.8888888888888888, 0.9444444444444444, 1.0, 1.0], "LICUV": [1.0, 1.0, 1.0, 1.0, 1.0], "NAMFIS": [0.8, 1.0, 1.0, 1.0, 1.0]}, "rmsd": {"best": 0.45943360749346285, "random": [0.859864688392005, 0.6088755431223021, 0.5714229801884478, 0.5580262293005012, 0.5259553545348756], "low_energy": [0.5358232358299823, 0.6422916774832892, 0.557929620980553, 0.549516944599442, 0.5018291614396875], "LICUV": [0.48592541428349945, 0.46480677370501666, 0.4182935191949942, 0.3788742649957643, 0.3736889231099819], "NAMFIS": [0.7425757732945308, 0.5358020533249057, 0.5064952747016528, 0.5066106380793259, 0.5066106380211541]}, "rmsd_stepwise": {"best": 0.0, "random": [0.46733030380411134, 0.297583392326952, 0.2918450564359225, 0.32245858907706, 0.2952317801836742], "low_energy": [0.23570226039551584, 0.3333333333333333, 0.23570226039551584, 0.0, 0.0], "LICUV": [0.0, 0.0, 0.0, 0.0, 0.0], "NAMFIS": [0.4472135954999579, 0.0, 0.0, 0.0, 0.0]}, "mae": {"best": 0.3887215614318847, "random": [0.6937816007932025, 0.5058160828456587, 0.48345773754448107, 0.4647377070916635, 0.45675386241888305], "low_energy": [0.42307587199740937, 0.5439565302322684, 0.4891111535095958, 0.4712246036486822, 0.45559129757098593], "LICUV": [0.3887215614318847, 0.37913105695250704, 0.36829412316646537, 0.3538970044657974, 0.34798602677267304], "NAMFIS": [0.6849125909805297, 0.489682552569052, 0.4622144078996005, 0.4629622310710248, 0.46296223100984396]}, "bundle-size": [1, 3, 5, 10, 30]}, "trans": {"fulfil": {"best": 1.0, "random": [0.8, 0.9099999999999999, 0.96, 1.0, 1.0], "low_energy": [0.9, 0.9, 1.0, 1.0, 1.0], "LICUV": [1.0, 1.0, 1.0, 1.0, 1.0], "NAMFIS": [1.0, 1.0, 1.0, 1.0, 1.0]}, "rmsd": {"best": 0.2785112946858934, "random": [0.728460742705282, 0.4591529637462653, 0.3680572221507338, 0.3110448482151259, 0.31126344876505657], "low_energy": [0.5516243857116064, 0.45269418385616966, 0.3939247039557023, 0.40010996356017053, 0.3279520180326801], "LICUV": [0.42589013984461566, 0.3332048955005084, 0.3187221603699952, 0.3245802085348731, 0.3278781660655442], "NAMFIS": [0.45943360749346285, 0.43749979617468715, 0.4377692453859756, 0.4377692453858809, 0.4377692453867948]}, "rmsd_stepwise": {"best": 0.0, "random": [0.4234259022544237, 0.22598472170724757, 0.12649110640673517, 0.0, 0.0], "low_energy": [0.31622776601683794, 0.31622776601683794, 0.0, 0.0, 0.0], "LICUV": [0.0, 0.0, 0.0, 0.0, 0.0], "NAMFIS": [0.0, 0.0, 0.0, 0.0, 0.0]}, "mae": {"best": 0.207715425491333, "random": [0.5685138525962828, 0.36004707929925167, 0.2845659086152536, 0.23935245289365764, 0.24758150538865448], "low_energy": [0.46640470027923564, 0.29564710711882003, 0.2756290141120706, 0.31390485915399446, 0.2819510919749074], "LICUV": [0.34764584541320803, 0.21721564226267148, 0.2293833826802175, 0.24190418835928829, 0.24491159890554423], "NAMFIS": [0.3943219926622178, 0.3816142295917585, 0.3820139241777214, 0.3820139241790839, 0.3820139241806247]}, "bundle-size": [1, 3, 5, 10, 30]}}