{"minimum_sasa": 7.192653656005859, "minimum_psa": 5.019232749938965}