{"trans": {"stat": {"0": "MAE", "1": "MSE", "2": "RMSD", "3": "pearsonr", "4": "kendalltau", "5": "chisq", "6": "percentage_fulfilled"}, "value": {"0": 0.4942002129059359, "1": 0.02643042441782927, "2": 0.6480707161359607, "3": 0.6630023255384725, "4": 0.41454819536903004, "5": 3.405139208999086, "6": 0.2916666666666667}, "up": {"0": 0.6722218594959048, "1": 0.2962153487978464, "2": 0.8539082778880343, "3": 0.8821147219220444, "4": 0.6805324627049121, "5": 5.818000454229561, "6": 0.0}, "low": {"0": 0.3414849663522239, "1": 0.0, "2": 0.4345641384524011, "3": 0.21771843835751176, "4": 0.07115442287015149, "5": 1.501448219412605, "6": 0.0}, "most-populated-1": {"0": 0.29590612093607577, "1": 0.11967916647593163, "2": 0.38700759715766064, "3": NaN, "4": NaN, "5": NaN, "6": 0.4166666666666667}}}