{"trans": {"stat": {"0": "MAE", "1": "MSE", "2": "RMSD", "3": "RMSD_step", "4": "pearsonr", "5": "kendalltau", "6": "chisq", "7": "percentage_fulfilled"}, "value": {"0": 0.26843447879974436, "1": 0.009907299234557928, "2": 0.3554213778002022, "3": 0.1626729848499744, "4": 0.7304509280862069, "5": 0.5797101449275361, "6": 0.9447102262813284, "7": 0.4166666666666667}, "up": {"0": 0.36492511590585136, "1": 0.15654360465331332, "2": 0.4586283034537497, "3": 0.25780549232418026, "4": 0.868636381417863, "5": 0.781132075471698, "6": 1.514153819922123, "7": 0.0}, "low": {"0": 0.1798623302700209, "1": 0.0, "2": 0.23984984737693338, "3": 0.04029804322288791, "4": 0.5733282846188931, "5": 0.3358490566037736, "6": 0.4538417272453378, "7": 0.0}, "most-populated-1": {"0": 0.29590612093607577, "1": 0.11967916647593163, "2": 0.38700759715766064, "3": 0.1626729848499744, "4": NaN, "5": NaN, "6": NaN, "7": 0.4166666666666667}}}