{"minimum_sasa": 13.400818920135512, "minimum_psa": 11.689575939178482}