{"single": {"stat": {"0": "MAE", "1": "MSE", "2": "RMSD", "3": "RMSD_step", "4": "pearsonr", "5": "kendalltau", "6": "chisq", "7": "percentage_fulfilled"}, "value": {"0": 0.3268078167391364, "1": -0.22596838761711144, "2": 0.4642069030218824, "3": 0.22261811141372065, "4": 0.6378633871132643, "5": 0.5820159941368812, "6": 2.041903872665644, "7": 0.6764705882352942}, "up": {"0": 0.44267717215652586, "1": -0.09410501768438653, "2": 0.6095894986123216, "3": 0.294058817645882, "4": 0.7963006978566279, "5": 0.7166980412072227, "6": 3.295833809758484, "7": 0.0}, "low": {"0": 0.22320968634373706, "1": 0.0, "2": 0.31110231563982776, "3": 0.1331186997956865, "4": 0.5003952252896445, "5": 0.43279144826717475, "6": 1.026918608708401, "7": 0.0}, "most-populated-1": {"0": 0.5851687361212335, "1": 0.2395435852162975, "2": 0.7604448673551732, "3": 0.22261811141372065, "4": NaN, "5": NaN, "6": NaN, "7": 0.5294117647058824}}}