{"single": {"stat": {"0": "MAE", "1": "MSE", "2": "RMSD", "3": "pearsonr", "4": "kendalltau", "5": "chisq", "6": "percentage_fulfilled"}, "value": {"0": 0.47286624927712895, "1": -0.08059150996572174, "2": 0.6524733236535579, "3": 0.4935126485354469, "4": 0.4090329122881487, "5": 4.292416925557023, "6": 0.5588235294117647}, "up": {"0": 0.6303829711175675, "1": 0.13701312033625773, "2": 0.8122880567400104, "3": 0.707600064910878, "4": 0.6124697021953057, "5": 6.469079333635745, "6": 0.0}, "low": {"0": 0.3279128878040856, "1": 0.0, "2": 0.4691919456600065, "3": 0.261872789691154, "4": 0.18031391625937002, "5": 2.414904845185573, "6": 0.0}, "most-populated-1": {"0": 0.5851687361212335, "1": 0.2395435852162975, "2": 0.7604448673551732, "3": NaN, "4": NaN, "5": NaN, "6": 0.5294117647058824}}}