{"55": {"0": {"Atom 1": "(12,)", "Atom 2": "(33,)", "NMR exp": 0, "lower bound": 2.8000000000000003, "upper bound": 3.2, "md": [2.6494827121652933], "lower": [2.265107747045797], "upper": [4.043308087512377]}, "1": {"Atom 1": "(33,)", "Atom 2": "(44,)", "NMR exp": 0, "lower bound": 3.3000000000000003, "upper bound": 3.9000000000000004, "md": [2.4526806582179552], "lower": [2.096983016094116], "upper": [3.8564140309800763]}, "2": {"Atom 1": "(1,)", "Atom 2": "(163, 164)", "NMR exp": 0, "lower bound": 1.9, "upper bound": 3.2, "md": [2.66506639050724, 1.761048444031626], "lower": [2.2893979477992237, 1.7165413421022186], "upper": [3.322858151052474, 2.895134470644195]}, "3": {"Atom 1": "(12,)", "Atom 2": "(3,)", "NMR exp": 0, "lower bound": 2.5, "upper bound": 2.8000000000000003, "md": [3.123337836516456], "lower": [2.3602388323596553], "upper": [3.5100655694015694]}, "4": {"Atom 1": "(12,)", "Atom 2": "(14,)", "NMR exp": 0, "lower bound": 2.6, "upper bound": 2.9, "md": [2.7470598137406723], "lower": [2.3738279691418867], "upper": [2.9328659129126624]}, "5": {"Atom 1": "(33,)", "Atom 2": "(14,)", "NMR exp": 0, "lower bound": 2.0, "upper bound": 2.3000000000000003, "md": [1.9141937364239665], "lower": [1.8494633856020464], "upper": [3.1207719738154363]}, "6": {"Atom 1": "(33,)", "Atom 2": "(35,)", "NMR exp": 0, "lower bound": 2.4, "upper bound": 2.7, "md": [1.923385156177126], "lower": [1.8848460435113947], "upper": [2.8319290530480914]}, "7": {"Atom 1": "(61,)", "Atom 2": "(46,)", "NMR exp": 0, "lower bound": 2.3000000000000003, "upper bound": 2.6, "md": [2.116118667483656], "lower": [2.010509185281424], "upper": [3.2395847083738403]}, "8": {"Atom 1": "(61,)", "Atom 2": "(63,)", "NMR exp": 0, "lower bound": 2.5, "upper bound": 2.8000000000000003, "md": [2.7186243482548433], "lower": [2.348762076574113], "upper": [2.9196605178391666]}, "9": {"Atom 1": "(113,)", "Atom 2": "(95,)", "NMR exp": 0, "lower bound": 1.4000000000000001, "upper bound": 3.0, "md": [2.856988011089082], "lower": [2.277256050778985], "upper": [3.4933693726892825]}, "10": {"Atom 1": "(113,)", "Atom 2": "(115,)", "NMR exp": 0, "lower bound": 2.6, "upper bound": 2.9, "md": [2.156535112549833], "lower": [2.08621092586647], "upper": [2.8601659549094065]}, "11": {"Atom 1": "(137,)", "Atom 2": "(115,)", "NMR exp": 0, "lower bound": 2.2, "upper bound": 2.5, "md": [2.800420854419418], "lower": [2.281093790851818], "upper": [3.5076873924883833]}, "12": {"Atom 1": "(161,)", "Atom 2": "(163, 164)", "NMR exp": 0, "lower bound": 2.0, "upper bound": 3.4000000000000004, "md": [1.9446374010339271, 2.0818611124779376], "lower": [1.9141974243493696, 2.0286965066246583], "upper": [2.6770091197792625, 2.789420606026335]}, "13": {"Atom 1": "(12,)", "Atom 2": "(5, 6)", "NMR exp": 0, "lower bound": 3.1, "upper bound": 4.2, "md": [3.3660973229377613, 1.7784463428395771], "lower": [2.7640190018883164, 1.7048367753819853], "upper": [4.125228371699846, 3.991288618365399]}, "14": {"Atom 1": "(12,)", "Atom 2": "()", "NMR exp": 0, "lower bound": 2.4, "upper bound": 5.300000000000001, "md": NaN, "lower": NaN, "upper": NaN}, "15": {"Atom 1": "(12,)", "Atom 2": "(16, 17)", "NMR exp": 0, "lower bound": 2.5, "upper bound": 3.5999999999999996, "md": [2.5947897565622675, 3.2032380773727893], "lower": [2.3371491491726193, 2.519535990978154], "upper": [3.3477084518818327, 3.7052341848779267]}, "16": {"Atom 1": "(33,)", "Atom 2": "(16, 17)", "NMR exp": 0, "lower bound": 2.8000000000000003, "upper bound": 3.9000000000000004, "md": [1.7688576530063267, 3.4838279797085296], "lower": [1.711581709740807, 2.737477286581843], "upper": [3.964626674989315, 4.239135573589319]}, "17": {"Atom 1": "(33,)", "Atom 2": "(37, 38)", "NMR exp": 0, "lower bound": 3.0, "upper bound": 4.0, "md": [2.3631370321051346, 3.454694233599582], "lower": [2.2033445415882653, 2.7139280717146503], "upper": [3.3515268748132914, 3.800401036037129]}, "18": {"Atom 1": "(44,)", "Atom 2": "(37, 38)", "NMR exp": 0, "lower bound": 2.9, "upper bound": 4.0, "md": [4.973458928926428, 4.992540983260473], "lower": [3.709995083994561, 3.8315682759383307], "upper": [5.02667811694672, 5.025887615121734]}, "19": {"Atom 1": "(44,)", "Atom 2": "(48, 49)", "NMR exp": 0, "lower bound": 3.0, "upper bound": 4.1, "md": [1.7505485091482187, 2.1458425052007644], "lower": [1.7078303780122195, 2.0480246383983496], "upper": [2.9455880072888974, 3.3243822168265953]}, "20": {"Atom 1": "(44,)", "Atom 2": "(51, 52)", "NMR exp": 0, "lower bound": 3.7, "upper bound": 4.9, "md": [2.8224562666038002, 2.647744630367077], "lower": [2.3370716936568794, 2.27596280817872], "upper": [4.185563439649659, 4.05510615719785]}, "21": {"Atom 1": "(61,)", "Atom 2": "(65, 66)", "NMR exp": 0, "lower bound": 2.7, "upper bound": 3.7, "md": [2.11739006582039, 2.4554956898676266], "lower": [2.0119791825119164, 2.2780846772088243], "upper": [3.03916339255959, 3.414909183692605]}, "22": {"Atom 1": "(76,)", "Atom 2": "(65, 66)", "NMR exp": 0, "lower bound": 3.0, "upper bound": 4.1, "md": [3.474017802392234, 2.9910089377500153], "lower": [2.799151677456854, 2.5047125514568553], "upper": [4.208026926927225, 4.0742758926239855]}, "23": {"Atom 1": "(76,)", "Atom 2": "(68, 69)", "NMR exp": 0, "lower bound": 1.3, "upper bound": 6.0, "md": [3.198315275145117, 3.4912073235705376], "lower": [2.6319722537574846, 2.85413629461286], "upper": [4.812148141147542, 4.9005940928238445]}, "24": {"Atom 1": "(76,)", "Atom 2": "(80, 81)", "NMR exp": 0, "lower bound": 2.4, "upper bound": 3.5, "md": [3.8183143088082443, 4.260281814632233], "lower": [2.8016330219618406, 2.8504394454373583], "upper": [3.9800132626045213, 4.285402615321799]}, "25": {"Atom 1": "(93,)", "Atom 2": "(97, 98)", "NMR exp": 0, "lower bound": 2.4, "upper bound": 3.5, "md": [2.459508444981861, 3.0757157404735325], "lower": [2.227164206410195, 2.465232686481606], "upper": [3.3194127252340655, 3.7237966153563216]}, "26": {"Atom 1": "(113,)", "Atom 2": "(97, 98)", "NMR exp": 0, "lower bound": 1.3, "upper bound": 6.0, "md": [4.978145407453833, 2.0773946738426763], "lower": [3.787285658378508, 1.941941403207656], "upper": [5.023970585142962, 3.885782339276944]}, "27": {"Atom 1": "(113,)", "Atom 2": "(117, 118)", "NMR exp": 0, "lower bound": 2.5, "upper bound": 3.5999999999999996, "md": [3.7160459421219723, 2.162939395039265], "lower": [2.5898029467652472, 2.0672985837497677], "upper": [3.915483707545886, 3.2965664150055702]}, "28": {"Atom 1": "(113,)", "Atom 2": "(120, 121)", "NMR exp": 0, "lower bound": 3.5999999999999996, "upper bound": 4.699999999999999, "md": [3.3596881841165604, 2.0275422707502835], "lower": [2.582106797409055, 1.90555513135272], "upper": [4.371506968311279, 3.9115244549011345]}, "29": {"Atom 1": "(137,)", "Atom 2": "(117, 118)", "NMR exp": 0, "lower bound": 3.3000000000000003, "upper bound": 4.3, "md": [3.8688771029993916, 3.663032437928367], "lower": [3.0572414979522176, 2.824351441530603], "upper": [4.374450438527274, 4.28770791958762]}, "30": {"Atom 1": "(137,)", "Atom 2": "(141, 142)", "NMR exp": 0, "lower bound": 2.5, "upper bound": 3.5, "md": [2.632383578433051, 3.036609639642163], "lower": [2.3888710590892215, 2.5410208893132507], "upper": [3.2425837230996812, 3.6911581492624204]}, "31": {"Atom 1": "()", "Atom 2": "(14,)", "NMR exp": 0, "lower bound": 0.8, "upper bound": 5.0, "md": NaN, "lower": NaN, "upper": NaN}, "32": {"Atom 1": "()", "Atom 2": "(16, 17)", "NMR exp": 0, "lower bound": 1.2, "upper bound": 5.300000000000001, "md": NaN, "lower": NaN, "upper": NaN}, "33": {"Atom 1": "()", "Atom 2": "(97, 98)", "NMR exp": 0, "lower bound": 1.5, "upper bound": 5.4, "md": NaN, "lower": NaN, "upper": NaN}, "34": {"Atom 1": "()", "Atom 2": "(95,)", "NMR exp": 0, "lower bound": 0.8, "upper bound": 5.300000000000001, "md": NaN, "lower": NaN, "upper": NaN}, "35": {"Atom 1": "(156,)", "Atom 2": "(139,)", "NMR exp": 0, "lower bound": 2.9, "upper bound": 3.2, "md": [2.927862161426021], "lower": [2.4244664026820213], "upper": [4.61314920558333]},