{"55": {"0": {"Atom 1": "(12,)", "Atom 2": "(33,)", "NMR exp": 0, "lower bound": 2.8000000000000003, "upper bound": 3.2, "md": [2.6489114813571364], "lower": [2.264726109826565], "upper": [4.042899309587457]}, "1": {"Atom 1": "(33,)", "Atom 2": "(44,)", "NMR exp": 0, "lower bound": 3.3000000000000003, "upper bound": 3.9000000000000004, "md": [2.7227665661800096], "lower": [2.279166592859828], "upper": [3.995800166918977]}, "2": {"Atom 1": "(1,)", "Atom 2": "(163, 164)", "NMR exp": 0, "lower bound": 1.9, "upper bound": 3.2, "md": [2.588711963298158, 2.51309993522209], "lower": [2.260090586658106, 2.2234761602103057], "upper": [3.2945865267521617, 3.198150793170891]}, "3": {"Atom 1": "(12,)", "Atom 2": "(3,)", "NMR exp": 0, "lower bound": 2.5, "upper bound": 2.8000000000000003, "md": [2.649260225473488], "lower": [2.2452534910844286], "upper": [3.4453918740253204]}, "4": {"Atom 1": "(12,)", "Atom 2": "(14,)", "NMR exp": 0, "lower bound": 2.6, "upper bound": 2.9, "md": [2.730514919219728], "lower": [2.3513089351085066], "upper": [2.9295616225053798]}, "5": {"Atom 1": "(33,)", "Atom 2": "(14,)", "NMR exp": 0, "lower bound": 2.0, "upper bound": 2.3000000000000003, "md": [2.566512117012846], "lower": [2.2246664335439053], "upper": [3.4255499826296036]}, "6": {"Atom 1": "(33,)", "Atom 2": "(35,)", "NMR exp": 0, "lower bound": 2.4, "upper bound": 2.7, "md": [2.6612722733730636], "lower": [2.271244985284702], "upper": [2.9134764426789377]}, "7": {"Atom 1": "(61,)", "Atom 2": "(46,)", "NMR exp": 0, "lower bound": 2.3000000000000003, "upper bound": 2.6, "md": [2.6033501478853434], "lower": [2.2276825448436144], "upper": [3.4572077498966745]}, "8": {"Atom 1": "(61,)", "Atom 2": "(63,)", "NMR exp": 0, "lower bound": 2.5, "upper bound": 2.8000000000000003, "md": [2.71130716689437], "lower": [2.3392927363294227], "upper": [2.918117241872428]}, "9": {"Atom 1": "(113,)", "Atom 2": "(95,)", "NMR exp": 0, "lower bound": 1.4000000000000001, "upper bound": 3.0, "md": [2.70554182309341], "lower": [2.2342128832935826], "upper": [3.47501902343439]}, "10": {"Atom 1": "(113,)", "Atom 2": "(115,)", "NMR exp": 0, "lower bound": 2.6, "upper bound": 2.9, "md": [2.777958296137714], "lower": [2.4642125251034224], "upper": [2.9362612382492874]}, "11": {"Atom 1": "(137,)", "Atom 2": "(115,)", "NMR exp": 0, "lower bound": 2.2, "upper bound": 2.5, "md": [2.7462542649130293], "lower": [2.2694009307767473], "upper": [3.503487612147401]}, "12": {"Atom 1": "(161,)", "Atom 2": "(163, 164)", "NMR exp": 0, "lower bound": 2.0, "upper bound": 3.4000000000000004, "md": [2.4933596637678304, 2.645738681491598], "lower": [2.2832592589488794, 2.346597822667412], "upper": [2.852881617677474, 2.8949727061458557]}, "13": {"Atom 1": "(12,)", "Atom 2": "(5, 6)", "NMR exp": 0, "lower bound": 3.1, "upper bound": 4.2, "md": [3.263444365033114, 3.397832801613449], "lower": [2.711378053205401, 2.7680129413824544], "upper": [4.0990398780368364, 4.1810600668398195]}, "14": {"Atom 1": "(12,)", "Atom 2": "()", "NMR exp": 0, "lower bound": 2.4, "upper bound": 5.300000000000001, "md": NaN, "lower": NaN, "upper": NaN}, "15": {"Atom 1": "(12,)", "Atom 2": "(16, 17)", "NMR exp": 0, "lower bound": 2.5, "upper bound": 3.5999999999999996, "md": [2.6492233951985495, 2.7307462352128744], "lower": [2.3652806585537727, 2.382636637641777], "upper": [3.3875452014769967, 3.5774008041431578]}, "16": {"Atom 1": "(33,)", "Atom 2": "(16, 17)", "NMR exp": 0, "lower bound": 2.8000000000000003, "upper bound": 3.9000000000000004, "md": [3.3392657586809573, 3.1480984418380165], "lower": [2.7338204626442724, 2.599376160660034], "upper": [4.18975816102394, 4.16970848086827]}, "17": {"Atom 1": "(33,)", "Atom 2": "(37, 38)", "NMR exp": 0, "lower bound": 3.0, "upper bound": 4.0, "md": [2.787464133509727, 2.8328913523370254], "lower": [2.4371892480043345, 2.502452484370907], "upper": [3.553142212221183, 3.5976365418736203]}, "18": {"Atom 1": "(44,)", "Atom 2": "(37, 38)", "NMR exp": 0, "lower bound": 2.9, "upper bound": 4.0, "md": [3.321334878262592, 3.491487182611858], "lower": [2.704289290739839, 2.826984632250088], "upper": [4.169229456602215, 4.213796710737766]}, "19": {"Atom 1": "(44,)", "Atom 2": "(48, 49)", "NMR exp": 0, "lower bound": 3.0, "upper bound": 4.1, "md": [2.528269853588004, 2.8219099667619156], "lower": [2.2869149271816354, 2.469825794393894], "upper": [3.297298549003629, 3.575836152404306]}, "20": {"Atom 1": "(44,)", "Atom 2": "(51, 52)", "NMR exp": 0, "lower bound": 3.7, "upper bound": 4.9, "md": [2.8857228222309574, 2.8940070347451514], "lower": [2.3653302836078773, 2.401504972603887], "upper": [4.203852003750224, 4.139075178169925]}, "21": {"Atom 1": "(61,)", "Atom 2": "(65, 66)", "NMR exp": 0, "lower bound": 2.7, "upper bound": 3.7, "md": [2.5696654083600348, 2.769522256748318], "lower": [2.302797578429569, 2.4458926867524386], "upper": [3.3306850299025554, 3.5739813802666327]}, "22": {"Atom 1": "(76,)", "Atom 2": "(65, 66)", "NMR exp": 0, "lower bound": 3.0, "upper bound": 4.1, "md": [3.2089768039913364, 3.0103512656364515], "lower": [2.673675141193246, 2.51376461531915], "upper": [4.135638183593558, 4.080181686226942]}, "23": {"Atom 1": "(76,)", "Atom 2": "(68, 69)", "NMR exp": 0, "lower bound": 1.3, "upper bound": 6.0, "md": [3.4330385340106253, 3.650360601084525], "lower": [2.7638269031124176, 2.948907341224022], "upper": [4.865258710759209, 4.936479781336589]}, "24": {"Atom 1": "(76,)", "Atom 2": "(80, 81)", "NMR exp": 0, "lower bound": 2.4, "upper bound": 3.5, "md": [2.6881738427967536, 2.7375815170728717], "lower": [2.384892856845703, 2.4547001755923863], "upper": [3.3945260670278024, 3.357538965773938]}, "25": {"Atom 1": "(93,)", "Atom 2": "(97, 98)", "NMR exp": 0, "lower bound": 2.4, "upper bound": 3.5, "md": [2.639786971029343, 2.642144795989949], "lower": [2.317545759948313, 2.328306795004302], "upper": [3.4220567738622245, 3.5348834793073323]}, "26": {"Atom 1": "(113,)", "Atom 2": "(97, 98)", "NMR exp": 0, "lower bound": 1.3, "upper bound": 6.0, "md": [3.497412906566665, 3.227665940117572], "lower": [2.806819755875214, 2.7131237984136027], "upper": [4.193926214998533, 4.177706874440464]}, "27": {"Atom 1": "(113,)", "Atom 2": "(117, 118)", "NMR exp": 0, "lower bound": 2.5, "upper bound": 3.5999999999999996, "md": [2.502167065192086, 2.752823636197919], "lower": [2.2663886067965167, 2.441249674413992], "upper": [3.235267121044508, 3.583064491907622]}, "28": {"Atom 1": "(113,)", "Atom 2": "(120, 121)", "NMR exp": 0, "lower bound": 3.5999999999999996, "upper bound": 4.699999999999999, "md": [2.9564206428486104, 2.967568132309447], "lower": [2.4220093784673926, 2.4658533769794597], "upper": [4.273206662322753, 4.205760954391442]}, "29": {"Atom 1": "(137,)", "Atom 2": "(117, 118)", "NMR exp": 0, "lower bound": 3.3000000000000003, "upper bound": 4.3, "md": [3.249669546300733, 2.935602898569073], "lower": [2.679232012920843, 2.5110068498025697], "upper": [4.169227123210559, 3.998097128865378]}, "30": {"Atom 1": "(137,)", "Atom 2": "(141, 142)", "NMR exp": 0, "lower bound": 2.5, "upper bound": 3.5, "md": [2.6046923226272303, 3.0002264220682666], "lower": [2.372955966639787, 2.53026338841081], "upper": [3.2164282921673033, 3.686918353532789]}, "31": {"Atom 1": "()", "Atom 2": "(14,)", "NMR exp": 0, "lower bound": 0.8, "upper bound": 5.0, "md": NaN, "lower": NaN, "upper": NaN}, "32": {"Atom 1": "()", "Atom 2": "(16, 17)", "NMR exp": 0, "lower bound": 1.2, "upper bound": 5.300000000000001, "md": NaN, "lower": NaN, "upper": NaN}, "33": {"Atom 1": "()", "Atom 2": "(97, 98)", "NMR exp": 0, "lower bound": 1.5, "upper bound": 5.4, "md": NaN, "lower": NaN, "upper": NaN}, "34": {"Atom 1": "()", "Atom 2": "(95,)", "NMR exp": 0, "lower bound": 0.8, "upper bound": 5.300000000000001, "md": NaN, "lower": NaN, "upper": NaN}, "35": {"Atom 1": "(156,)", "Atom 2": "(139,)", "NMR exp": 0, "lower bound": 2.9, "upper bound": 3.2, "md": [2.791497959180066], "lower": [2.3768723565737244], "upper": [4.543076223033796]},