{"single": {"fulfil": {"best": 0.91, "random": [0.772, 0.827, 0.8459999999999999, 0.858, 0.8699999999999999], "low_energy": [0.77, 0.84, 0.83, 0.88, 0.9], "LICUV": [0.91, 0.89, 0.91, 0.89, 0.92], "NAMFIS": [0.88, 0.91, 0.91, 0.9, 0.9]}, "rmsd": {"best": 0.9276009423530241, "random": [1.9068236306015156, 1.5682736054497268, 1.2949874341611873, 1.1482356840204808, 1.0909035552008455], "low_energy": [1.4336547745535593, 1.3752855610133998, 1.4824198258481538, 1.093742989211076, 0.9847531796068406], "LICUV": [0.9625317070190424, 0.9307565273166731, 0.9795474715619691, 0.9989127648093985, 0.9443568787406156], "NAMFIS": [0.996565391836622, 0.8266394593182579, 0.8625792893865606, 0.8667883450570858, 0.8675980792849272]}, "rmsd_stepwise": {"best": 0.41964270516714564, "random": [0.7405916901141907, 0.6656593906336792, 0.6307672679839262, 0.6007342705101835, 0.5813347421790731], "low_energy": [0.7408778576796582, 0.6424951361683603, 0.6705221845696082, 0.5542562584220406, 0.5059644256269406], "LICUV": [0.41964270516714564, 0.5091168824543142, 0.4560701700396551, 0.5091168824543142, 0.4399999999999999], "NAMFIS": [0.5230678732248807, 0.4560701700396551, 0.4560701700396551, 0.4833218389437828, 0.4833218389437828]}, "mae": {"best": 0.6941310048103333, "random": [1.1659201660156246, 1.0169904949304862, 0.9200240544501236, 0.8931125854473342, 0.8909240632272024], "low_energy": [0.9357482862472531, 0.9333146009896711, 0.9999672652300536, 0.846012293111524, 0.8085401219120957], "LICUV": [0.7131199491024016, 0.7458891434213264, 0.781625708726827, 0.7703204814116182, 0.7473711703700636], "NAMFIS": [0.7029707920551299, 0.6646683152357785, 0.6794663767483554, 0.6811357436306215, 0.6831379140893615]}, "bundle-size": [1, 3, 5, 10, 30]}}