{"single": {"fulfil": {"best": 0.9154228855721394, "random": [0.799502487562189, 0.8422885572139304, 0.8616915422885573, 0.8875621890547263, 0.9154228855721394], "low_energy": [0.8855721393034826, 0.9104477611940298, 0.8855721393034826, 0.900497512437811, 0.9253731343283582], "LICUV": [0.9154228855721394, 0.9303482587064676, 0.9104477611940298, 0.9154228855721394, 0.9353233830845771], "NAMFIS": [0.9154228855721394, 0.9203980099502488, 0.9303482587064676, 0.9353233830845771, 0.9353233830845771]}, "rmsd": {"best": 0.8164467200550396, "random": [1.6255262801602008, 1.2996666244227237, 1.223381764021353, 1.0298111032133872, 0.9651906860656986], "low_energy": [1.121729592779864, 1.009032646901255, 1.0202021604862075, 0.9671155389605679, 0.9969766747975805], "LICUV": [0.8164467200550396, 0.834090854383767, 0.8475386976046964, 0.8868242905446931, 0.845530289651937], "NAMFIS": [0.8164467200550396, 0.7767053099242434, 0.7785704098712279, 0.7625819052169922, 0.7625819051259438]}, "rmsd_stepwise": {"best": 0.4223247671581953, "random": [0.6932973211307892, 0.616694451806075, 0.5781108188549291, 0.5200902511551349, 0.45135984501122317], "low_energy": [0.5118010341015956, 0.457605709180542, 0.5225749488010574, 0.4846396825380142, 0.418538085905254], "LICUV": [0.4223247671581953, 0.3743651342357395, 0.44526251410562473, 0.4353188343756665, 0.37964371881256087], "NAMFIS": [0.4223247671581953, 0.4069666946412982, 0.3743651342357395, 0.3646711869984598, 0.3646711869984598]}, "mae": {"best": 0.6007986661806627, "random": [1.0073588070584765, 0.8668065660311941, 0.844619462231942, 0.8025539993133555, 0.7929770134524138], "low_energy": [0.7353757507172387, 0.6949507562177023, 0.7456720428487751, 0.7575210176067129, 0.826852912658595], "LICUV": [0.6007986661806627, 0.6503196889955993, 0.652175336920432, 0.7012004568541577, 0.7029417577175083], "NAMFIS": [0.6007986661806627, 0.5945423315584217, 0.6013239923169807, 0.5958289256741499, 0.5958289254349496]}, "bundle-size": [1, 3, 5, 10, 30]}}