{"single": {"fulfil": {"best": 0.8275862068965517, "random": [0.5793103448275863, 0.6517241379310346, 0.6206896551724138, 0.6137931034482758, 0.5896551724137931], "low_energy": [0.5517241379310345, 0.4482758620689655, 0.5172413793103449, 0.5862068965517241, 0.6896551724137931], "LICUV": [0.8275862068965517, 0.7931034482758621, 0.8620689655172413, 0.8620689655172413, 0.8275862068965517], "NAMFIS": [0.6896551724137931, 0.8275862068965517, 0.7931034482758621, 0.7931034482758621, 0.7931034482758621]}, "rmsd": {"best": 0.31120404334426605, "random": [0.7328836596126478, 0.5326233099094068, 0.4829822582150924, 0.4780533744727392, 0.4532460219383565], "low_energy": [1.0451011660745197, 0.7042470588141945, 0.7274834379469877, 0.5544748441417117, 0.4044618951886293], "LICUV": [0.6956185275021045, 0.48138293068275506, 0.37859919939388714, 0.3427017968196487, 0.3613866849965417], "NAMFIS": [0.46408505372069525, 0.32922112601550274, 0.30104401963842525, 0.28023535073963735, 0.280235350766123]}, "rmsd_stepwise": {"best": 0.1789336228306752, "random": [0.47803486376490395, 0.30398878654344014, 0.3228847504554843, 0.36010961479936937, 0.36573118432203733], "low_energy": [0.5109322109027098, 0.575640572723568, 0.38952668006538227, 0.30962713950369625, 0.2511559482569099], "LICUV": [0.25347923808061884, 0.28053520278211075, 0.1945286079484064, 0.22611409997365617, 0.27993841687303184], "NAMFIS": [0.33000000000000007, 0.2548630463872571, 0.30477238539039553, 0.36151978054338607, 0.36151978054338607]}, "mae": {"best": 0.25082780048764974, "random": [0.5113424299996474, 0.38415149877846533, 0.35894983819516757, 0.3492179949796196, 0.34091690521138696], "low_energy": [0.6831010266008046, 0.5232883294431346, 0.5316400271423034, 0.409431757468073, 0.2952652308704704], "LICUV": [0.4327155155971132, 0.3263139837487744, 0.25510370256819853, 0.24142567612793664, 0.27455970667225116], "NAMFIS": [0.3528200307385673, 0.2616436966758873, 0.24197675456054038, 0.22544410741347135, 0.22544410740445514]}, "bundle-size": [1, 3, 5, 10, 30]}}