{"cis": {"fulfil": {"best": 1.0, "random": [0.8166666666666667, 0.8222222222222222, 0.8666666666666668, 0.9166666666666666, 0.9], "low_energy": [0.9444444444444444, 0.8888888888888888, 0.9444444444444444, 1.0, 1.0], "LICUV": [1.0, 1.0, 1.0, 1.0, 1.0], "NAMFIS": [0.8, 1.0, 1.0, 1.0, 1.0]}, "rmsd": {"best": 0.45943360749346285, "random": [0.7273966501626481, 0.6393615042474654, 0.590234243415997, 0.5325425116604541, 0.5137676799217472], "low_energy": [0.5358232358299823, 0.6422916774832892, 0.557929620980553, 0.549516944599442, 0.5018291614396875], "LICUV": [0.48592541428349945, 0.46480677370501666, 0.4182935191949942, 0.3788742649957643, 0.3736889231099819], "NAMFIS": [0.7425757732945308, 0.5357705815533707, 0.5064743469945929, 0.5065898213630581, 0.5065898213619509]}, "rmsd_stepwise": {"best": 0.0, "random": [0.378011057396526, 0.37754588462982663, 0.3145361132549092, 0.24394601637408492, 0.2839033438881907], "low_energy": [0.23570226039551584, 0.3333333333333333, 0.23570226039551584, 0.0, 0.0], "LICUV": [0.0, 0.0, 0.0, 0.0, 0.0], "NAMFIS": [0.4472135954999579, 0.0, 0.0, 0.0, 0.0]}, "mae": {"best": 0.3887215614318847, "random": [0.5736785515149432, 0.5092250113236068, 0.48564996123610527, 0.4635932050759145, 0.4503725457752621], "low_energy": [0.42307587199740937, 0.5439565302322684, 0.4891111535095958, 0.4712246036486822, 0.45559129757098593], "LICUV": [0.3887215614318847, 0.37913105695250704, 0.36829412316646537, 0.3538970044657974, 0.34798602677267304], "NAMFIS": [0.6849125909805297, 0.48964508968892684, 0.46218991255370157, 0.46293700266380544, 0.46293700266277094]}, "bundle-size": [1, 3, 5, 10, 30]}, "trans": {"fulfil": {"best": 1.0, "random": [0.8, 0.93, 0.9800000000000001, 1.0, 1.0], "low_energy": [0.9, 0.9, 1.0, 1.0, 1.0], "LICUV": [1.0, 1.0, 1.0, 1.0, 1.0], "NAMFIS": [1.0, 1.0, 1.0, 1.0, 1.0]}, "rmsd": {"best": 0.2785112946858934, "random": [0.7229145392700829, 0.4320174416804326, 0.32086430688438455, 0.30847452530091085, 0.27641199537133193], "low_energy": [0.5516243857116064, 0.45269418385616966, 0.3939247039557023, 0.40010996356017053, 0.3279520180326801], "LICUV": [0.42589013984461566, 0.3332048955005084, 0.3187221603699952, 0.3245802085348731, 0.3278781660655442], "NAMFIS": [0.45943360749346285, 0.43749543446090094, 0.43776178267654453, 0.43776178267657206, 0.4377617826771661]}, "rmsd_stepwise": {"best": 0.0, "random": [0.4447606213193548, 0.20283524255841479, 0.06324555320336758, 0.0, 0.0], "low_energy": [0.31622776601683794, 0.31622776601683794, 0.0, 0.0, 0.0], "LICUV": [0.0, 0.0, 0.0, 0.0, 0.0], "NAMFIS": [0.0, 0.0, 0.0, 0.0, 0.0]}, "mae": {"best": 0.207715425491333, "random": [0.5554800724983214, 0.3058449411972441, 0.253547726819272, 0.24533627172664102, 0.2264773674257067], "low_energy": [0.46640470027923564, 0.29564710711882003, 0.2756290141120706, 0.31390485915399446, 0.2819510919749074], "LICUV": [0.34764584541320803, 0.21721564226267148, 0.2293833826802175, 0.24190418835928829, 0.24491159890554423], "NAMFIS": [0.3943219926622178, 0.3816138391865571, 0.3819897696661918, 0.3819897696668083, 0.38198976966774484]}, "bundle-size": [1, 3, 5, 10, 30]}}