{"single": {"fulfil": {"best": 0.5625, "random": [0.3625, 0.3875, 0.4125, 0.41875, 0.4125], "low_energy": [0.4375, 0.4375, 0.4375, 0.4375, 0.4375], "LICUV": [0.5625, 0.5, 0.5, 0.5, 0.4375], "NAMFIS": [0.4375, 0.5, 0.5, 0.5, 0.5]}, "rmsd": {"best": 1.1244900917335579, "random": [1.659708762889038, 1.4482709199036157, 1.4183443761990353, 1.3928166793439065, 1.3363536447085196], "low_energy": [1.5316470777966937, 1.3322893834637604, 1.30649009326841, 1.359617861576316, 1.3806137286524744], "LICUV": [1.197623068138974, 1.248300669924066, 1.1485204293148366, 1.1889931348411926, 1.3338258701097532], "NAMFIS": [1.1874865314269496, 1.1455745684030552, 1.1352641682135596, 1.135264168208577, 1.1352641682038225]}, "mae": {"best": 0.8757031399011609, "random": [1.3088801172375675, 1.1757638944747728, 1.1538311924518754, 1.1438620155441026, 1.1220090304846149], "low_energy": [1.1130019795894617, 1.0561158932137762, 1.049845184447161, 1.0695439044771313, 1.106002345592663], "LICUV": [0.8757031399011609, 0.9506723347599869, 0.9269867347794941, 0.9310332405763996, 1.0423814414981953], "NAMFIS": [0.9765947085618969, 0.9057571760578507, 0.8979870330719374, 0.8979870330714109, 0.8979870330749722]}, "bundle-size": [1, 3, 5, 10, 30]}}