{"single": {"fulfil": {"best": 1.0, "random": [0.66875, 0.88125, 0.9375, 0.99375, 1.0], "low_energy": [0.875, 0.875, 0.9375, 0.9375, 1.0], "LICUV": [1.0, 1.0, 1.0, 1.0, 1.0], "NAMFIS": [1.0, 1.0, 1.0, 1.0, 1.0]}, "rmsd": {"best": 0.33559905094299625, "random": [0.9675458151841209, 0.6178439064000025, 0.5752849933884536, 0.5047373321483596, 0.5004422072482932], "low_energy": [0.48290426426014477, 0.4802147322254966, 0.4722052820740781, 0.45884451730633996, 0.44984429274444737], "LICUV": [0.33559905094299625, 0.3244998649042596, 0.3605110950577275, 0.33797649210570385, 0.38530649777216347], "NAMFIS": [0.33559905094299625, 0.31201562212588146, 0.29353764348302597, 0.298914820999907, 0.2989148216612411]}, "rmsd_stepwise": {"best": 0.0, "random": [0.37197910866667866, 0.18825997380209095, 0.1031949121372644, 0.010850000000000004, 0.0], "low_energy": [0.16899999999999998, 0.16899999999999998, 0.119, 0.119, 0.0], "LICUV": [0.0, 0.0, 0.0, 0.0, 0.0], "NAMFIS": [0.0, 0.0, 0.0, 0.0, 0.0]}, "mae": {"best": 0.26791631877422334, "random": [0.765166805922985, 0.4971857377030228, 0.4574685464392144, 0.3912989010445377, 0.39335236030632104], "low_energy": [0.39678570866584795, 0.3988443668434996, 0.3782884359721934, 0.38375744959605085, 0.3817209266986118], "LICUV": [0.26791631877422334, 0.2790384373124539, 0.2976426415448886, 0.28711045878510266, 0.3180220344514197], "NAMFIS": [0.26791631877422334, 0.2494323655445928, 0.24560490634449128, 0.24043963649330868, 0.24043963708082738]}, "bundle-size": [1, 3, 5, 10, 30]}}