{"single": {"fulfil": {"best": 1.0, "random": [0.65625, 0.90625, 0.9375, 0.98125, 0.99375], "low_energy": [0.875, 0.875, 0.9375, 0.9375, 1.0], "LICUV": [1.0, 1.0, 1.0, 1.0, 1.0], "NAMFIS": [1.0, 1.0, 1.0, 1.0, 1.0]}, "rmsd": {"best": 0.33559905094299625, "random": [1.0859196625944743, 0.5744171680164716, 0.5391383703429306, 0.5263849293401324, 0.5027076873773767], "low_energy": [0.48290426426014477, 0.4802147322254966, 0.4722052820740781, 0.45884451730633996, 0.44984429274444737], "LICUV": [0.33559905094299625, 0.3244998649042596, 0.3605110950577275, 0.33797649210570385, 0.38530649777216347], "NAMFIS": [0.33559905094299625, 0.31200900450024344, 0.29349406341691536, 0.2988838379513417, 0.2988838380939454]}, "mae": {"best": 0.26791631877422334, "random": [0.8279524911046027, 0.45559809794568124, 0.42507948889704006, 0.41122713640753855, 0.39305521934576515], "low_energy": [0.39678570866584795, 0.3988443668434996, 0.3782884359721934, 0.38375744959605085, 0.3817209266986118], "LICUV": [0.26791631877422334, 0.2790384373124539, 0.2976426415448886, 0.28711045878510266, 0.3180220344514197], "NAMFIS": [0.26791631877422334, 0.24942270126391386, 0.24557044102558226, 0.2404173579113799, 0.24041735802991945]}, "bundle-size": [1, 3, 5, 10, 30]}}