{"single": {"fulfil": {"best": 1.0, "random": [0.6625, 0.875, 0.94375, 0.9625, 0.99375], "low_energy": [0.875, 0.875, 0.9375, 0.9375, 1.0], "LICUV": [1.0, 1.0, 1.0, 1.0, 1.0], "NAMFIS": [1.0, 1.0, 1.0, 1.0, 1.0]}, "rmsd": {"best": 0.33559905094299625, "random": [0.9765088855860402, 0.6314465904225021, 0.5091040193763522, 0.5363595836166524, 0.5017702308823238], "low_energy": [0.48290426426014477, 0.4802147322254966, 0.4722052820740781, 0.45884451730633996, 0.44984429274444737], "LICUV": [0.33559905094299625, 0.3244998649042596, 0.3605110950577275, 0.33797649210570385, 0.38530649777216347], "NAMFIS": [0.33559905094299625, 0.3120135257755295, 0.2934981703134246, 0.29891637959483475, 0.29891637969101914]}, "mae": {"best": 0.26791631877422334, "random": [0.7717348014116285, 0.49631610579286, 0.3985834619716958, 0.4280224214437503, 0.3749694144066734], "low_energy": [0.39678570866584795, 0.3988443668434996, 0.3782884359721934, 0.38375744959605085, 0.3817209266986118], "LICUV": [0.26791631877422334, 0.2790384373124539, 0.2976426415448886, 0.28711045878510266, 0.3180220344514197], "NAMFIS": [0.26791631877422334, 0.2494235404419043, 0.24557575116433422, 0.24045832267444198, 0.24045832277375234]}, "bundle-size": [1, 3, 5, 10, 30]}}