{"single": {"fulfil": {"best": 0.91, "random": [0.808, 0.841, 0.845, 0.85, 0.876], "low_energy": [0.77, 0.84, 0.83, 0.88, 0.9], "LICUV": [0.91, 0.89, 0.91, 0.89, 0.92], "NAMFIS": [0.88, 0.91, 0.91, 0.9, 0.9]}, "rmsd": {"best": 0.9276009423530241, "random": [1.8405641370087693, 1.3185798072606407, 1.275948866912563, 1.2501047754733912, 1.0699239678521248], "low_energy": [1.4336547745535593, 1.3752855610133998, 1.4824198258481538, 1.093742989211076, 0.9847531796068406], "LICUV": [0.9625317070190424, 0.9307565273166731, 0.9795474715619691, 0.9989127648093985, 0.9443568787406156], "NAMFIS": [0.996565391836622, 0.8266331816409368, 0.8625821974143915, 0.8668257067574524, 0.8675908568087626]}, "rmsd_stepwise": {"best": 0.41964270516714564, "random": [0.6739824315128535, 0.6288376172624024, 0.6315245368386002, 0.6217150501951167, 0.5625568829184717], "low_energy": [0.7408778576796582, 0.6424951361683603, 0.6705221845696082, 0.5542562584220406, 0.5059644256269406], "LICUV": [0.41964270516714564, 0.5091168824543142, 0.4560701700396551, 0.5091168824543142, 0.4399999999999999], "NAMFIS": [0.5230678732248807, 0.4560701700396551, 0.4560701700396551, 0.4833218389437828, 0.4833218389437828]}, "mae": {"best": 0.6941310048103333, "random": [1.1027695012092589, 0.9092123701235358, 0.9237041652988627, 0.9516258059507136, 0.8701605906522693], "low_energy": [0.9357482862472531, 0.9333146009896711, 0.9999672652300536, 0.846012293111524, 0.8085401219120957], "LICUV": [0.7131199491024016, 0.7458891434213264, 0.781625708726827, 0.7703204814116182, 0.7473711703700636], "NAMFIS": [0.7029707920551299, 0.6646668083659906, 0.6794601103422915, 0.6811991713721491, 0.6830991956472058]}, "bundle-size": [1, 3, 5, 10, 30]}}