{"single": {"fulfil": {"best": 0.91, "random": [0.788, 0.8240000000000001, 0.8360000000000001, 0.869, 0.867], "low_energy": [0.77, 0.84, 0.83, 0.88, 0.9], "LICUV": [0.91, 0.89, 0.91, 0.89, 0.92], "NAMFIS": [0.88, 0.91, 0.91, 0.9, 0.9]}, "rmsd": {"best": 0.9276009423530241, "random": [1.8764399206937057, 1.4646943518568698, 1.3061532290028797, 1.1920021356467603, 1.0751395852431775], "low_energy": [1.4336547745535593, 1.3752855610133998, 1.4824198258481538, 1.093742989211076, 0.9847531796068406], "LICUV": [0.9625317070190424, 0.9307565273166731, 0.9795474715619691, 0.9989127648093985, 0.9443568787406156], "NAMFIS": [0.996565391836622, 0.826640968137477, 0.8625794428862649, 0.8667881378542214, 0.8675967434515107]}, "mae": {"best": 0.6941310048103333, "random": [1.1268001587390897, 0.9907817785896688, 0.9384410279384101, 0.9072379538894688, 0.8716063984819753], "low_energy": [0.9357482862472531, 0.9333146009896711, 0.9999672652300536, 0.846012293111524, 0.8085401219120957], "LICUV": [0.7131199491024016, 0.7458891434213264, 0.781625708726827, 0.7703204814116182, 0.7473711703700636], "NAMFIS": [0.7029707920551299, 0.6646710999709465, 0.6794637653375617, 0.6811347722735038, 0.6831346411856475]}, "bundle-size": [1, 3, 5, 10, 30]}}