{"single": {"fulfil": {"best": 0.91, "random": [0.779, 0.8149999999999998, 0.8380000000000001, 0.857, 0.861], "low_energy": [0.77, 0.84, 0.83, 0.88, 0.9], "LICUV": [0.91, 0.89, 0.91, 0.89, 0.92], "NAMFIS": [0.88, 0.91, 0.91, 0.9, 0.9]}, "rmsd": {"best": 0.9276009423530241, "random": [1.7721754919520591, 1.5632708407385152, 1.3162850235209915, 1.1823526683359948, 1.116446919961742], "low_energy": [1.4336547745535593, 1.3752855610133998, 1.4824198258481538, 1.093742989211076, 0.9847531796068406], "LICUV": [0.9625317070190424, 0.9307565273166731, 0.9795474715619691, 0.9989127648093985, 0.9443568787406156], "NAMFIS": [0.996565391836622, 0.8266452195298182, 0.8625803998972417, 0.8667876271429231, 0.8675959419188506]}, "mae": {"best": 0.6941310048103333, "random": [1.1098194378614423, 1.0393221874672451, 0.9413898791657189, 0.9126371572341192, 0.9059365403382236], "low_energy": [0.9357482862472531, 0.9333146009896711, 0.9999672652300536, 0.846012293111524, 0.8085401219120957], "LICUV": [0.7131199491024016, 0.7458891434213264, 0.781625708726827, 0.7703204814116182, 0.7473711703700636], "NAMFIS": [0.7029707920551299, 0.6646794560120105, 0.6794512616569555, 0.6811274059750005, 0.6831297232385226]}, "bundle-size": [1, 3, 5, 10, 30]}}