{"single": {"fulfil": {"best": 0.71, "random": [0.5910000000000001, 0.6689999999999999, 0.702, 0.718, 0.737], "low_energy": [0.57, 0.65, 0.69, 0.73, 0.73], "LICUV": [0.71, 0.75, 0.78, 0.78, 0.81], "NAMFIS": [0.65, 0.77, 0.76, 0.76, 0.76]}, "rmsd": {"best": 1.7345328764697996, "random": [2.390838583324539, 1.8563440255887305, 1.6749035634559277, 1.543952699656924, 1.404094142557599], "low_energy": [2.488429036239785, 1.9913553262545807, 1.6217177550753084, 1.4778791055085532, 1.3970561571831854], "LICUV": [1.9567392544226765, 1.5195219933620667, 1.3914760913142818, 1.263965979029755, 1.1728974241523307], "NAMFIS": [1.7345328764697996, 1.272014330252034, 1.2294589469196, 1.2275294914136903, 1.2275294905781795]}, "mae": {"best": 1.1964560198783871, "random": [1.6732746815681452, 1.3448670957367046, 1.2379559687698454, 1.178346626190339, 1.0833471563344317], "low_energy": [1.7481409740447993, 1.4578529821174926, 1.2578568564444343, 1.101587709609424, 1.0644368854619812], "LICUV": [1.3474255251884455, 1.1033414752661705, 0.996617323027752, 0.9377106759389783, 0.8814734526451098], "NAMFIS": [1.307963945865631, 0.9344847867358765, 0.931082120740127, 0.9290083042256421, 0.9290083036791913]}, "bundle-size": [1, 3, 5, 10, 30]}}