{"minimum_sasa": 11.602197647094727, "minimum_psa": 8.772760391235352}