{"single": {"fulfil": {"best": 0.65625, "random": [0.33125, 0.415625, 0.4, 0.45, 0.475], "low_energy": [0.34375, 0.46875, 0.5, 0.5, 0.53125], "LICUV": [0.65625, 0.6875, 0.53125, 0.65625, 0.625], "NAMFIS": [0.65625, 0.75, 0.6875, 0.75, 0.75]}, "rmsd": {"best": 0.265191323720278, "random": [0.6000970888688535, 0.43690476763803543, 0.4296129384010833, 0.3844597106725751, 0.35719951275946193], "low_energy": [0.46975709794268505, 0.5472155262142677, 0.5251879691720631, 0.43777123014621466, 0.3777797682987443], "LICUV": [0.265191323720278, 0.2483247889052715, 0.2363930780467275, 0.22016806255621454, 0.23192294138524244], "NAMFIS": [0.265191323720278, 0.21674193555928237, 0.21277384783209785, 0.18243886095408796, 0.18056111432590066]}, "mae": {"best": 0.2043990814685821, "random": [0.42878285789489734, 0.32681172806533343, 0.32690133960804146, 0.29656914118468, 0.27597985478321624], "low_energy": [0.358798103928566, 0.3818014759168229, 0.37183243774382807, 0.33859152944342835, 0.29456048229377735], "LICUV": [0.2043990814685821, 0.1929005296899558, 0.19215478154735233, 0.16797963930388132, 0.18307135822563192], "NAMFIS": [0.2043990814685821, 0.16695077392045315, 0.1670206524823477, 0.1397834229018285, 0.13919711373707205]}, "bundle-size": [1, 3, 5, 10, 30]}}