{"single": {"fulfil": {"best": 0.65625, "random": [0.371875, 0.375, 0.434375, 0.453125, 0.45], "low_energy": [0.34375, 0.46875, 0.5, 0.5, 0.53125], "LICUV": [0.65625, 0.6875, 0.53125, 0.65625, 0.625], "NAMFIS": [0.65625, 0.75, 0.6875, 0.75, 0.75]}, "rmsd": {"best": 0.265191323720278, "random": [0.6334971070151078, 0.42441140937006755, 0.3922604552501266, 0.3822964891840706, 0.3541036356887816], "low_energy": [0.46975709794268505, 0.5472155262142677, 0.5251879691720631, 0.43777123014621466, 0.3777797682987443], "LICUV": [0.265191323720278, 0.2483247889052715, 0.2363930780467275, 0.22016806255621454, 0.23192294138524244], "NAMFIS": [0.265191323720278, 0.21673555655599924, 0.21279575990534588, 0.1824513827024896, 0.18057200552934916]}, "mae": {"best": 0.2043990814685821, "random": [0.44730073165893547, 0.3263988010758367, 0.2988072571055023, 0.2970672964604693, 0.27712461436820907], "low_energy": [0.358798103928566, 0.3818014759168229, 0.37183243774382807, 0.33859152944342835, 0.29456048229377735], "LICUV": [0.2043990814685821, 0.1929005296899558, 0.19215478154735233, 0.16797963930388132, 0.18307135822563192], "NAMFIS": [0.2043990814685821, 0.16696874923393326, 0.16704559435990957, 0.13979413971127014, 0.13920741260441188]}, "bundle-size": [1, 3, 5, 10, 30]}}