{"single": {"fulfil": {"best": 0.65625, "random": [0.34375, 0.384375, 0.415625, 0.428125, 0.434375], "low_energy": [0.34375, 0.46875, 0.5, 0.5, 0.53125], "LICUV": [0.65625, 0.6875, 0.53125, 0.65625, 0.625], "NAMFIS": [0.65625, 0.75, 0.6875, 0.75, 0.75]}, "rmsd": {"best": 0.265191323720278, "random": [0.669983151392684, 0.495558475731951, 0.4160601840123361, 0.3635379481818431, 0.35384212306465884], "low_energy": [0.46975709794268505, 0.5472155262142677, 0.5251879691720631, 0.43777123014621466, 0.3777797682987443], "LICUV": [0.265191323720278, 0.2483247889052715, 0.2363930780467275, 0.22016806255621454, 0.23192294138524244], "NAMFIS": [0.265191323720278, 0.2167294277064187, 0.2128130987775667, 0.1824609417549892, 0.1805849330404587]}, "rmsd_stepwise": {"best": 0.10971554128745843, "random": [0.17611023509014948, 0.16605557354277123, 0.16027686797610738, 0.15611029365842952, 0.14922905039086626], "low_energy": [0.18375425165149242, 0.15134810867665313, 0.14866068747318506, 0.14900713070185603, 0.14230249470757708], "LICUV": [0.11788500752852331, 0.09536115561380326, 0.12549900398011132, 0.1046123797645384, 0.10550473923004597], "NAMFIS": [0.11788500752852331, 0.10526751635713648, 0.11263880326068808, 0.0804479645485204, 0.0804479645485204]}, "mae": {"best": 0.2043990814685821, "random": [0.47184324401617034, 0.3712862339737756, 0.3149594737762058, 0.2914592094780277, 0.27900706131221276], "low_energy": [0.358798103928566, 0.3818014759168229, 0.37183243774382807, 0.33859152944342835, 0.29456048229377735], "LICUV": [0.2043990814685821, 0.1929005296899558, 0.19215478154735233, 0.16797963930388132, 0.18307135822563192], "NAMFIS": [0.2043990814685821, 0.1669774528835528, 0.16706477580918616, 0.13980452013325123, 0.13921864297871567]}, "bundle-size": [1, 3, 5, 10, 30]}}