{"single": {"fulfil": {"best": 0.28125, "random": [0.125, 0.11875, 0.121875, 0.1375, 0.146875], "low_energy": [0.09375, 0.125, 0.125, 0.125, 0.125], "LICUV": [0.28125, 0.25, 0.21875, 0.25, 0.1875], "NAMFIS": [0.09375, 0.125, 0.125, 0.125, 0.125]}, "rmsd": {"best": 0.5320808080428098, "random": [0.8395131702726616, 0.7243729318977739, 0.7243681477378657, 0.7020178643285533, 0.7063464211521681], "low_energy": [0.8260810869170414, 0.6662802074859063, 0.6563994564199549, 0.6854451141496134, 0.731798662779254], "LICUV": [0.5831694622705843, 0.5992413985331158, 0.5803810274488553, 0.5579015449180172, 0.6060111630227891], "NAMFIS": [0.626892878372507, 0.5341816931424298, 0.534181693142305, 0.5341816931421898, 0.5341816931422897]}, "mae": {"best": 0.4574821883440017, "random": [0.6206292839944362, 0.5655311862966127, 0.5657119903176482, 0.5590309728252658, 0.5632053504425856], "low_energy": [0.593557503223419, 0.5403368901318879, 0.537863365502907, 0.560574816528184, 0.5777062112724967], "LICUV": [0.4616744625568389, 0.4643376499048161, 0.4673075400082636, 0.4574426791602975, 0.49421309526238005], "NAMFIS": [0.5012298217415808, 0.4690626797124389, 0.46906267971233745, 0.46906267971220933, 0.4690626797122365]}, "bundle-size": [1, 3, 5, 10, 30]}}