{"minimum_sasa": 8.344069480895996, "minimum_psa": 6.165637016296387}