{"single": {"fulfil": {"best": 0.7741935483870968, "random": [0.5709677419354839, 0.703225806451613, 0.7322580645161291, 0.7806451612903226, 0.8161290322580644], "low_energy": [0.6129032258064516, 0.7419354838709677, 0.7096774193548387, 0.8064516129032258, 0.8387096774193549], "LICUV": [0.7741935483870968, 0.8064516129032258, 0.7419354838709677, 0.8064516129032258, 0.9354838709677419], "NAMFIS": [0.5483870967741935, 0.8387096774193549, 0.8387096774193549, 0.8709677419354839, 0.8709677419354839]}, "rmsd": {"best": 0.41066270087052154, "random": [0.7084768705383464, 0.4593090105392073, 0.45964706398914235, 0.351575390550078, 0.27690768708450625], "low_energy": [0.7890998331425765, 0.5610576992377876, 0.44143393349872284, 0.3697140200526508, 0.27798013020626694], "LICUV": [0.5262462778874905, 0.5370328834101125, 0.34964829568001704, 0.24751098069221555, 0.25231334438494213], "NAMFIS": [0.4192607068474637, 0.2328588521961363, 0.23497980601591717, 0.21107782631341046, 0.21107782623352433]}, "mae": {"best": 0.30928845467105986, "random": [0.4831874696670039, 0.30264959114803613, 0.2890782390065355, 0.2427026258001917, 0.1999979097903969], "low_energy": [0.5067454165797077, 0.3224588938015679, 0.27553130182666685, 0.235718832577777, 0.20641556287705384], "LICUV": [0.3558999867593088, 0.33148070279896585, 0.2296662884827258, 0.18321933528732043, 0.17189451575260214], "NAMFIS": [0.33419358776461683, 0.18272954962982457, 0.1728454125095236, 0.15265995700568094, 0.15265995694928608]}, "bundle-size": [1, 3, 5, 10, 30]}}