{"single": {"fulfil": {"best": 0.5806451612903226, "random": [0.4, 0.4741935483870968, 0.49677419354838703, 0.4903225806451612, 0.503225806451613], "low_energy": [0.3548387096774194, 0.4838709677419355, 0.4838709677419355, 0.4838709677419355, 0.5483870967741935], "LICUV": [0.5806451612903226, 0.6129032258064516, 0.6129032258064516, 0.6129032258064516, 0.5483870967741935], "NAMFIS": [0.5161290322580645, 0.4838709677419355, 0.4838709677419355, 0.4838709677419355, 0.4838709677419355]}, "rmsd": {"best": 1.775945166918395, "random": [2.334430981474994, 2.0656920352556063, 1.9529916259441626, 1.9315741763743564, 1.9239157769281416], "low_energy": [2.1818318187686128, 2.1355076261652424, 2.069066504994858, 1.9984972745523788, 1.9077097301816173], "LICUV": [2.009499904624564, 1.8309183385249705, 2.0018699488497225, 2.0005510452102504, 1.954590198121747], "NAMFIS": [2.0905970820737045, 1.5104721528933345, 1.480860707724359, 1.4869659960585806, 1.4869659949173677]}, "mae": {"best": 1.2270002875789516, "random": [1.5744557644013433, 1.3790560433802692, 1.3146533928977975, 1.2872357140908357, 1.2762202866588708], "low_energy": [1.5826471836336196, 1.4648066144522944, 1.4216552281283201, 1.3786099570434271, 1.2849406494034734], "LICUV": [1.2619992234629966, 1.165209475565177, 1.255846245194403, 1.2666611660561133, 1.2656250383065686], "NAMFIS": [1.3226679448158507, 1.0543805706542988, 1.0499755732239886, 1.055802621280741, 1.0558025980299857]}, "bundle-size": [1, 3, 5, 10, 30]}}