{"single": {"fulfil": {"best": 0.7741935483870968, "random": [0.596774193548387, 0.735483870967742, 0.7516129032258065, 0.8483870967741934, 0.8129032258064516], "low_energy": [0.6129032258064516, 0.7419354838709677, 0.7096774193548387, 0.8064516129032258, 0.8387096774193549], "LICUV": [0.7741935483870968, 0.8064516129032258, 0.7419354838709677, 0.8064516129032258, 0.9354838709677419], "NAMFIS": [0.5483870967741935, 0.8387096774193549, 0.8387096774193549, 0.8709677419354839, 0.8709677419354839]}, "rmsd": {"best": 0.41066270087052154, "random": [0.6590437685690543, 0.5113273452651549, 0.4448581925360717, 0.28469097570395496, 0.2857913402027332], "low_energy": [0.7890998331425765, 0.5610576992377876, 0.44143393349872284, 0.3697140200526508, 0.27798013020626694], "LICUV": [0.5262462778874905, 0.5370328834101125, 0.34964829568001704, 0.24751098069221555, 0.25231334438494213], "NAMFIS": [0.4192607068474637, 0.2328620361528839, 0.23498586045943878, 0.21108218455780242, 0.2110821842586711]}, "rmsd_stepwise": {"best": 0.2004108682906999, "random": [0.3776190288332722, 0.2818965460414416, 0.24174883808378728, 0.15854307729548783, 0.1814192508501783], "low_energy": [0.38034788829311555, 0.3644881519380648, 0.25706155908904454, 0.24258686505409607, 0.18403190466732622], "LICUV": [0.2004108682906999, 0.19292318377714401, 0.2782839116511607, 0.1911256975345402, 0.16683969512968952], "NAMFIS": [0.38502199350669697, 0.23591277775838554, 0.1143847497166556, 0.10666498654590792, 0.10666498654590792]}, "mae": {"best": 0.30928845467105986, "random": [0.4516502067658208, 0.3234886802725237, 0.27822079616170586, 0.19797355914030318, 0.20799717968662387], "low_energy": [0.5067454165797077, 0.3224588938015679, 0.27553130182666685, 0.235718832577777, 0.20641556287705384], "LICUV": [0.3558999867593088, 0.33148070279896585, 0.2296662884827258, 0.18321933528732043, 0.17189451575260214], "NAMFIS": [0.33419358776461683, 0.1827232728516051, 0.17285113816807093, 0.15265856062141112, 0.1526585604021987]}, "bundle-size": [1, 3, 5, 10, 30]}}