{"single": {"fulfil": {"best": 0.7741935483870968, "random": [0.5774193548387097, 0.703225806451613, 0.7741935483870968, 0.7741935483870968, 0.8096774193548386], "low_energy": [0.6129032258064516, 0.7419354838709677, 0.7096774193548387, 0.8064516129032258, 0.8387096774193549], "LICUV": [0.7741935483870968, 0.8064516129032258, 0.7419354838709677, 0.8064516129032258, 0.9354838709677419], "NAMFIS": [0.5483870967741935, 0.8387096774193549, 0.8387096774193549, 0.8709677419354839, 0.8709677419354839]}, "rmsd": {"best": 0.41066270087052154, "random": [0.7038755917205626, 0.47690040074021267, 0.4033863497708941, 0.3356542358046647, 0.28268175630295495], "low_energy": [0.7890998331425765, 0.5610576992377876, 0.44143393349872284, 0.3697140200526508, 0.27798013020626694], "LICUV": [0.5262462778874905, 0.5370328834101125, 0.34964829568001704, 0.24751098069221555, 0.25231334438494213], "NAMFIS": [0.4192607068474637, 0.23285596270922104, 0.23495672704821174, 0.21106164347962322, 0.21106164329078808]}, "mae": {"best": 0.30928845467105986, "random": [0.4863602749147721, 0.29526402584200434, 0.26719667981988227, 0.23519560386344196, 0.20541195239213939], "low_energy": [0.5067454165797077, 0.3224588938015679, 0.27553130182666685, 0.235718832577777, 0.20641556287705384], "LICUV": [0.3558999867593088, 0.33148070279896585, 0.2296662884827258, 0.18321933528732043, 0.17189451575260214], "NAMFIS": [0.33419358776461683, 0.18273843417378646, 0.17283034945814998, 0.15265878348565323, 0.15265878334648994]}, "bundle-size": [1, 3, 5, 10, 30]}}