{"minimum_sasa": 8.341299057006836, "minimum_psa": 6.337778091430664}