{"single": {"fulfil": {"best": 0.7209302325581395, "random": [0.6069767441860465, 0.6093023255813954, 0.627906976744186, 0.6, 0.5651162790697674], "low_energy": [0.627906976744186, 0.6046511627906976, 0.6511627906976745, 0.5813953488372093, 0.5581395348837209], "LICUV": [0.7209302325581395, 0.6976744186046512, 0.6744186046511628, 0.6976744186046512, 0.5116279069767442], "NAMFIS": [0.6046511627906976, 0.6046511627906976, 0.6046511627906976, 0.6046511627906976, 0.6046511627906976]}, "rmsd": {"best": 0.8904416897316304, "random": [1.0784032388800449, 0.9181670432742456, 0.8591679940552795, 0.8278956251964473, 0.8093331335987035], "low_energy": [0.8993607364307727, 0.8993851031571127, 0.7980244443273316, 0.81021868647117, 0.809561978150086], "LICUV": [1.073665118662434, 0.8554335502600969, 0.8645240886227682, 0.8086524561709506, 0.8096541916316282], "NAMFIS": [1.0954032541634415, 1.0672288022433305, 1.0672286157879114, 1.067228347818822, 1.067227627381366]}, "rmsd_stepwise": {"best": 0.1323315076124229, "random": [0.37961706809108126, 0.38216719553747314, 0.40055058140879074, 0.4355241754870929, 0.47515994753331847], "low_energy": [0.33189028727984443, 0.24397388346696758, 0.31109708347851356, 0.47594215009027957, 0.47594215009027957], "LICUV": [0.21785956645893337, 0.30866177771673614, 0.37950702417129095, 0.375926761793515, 0.5198747613049325], "NAMFIS": [0.3140322898521225, 0.3140322898521225, 0.3140322898521225, 0.3140322898521225, 0.3140322898521225]}, "mae": {"best": 0.4580798018255898, "random": [0.6642893342528231, 0.5119510037527545, 0.45644415405618954, 0.419170655339326, 0.40991550783227265], "low_energy": [0.5322239691712135, 0.5259829139733103, 0.40391731854755547, 0.4217913233164877, 0.4168473804075848], "LICUV": [0.6387378331117851, 0.4304701014772207, 0.43564530455620676, 0.3948473634912101, 0.41308654769585085], "NAMFIS": [0.7243372024491775, 0.69954106211623, 0.6995409550262592, 0.6995408189290528, 0.6995403900631805]}, "bundle-size": [1, 3, 5, 10, 30]}}