{"single": {"fulfil": {"best": 0.7209302325581395, "random": [0.6069767441860465, 0.6023255813953489, 0.6046511627906976, 0.5906976744186047, 0.5627906976744186], "low_energy": [0.627906976744186, 0.6046511627906976, 0.6511627906976745, 0.5813953488372093, 0.5581395348837209], "LICUV": [0.7209302325581395, 0.6976744186046512, 0.6744186046511628, 0.6976744186046512, 0.5116279069767442], "NAMFIS": [0.6046511627906976, 0.6046511627906976, 0.6046511627906976, 0.6046511627906976, 0.6046511627906976]}, "rmsd": {"best": 0.8904416897316304, "random": [1.113771476196526, 0.944949850425522, 0.8831721514574001, 0.8241233136973498, 0.8130597590230947], "low_energy": [0.8993607364307727, 0.8993851031571127, 0.7980244443273316, 0.81021868647117, 0.809561978150086], "LICUV": [1.073665118662434, 0.8554335502600969, 0.8645240886227682, 0.8086524561709506, 0.8096541916316282], "NAMFIS": [1.0954032541634415, 1.0954031636353856, 1.0954030417006533, 1.0954027476454584, 1.0954020251199332]}, "mae": {"best": 0.4580798018255898, "random": [0.6879123942463897, 0.5304137766787914, 0.47482210350109055, 0.41891696748360774, 0.41545031634716434], "low_energy": [0.5322239691712135, 0.5259829139733103, 0.40391731854755547, 0.4217913233164877, 0.4168473804075848], "LICUV": [0.6387378331117851, 0.4304701014772207, 0.43564530455620676, 0.3948473634912101, 0.41308654769585085], "NAMFIS": [0.7243372024491775, 0.7243371395630764, 0.724337052106217, 0.7243368894510684, 0.7243364279246599]}, "bundle-size": [1, 3, 5, 10, 30]}}