{"single": {"fulfil": {"best": 0.7209302325581395, "random": [0.5930232558139534, 0.5976744186046512, 0.6186046511627907, 0.6046511627906976, 0.569767441860465], "low_energy": [0.627906976744186, 0.6046511627906976, 0.6511627906976745, 0.5813953488372093, 0.5581395348837209], "LICUV": [0.7209302325581395, 0.6976744186046512, 0.6744186046511628, 0.6976744186046512, 0.5116279069767442], "NAMFIS": [0.6046511627906976, 0.6046511627906976, 0.6046511627906976, 0.6046511627906976, 0.6046511627906976]}, "rmsd": {"best": 0.8904416897316304, "random": [1.1075473558999178, 0.9194211828484649, 0.8770795555779836, 0.8343664222659202, 0.8132417108578738], "low_energy": [0.8993607364307727, 0.8993851031571127, 0.7980244443273316, 0.81021868647117, 0.809561978150086], "LICUV": [1.073665118662434, 0.8554335502600969, 0.8645240886227682, 0.8086524561709506, 0.8096541916316282], "NAMFIS": [1.0954032541634415, 1.0875824887543974, 1.0875557884033142, 1.0875315423848746, 1.0874780386588188]}, "mae": {"best": 0.4580798018255898, "random": [0.6947370252720144, 0.5145141634311254, 0.4727502484518736, 0.43354304059657434, 0.41671466544669433], "low_energy": [0.5322239691712135, 0.5259829139733103, 0.40391731854755547, 0.4217913233164877, 0.4168473804075848], "LICUV": [0.6387378331117851, 0.4304701014772207, 0.43564530455620676, 0.3948473634912101, 0.41308654769585085], "NAMFIS": [0.7243372024491775, 0.7131948891383146, 0.71317420559538, 0.7131579076583442, 0.7131229146290459]}, "bundle-size": [1, 3, 5, 10, 30]}}