{"single": {"fulfil": {"best": 0.4883720930232558, "random": [0.313953488372093, 0.3395348837209302, 0.32558139534883723, 0.3674418604651163, 0.36744186046511623], "low_energy": [0.3488372093023256, 0.37209302325581395, 0.3953488372093023, 0.3953488372093023, 0.3488372093023256], "LICUV": [0.4883720930232558, 0.4418604651162791, 0.4186046511627907, 0.3953488372093023, 0.37209302325581395], "NAMFIS": [0.3023255813953488, 0.3023255813953488, 0.3023255813953488, 0.3023255813953488, 0.3023255813953488]}, "rmsd": {"best": 1.485696160952353, "random": [1.6949027285859763, 1.595971333408992, 1.5490797694514753, 1.5186834439761256, 1.5158376401751261], "low_energy": [1.622008121555451, 1.614407646602382, 1.5416921847427603, 1.5172776086004387, 1.5153907688618384], "LICUV": [1.4912195697160866, 1.466990002728598, 1.4360967672212104, 1.4783765484058866, 1.4575795338962723], "NAMFIS": [1.58260507713867, 1.4800808775304024, 1.4800808777911285, 1.4800808777686527, 1.4800808775438254]}, "mae": {"best": 1.0284583819189737, "random": [1.2240523269786387, 1.1343761267474708, 1.0983333848523258, 1.0619678587360963, 1.0647264495774238], "low_energy": [1.1465911382852596, 1.1314167745169776, 1.069575686925164, 1.0363263398787077, 1.0626584722615613], "LICUV": [1.0284583819189737, 0.9937241978552039, 0.9693637784854551, 1.0099225789791044, 1.020651244652134], "NAMFIS": [1.1514137953381205, 1.0698486508286926, 1.06984865101407, 1.0698486508977858, 1.0698486504053462]}, "bundle-size": [1, 3, 5, 10, 30]}}