{"minimum_sasa": 12.405550956726074, "minimum_psa": 8.804213523864746}