{"single": {"fulfil": {"best": 0.7209302325581395, "random": [0.6046511627906976, 0.6139534883720931, 0.6, 0.6162790697674418, 0.5790697674418605], "low_energy": [0.627906976744186, 0.6046511627906976, 0.6511627906976745, 0.5813953488372093, 0.5581395348837209], "LICUV": [0.7209302325581395, 0.6976744186046512, 0.6744186046511628, 0.6976744186046512, 0.5116279069767442], "NAMFIS": [0.6046511627906976, 0.6046511627906976, 0.6046511627906976, 0.6046511627906976, 0.6046511627906976]}, "rmsd": {"best": 0.8904416897316304, "random": [1.1031465303220158, 0.8954299529188647, 0.8590721911931946, 0.8294072603132788, 0.811857642745897], "low_energy": [0.8993607364307727, 0.8993851031571127, 0.7980244443273316, 0.81021868647117, 0.809561978150086], "LICUV": [1.073665118662434, 0.8554335502600969, 0.8645240886227682, 0.8086524561709506, 0.8096541916316282], "NAMFIS": [1.0954032541634415, 1.095403247875881, 1.0954032408765462, 1.0954032298058218, 1.0954031752614963]}, "rmsd_stepwise": {"best": 0.1323315076124229, "random": [0.3683964485682659, 0.4278487060715433, 0.4125162733244176, 0.43212792091185814, 0.4644749354321339], "low_energy": [0.33189028727984443, 0.24397388346696758, 0.31109708347851356, 0.47594215009027957, 0.47594215009027957], "LICUV": [0.21785956645893337, 0.30866177771673614, 0.37950702417129095, 0.375926761793515, 0.5198747613049325], "NAMFIS": [0.3140322898521225, 0.3140322898521225, 0.3140322898521225, 0.3140322898521225, 0.3140322898521225]}, "mae": {"best": 0.4580798018255898, "random": [0.6760622128774953, 0.5023821099411372, 0.45530470175098925, 0.4232707670703516, 0.41252825985395003], "low_energy": [0.5322239691712135, 0.5259829139733103, 0.40391731854755547, 0.4217913233164877, 0.4168473804075848], "LICUV": [0.6387378331117851, 0.4304701014772207, 0.43564530455620676, 0.3948473634912101, 0.41308654769585085], "NAMFIS": [0.7243372024491775, 0.7243371961632274, 0.7243371913135512, 0.7243371829516949, 0.7243371337978858]}, "bundle-size": [1, 3, 5, 10, 30]}}