{"single": {"fulfil": {"best": 0.59375, "random": [0.4125, 0.38125, 0.415625, 0.44375, 0.484375], "low_energy": [0.25, 0.375, 0.28125, 0.40625, 0.375], "LICUV": [0.59375, 0.5, 0.53125, 0.59375, 0.53125], "NAMFIS": [0.46875, 0.6875, 0.59375, 0.53125, 0.53125]}, "rmsd": {"best": 0.3191908681954187, "random": [0.6004607385533693, 0.4838697737937112, 0.4362954948840397, 0.4113497955068891, 0.3967547739303454], "low_energy": [0.7191612806872464, 0.4305795578924088, 0.43415193007481345, 0.40574048528835477, 0.41798337352366166], "LICUV": [0.3966291413813209, 0.5462326523380993, 0.41486443867302064, 0.32519163106708376, 0.33469125477761996], "NAMFIS": [0.3191908681954187, 0.23826573090748351, 0.2390482131998968, 0.25284916535798896, 0.25284916534161544]}, "mae": {"best": 0.24255734682083124, "random": [0.3929155016839503, 0.33072810349699616, 0.284257699749399, 0.2825769823857436, 0.26782205748832993], "low_energy": [0.49568561613559714, 0.30776525608248806, 0.3331761405001109, 0.30146969388605366, 0.30065843741389575], "LICUV": [0.25347320109605787, 0.31565953942468244, 0.2505779725212938, 0.2197339248234171, 0.2232138511560045], "NAMFIS": [0.24255734682083124, 0.1826644191024503, 0.17661246998136756, 0.1834475553492526, 0.18344755533867008]}, "bundle-size": [1, 3, 5, 10, 30]}}