{"single": {"fulfil": {"best": 0.59375, "random": [0.365625, 0.35625, 0.4125, 0.45625, 0.48125], "low_energy": [0.25, 0.375, 0.28125, 0.40625, 0.375], "LICUV": [0.59375, 0.5, 0.53125, 0.59375, 0.53125], "NAMFIS": [0.46875, 0.6875, 0.59375, 0.53125, 0.53125]}, "rmsd": {"best": 0.3191908681954187, "random": [0.6610252999064538, 0.4959507199083206, 0.40354187226161287, 0.4172939213605857, 0.39875577695476466], "low_energy": [0.7191612806872464, 0.4305795578924088, 0.43415193007481345, 0.40574048528835477, 0.41798337352366166], "LICUV": [0.3966291413813209, 0.5462326523380993, 0.41486443867302064, 0.32519163106708376, 0.33469125477761996], "NAMFIS": [0.3191908681954187, 0.23827541078640843, 0.23903591375210814, 0.2529147359383541, 0.2529147359320966]}, "mae": {"best": 0.24255734682083124, "random": [0.44331037119030947, 0.3433154477610788, 0.2837489885698835, 0.28528363925468436, 0.27088489130709154], "low_energy": [0.49568561613559714, 0.30776525608248806, 0.3331761405001109, 0.30146969388605366, 0.30065843741389575], "LICUV": [0.25347320109605787, 0.31565953942468244, 0.2505779725212938, 0.2197339248234171, 0.2232138511560045], "NAMFIS": [0.24255734682083124, 0.18266992556817854, 0.17660841083080595, 0.1834570309687525, 0.1834570309604424]}, "bundle-size": [1, 3, 5, 10, 30]}}