{"single": {"fulfil": {"best": 0.59375, "random": [0.384375, 0.396875, 0.428125, 0.45625, 0.49375], "low_energy": [0.25, 0.375, 0.28125, 0.40625, 0.375], "LICUV": [0.59375, 0.5, 0.53125, 0.59375, 0.53125], "NAMFIS": [0.46875, 0.6875, 0.59375, 0.53125, 0.53125]}, "rmsd": {"best": 0.3191908681954187, "random": [0.6027799509092902, 0.5073517245057013, 0.4020732687003803, 0.4092539562910435, 0.38161991969276443], "low_energy": [0.7191612806872464, 0.4305795578924088, 0.43415193007481345, 0.40574048528835477, 0.41798337352366166], "LICUV": [0.3966291413813209, 0.5462326523380993, 0.41486443867302064, 0.32519163106708376, 0.33469125477761996], "NAMFIS": [0.3191908681954187, 0.23828369453133194, 0.2390036198094516, 0.2528100984278944, 0.2528100985129709]}, "rmsd_stepwise": {"best": 0.09455487824538718, "random": [0.14069952622037535, 0.1414236366997293, 0.144622399752737, 0.14117454460085396, 0.13806352589107695], "low_energy": [0.1626825897261289, 0.1512138386524196, 0.16438331728006944, 0.14996874674411328, 0.1561849864743727], "LICUV": [0.09455487824538718, 0.1412776521605593, 0.13600321687371955, 0.13400093283257392, 0.13732943966972264], "NAMFIS": [0.1121104366238933, 0.07798236980241106, 0.09897916447414576, 0.12588437154786128, 0.12588437154786128]}, "mae": {"best": 0.24255734682083124, "random": [0.4072721366882323, 0.338367527172964, 0.2809262906213247, 0.27538024425987523, 0.2593987376328101], "low_energy": [0.49568561613559714, 0.30776525608248806, 0.3331761405001109, 0.30146969388605366, 0.30065843741389575], "LICUV": [0.25347320109605787, 0.31565953942468244, 0.2505779725212938, 0.2197339248234171, 0.2232138511560045], "NAMFIS": [0.24255734682083124, 0.18267089374177758, 0.1765873249610781, 0.18339837368162912, 0.18339837374482237]}, "bundle-size": [1, 3, 5, 10, 30]}}