{"single": {"fulfil": {"best": 0.34375, "random": [0.1375, 0.15625, 0.203125, 0.184375, 0.203125], "low_energy": [0.125, 0.1875, 0.1875, 0.1875, 0.1875], "LICUV": [0.34375, 0.34375, 0.3125, 0.25, 0.25], "NAMFIS": [0.1875, 0.15625, 0.125, 0.125, 0.125]}, "rmsd": {"best": 1.639006013488956, "random": [2.6927988334990505, 2.1350191176392066, 2.096044628708012, 1.8597266769542729, 1.8242576485468607], "low_energy": [2.1191472759775563, 1.9851268610655806, 1.8146303525018197, 1.7738675044787002, 1.6997580061013968], "LICUV": [2.349355782456387, 1.9607560699504278, 1.9879741936121373, 1.7630490951610753, 1.761592263387437], "NAMFIS": [1.7238692013089103, 1.4404359255885473, 1.4023828731692116, 1.4023828728618195, 1.4023828725827432]}, "mae": {"best": 1.1835457658767696, "random": [1.8572174662351604, 1.4913142033975817, 1.4183932418238983, 1.304838684475635, 1.2831293903661092], "low_energy": [1.5684296244382854, 1.3901825162551686, 1.2968354379059799, 1.2359888170726885, 1.2095933800574756], "LICUV": [1.5585135936737058, 1.2837209005510894, 1.294864664341427, 1.1879413406573196, 1.215766907582068], "NAMFIS": [1.3040785688161847, 1.1138035493682672, 1.0736701424259352, 1.0736701418789216, 1.073670141104016]}, "bundle-size": [1, 3, 5, 10, 30]}}