{"minimum_sasa": 7.908687114715576, "minimum_psa": 5.595303535461426}