{"single": {"stat": {"0": "MAE", "1": "MSE", "2": "RMSD", "3": "RMSD_step", "4": "pearsonr", "5": "kendalltau", "6": "chisq", "7": "percentage_fulfilled"}, "value": {"0": 0.7908681764431248, "1": -0.4471686506057449, "2": 1.0135211093995975, "3": 0.4573888339854235, "4": 0.5358195780884693, "5": 0.5048862694129785, "6": 20.86192437008348, "7": 0.9090909090909091}, "up": {"0": 0.9313310084411878, "1": -0.25413208120566694, "2": 1.1938186421612549, "3": 0.6001893640571053, "4": 0.6644701984727853, "5": 0.598627317760188, "6": 28.415363572376382, "7": 0.0}, "low": {"0": 0.6640828800003308, "1": 0.0, "2": 0.8502160085743513, "3": 0.2632834628649923, "4": 0.40710536893976434, "5": 0.38929284942015585, "6": 14.765784118168758, "7": 0.0}, "most-populated-1": {"0": 0.7101052159612827, "1": -0.0489065349102023, "2": 1.0191601418638965, "3": 0.4573888339854235, "4": NaN, "5": NaN, "6": NaN, "7": 0.875}}}