{"single": {"stat": {"0": "MAE", "1": "MSE", "2": "RMSD", "3": "pearsonr", "4": "kendalltau", "5": "chisq", "6": "percentage_fulfilled"}, "value": {"0": 0.7908681764431248, "1": -0.4471686506057449, "2": 1.0135211093995975, "3": 0.5358195780884693, "4": 0.5048862694129785, "5": 20.86192437008348, "6": 0.9090909090909091}, "up": {"0": 0.9248008171282658, "1": -0.25135267095029284, "2": 1.1936066455007024, "3": 0.6643955000159814, "4": 0.5970290952161348, "5": 28.50911248343317, "6": 0.0}, "low": {"0": 0.6605762132002702, "1": 0.0, "2": 0.8533814426495502, "3": 0.405771252361274, "4": 0.3923724576415698, "5": 14.947460614452757, "6": 0.0}, "most-populated-1": {"0": 0.7101052159612827, "1": -0.0489065349102023, "2": 1.0191601418638965, "3": NaN, "4": NaN, "5": NaN, "6": 0.875}}}