{"minimum_sasa": 10.559377975463875, "minimum_psa": 10.177890796661345}