{"single": {"fulfil": {"best": 0.5416666666666666, "random": [0.3375, 0.38333333333333336, 0.3583333333333334, 0.4083333333333333, 0.38749999999999996], "low_energy": [0.16666666666666666, 0.0, 0.16666666666666666, 0.20833333333333334, 0.16666666666666666], "LICUV": [0.5416666666666666, 0.4583333333333333, 0.5, 0.5833333333333334, 0.5416666666666666], "NAMFIS": [0.5, 0.4583333333333333, 0.5, 0.5416666666666666, 0.5416666666666666]}, "rmsd": {"best": 0.30086261237383477, "random": [0.7079120494711653, 0.498130567757204, 0.4535506890461927, 0.41264381010377943, 0.3965074390223995], "low_energy": [0.7572398551950283, 0.8369699380565035, 0.691527686168661, 0.5091369114194854, 0.48726710050079797], "LICUV": [0.45822202974316784, 0.3837392576854505, 0.46029256381672373, 0.3173700841188002, 0.3599054092610296], "NAMFIS": [0.30086261237383477, 0.3774103972213201, 0.3704231158051195, 0.3247494246601556, 0.32461099945701405]}, "mae": {"best": 0.22397610664367681, "random": [0.5020360088348388, 0.36166797690471764, 0.33827707644200594, 0.3074776005889449, 0.296872027866991], "low_energy": [0.5914980232715604, 0.6852663499317647, 0.5561047678918825, 0.4238383356768541, 0.4050137066946156], "LICUV": [0.29339979132016486, 0.2863750743686831, 0.32174183507056847, 0.2028624907214491, 0.2312757436682682], "NAMFIS": [0.22397610664367681, 0.24861097174029734, 0.23939248367896263, 0.18301079423205235, 0.18297967100272458]}, "bundle-size": [1, 3, 5, 10, 30]}}