{"single": {"fulfil": {"best": 0.5416666666666666, "random": [0.2916666666666667, 0.28750000000000003, 0.37916666666666665, 0.4041666666666666, 0.3833333333333333], "low_energy": [0.16666666666666666, 0.0, 0.16666666666666666, 0.20833333333333334, 0.16666666666666666], "LICUV": [0.5416666666666666, 0.4583333333333333, 0.5, 0.5833333333333334, 0.5416666666666666], "NAMFIS": [0.5, 0.4583333333333333, 0.5, 0.5416666666666666, 0.5416666666666666]}, "rmsd": {"best": 0.30086261237383477, "random": [0.7231501090066099, 0.5870461276873293, 0.4611565356450863, 0.4151869389389609, 0.41069116210984696], "low_energy": [0.7572398551950283, 0.8369699380565035, 0.691527686168661, 0.5091369114194854, 0.48726710050079797], "LICUV": [0.45822202974316784, 0.3837392576854505, 0.46029256381672373, 0.3173700841188002, 0.3599054092610296], "NAMFIS": [0.30086261237383477, 0.3773939101588145, 0.3703950896711675, 0.3247634365008062, 0.32462261654611196]}, "mae": {"best": 0.22397610664367681, "random": [0.5155414966344832, 0.43853116114919855, 0.33813421420486633, 0.3019915352158582, 0.3023357536256438], "low_energy": [0.5914980232715604, 0.6852663499317647, 0.5561047678918825, 0.4238383356768541, 0.4050137066946156], "LICUV": [0.29339979132016486, 0.2863750743686831, 0.32174183507056847, 0.2028624907214491, 0.2312757436682682], "NAMFIS": [0.22397610664367681, 0.2486061857039715, 0.23938169714242238, 0.18305895552992615, 0.1830255789221039]}, "bundle-size": [1, 3, 5, 10, 30]}}