{"single": {"fulfil": {"best": 0.5416666666666666, "random": [0.2875, 0.39583333333333337, 0.375, 0.4083333333333333, 0.35416666666666663], "low_energy": [0.16666666666666666, 0.0, 0.16666666666666666, 0.20833333333333334, 0.16666666666666666], "LICUV": [0.5416666666666666, 0.4583333333333333, 0.5, 0.5833333333333334, 0.5416666666666666], "NAMFIS": [0.5, 0.4583333333333333, 0.5, 0.5416666666666666, 0.5416666666666666]}, "rmsd": {"best": 0.30086261237383477, "random": [0.7044476495627423, 0.510990779964853, 0.4708604594321967, 0.42259126859291357, 0.40842926957992365], "low_energy": [0.7572398551950283, 0.8369699380565035, 0.691527686168661, 0.5091369114194854, 0.48726710050079797], "LICUV": [0.45822202974316784, 0.3837392576854505, 0.46029256381672373, 0.3173700841188002, 0.3599054092610296], "NAMFIS": [0.30086261237383477, 0.3774094664056403, 0.3704201859577159, 0.3247840929936094, 0.32464151191772866]}, "rmsd_stepwise": {"best": 0.07502777263564915, "random": [0.1742051025400056, 0.15561908210077072, 0.16595342555207945, 0.16912996562977864, 0.1738667683891484], "low_energy": [0.18114220932736796, 0.2209826539195629, 0.20431797114628297, 0.2016494483007578, 0.2036643480500862], "LICUV": [0.07502777263564915, 0.1786873433309328, 0.18670386534116887, 0.1420973844469582, 0.16688319268278637], "NAMFIS": [0.12630980431726846, 0.14300349646075086, 0.14153915830374758, 0.1411707004539775, 0.1411707004539775]}, "mae": {"best": 0.22397610664367681, "random": [0.5233928364117939, 0.3707978643121389, 0.33860847117569864, 0.307753831854228, 0.3098147488050868], "low_energy": [0.5914980232715604, 0.6852663499317647, 0.5561047678918825, 0.4238383356768541, 0.4050137066946156], "LICUV": [0.29339979132016486, 0.2863750743686831, 0.32174183507056847, 0.2028624907214491, 0.2312757436682682], "NAMFIS": [0.22397610664367681, 0.2486098738271969, 0.239386680440407, 0.1830668053507886, 0.18303455982836084]}, "bundle-size": [1, 3, 5, 10, 30]}}