{"single": {"fulfil": {"best": 0.20833333333333334, "random": [0.0875, 0.10833333333333332, 0.11666666666666667, 0.1, 0.07916666666666668], "low_energy": [0.08333333333333333, 0.125, 0.125, 0.16666666666666666, 0.125], "LICUV": [0.20833333333333334, 0.25, 0.08333333333333333, 0.08333333333333333, 0.125], "NAMFIS": [0.08333333333333333, 0.125, 0.125, 0.125, 0.125]}, "rmsd": {"best": 1.7681361582765354, "random": [2.6790870093703156, 2.1802994825024307, 2.1200789069586783, 2.004649915344721, 1.9064946343141203], "low_energy": [2.6475090552394502, 2.50350845344785, 2.225668189510248, 2.23144098586428, 2.004494358183866], "LICUV": [2.221112831691353, 2.04010330344652, 1.978434036508308, 1.8137409699614642, 1.74747248168633], "NAMFIS": [1.8825132583475963, 1.591896729791076, 1.5918967316821662, 1.591896731229796, 1.5918967328467701]}, "mae": {"best": 1.5016599504152932, "random": [2.045878850718339, 1.7029305838027633, 1.6569478558797837, 1.5946013478451089, 1.5214788104331243], "low_energy": [2.0201552061239876, 1.9180951597517495, 1.7115036764848537, 1.7313859371924807, 1.6087969423020139], "LICUV": [1.6490080251296362, 1.5706405286184217, 1.5022920390878287, 1.4251905104751843, 1.386359023035233], "NAMFIS": [1.503656184474627, 1.3176168775750423, 1.3176168786074884, 1.3176168783815039, 1.3176168787277769]}, "bundle-size": [1, 3, 5, 10, 30]}}