{"minimum_sasa": 7.388589382171631, "minimum_psa": 5.105653762817383}