{"trans": {"stat": {"0": "MAE", "1": "MSE", "2": "RMSD", "3": "pearsonr", "4": "kendalltau", "5": "chisq", "6": "percentage_fulfilled"}, "value": {"0": 0.21801827180439295, "1": 0.018057617963180544, "2": 0.2619935552769993, "3": 0.7723524825621298, "4": 0.42482221228751615, "5": 0.5179363138452917, "6": 0.5238095238095238}, "up": {"0": 0.2825571190742913, "1": 0.12655566469317156, "2": 0.3216654037512436, "3": 0.9051090273815522, "4": 0.6891729809407133, "5": 0.7629988423744488, "6": 0.0}, "low": {"0": 0.15769566408553679, "1": 0.0, "2": 0.19572361174371664, "3": 0.4500746906511896, "4": 0.09642246766829092, "5": 0.29526324951201893, "6": 0.0}, "most-populated-1": {"0": 0.20788419360206228, "1": -0.038162569318499054, "2": 0.25714680649033916, "3": NaN, "4": NaN, "5": NaN, "6": 0.42857142857142855}}}