{"single": {"fulfil": {"best": 0.84, "random": [0.492, 0.38, 0.372, 0.348, 0.33999999999999997], "low_energy": [0.36, 0.36, 0.32, 0.48, 0.36], "LICUV": [0.84, 0.76, 0.72, 0.72, 0.64], "NAMFIS": [0.56, 0.6, 0.56, 0.64, 0.64]}, "rmsd": {"best": 0.25484761445774606, "random": [0.6764354575376403, 0.5345284602639887, 0.48046733049420515, 0.48085366415607167, 0.46949290258222964], "low_energy": [0.6460056668983389, 0.6213997231001241, 0.4631973200067274, 0.39954121956633165, 0.44964203942932907], "LICUV": [0.35494932339182406, 0.37536741053142025, 0.34872268964963504, 0.3661521142745139, 0.37157681236793627], "NAMFIS": [0.4160187254759194, 0.2751473535791392, 0.2745172756278439, 0.3104235605320944, 0.310423560558715]}, "rmsd_stepwise": {"best": 0.10061808982484212, "random": [0.16395161314003964, 0.1976056893415236, 0.19368479128301105, 0.19732375016569145, 0.20003134755106505], "low_energy": [0.18943072612435388, 0.1973423421367041, 0.2035779948815686, 0.17696327302578907, 0.20372530525194943], "LICUV": [0.13607350954539232, 0.15767054258801794, 0.16148064899547554, 0.14818906842274154, 0.16448708155961664], "NAMFIS": [0.17066927081346536, 0.16542067585401762, 0.19304921652262663, 0.1902839982762607, 0.1902839982762607]}, "mae": {"best": 0.18241841125488292, "random": [0.4182501669692993, 0.36525960228414445, 0.3362876763613391, 0.3375081320765009, 0.3422476894180592], "low_energy": [0.46270779914855953, 0.3973521331357579, 0.31711324301120947, 0.2903305630253337, 0.3424462002235388], "LICUV": [0.18886362228393552, 0.19895836560168995, 0.18498405384486816, 0.18898896036160928, 0.21196201954040306], "NAMFIS": [0.24799293479919426, 0.19327864963108965, 0.18638716640604508, 0.19863228048000067, 0.19863228050342138]}, "bundle-size": [1, 3, 5, 10, 30]}}