{"single": {"fulfil": {"best": 0.8648648648648649, "random": [0.6324324324324324, 0.7189189189189189, 0.754054054054054, 0.7810810810810811, 0.8324324324324325], "low_energy": [0.5675675675675675, 0.7027027027027027, 0.7297297297297297, 0.7567567567567568, 0.7567567567567568], "LICUV": [0.8648648648648649, 0.8378378378378378, 0.8918918918918919, 0.9459459459459459, 0.972972972972973], "NAMFIS": [0.8648648648648649, 0.8918918918918919, 0.8918918918918919, 0.918918918918919, 0.918918918918919]}, "rmsd": {"best": 0.3280047889723905, "random": [0.8722045116861048, 0.7243684677575037, 0.602002252042111, 0.6045822304974788, 0.428498959393666], "low_energy": [0.9979123532860453, 0.7782127024586784, 0.7161709292024314, 0.7709823951793826, 0.7949869052969755], "LICUV": [0.33910680995021175, 0.30075180969983073, 0.3367949759745633, 0.2638243089675583, 0.30878706031680636], "NAMFIS": [0.33910680995021175, 0.32877388893824744, 0.3082079111666366, 0.3018520254625247, 0.30185202545447004]}, "rmsd_stepwise": {"best": 0.17932305138145724, "random": [0.4045589838247855, 0.3412280796385052, 0.28745619743720374, 0.2793741026235814, 0.21023156991470104], "low_energy": [0.3709556686561187, 0.3620064207284846, 0.32781421897495866, 0.29018167655006305, 0.24989186850705236], "LICUV": [0.17932305138145724, 0.48244310685442626, 0.1680894227905315, 0.06394676840301773, 0.04438772657244647], "NAMFIS": [0.17932305138145724, 0.23056921338756858, 0.23056921338756858, 0.22558632314302468, 0.22558632314302468]}, "mae": {"best": 0.2540344962558231, "random": [0.5585291495709805, 0.4348148670204214, 0.3630259134454198, 0.35291358265194117, 0.28207666152069333], "low_energy": [0.6738554372014225, 0.4649110453410043, 0.42295772690045036, 0.4264993986983806, 0.42820549971021216], "LICUV": [0.2540344962558231, 0.22094988456072578, 0.27344334480052607, 0.1952438018630363, 0.23350111683394012], "NAMFIS": [0.2540344962558231, 0.2517023595925556, 0.228947975684417, 0.22352904605115825, 0.22352904605384386]}, "bundle-size": [1, 3, 5, 10, 30]}}