{"single": {"fulfil": {"best": 0.7352941176470589, "random": [0.5617647058823529, 0.6558823529411766, 0.7058823529411766, 0.6970588235294117, 0.7147058823529413], "low_energy": [0.5294117647058824, 0.6470588235294118, 0.7058823529411765, 0.7647058823529411, 0.8235294117647058], "LICUV": [0.7352941176470589, 0.8235294117647058, 0.7058823529411765, 0.7647058823529411, 0.7352941176470589], "NAMFIS": [0.6176470588235294, 0.8235294117647058, 0.7941176470588235, 0.8235294117647058, 0.8529411764705882]}, "rmsd": {"best": 0.42900242975307556, "random": [0.635052112912942, 0.4529780568788405, 0.39543949256918065, 0.3853145679238078, 0.38111023167365254], "low_energy": [0.6799855685521435, 0.6185510529349582, 0.4662671345318337, 0.36747446844104625, 0.3800150906230277], "LICUV": [0.4974513065186243, 0.4088125480961293, 0.3641496384060302, 0.3784751364697101, 0.33495112333864524], "NAMFIS": [0.4885488410859301, 0.25049794778712675, 0.3081335964109917, 0.3062255340282682, 0.2961632519624864]}, "mae": {"best": 0.3340320923749136, "random": [0.4800623231775619, 0.3315646892427021, 0.2958380163118837, 0.28905850729709126, 0.2916046635239875], "low_energy": [0.5208776445949779, 0.4595261537189803, 0.3517689616179954, 0.2615689914612882, 0.28247901076847814], "LICUV": [0.3667976603788487, 0.2735511460768546, 0.26744696896780296, 0.2640248187464125, 0.24743515264114738], "NAMFIS": [0.3780928415410658, 0.2029103468878823, 0.24042344963840634, 0.21033352476471018, 0.20554127565865465]}, "bundle-size": [1, 3, 5, 10, 30]}}