{"single": {"fulfil": {"best": 0.47058823529411764, "random": [0.2970588235294117, 0.3411764705882353, 0.36764705882352944, 0.3735294117647059, 0.39999999999999997], "low_energy": [0.20588235294117646, 0.3235294117647059, 0.4117647058823529, 0.47058823529411764, 0.38235294117647056], "LICUV": [0.47058823529411764, 0.47058823529411764, 0.47058823529411764, 0.4411764705882353, 0.47058823529411764], "NAMFIS": [0.35294117647058826, 0.35294117647058826, 0.35294117647058826, 0.4117647058823529, 0.4117647058823529]}, "rmsd": {"best": 2.501219549629561, "random": [3.8116534776515634, 3.084345648700046, 2.8492355849014266, 2.7066084334987517, 2.4041195743178925], "low_energy": [3.9777068248711913, 2.9316927393507335, 2.8976111261150046, 2.541136300827157, 2.299916247764373], "LICUV": [2.7828887533667683, 2.686568143202136, 2.2661449473375335, 2.349210067105149, 2.4595842911016343], "NAMFIS": [2.733270592474396, 1.9130615919844458, 1.9382296368311063, 1.8378439517518814, 1.8378440845618769]}, "mae": {"best": 1.7410222460241875, "random": [2.58421025276184, 2.138315424889863, 1.953194415774206, 1.8738641470012418, 1.688101614212842], "low_energy": [2.7436836607315955, 2.0232561086464647, 1.9475049481377378, 1.6543129552006397, 1.596626468612754], "LICUV": [1.8304272623623115, 1.7203057852685681, 1.5394950123383304, 1.6224640956701308, 1.680082597011271], "NAMFIS": [1.894597861346076, 1.3881010090019343, 1.400689641939726, 1.3465570233018083, 1.3465570381192773]}, "bundle-size": [1, 3, 5, 10, 30]}}