{"single": {"fulfil": {"best": 0.7352941176470589, "random": [0.5794117647058824, 0.6470588235294118, 0.7147058823529411, 0.7029411764705883, 0.6970588235294117], "low_energy": [0.5294117647058824, 0.6470588235294118, 0.7058823529411765, 0.7647058823529411, 0.8235294117647058], "LICUV": [0.7352941176470589, 0.8235294117647058, 0.7058823529411765, 0.7647058823529411, 0.7352941176470589], "NAMFIS": [0.6176470588235294, 0.8235294117647058, 0.7941176470588235, 0.8235294117647058, 0.8529411764705882]}, "rmsd": {"best": 0.42900242975307556, "random": [0.6162319171992763, 0.4560365451598981, 0.39858303738195616, 0.36354948631742473, 0.3872886280815244], "low_energy": [0.6799855685521435, 0.6185510529349582, 0.4662671345318337, 0.36747446844104625, 0.3800150906230277], "LICUV": [0.4974513065186243, 0.4088125480961293, 0.3641496384060302, 0.3784751364697101, 0.33495112333864524], "NAMFIS": [0.4885488410859301, 0.25049211659413273, 0.3081531486659977, 0.3062455243483768, 0.29616100083034025]}, "rmsd_stepwise": {"best": 0.0947131893417919, "random": [0.23248358725272156, 0.18026288736395119, 0.16095862968811547, 0.16756806102385627, 0.20244683631887223], "low_energy": [0.2672022807229186, 0.20986690460160412, 0.1277635684057263, 0.12862393885688161, 0.12126781251816644], "LICUV": [0.0947131893417919, 0.08357807199048721, 0.2029198624783569, 0.18210371963768981, 0.18250705062931608], "NAMFIS": [0.19870906903724112, 0.12004900959975615, 0.18311038136792207, 0.1569469749347736, 0.1548243786853159]}, "mae": {"best": 0.3340320923749136, "random": [0.47011325359344464, 0.329764397320473, 0.29302475313814075, 0.27582806190317, 0.29440033168161844], "low_energy": [0.5208776445949779, 0.4595261537189803, 0.3517689616179954, 0.2615689914612882, 0.28247901076847814], "LICUV": [0.3667976603788487, 0.2735511460768546, 0.26744696896780296, 0.2640248187464125, 0.24743515264114738], "NAMFIS": [0.3780928415410658, 0.20290464156810148, 0.2404285932871251, 0.21034399261087433, 0.20552434199447886]}, "bundle-size": [1, 3, 5, 10, 30]}}