{"single": {"fulfil": {"best": 0.7352941176470589, "random": [0.5647058823529412, 0.6705882352941177, 0.7147058823529412, 0.7294117647058824, 0.6911764705882353], "low_energy": [0.5294117647058824, 0.6470588235294118, 0.7058823529411765, 0.7647058823529411, 0.8235294117647058], "LICUV": [0.7352941176470589, 0.8235294117647058, 0.7058823529411765, 0.7647058823529411, 0.7352941176470589], "NAMFIS": [0.6176470588235294, 0.8235294117647058, 0.7941176470588235, 0.8235294117647058, 0.8529411764705882]}, "rmsd": {"best": 0.42900242975307556, "random": [0.6299084402756274, 0.41282725716105845, 0.3886934000361789, 0.3676684447811748, 0.38035379035125716], "low_energy": [0.6799855685521435, 0.6185510529349582, 0.4662671345318337, 0.36747446844104625, 0.3800150906230277], "LICUV": [0.4974513065186243, 0.4088125480961293, 0.3641496384060302, 0.3784751364697101, 0.33495112333864524], "NAMFIS": [0.4885488410859301, 0.2504985102621641, 0.308130992931646, 0.30621523974493414, 0.2961525433264455]}, "mae": {"best": 0.3340320923749136, "random": [0.4886324966655057, 0.30610481143384166, 0.2869107746718188, 0.2705233262444291, 0.2947267500255188], "low_energy": [0.5208776445949779, 0.4595261537189803, 0.3517689616179954, 0.2615689914612882, 0.28247901076847814], "LICUV": [0.3667976603788487, 0.2735511460768546, 0.26744696896780296, 0.2640248187464125, 0.24743515264114738], "NAMFIS": [0.3780928415410658, 0.20291049427876584, 0.24042056237694745, 0.2103239048495921, 0.20553256897837957]}, "bundle-size": [1, 3, 5, 10, 30]}}