{"minimum_sasa": 12.998290061950684, "minimum_psa": 10.447552680969238}