{"single": {"stat": {"0": "MAE", "1": "MSE", "2": "RMSD", "3": "pearsonr", "4": "kendalltau", "5": "chisq", "6": "percentage_fulfilled"}, "value": {"0": 0.6733192116383536, "1": 0.4871310597887915, "2": 0.98960428116216, "3": 0.21041824652684496, "4": 0.19956663004330114, "5": 9.58804390000571, "6": 0.6363636363636364}, "up": {"0": 0.995255931097022, "1": 0.863805204707056, "2": 1.3659449239098251, "3": 0.6836976893352499, "4": 0.5714510986677961, "5": 19.7648049379975, "6": 0.0}, "low": {"0": 0.3953432805031517, "1": 0.15525836321718017, "2": 0.5994413948050203, "3": 0.0, "4": 0.0, "5": 2.965875025416084, "6": 0.0}, "most-populated-1": {"0": 0.6165422760356555, "1": 0.5832344722747801, "2": 0.8056899181818111, "3": NaN, "4": NaN, "5": NaN, "6": 0.6363636363636364}}}