{"22": {"0": {"Atom 1": "(3,)", "Atom 2": "(26,)", "NMR exp": 3.19, "lower bound": 0.0, "upper bound": 3.5100000000000002, "md": [4.4567477993185705], "lower": [4.21222831052715], "upper": [4.789989441894294]}, "1": {"Atom 1": "(3,)", "Atom 2": "(13, 14)", "NMR exp": 1.83, "lower bound": 0.0, "upper bound": 3.16, "md": [4.984188472977352, 4.700203809504056], "lower": [4.096555540035545, 4.18228100843208], "upper": [5.1514454175480395, 4.766488317516758]}, "2": {"Atom 1": "(22,)", "Atom 2": "(26,)", "NMR exp": 2.93, "lower bound": 0.0, "upper bound": 3.22, "md": [3.1561345339025726], "lower": [2.96948857277834], "upper": [3.603489884699656]}, "3": {"Atom 1": "(19, 20)", "Atom 2": "(26,)", "NMR exp": 2.73, "lower bound": 0.0, "upper bound": 4.2700000000000005, "md": [1.8035201259758988, 3.1266644428382473], "lower": [1.7204140337848497, 2.7014428181764454], "upper": [3.0851509698506003, 4.183187375804232]}, "4": {"Atom 1": "(16, 17)", "Atom 2": "(26,)", "NMR exp": 2.71, "lower bound": 0.0, "upper bound": 4.24, "md": [2.417004607908725, 3.7936592879770386], "lower": [2.2085943951984865, 3.6692054582393103], "upper": [3.676308690183051, 4.568601601145593]}, "5": {"Atom 1": "(13, 14)", "Atom 2": "(26,)", "NMR exp": 2.63, "lower bound": 0.0, "upper bound": 4.14, "md": [2.696887633786461, 3.31204574527215], "lower": [2.4495086001995503, 3.209998698803744], "upper": [3.2789377815738954, 4.293653917607391]}, "6": {"Atom 1": "(47,)", "Atom 2": "(59,)", "NMR exp": 2.57, "lower bound": 0.0, "upper bound": 2.83, "md": [3.7329813130101823], "lower": [3.073684437562044], "upper": [3.781421597208274]}, "7": {"Atom 1": "(49,)", "Atom 2": "(59,)", "NMR exp": 3.39, "lower bound": 0.0, "upper bound": 3.73, "md": [2.741365974278536], "lower": [2.42584839328401], "upper": [4.037997339650028]}, "8": {"Atom 1": "(61,)", "Atom 2": "(1,)", "NMR exp": 2.17, "lower bound": 0.0, "upper bound": 2.39, "md": [3.391619565780873], "lower": [3.340148598031115], "upper": [3.574589333997458]}, "9": {"Atom 1": "(1,)", "Atom 2": "(3,)", "NMR exp": 2.6, "lower bound": 0.0, "upper bound": 2.86, "md": [2.483421890258315], "lower": [2.400570562534867], "upper": [2.849218142431447]}, "10": {"Atom 1": "(1,)", "Atom 2": "(5, 6)", "NMR exp": 2.37, "lower bound": 0.0, "upper bound": 3.83, "md": [4.297601034546607, 4.310431751112121], "lower": [3.150187919362026, 3.952789271196304], "upper": [4.3409871836252405, 4.344098516044479]}, "11": {"Atom 1": "(16, 17)", "Atom 2": "(13, 14)", "NMR exp": 1.73, "lower bound": 0.0, "upper bound": 4.19, "md": [1.8640874933155804, 2.9576025326827984, 2.5635920714793565, 1.8848744855263107], "lower": [1.839375954237177, 2.7664759815541236, 2.503485491899673, 1.8570662356113412], "upper": [2.324052853398287, 3.039882639366197, 2.875971544364121, 2.3220460065623976]}, "12": {"Atom 1": "(26,)", "Atom 2": "(28,)", "NMR exp": 2.31, "lower bound": 0.0, "upper bound": 2.54, "md": [2.6260778348112668], "lower": [2.5542438845580575], "upper": [2.9683043790633237]}, "13": {"Atom 1": "(28,)", "Atom 2": "(35, 36, 37, 39, 40, 41)", "NMR exp": 3.23, "lower bound": 0.0, "upper bound": 6.99, "md": [5.5056861650949145, 3.2680068416857906, 1.790930707965247, 2.8458353149572875, 2.6307961792790575, 1.9806769704600016], "lower": [3.40494929466626, 2.498355226109561, 1.7583163201049434, 2.350265098213089, 2.2750911052101905, 1.9250718644075948], "upper": [5.60335589287946, 4.287940797050795, 3.8035128386579835, 4.525892376625257, 4.49482456434197, 4.381974893364976]}, "14": {"Atom 1": "(45,)", "Atom 2": "(50,)", "NMR exp": 2.75, "lower bound": 0.0, "upper bound": 3.02, "md": [4.1401988484908925], "lower": [3.4326818309912803], "upper": [4.194877297137781]}, "15": {"Atom 1": "(45,)", "Atom 2": "(49,)", "NMR exp": 3.02, "lower bound": 0.0, "upper bound": 3.3200000000000003, "md": [2.03212547248238], "lower": [1.950827564508962], "upper": [3.211409668182981]}, "16": {"Atom 1": "(47,)", "Atom 2": "(50,)", "NMR exp": 2.2600000000000002, "lower bound": 0.0, "upper bound": 2.49, "md": [2.945807362496521], "lower": [2.3344267237246816], "upper": [3.0490114301243376]}, "17": {"Atom 1": "(47,)", "Atom 2": "(49,)", "NMR exp": 2.11, "lower bound": 0.0, "upper bound": 2.32, "md": [2.1316869280846125], "lower": [2.058762542305706], "upper": [2.870539549768392]}, "18": {"Atom 1": "(50,)", "Atom 2": "(54, 55)", "NMR exp": 2.6, "lower bound": 0.0, "upper bound": 6.0600000000000005, "md": [3.8246616084678022, 2.598012384726861], "lower": [3.371436810133856, 2.372460516700496], "upper": [4.043157839747867, 3.6430136092973795]}, "19": {"Atom 1": "(49,)", "Atom 2": "(54, 55)", "NMR exp": 3.31, "lower bound": 0.0, "upper bound": 7.11, "md": [4.261517468516176, 1.864100268491492], "lower": [3.186808609532748, 1.817214500529246], "upper": [4.294248859689472, 3.1285595426049086]}, "20": {"Atom 1": "(59,)", "Atom 2": "(63, 64)", "NMR exp": 2.49, "lower bound": 0.0, "upper bound": 3.98, "md": [3.1166268318903527, 2.5516560914640714], "lower": [3.061880536303223, 2.3753350736274985], "upper": [3.7293513901774107, 3.490482410460336]}, "21": {"Atom 1": "(61,)", "Atom 2": "(63, 64)", "NMR exp": 2.08, "lower bound": 0.0, "upper bound": 3.47, "md": [2.1070739841461177, 2.7354449559893013], "lower": [2.0682760223530523, 2.2987647345966407], "upper": [2.6178545461479645, 2.7725580127136404]}}}