{"minimum_sasa": 6.665436763763438, "minimum_psa": 5.419530954360955}