{"single": {"stat": {"0": "MAE", "1": "MSE", "2": "RMSD", "3": "RMSD_step", "4": "pearsonr", "5": "kendalltau", "6": "chisq", "7": "percentage_fulfilled"}, "value": {"0": 0.5744336425216356, "1": 0.5277387085968237, "2": 0.7648279241662382, "3": 0.32730997262811623, "4": 0.37662429263223013, "5": 0.2863347300621277, "6": 5.876180874449877, "7": 0.5909090909090909}, "up": {"0": 0.8095903985237161, "1": 0.7719914639459062, "2": 1.0466137433429812, "3": 0.5216551455151885, "4": 0.7951211972727867, "5": 0.6438395406618225, "6": 11.989529404274881, "7": 0.0}, "low": {"0": 0.38391634068756286, "1": 0.31512311412827265, "2": 0.4805067062817563, "3": 0.12632884573539407, "4": 0.0, "5": 0.0, "6": 2.044311769548586, "7": 0.0}, "most-populated-1": {"0": 0.6165422760356555, "1": 0.5832344722747801, "2": 0.8056899181818111, "3": 0.32730997262811623, "4": NaN, "5": NaN, "6": NaN, "7": 0.6363636363636364}}}