{"22": {"0": {"Atom 1": "(3,)", "Atom 2": "(26,)", "NMR exp": 3.19, "lower bound": 0.0, "upper bound": 3.5100000000000002, "md": [4.4802235136605075], "lower": [4.228051731068772], "upper": [4.802962606949382]}, "1": {"Atom 1": "(3,)", "Atom 2": "(13, 14)", "NMR exp": 1.83, "lower bound": 0.0, "upper bound": 3.16, "md": [4.069861120655954, 4.178148716531342], "lower": [3.924054541115659, 4.0070236664031995], "upper": [4.315973014908171, 4.386176185848511]}, "2": {"Atom 1": "(22,)", "Atom 2": "(26,)", "NMR exp": 2.93, "lower bound": 0.0, "upper bound": 3.22, "md": [3.576270192389652], "lower": [3.483181591962033], "upper": [3.676152670711634]}, "3": {"Atom 1": "(19, 20)", "Atom 2": "(26,)", "NMR exp": 2.73, "lower bound": 0.0, "upper bound": 4.2700000000000005, "md": [2.8358680851165636, 4.115873548529184], "lower": [2.4959266620972596, 3.869096223733128], "upper": [3.3437398886623164, 4.3540315739251545]}, "4": {"Atom 1": "(16, 17)", "Atom 2": "(26,)", "NMR exp": 2.71, "lower bound": 0.0, "upper bound": 4.24, "md": [2.8166238677201707, 4.35813539758048], "lower": [2.463367563791243, 4.066322109479557], "upper": [3.869231078949662, 4.728030018225468]}, "5": {"Atom 1": "(13, 14)", "Atom 2": "(26,)", "NMR exp": 2.63, "lower bound": 0.0, "upper bound": 4.14, "md": [2.9783201480637334, 4.1897350049457645], "lower": [2.6894925360685593, 3.993357928880403], "upper": [3.3751934444745926, 4.438107405591149]}, "6": {"Atom 1": "(47,)", "Atom 2": "(59,)", "NMR exp": 2.57, "lower bound": 0.0, "upper bound": 2.83, "md": [3.0299083018690953], "lower": [2.7810579905506305], "upper": [3.274224336806937]}, "7": {"Atom 1": "(49,)", "Atom 2": "(59,)", "NMR exp": 3.39, "lower bound": 0.0, "upper bound": 3.73, "md": [3.7566381515750655], "lower": [3.4339246214164665], "upper": [4.279976755994886]}, "8": {"Atom 1": "(61,)", "Atom 2": "(1,)", "NMR exp": 2.17, "lower bound": 0.0, "upper bound": 2.39, "md": [3.528439737944214], "lower": [3.4453033535563993], "upper": [3.624978863973531]}, "9": {"Atom 1": "(1,)", "Atom 2": "(3,)", "NMR exp": 2.6, "lower bound": 0.0, "upper bound": 2.86, "md": [2.8211454184752545], "lower": [2.7292389722763115], "upper": [2.913467377416275]}, "10": {"Atom 1": "(1,)", "Atom 2": "(5, 6)", "NMR exp": 2.37, "lower bound": 0.0, "upper bound": 3.83, "md": [3.109462711502792, 3.9344182406173753], "lower": [2.9301927905204392, 3.7281054159592135], "upper": [3.392217222884444, 4.08055865360117]}, "11": {"Atom 1": "(16, 17)", "Atom 2": "(13, 14)", "NMR exp": 1.73, "lower bound": 0.0, "upper bound": 4.19, "md": [2.2891920573151223, 2.8558478714133275, 2.7892650900654674, 2.2853802614967273], "lower": [2.177056302539133, 2.7046053306305873, 2.6647116821885306, 2.1738675898267346], "upper": [2.416315822938614, 2.995548802623689, 2.9581530553474384, 2.413382140751014]}, "12": {"Atom 1": "(26,)", "Atom 2": "(28,)", "NMR exp": 2.31, "lower bound": 0.0, "upper bound": 2.54, "md": [2.9516789967452093], "lower": [2.88582431376312], "upper": [3.016927618343201]}, "13": {"Atom 1": "(28,)", "Atom 2": "(35, 36, 37, 39, 40, 41)", "NMR exp": 3.23, "lower bound": 0.0, "upper bound": 6.99, "md": [2.80117781335149, 2.809119061929882, 2.807821839814038, 3.2863710875473306, 3.272948594395539, 3.2894564086060383], "lower": [2.346725177943109, 2.349738841214424, 2.3491585031478586, 2.5099844626702024, 2.503857464822034, 2.5133030469556132], "upper": [4.151808854031973, 4.152082116625513, 4.153559272900736, 4.581940274342131, 4.577928262084917, 4.579530066958819]}, "14": {"Atom 1": "(45,)", "Atom 2": "(50,)", "NMR exp": 2.75, "lower bound": 0.0, "upper bound": 3.02, "md": [3.3522112315210477], "lower": [2.9060713462289036], "upper": [3.72467842672573]}, "15": {"Atom 1": "(45,)", "Atom 2": "(49,)", "NMR exp": 3.02, "lower bound": 0.0, "upper bound": 3.3200000000000003, "md": [2.976253153421471], "lower": [2.73326067147118], "upper": [3.555248240275122]}, "16": {"Atom 1": "(47,)", "Atom 2": "(50,)", "NMR exp": 2.2600000000000002, "lower bound": 0.0, "upper bound": 2.49, "md": [2.355244152301235], "lower": [2.2124189034214576], "upper": [2.75157102541986]}, "17": {"Atom 1": "(47,)", "Atom 2": "(49,)", "NMR exp": 2.11, "lower bound": 0.0, "upper bound": 2.32, "md": [2.7165997505302757], "lower": [2.429813200671171], "upper": [2.9850094442728405]}, "18": {"Atom 1": "(50,)", "Atom 2": "(54, 55)", "NMR exp": 2.6, "lower bound": 0.0, "upper bound": 6.0600000000000005, "md": [3.5923824130407183, 3.2848759934114087], "lower": [3.2086674219186446, 2.69508280914361], "upper": [3.986140894760408, 3.748082524723283]}, "19": {"Atom 1": "(49,)", "Atom 2": "(54, 55)", "NMR exp": 3.31, "lower bound": 0.0, "upper bound": 7.11, "md": [2.840102573405597, 2.548538483261469], "lower": [2.3258601536117074, 2.2691380444540656], "upper": [3.680022447897217, 3.523022721431566]}, "20": {"Atom 1": "(59,)", "Atom 2": "(63, 64)", "NMR exp": 2.49, "lower bound": 0.0, "upper bound": 3.98, "md": [3.664621638803066, 3.2903322531589874], "lower": [3.5144624264724067, 2.9182479161329353], "upper": [3.8508182404200717, 3.5840739073925563]}, "21": {"Atom 1": "(61,)", "Atom 2": "(63, 64)", "NMR exp": 2.08, "lower bound": 0.0, "upper bound": 3.47, "md": [2.572999911379221, 2.2918633797696213], "lower": [2.454936684286448, 2.188478897270313], "upper": [2.7003971395347333, 2.4166624723032677]}}}