{"trans": {"fulfil": {"best": 0.3333333333333333, "random": [0.16666666666666669, 0.25416666666666665, 0.2708333333333333, 0.24166666666666664, 0.25833333333333336], "low_energy": [0.125, 0.2916666666666667, 0.25, 0.16666666666666666, 0.2916666666666667], "LICUV": [0.3333333333333333, 0.2916666666666667, 0.25, 0.3333333333333333, 0.2916666666666667], "NAMFIS": [0.16666666666666666, 0.2916666666666667, 0.2916666666666667, 0.2916666666666667, 0.2916666666666667]}, "rmsd": {"best": 1.35206877956215, "random": [1.935609849636214, 1.8248938925917355, 1.6763808631000205, 1.749482925030475, 1.6106300455232023], "low_energy": [2.373189951459815, 1.7396491980440834, 1.6245735221711792, 1.5809426302636513, 1.6309902732932051], "LICUV": [1.7137715767728956, 1.6064683810040297, 1.7041188126376374, 1.7273212097282031, 1.643225462022107], "NAMFIS": [1.669257851560995, 1.4835893250454943, 1.5319824128863846, 1.5319824130223831, 1.531982413562272]}, "mae": {"best": 0.9888970373074212, "random": [1.3246373915274936, 1.2154144198961816, 1.128864142847514, 1.1682162289074225, 1.0871424338388642], "low_energy": [1.5422203550736107, 1.0988629976093733, 1.0677350062765205, 1.0443905708707824, 1.0556532858052519], "LICUV": [1.2345160984992978, 1.0902569998086429, 1.1345518777291004, 1.1389643944782832, 1.0819940570334947], "NAMFIS": [1.1042612206935882, 1.0450234508539995, 1.0777366389312846, 1.0777366390216034, 1.077736639345785]}, "bundle-size": [1, 3, 5, 10, 30]}}