{"single": {"fulfil": {"best": 0.7837837837837838, "random": [0.6405405405405407, 0.7054054054054054, 0.7297297297297296, 0.7378378378378379, 0.772972972972973], "low_energy": [0.5405405405405406, 0.5675675675675675, 0.5945945945945946, 0.6486486486486487, 0.7027027027027027], "LICUV": [0.7837837837837838, 0.8918918918918919, 0.8108108108108109, 0.8648648648648649, 0.8108108108108109], "NAMFIS": [0.6756756756756757, 0.8918918918918919, 0.918918918918919, 0.918918918918919, 0.918918918918919]}, "rmsd": {"best": 0.3881146253670783, "random": [0.7749185363528521, 0.5943400064958692, 0.572778517167386, 0.44971838894971616, 0.36722268297094457], "low_energy": [0.8518775889167736, 0.8294320080274644, 0.8472876076321725, 0.7143166120691421, 0.6514861911114392], "LICUV": [0.5472367392697967, 0.3721310318418859, 0.359289921257039, 0.33800328247207817, 0.3609618797669179], "NAMFIS": [0.5045997743248003, 0.3211078722807319, 0.28936615260252524, 0.29217433412578625, 0.2921743338206508]}, "rmsd_stepwise": {"best": 0.19093652546528847, "random": [0.4071130330000021, 0.35655777530032073, 0.31641150555162656, 0.269042443290309, 0.20843364211597928], "low_energy": [0.48005911798106354, 0.39708056232076255, 0.3684848451172464, 0.34142388649634675, 0.2922882694061335], "LICUV": [0.41544180325515134, 0.09446864201587918, 0.31955628020149474, 0.23435939137214948, 0.2836061219939238], "NAMFIS": [0.34841727080412443, 0.16950643773152815, 0.1626636390207088, 0.1626636390207088, 0.1626636390207088]}, "mae": {"best": 0.26824187433397445, "random": [0.5085355276159338, 0.3788501756582141, 0.35353292620823085, 0.3027292271815068, 0.263454980008902], "low_energy": [0.6161525899010735, 0.5414862897844264, 0.5367381377375217, 0.4349694546941298, 0.3948406364755377], "LICUV": [0.39558257541140984, 0.27994664080038956, 0.25644686407085243, 0.24077699022097576, 0.24416465245216065], "NAMFIS": [0.347133198815423, 0.24713036198394298, 0.20022787113883436, 0.204654658880043, 0.2046546587888455]}, "bundle-size": [1, 3, 5, 10, 30]}}