{"single": {"fulfil": {"best": 0.7837837837837838, "random": [0.6108108108108109, 0.7054054054054054, 0.7459459459459461, 0.7567567567567568, 0.7567567567567568], "low_energy": [0.5405405405405406, 0.5675675675675675, 0.5945945945945946, 0.6486486486486487, 0.7027027027027027], "LICUV": [0.7837837837837838, 0.8918918918918919, 0.8108108108108109, 0.8648648648648649, 0.8108108108108109], "NAMFIS": [0.6756756756756757, 0.8918918918918919, 0.918918918918919, 0.918918918918919, 0.918918918918919]}, "rmsd": {"best": 0.3881146253670783, "random": [0.8937991360895948, 0.5117301642213271, 0.47862001746430616, 0.42157969733478706, 0.3727943356248128], "low_energy": [0.8518775889167736, 0.8294320080274644, 0.8472876076321725, 0.7143166120691421, 0.6514861911114392], "LICUV": [0.5472367392697967, 0.3721310318418859, 0.359289921257039, 0.33800328247207817, 0.3609618797669179], "NAMFIS": [0.5045997743248003, 0.3211026562993253, 0.28936838975629764, 0.29217205060495693, 0.2921720502303563]}, "mae": {"best": 0.26824187433397445, "random": [0.5799068328238822, 0.3483467476858571, 0.33529394965516385, 0.291072190249405, 0.2793731786075201], "low_energy": [0.6161525899010735, 0.5414862897844264, 0.5367381377375217, 0.4349694546941298, 0.3948406364755377], "LICUV": [0.39558257541140984, 0.27994664080038956, 0.25644686407085243, 0.24077699022097576, 0.24416465245216065], "NAMFIS": [0.347133198815423, 0.2471230271537177, 0.20021452176404883, 0.20464342497434332, 0.20464342485892026]}, "bundle-size": [1, 3, 5, 10, 30]}}