{"single": {"fulfil": {"best": 0.7837837837837838, "random": [0.6135135135135135, 0.645945945945946, 0.7324324324324324, 0.772972972972973, 0.772972972972973], "low_energy": [0.5405405405405406, 0.5675675675675675, 0.5945945945945946, 0.6486486486486487, 0.7027027027027027], "LICUV": [0.7837837837837838, 0.8918918918918919, 0.8108108108108109, 0.8648648648648649, 0.8108108108108109], "NAMFIS": [0.6756756756756757, 0.8918918918918919, 0.918918918918919, 0.918918918918919, 0.918918918918919]}, "rmsd": {"best": 0.3881146253670783, "random": [0.8283708245509261, 0.7381122480365452, 0.6546175809223053, 0.45304200253585875, 0.33368379746626575], "low_energy": [0.8518775889167736, 0.8294320080274644, 0.8472876076321725, 0.7143166120691421, 0.6514861911114392], "LICUV": [0.5472367392697967, 0.3721310318418859, 0.359289921257039, 0.33800328247207817, 0.3609618797669179], "NAMFIS": [0.5045997743248003, 0.3211072724978256, 0.28937192626820596, 0.29217267578976897, 0.2921726754415944]}, "mae": {"best": 0.26824187433397445, "random": [0.5496848752820812, 0.4523328951834899, 0.36885139607541895, 0.30350783862298975, 0.2518317137269732], "low_energy": [0.6161525899010735, 0.5414862897844264, 0.5367381377375217, 0.4349694546941298, 0.3948406364755377], "LICUV": [0.39558257541140984, 0.27994664080038956, 0.25644686407085243, 0.24077699022097576, 0.24416465245216065], "NAMFIS": [0.347133198815423, 0.24712890330130907, 0.2002211663816643, 0.20464451093138714, 0.20464451082912938]}, "bundle-size": [1, 3, 5, 10, 30]}}