{"single": {"fulfil": {"best": 0.4864864864864865, "random": [0.38378378378378375, 0.3648648648648649, 0.3945945945945946, 0.40540540540540543, 0.39729729729729735], "low_energy": [0.43243243243243246, 0.40540540540540543, 0.40540540540540543, 0.40540540540540543, 0.35135135135135137], "LICUV": [0.4864864864864865, 0.4594594594594595, 0.5405405405405406, 0.4594594594594595, 0.4594594594594595], "NAMFIS": [0.40540540540540543, 0.3783783783783784, 0.40540540540540543, 0.40540540540540543, 0.40540540540540543]}, "rmsd": {"best": 1.5922794021151043, "random": [2.1875980500686447, 2.1519269214326497, 1.9032678728489922, 1.8808822666804752, 1.8469174345193284], "low_energy": [2.2920816722952875, 2.2676505414359878, 2.202186605466206, 1.9811046063448112, 1.8334917512515534], "LICUV": [2.2343253896708877, 2.2278303176434004, 1.9666538094184285, 1.9995737142349743, 1.8212264136516767], "NAMFIS": [1.5922794021151043, 1.5815969757426904, 1.5307595526081519, 1.5307166939263979, 1.5307166904579887]}, "mae": {"best": 1.1815763952925395, "random": [1.5735871284845708, 1.550812859166072, 1.4081381723246635, 1.367811923942796, 1.3577031649927624], "low_energy": [1.519170265713253, 1.5324467999006857, 1.4944320897015335, 1.3921706657951802, 1.3506128074541917], "LICUV": [1.57131835860175, 1.5619368528496007, 1.3384114554518023, 1.4003942083919545, 1.307067756323918], "NAMFIS": [1.1815763952925395, 1.2035761985142244, 1.1706925273499487, 1.1708214909838937, 1.1708214884756778]}, "bundle-size": [1, 3, 5, 10, 30]}}