{"minimum_sasa": 8.185062408447266, "minimum_psa": 6.246551513671875}