{"single": {"fulfil": {"best": 0.87, "random": [0.7859999999999999, 0.8109999999999999, 0.8399999999999999, 0.866, 0.889], "low_energy": [0.75, 0.83, 0.83, 0.87, 0.9], "LICUV": [0.87, 0.88, 0.89, 0.9, 0.92], "NAMFIS": [0.85, 0.9, 0.89, 0.89, 0.89]}, "rmsd": {"best": 1.1729069548713307, "random": [1.6848430265127057, 1.477314770121826, 1.269210287201884, 1.1733782590679014, 0.9985303480676875], "low_energy": [2.0082631311958776, 1.1286482480847304, 1.194477161994844, 1.0636862194885193, 0.9447742304871483], "LICUV": [1.6846360617140188, 1.3993352827386063, 1.0298450014730751, 0.8554390240014222, 0.8709861044097489], "NAMFIS": [1.1987344512514237, 0.8625691664970134, 0.8323117606956384, 0.8309338797399041, 0.8309338797413393]}, "rmsd_stepwise": {"best": 0.5599999999999999, "random": [0.7183809652538509, 0.6901735289699727, 0.6368312777416557, 0.5856654883356811, 0.5323744314148611], "low_energy": [0.7746612162745723, 0.6511528238439881, 0.6511528238439881, 0.5768882040742381, 0.5059644256269406], "LICUV": [0.5768882040742381, 0.5542562584220406, 0.5306599664568639, 0.5059644256269406, 0.4525483399593903], "NAMFIS": [0.5838664230797999, 0.49477267507411915, 0.5199999999999999, 0.5199999999999999, 0.5199999999999999]}, "mae": {"best": 0.7927046513557431, "random": [1.0658232996463775, 0.9953325272854142, 0.9022240434488331, 0.8728365932133523, 0.7952306194326484], "low_energy": [1.1931913876533506, 0.8506402622218949, 0.9198603880133913, 0.8378301927179698, 0.7512024070832156], "LICUV": [1.0120787501335142, 0.9049439250804069, 0.7527073011595798, 0.6666729645281865, 0.6955642100692763], "NAMFIS": [0.8403854751586912, 0.6992492510873731, 0.664535415937155, 0.6637160884112084, 0.6637160884123088]}, "bundle-size": [1, 3, 5, 10, 30]}}