{"single": {"fulfil": {"best": 0.6818181818181818, "random": [0.49090909090909085, 0.6318181818181816, 0.7181818181818183, 0.759090909090909, 0.7727272727272727], "low_energy": [0.5454545454545454, 0.6363636363636364, 0.5909090909090909, 0.7272727272727273, 0.7727272727272727], "LICUV": [0.6818181818181818, 0.6363636363636364, 0.7272727272727273, 0.6818181818181818, 0.8636363636363636], "NAMFIS": [0.5454545454545454, 0.7272727272727273, 0.8181818181818182, 0.8181818181818182, 0.8181818181818182]}, "rmsd": {"best": 0.30653580546905546, "random": [0.48000957220178836, 0.34134553426171116, 0.29563187622667864, 0.24434658571894716, 0.22927219970981735], "low_energy": [0.4645683126871079, 0.3278094509733002, 0.3369758121901325, 0.29234599816377305, 0.25295081385631585], "LICUV": [0.3545484261433835, 0.3316494093608894, 0.2701501221758485, 0.2754549579919812, 0.2214871228881701], "NAMFIS": [0.4649174612191028, 0.24280814360810912, 0.19823180800569196, 0.18670863368509047, 0.18610548478097988]}, "mae": {"best": 0.25323364734649645, "random": [0.3805643360398031, 0.25637066372223644, 0.22588355694533982, 0.18038732382844508, 0.1682792730174654], "low_energy": [0.3601357581398703, 0.2725007241703064, 0.27585031768173873, 0.22664597412902496, 0.2054270086165413], "LICUV": [0.29211492018266144, 0.24434290131780353, 0.18703061308937574, 0.21383084207247768, 0.16597388540353045], "NAMFIS": [0.3484476275877518, 0.19217624593455876, 0.1417699803246683, 0.13069841914349326, 0.12904136831073543]}, "bundle-size": [1, 3, 5, 10, 30]}}