{"single": {"fulfil": {"best": 0.6818181818181818, "random": [0.5045454545454546, 0.65, 0.7000000000000001, 0.759090909090909, 0.7909090909090909], "low_energy": [0.5454545454545454, 0.6363636363636364, 0.5909090909090909, 0.7272727272727273, 0.7727272727272727], "LICUV": [0.6818181818181818, 0.6363636363636364, 0.7272727272727273, 0.6818181818181818, 0.8636363636363636], "NAMFIS": [0.5454545454545454, 0.7272727272727273, 0.8181818181818182, 0.8181818181818182, 0.8181818181818182]}, "rmsd": {"best": 0.30653580546905546, "random": [0.5031354915247532, 0.3601197630724444, 0.31345549235577347, 0.26813019353433326, 0.22442501074890125], "low_energy": [0.4645683126871079, 0.3278094509733002, 0.3369758121901325, 0.29234599816377305, 0.25295081385631585], "LICUV": [0.3545484261433835, 0.3316494093608894, 0.2701501221758485, 0.2754549579919812, 0.2214871228881701], "NAMFIS": [0.4649174612191028, 0.24281525841066448, 0.1982451636964437, 0.1867206120062137, 0.1861121789304315]}, "rmsd_stepwise": {"best": 0.14389074137881647, "random": [0.3522601803927349, 0.23198668864901612, 0.18738756704811793, 0.14523460784728706, 0.10835834125370725], "low_energy": [0.17520118305951743, 0.3009681348279551, 0.30860389439597746, 0.13360389215887386, 0.11222947271307367], "LICUV": [0.1962720746125828, 0.39297235618714027, 0.2897098862341742, 0.29457210878276857, 0.08314827937868809], "NAMFIS": [0.3934982961728158, 0.3059708839386222, 0.17042727054510542, 0.17042727054510542, 0.17042727054510542]}, "mae": {"best": 0.25323364734649645, "random": [0.38234367292577554, 0.2640840670780569, 0.23027813998372385, 0.20081233512894103, 0.16264631805059068], "low_energy": [0.3601357581398703, 0.2725007241703064, 0.27585031768173873, 0.22664597412902496, 0.2054270086165413], "LICUV": [0.29211492018266144, 0.24434290131780353, 0.18703061308937574, 0.21383084207247768, 0.16597388540353045], "NAMFIS": [0.3484476275877518, 0.19218341311696702, 0.1417950623110096, 0.13071484419722876, 0.12905518085360546]}, "bundle-size": [1, 3, 5, 10, 30]}}