{"single": {"fulfil": {"best": 0.4090909090909091, "random": [0.25909090909090904, 0.2954545454545454, 0.2863636363636363, 0.2772727272727272, 0.28181818181818175], "low_energy": [0.22727272727272727, 0.2727272727272727, 0.2727272727272727, 0.2727272727272727, 0.2727272727272727], "LICUV": [0.4090909090909091, 0.36363636363636365, 0.36363636363636365, 0.3181818181818182, 0.3181818181818182], "NAMFIS": [0.3181818181818182, 0.3181818181818182, 0.3181818181818182, 0.3181818181818182, 0.3181818181818182]}, "rmsd": {"best": 1.4852442833374524, "random": [2.0722362663602154, 1.892975240406536, 1.7895997987550056, 1.7982373382114598, 1.7151718594689171], "low_energy": [1.9225110126467566, 1.7606150527630273, 1.7783815287846045, 1.702527505027818, 1.663403119093631], "LICUV": [2.014213928004689, 1.676258576882689, 1.6490348071020555, 1.627070886253622, 1.5693461066859173], "NAMFIS": [1.4852442833374524, 1.4077064918124087, 1.4077064917951254, 1.4077064917909532, 1.4077064917829947]}, "mae": {"best": 1.079604653445157, "random": [1.5123166313604872, 1.3727889186884097, 1.3109168997889387, 1.3259999454500573, 1.2758548381384769], "low_energy": [1.474882742058147, 1.3289042120849812, 1.3394450560630071, 1.279032797483004, 1.2509307033321393], "LICUV": [1.4132064728303384, 1.194203022948706, 1.1841477197139099, 1.1557882705615472, 1.12751850632568], "NAMFIS": [1.079604653445157, 1.029668174563984, 1.0296681745545126, 1.0296681745574459, 1.0296681745777914]}, "bundle-size": [1, 3, 5, 10, 30]}}