{"single": {"fulfil": {"best": 0.6818181818181818, "random": [0.4999999999999999, 0.6681818181818182, 0.7454545454545455, 0.7636363636363636, 0.7863636363636364], "low_energy": [0.5454545454545454, 0.6363636363636364, 0.5909090909090909, 0.7272727272727273, 0.7727272727272727], "LICUV": [0.6818181818181818, 0.6363636363636364, 0.7272727272727273, 0.6818181818181818, 0.8636363636363636], "NAMFIS": [0.5454545454545454, 0.7272727272727273, 0.8181818181818182, 0.8181818181818182, 0.8181818181818182]}, "rmsd": {"best": 0.30653580546905546, "random": [0.5080846845025416, 0.3255463499823739, 0.28615939197017387, 0.25398843834111406, 0.231117045486319], "low_energy": [0.4645683126871079, 0.3278094509733002, 0.3369758121901325, 0.29234599816377305, 0.25295081385631585], "LICUV": [0.3545484261433835, 0.3316494093608894, 0.2701501221758485, 0.2754549579919812, 0.2214871228881701], "NAMFIS": [0.4649174612191028, 0.24280488030615258, 0.19823091298392947, 0.18671231328062693, 0.1861145220519974]}, "mae": {"best": 0.25323364734649645, "random": [0.40240622802214177, 0.24440994769815175, 0.212736002046323, 0.18439622745618567, 0.16967055511410248], "low_energy": [0.3601357581398703, 0.2725007241703064, 0.27585031768173873, 0.22664597412902496, 0.2054270086165413], "LICUV": [0.29211492018266144, 0.24434290131780353, 0.18703061308937574, 0.21383084207247768, 0.16597388540353045], "NAMFIS": [0.3484476275877518, 0.19217631501181295, 0.14176927992499935, 0.130688554868155, 0.12906934059775554]}, "bundle-size": [1, 3, 5, 10, 30]}}