{"minimum_sasa": 7.509432792663574, "minimum_psa": 6.058775424957275}