{"single": {"fulfil": {"best": 0.7441860465116279, "random": [0.5906976744186047, 0.6023255813953489, 0.6348837209302326, 0.6209302325581396, 0.6302325581395349], "low_energy": [0.6046511627906976, 0.6511627906976745, 0.627906976744186, 0.6511627906976745, 0.5581395348837209], "LICUV": [0.7441860465116279, 0.6511627906976745, 0.6744186046511628, 0.6744186046511628, 0.6046511627906976], "NAMFIS": [0.5348837209302325, 0.5348837209302325, 0.5348837209302325, 0.5348837209302325, 0.5348837209302325]}, "rmsd": {"best": 0.8863999722237645, "random": [1.1084629191899364, 0.9006455624871526, 0.8762639135548305, 0.8376001258737308, 0.8017128382891521], "low_energy": [1.057056046527868, 0.9035616860339284, 0.8687963138602591, 0.8549143377490203, 0.7946352645493168], "LICUV": [0.9915640162989726, 0.839297352667235, 0.8311955290141324, 0.7967212736965, 0.79686621583591], "NAMFIS": [0.9941848719501009, 0.9645643213254881, 0.9645643203577788, 0.9645643186630697, 0.9645643122620722]}, "rmsd_stepwise": {"best": 0.23187807541996103, "random": [0.39548456945469146, 0.3974274213085661, 0.4054763647364834, 0.4172382949803731, 0.4393062664213911], "low_energy": [0.31478305560023917, 0.3071966266772155, 0.36815694327789195, 0.3127410698072545, 0.4232405440639341], "LICUV": [0.36079047581922186, 0.3740009948998084, 0.42039571612890503, 0.36819800032300626, 0.4733306037698347], "NAMFIS": [0.4708675812473901, 0.4708675812473901, 0.4708675812473901, 0.4708675812473901, 0.4708675812473901]}, "mae": {"best": 0.4846028608499571, "random": [0.70412380521242, 0.5001454303898855, 0.46384920613009906, 0.4307581613149532, 0.3957074080769267], "low_energy": [0.6253040378038272, 0.4913093870091558, 0.4647496672145724, 0.44077053954779694, 0.39546802804103987], "LICUV": [0.5142578405557676, 0.43545606104518664, 0.4311380075902154, 0.3898926449909053, 0.38378618300470957], "NAMFIS": [0.6374985910016436, 0.6061153184592393, 0.6061153174862789, 0.6061153159275975, 0.6061153104307495]}, "bundle-size": [1, 3, 5, 10, 30]}}