{"single": {"fulfil": {"best": 0.6705882352941176, "random": [0.5770588235294116, 0.611764705882353, 0.6205882352941177, 0.6305882352941177, 0.6364705882352941], "low_energy": [0.5823529411764706, 0.6176470588235294, 0.5941176470588235, 0.6176470588235294, 0.6176470588235294], "LICUV": [0.6705882352941176, 0.7058823529411765, 0.7294117647058823, 0.7294117647058823, 0.711764705882353], "NAMFIS": [0.5823529411764706, 0.5705882352941176, 0.5529411764705883, 0.5705882352941176, 0.5470588235294118]}, "rmsd": {"best": 1.9948725293922231, "random": [2.5936946680921897, 2.0964912063577534, 2.023346979705635, 1.8675934114997776, 1.6573145420088173], "low_energy": [2.4532699833670795, 2.0697472645891355, 2.0844667891110906, 1.9877406103563353, 1.7640261702072388], "LICUV": [2.047667166141651, 1.852543816791064, 1.6452528820909136, 1.58054708846181, 1.4621143895493696], "NAMFIS": [2.3422250440437975, 2.171204780057618, 2.1495453632375203, 2.1486597101353557, 2.1505192144012564]}, "mae": {"best": 1.3989028250469875, "random": [1.7806722286869494, 1.4901864366015345, 1.4306419161166737, 1.3528142696071956, 1.2285772948544076], "low_energy": [1.7276339860523442, 1.4577787183574384, 1.5058144851698267, 1.4003264612066042, 1.323510517566673], "LICUV": [1.400514747114742, 1.251550421133218, 1.1514428661755334, 1.107080488420525, 1.057513518515423], "NAMFIS": [1.693883710749009, 1.593039006810153, 1.6008665867066785, 1.6178276420528344, 1.6149322362145193]}, "bundle-size": [1, 3, 5, 10, 30]}}