{"sasa": {"55": 14.075117149353048, "56": 13.244006891250617, "57": 9.403424034118615, "58": 9.476914978027363, "59": 9.9124875354767, "60": 10.559377975463875, "61": 11.949298877716053, "62": 12.302966270446817, "63": 9.378706245422329, "64": 11.396311283111583, "65": 14.305528259277324, "66": 9.5849455165863, "68": 12.695978641509978, "1_1": 9.558506622314425, "1_2": 9.640419483184772, "22": 6.939392929077144, "24": 8.095712623596189, "27": 8.515050354003911, "28": 8.577916836738567, "29": 8.448779082298266, "30": 8.351588659286474, "31": 8.375095934867836, "32": 8.263369894027715, "33": 7.88688085556031, "35": 8.64225145339966, "36": 7.701424088478091, "38": 8.738093023300152, "39": 9.067142171859727, "40": 8.364619970321655, "41": 8.332840995788562, "42": 8.884788632392906, "49": 7.780493474006663, "50": 8.037774620056151, "51": 5.904734935760504, "52": 7.272630119323754}, "psa": {"55": 12.369244709014836, "56": 9.634932670593248, "57": 8.33336577415466, "58": 8.549715461730953, "59": 8.934597492218018, "60": 10.177890796661345, "61": 10.085694150924686, "62": 11.257709693908687, "63": 8.056724071502668, "64": 9.90995068550107, "65": 11.43556224823002, "66": 8.459237136840816, "68": 11.327982301712076, "1_1": 4.300688161849983, "1_2": 4.3358959555625916, "22": 5.2853349685669, "24": 6.315718927383408, "27": 6.350866813659636, "28": 6.244697642326343, "29": 6.258973550796519, "30": 6.128831672668461, "31": 6.273666000366225, "32": 6.123677120208733, "33": 6.206772103309621, "35": 7.372118844985984, "36": 6.2495886802673475, "38": 6.770660023689268, "39": 7.180066804885833, "40": 7.250122776031489, "41": 7.0894848346710155, "42": 7.313891024589563, "49": 5.703668274879465, "50": 6.00853623390199, "51": 4.030945243835452, "52": 5.00945997714995}}