{"RMSD": {"value": {"5ead922859f5c96d-55_single": 0.6367809107214436, "eff35c6c3e18f0a3-56_single": 0.893306701936269, "5dc9eaf6e041f3f2-57_single": 1.0275977816584871, "f9df090456539245-58_single": 0.9478973321238335, "cc9e4f8eb83eb5e7-59_single": 0.8518657453104627, "36cc5f966dea67cb-60_single": 1.0135211093995975, "167326bf49040dbd-61_single": 1.1927771088333396, "474e13185acfa1a8-62_single": 0.8140445966064057, "8db033dcdd7bf626-63_single": 1.1811036825125771, "811158a8b531154d-64_single": 1.194363846325554, "45750abf2112f0e2-65_single": 1.2372345499332031, "8b69117d53937901-66_single": 1.2902162697836617, "11a7fb1e6aad7905-68_single": 0.8655397581799613, "f2825d3690a271d0-1_1_single": 0.27415639562264227, "421b10c8566b49cb-1_2_single": 0.3615751620995413, "79804846e6901cf6-22_single": 0.8128999246625285, "2f45361261b805e5-24_trans": 1.1509150518244258, "334abba1d29a4378-27_single": 0.5592577541120208, "74633fb83c0d5f89-28_single": 0.49645101295689376, "c4209a995bd14e57-29_single": 0.6204023834297856, "126bbd887309df40-30_single": 0.6996460311078699, "d1d453ef88c14913-31_single": 0.5140914708234909, "fa08f684840cbc89-32_single": 0.6247247539367264, "a03586fd58d627cd-33_single": 0.872170785124032, "ae86721015402cfa-35_single": 0.6704443817706397, "13607ce653c1715e-36_single": 0.2606017280766182, "439e771e612e69f6-38_single": 0.7592054915922472, "30d5ac208620d9ce-39_single": 0.5667234039907985, "4e7bd481d58354ec-40_single": 0.9289237190825659, "152ec36e3269fbd5-41_single": 0.632895192257853, "e3a36fd0612b2ce3-42_single": 0.5302836049060237, "b0163eba7e6d9b80-49_trans": 0.62598796165135, "4b93d27539017144-50_trans": 0.3857318471862661, "26e5e96f1ec47099-51_single": 0.4236641642228154, "777fb4f8db256554-52_cis": 0.45702024311005246}}, "MAE": {"value": {"5ead922859f5c96d-55_single": 0.4708736472922214, "eff35c6c3e18f0a3-56_single": 0.4808951565507503, "5dc9eaf6e041f3f2-57_single": 0.8813456776486164, "f9df090456539245-58_single": 0.768763671069283, "cc9e4f8eb83eb5e7-59_single": 0.6776081379979435, "36cc5f966dea67cb-60_single": 0.7908681764431248, "167326bf49040dbd-61_single": 0.8268107732352423, "474e13185acfa1a8-62_single": 0.6671149863580358, "8db033dcdd7bf626-63_single": 0.9832555707923445, "811158a8b531154d-64_single": 0.880442637785372, "45750abf2112f0e2-65_single": 1.0816051150025598, "8b69117d53937901-66_single": 1.1249389201456523, "11a7fb1e6aad7905-68_single": 0.7170311439300086, "f2825d3690a271d0-1_1_single": 0.2093344188594614, "421b10c8566b49cb-1_2_single": 0.26526811285804824, "79804846e6901cf6-22_single": 0.6176054393740255, "2f45361261b805e5-24_trans": 0.6703512170835707, "334abba1d29a4378-27_single": 0.40573430522059384, "74633fb83c0d5f89-28_single": 0.3298796655111532, "c4209a995bd14e57-29_single": 0.4424219095921496, "126bbd887309df40-30_single": 0.43761045606005783, "d1d453ef88c14913-31_single": 0.35741151566095963, "fa08f684840cbc89-32_single": 0.4163032831626371, "a03586fd58d627cd-33_single": 0.6009898871581439, "ae86721015402cfa-35_single": 0.31533214688143596, "13607ce653c1715e-36_single": 0.19877138091753335, "439e771e612e69f6-38_single": 0.46498349533320604, "30d5ac208620d9ce-39_single": 0.3709278986347745, "4e7bd481d58354ec-40_single": 0.5854651489577614, "152ec36e3269fbd5-41_single": 0.4085417708372778, "e3a36fd0612b2ce3-42_single": 0.37762315547994296, "b0163eba7e6d9b80-49_trans": 0.4108895278835223, "4b93d27539017144-50_trans": 0.2729973937466233, "26e5e96f1ec47099-51_single": 0.35184672141984963, "777fb4f8db256554-52_cis": 0.3378294072282443}}, "percentage_fulfilled": {"value": {"5ead922859f5c96d-55_single": 0.5294117647058824, "eff35c6c3e18f0a3-56_single": 0.5581395348837209, "5dc9eaf6e041f3f2-57_single": 0.9027777777777778, "f9df090456539245-58_single": 0.8125, "cc9e4f8eb83eb5e7-59_single": 0.9, "36cc5f966dea67cb-60_single": 0.9090909090909091, "167326bf49040dbd-61_single": 0.8351648351648352, "474e13185acfa1a8-62_single": 0.9303482587064676, "8db033dcdd7bf626-63_single": 0.7121212121212122, "811158a8b531154d-64_single": 0.87, "45750abf2112f0e2-65_single": 0.7475728155339806, "8b69117d53937901-66_single": 0.6808510638297872, "11a7fb1e6aad7905-68_single": 0.9302325581395349, "f2825d3690a271d0-1_1_single": 1.0, "421b10c8566b49cb-1_2_single": 1.0, "79804846e6901cf6-22_single": 0.5909090909090909, "2f45361261b805e5-24_trans": 0.8478260869565217, "334abba1d29a4378-27_single": 0.36, "74633fb83c0d5f89-28_single": 0.53125, "c4209a995bd14e57-29_single": 0.3548387096774194, "126bbd887309df40-30_single": 0.3333333333333333, "d1d453ef88c14913-31_single": 0.52, "fa08f684840cbc89-32_single": 0.3125, "a03586fd58d627cd-33_single": 0.375, "ae86721015402cfa-35_single": 0.6551724137931034, "13607ce653c1715e-36_single": 0.6363636363636364, "439e771e612e69f6-38_single": 0.6, "30d5ac208620d9ce-39_single": 0.6774193548387096, "4e7bd481d58354ec-40_single": 0.5517241379310345, "152ec36e3269fbd5-41_single": 0.7027027027027027, "e3a36fd0612b2ce3-42_single": 0.5862068965517241, "b0163eba7e6d9b80-49_trans": 0.4583333333333333, "4b93d27539017144-50_trans": 0.5238095238095238, "26e5e96f1ec47099-51_single": 0.55, "777fb4f8db256554-52_cis": 1.0}}, "RMSD_stepwise": {"value": {"5ead922859f5c96d-55_single": 0.23436397032870745, "eff35c6c3e18f0a3-56_single": 0.4765818214725983, "5dc9eaf6e041f3f2-57_single": 0.4830458915396479, "f9df090456539245-58_single": 0.6558629811172451, "cc9e4f8eb83eb5e7-59_single": 0.3969738471160507, "36cc5f966dea67cb-60_single": 0.4573888339854235, "167326bf49040dbd-61_single": 0.6019200049073732, "474e13185acfa1a8-62_single": 0.40303574400451575, "8db033dcdd7bf626-63_single": 0.8485281374238569, "811158a8b531154d-64_single": 0.5670978751503128, "45750abf2112f0e2-65_single": 0.7693144091944298, "8b69117d53937901-66_single": 0.9038922925856512, "11a7fb1e6aad7905-68_single": 0.3931092516348733, "f2825d3690a271d0-1_1_single": 0.0, "421b10c8566b49cb-1_2_single": 0.0, "79804846e6901cf6-22_single": 0.3225537305487399, "2f45361261b805e5-24_trans": 0.13622232467231807, "334abba1d29a4378-27_single": 0.20636860226303802, "74633fb83c0d5f89-28_single": 0.15555344740634966, "c4209a995bd14e57-29_single": 0.1667816807453926, "126bbd887309df40-30_single": 0.18614917445832296, "d1d453ef88c14913-31_single": 0.08892693630166282, "fa08f684840cbc89-32_single": 0.14473035272533538, "a03586fd58d627cd-33_single": 0.1859771491339729, "ae86721015402cfa-35_single": 0.2934103869538599, "13607ce653c1715e-36_single": 0.1557387089151103, "439e771e612e69f6-38_single": 0.29238673020504885, "30d5ac208620d9ce-39_single": 0.14574613368412553, "4e7bd481d58354ec-40_single": 0.38737845702299617, "152ec36e3269fbd5-41_single": 0.252351106756204, "e3a36fd0612b2ce3-42_single": 0.4392980293840273, "b0163eba7e6d9b80-49_trans": 0.10606110660055043, "4b93d27539017144-50_trans": 0.049521520093601265, "26e5e96f1ec47099-51_single": 0.23599258462926326, "777fb4f8db256554-52_cis": 0.0}}}