{"RMSD": {"value": {"beed838cced5_noe-22_single": 0.6606351758365747, "9d44aa267024_noe-55_single": 0.6524733236535579, "26e1ba562237_noe-56_single": 0.9163325347305971, "e40b82354fab_noe-57_single": 1.0662144006974386, "2f62493cc5af_noe-58_single": 0.8884435062628627, "beb490ee4833_noe-59_single": 0.935647284216494, "c1e1311c2792_noe-60_single": 1.2034454876123566, "cfcd53f488df_noe-61_single": 1.1345375385254095, "9ab42cf3819c_noe-62_single": 0.8738374432350061, "194ff18a9e75_noe-63_single": 1.2016070430490067, "7e4b3e032de2_noe-64_single": 1.1130739154243552, "fe71946f4dd7_noe-65_single": 1.2360562721697153, "df1820fd3dd0_noe-66_single": 1.4014453869110786, "79da84da7836_noe-68_single": 1.1458744637314235, "e06a52efb84d_noe-1_1_single": 0.49250339546351485, "70a3bee4327e_noe-1_2_single": 1.0470910360464973, "ca5a0bbb1937_noe-24_cis": 0.8292293320463376, "ca5a0bbb1937_noe-24_trans": 1.089636404566778, "52e2914a062f_noe-27_single": 0.785518102836665, "f70b2b786682_noe-28_single": 0.42592493590339064, "506b6744c831_noe-29_single": 0.42986788664332376, "5feb935887fb_noe-30_single": 0.5251647110270619, "1adf7ab73336_noe-31_single": 0.33907018610719514, "ccb0b36736bf_noe-32_single": 0.5638319853080057, "d5c825a5a7e9_noe-33_single": 0.5871980081300702, "b58bd327078d_noe-35_single": 0.46140662073445293, "6b191b7a46f2_noe-36_single": 0.4788717462765387, "6072a28ef51e_noe-38_single": 0.6598399718131704, "33ebde708f87_noe-39_single": 0.3085649040279195, "f25d2ed9c22a_noe-40_single": 0.5281847717871578, "f5b571b6109b_noe-41_single": 0.5361251382507929, "188bbd583ece_noe-42_single": 0.49092877812543306, "caea6ecd1712_noe-49_trans": 0.6480707161359607, "e3dc4525e24d_noe-50_trans": 0.5487482900692376, "dcde9c03b8b1_noe-51_single": 0.5432381308158871, "32301cb44666_noe-52_cis": 0.5205298209429952, "32301cb44666_noe-52_trans": 0.48974113312242, "74d4866a27a1_noe-22_single": 0.7380710756707154}}, "MAE": {"value": {"beed838cced5_noe-22_single": 0.51190577617281, "9d44aa267024_noe-55_single": 0.47286624927712895, "26e1ba562237_noe-56_single": 0.5198651916983605, "e40b82354fab_noe-57_single": 0.8428091419915335, "2f62493cc5af_noe-58_single": 0.7018178965458022, "beb490ee4833_noe-59_single": 0.7283629496504384, "c1e1311c2792_noe-60_single": 0.9133776453108017, "cfcd53f488df_noe-61_single": 0.8334711326003584, "9ab42cf3819c_noe-62_single": 0.720746539269327, "194ff18a9e75_noe-63_single": 1.0095462999167635, "7e4b3e032de2_noe-64_single": 0.8820532148155102, "fe71946f4dd7_noe-65_single": 1.0517248832467059, "df1820fd3dd0_noe-66_single": 1.2446538752185303, "79da84da7836_noe-68_single": 0.931299369227285, "e06a52efb84d_noe-1_1_single": 0.3567426285855204, "70a3bee4327e_noe-1_2_single": 0.8201243663582853, "ca5a0bbb1937_noe-24_cis": 0.637150930398918, "ca5a0bbb1937_noe-24_trans": 0.8088326905712387, "52e2914a062f_noe-27_single": 0.6249383027563264, "f70b2b786682_noe-28_single": 0.3448731096071417, "506b6744c831_noe-29_single": 0.319556310505745, "5feb935887fb_noe-30_single": 0.3890019569924639, "1adf7ab73336_noe-31_single": 0.2683275679003423, "ccb0b36736bf_noe-32_single": 0.4119816862075998, "d5c825a5a7e9_noe-33_single": 0.4985196134199694, "b58bd327078d_noe-35_single": 0.3248971715587519, "6b191b7a46f2_noe-36_single": 0.31568452408159425, "6072a28ef51e_noe-38_single": 0.48001357836711345, "33ebde708f87_noe-39_single": 0.22756402206976514, "f25d2ed9c22a_noe-40_single": 0.36376970383444723, "f5b571b6109b_noe-41_single": 0.3078655773779373, "188bbd583ece_noe-42_single": 0.33339667658795097, "caea6ecd1712_noe-49_trans": 0.4942002129059359, "e3dc4525e24d_noe-50_trans": 0.4420586198335907, "dcde9c03b8b1_noe-51_single": 0.38464308826031857, "32301cb44666_noe-52_cis": 0.42870616811866163, "32301cb44666_noe-52_trans": 0.4173585635563553, "74d4866a27a1_noe-22_single": 0.5067578617922689}}, "percentage_fulfilled": {"value": {"beed838cced5_noe-22_single": 0.6363636363636364, "9d44aa267024_noe-55_single": 0.5588235294117647, "26e1ba562237_noe-56_single": 0.4418604651162791, "e40b82354fab_noe-57_single": 0.7638888888888888, "2f62493cc5af_noe-58_single": 0.859375, "beb490ee4833_noe-59_single": 0.8352941176470589, "c1e1311c2792_noe-60_single": 0.8636363636363636, "cfcd53f488df_noe-61_single": 0.8791208791208791, "9ab42cf3819c_noe-62_single": 0.9154228855721394, "194ff18a9e75_noe-63_single": 0.7121212121212122, "7e4b3e032de2_noe-64_single": 0.84, "fe71946f4dd7_noe-65_single": 0.7281553398058253, "df1820fd3dd0_noe-66_single": 0.7021276595744681, "79da84da7836_noe-68_single": 0.7441860465116279, "e06a52efb84d_noe-1_1_single": 0.9375, "70a3bee4327e_noe-1_2_single": 0.8125, "ca5a0bbb1937_noe-24_cis": 0.8205128205128205, "ca5a0bbb1937_noe-24_trans": 0.8478260869565217, "52e2914a062f_noe-27_single": 0.2, "f70b2b786682_noe-28_single": 0.40625, "506b6744c831_noe-29_single": 0.3548387096774194, "5feb935887fb_noe-30_single": 0.42424242424242425, "1adf7ab73336_noe-31_single": 0.44, "ccb0b36736bf_noe-32_single": 0.15625, "d5c825a5a7e9_noe-33_single": 0.16666666666666666, "b58bd327078d_noe-35_single": 0.41379310344827586, "6b191b7a46f2_noe-36_single": 0.6363636363636364, "6072a28ef51e_noe-38_single": 0.45, "33ebde708f87_noe-39_single": 0.7419354838709677, "f25d2ed9c22a_noe-40_single": 0.5862068965517241, "f5b571b6109b_noe-41_single": 0.7297297297297297, "188bbd583ece_noe-42_single": 0.7586206896551724, "caea6ecd1712_noe-49_trans": 0.2916666666666667, "e3dc4525e24d_noe-50_trans": 0.3333333333333333, "dcde9c03b8b1_noe-51_single": 0.65, "32301cb44666_noe-52_cis": 0.8888888888888888, "32301cb44666_noe-52_trans": 0.9, "74d4866a27a1_noe-22_single": 0.7727272727272727}}, "RMSD_stepwise": {"value": {"beed838cced5_noe-22_single": 0.3188045853440061, "9d44aa267024_noe-55_single": 0.26499167578490856, "26e1ba562237_noe-56_single": 0.5883065962258036, "e40b82354fab_noe-57_single": 0.7571877794400363, "2f62493cc5af_noe-58_single": 0.5245533814589322, "beb490ee4833_noe-59_single": 0.5568292588661372, "c1e1311c2792_noe-60_single": 0.557592226370751, "cfcd53f488df_noe-61_single": 0.4997801714556308, "9ab42cf3819c_noe-62_single": 0.4223247671581952, "194ff18a9e75_noe-63_single": 0.8584693919818553, "7e4b3e032de2_noe-64_single": 0.6311893535223799, "fe71946f4dd7_noe-65_single": 0.8077296481286417, "df1820fd3dd0_noe-66_single": 0.8732429166557044, "79da84da7836_noe-68_single": 0.7534417154662004, "e06a52efb84d_noe-1_1_single": 0.21500000000000008, "70a3bee4327e_noe-1_2_single": 0.26457040650836217, "ca5a0bbb1937_noe-24_cis": 0.11475726891674783, "ca5a0bbb1937_noe-24_trans": 0.13622232467231807, "52e2914a062f_noe-27_single": 0.197251108995615, "f70b2b786682_noe-28_single": 0.18064986853025938, "506b6744c831_noe-29_single": 0.24081849677110925, "5feb935887fb_noe-30_single": 0.127148207485071, "1adf7ab73336_noe-31_single": 0.11948221624995074, "ccb0b36736bf_noe-32_single": 0.17467827569563416, "d5c825a5a7e9_noe-33_single": 0.20165977949672229, "b58bd327078d_noe-35_single": 0.46876948235375443, "6b191b7a46f2_noe-36_single": 0.17030720905042582, "6072a28ef51e_noe-38_single": 0.5977645857693479, "33ebde708f87_noe-39_single": 0.35623026261113755, "f25d2ed9c22a_noe-40_single": 0.43588198339490464, "f5b571b6109b_noe-41_single": 0.3484599321648392, "188bbd583ece_noe-42_single": 0.33611882135483806, "caea6ecd1712_noe-49_trans": 0.21913893994450193, "e3dc4525e24d_noe-50_trans": 0.11547005383792519, "dcde9c03b8b1_noe-51_single": 0.17041860227099626, "32301cb44666_noe-52_cis": 0.2877112750272012, "32301cb44666_noe-52_trans": 0.31622776601683794, "74d4866a27a1_noe-22_single": 0.3042053732117648}}}