{"RMSD": {"value": {"583fbeed838cced5-22_single": 0.6606351758365747, "28159d44aa267024-55_single": 0.6524733236535579, "250c26e1ba562237-56_single": 0.9163325347305971, "12cee40b82354fab-57_single": 1.0662144006974386, "d6072f62493cc5af-58_single": 0.8884435062628627, "39f5beb490ee4833-59_single": 0.935647284216494, "610cc1e1311c2792-60_single": 1.2034454876123566, "5061cfcd53f488df-61_single": 1.1345375385254095, "ed2e9ab42cf3819c-62_single": 0.8738374432350061, "d3aa194ff18a9e75-63_single": 1.2016070430490067, "eab37e4b3e032de2-64_single": 1.1130739154243552, "7b17fe71946f4dd7-65_single": 1.2360562721697153, "bd34df1820fd3dd0-66_single": 1.4014453869110786, "cd3179da84da7836-68_single": 1.1458744637314235, "c1d9e06a52efb84d-1_1_single": 0.49250339546351485, "8ca570a3bee4327e-1_2_single": 1.0470910360464973, "069cca5a0bbb1937-24_cis": 0.8292293320463376, "069cca5a0bbb1937-24_trans": 1.089636404566778, "8b6552e2914a062f-27_single": 0.785518102836665, "babaf70b2b786682-28_single": 0.42592493590339064, "467c506b6744c831-29_single": 0.42986788664332376, "58f55feb935887fb-30_single": 0.5251647110270619, "7d461adf7ab73336-31_single": 0.33907018610719514, "b97accb0b36736bf-32_single": 0.5638319853080057, "d13fd5c825a5a7e9-33_single": 0.5871980081300702, "6621b58bd327078d-35_single": 0.46140662073445293, "2cfb6b191b7a46f2-36_single": 0.4788717462765387, "ae576072a28ef51e-38_single": 0.6598399718131704, "b29633ebde708f87-39_single": 0.3085649040279195, "5450f25d2ed9c22a-40_single": 0.5281847717871578, "4f62f5b571b6109b-41_single": 0.5361251382507929, "195d188bbd583ece-42_single": 0.49092877812543306, "5b93caea6ecd1712-49_trans": 0.6480707161359607, "5d2ce3dc4525e24d-50_trans": 0.5487482900692376, "5c9adcde9c03b8b1-51_single": 0.5432381308158871, "5cc032301cb44666-52_cis": 0.5205298209429952, "5cc032301cb44666-52_trans": 0.48974113312242, "41d574d4866a27a1-22_single": 0.7380710756707154}}, "MAE": {"value": {"583fbeed838cced5-22_single": 0.51190577617281, "28159d44aa267024-55_single": 0.47286624927712895, "250c26e1ba562237-56_single": 0.5198651916983605, "12cee40b82354fab-57_single": 0.8428091419915335, "d6072f62493cc5af-58_single": 0.7018178965458022, "39f5beb490ee4833-59_single": 0.7283629496504384, "610cc1e1311c2792-60_single": 0.9133776453108017, "5061cfcd53f488df-61_single": 0.8334711326003584, "ed2e9ab42cf3819c-62_single": 0.720746539269327, "d3aa194ff18a9e75-63_single": 1.0095462999167635, "eab37e4b3e032de2-64_single": 0.8820532148155102, "7b17fe71946f4dd7-65_single": 1.0517248832467059, "bd34df1820fd3dd0-66_single": 1.2446538752185303, "cd3179da84da7836-68_single": 0.931299369227285, "c1d9e06a52efb84d-1_1_single": 0.3567426285855204, "8ca570a3bee4327e-1_2_single": 0.8201243663582853, "069cca5a0bbb1937-24_cis": 0.637150930398918, "069cca5a0bbb1937-24_trans": 0.8088326905712387, "8b6552e2914a062f-27_single": 0.6249383027563264, "babaf70b2b786682-28_single": 0.3448731096071417, "467c506b6744c831-29_single": 0.319556310505745, "58f55feb935887fb-30_single": 0.3890019569924639, "7d461adf7ab73336-31_single": 0.2683275679003423, "b97accb0b36736bf-32_single": 0.4119816862075998, "d13fd5c825a5a7e9-33_single": 0.4985196134199694, "6621b58bd327078d-35_single": 0.3248971715587519, "2cfb6b191b7a46f2-36_single": 0.31568452408159425, "ae576072a28ef51e-38_single": 0.48001357836711345, "b29633ebde708f87-39_single": 0.22756402206976514, "5450f25d2ed9c22a-40_single": 0.36376970383444723, "4f62f5b571b6109b-41_single": 0.3078655773779373, "195d188bbd583ece-42_single": 0.33339667658795097, "5b93caea6ecd1712-49_trans": 0.4942002129059359, "5d2ce3dc4525e24d-50_trans": 0.4420586198335907, "5c9adcde9c03b8b1-51_single": 0.38464308826031857, "5cc032301cb44666-52_cis": 0.42870616811866163, "5cc032301cb44666-52_trans": 0.4173585635563553, "41d574d4866a27a1-22_single": 0.5067578617922689}}, "percentage_fulfilled": {"value": {"583fbeed838cced5-22_single": 0.6363636363636364, "28159d44aa267024-55_single": 0.5588235294117647, "250c26e1ba562237-56_single": 0.4418604651162791, "12cee40b82354fab-57_single": 0.7638888888888888, "d6072f62493cc5af-58_single": 0.859375, "39f5beb490ee4833-59_single": 0.8352941176470589, "610cc1e1311c2792-60_single": 0.8636363636363636, "5061cfcd53f488df-61_single": 0.8791208791208791, "ed2e9ab42cf3819c-62_single": 0.9154228855721394, "d3aa194ff18a9e75-63_single": 0.7121212121212122, "eab37e4b3e032de2-64_single": 0.84, "7b17fe71946f4dd7-65_single": 0.7281553398058253, "bd34df1820fd3dd0-66_single": 0.7021276595744681, "cd3179da84da7836-68_single": 0.7441860465116279, "c1d9e06a52efb84d-1_1_single": 0.9375, "8ca570a3bee4327e-1_2_single": 0.8125, "069cca5a0bbb1937-24_cis": 0.8205128205128205, "069cca5a0bbb1937-24_trans": 0.8478260869565217, "8b6552e2914a062f-27_single": 0.2, "babaf70b2b786682-28_single": 0.40625, "467c506b6744c831-29_single": 0.3548387096774194, "58f55feb935887fb-30_single": 0.42424242424242425, "7d461adf7ab73336-31_single": 0.44, "b97accb0b36736bf-32_single": 0.15625, "d13fd5c825a5a7e9-33_single": 0.16666666666666666, "6621b58bd327078d-35_single": 0.41379310344827586, "2cfb6b191b7a46f2-36_single": 0.6363636363636364, "ae576072a28ef51e-38_single": 0.45, "b29633ebde708f87-39_single": 0.7419354838709677, "5450f25d2ed9c22a-40_single": 0.5862068965517241, "4f62f5b571b6109b-41_single": 0.7297297297297297, "195d188bbd583ece-42_single": 0.7586206896551724, "5b93caea6ecd1712-49_trans": 0.2916666666666667, "5d2ce3dc4525e24d-50_trans": 0.3333333333333333, "5c9adcde9c03b8b1-51_single": 0.65, "5cc032301cb44666-52_cis": 0.8888888888888888, "5cc032301cb44666-52_trans": 0.9, "41d574d4866a27a1-22_single": 0.7727272727272727}}, "RMSD_stepwise": {"value": {"583fbeed838cced5-22_single": 0.3188045853440061, "28159d44aa267024-55_single": 0.26499167578490856, "250c26e1ba562237-56_single": 0.5883065962258036, "12cee40b82354fab-57_single": 0.7571877794400363, "d6072f62493cc5af-58_single": 0.5245533814589322, "39f5beb490ee4833-59_single": 0.5568292588661372, "610cc1e1311c2792-60_single": 0.557592226370751, "5061cfcd53f488df-61_single": 0.4997801714556308, "ed2e9ab42cf3819c-62_single": 0.4223247671581952, "d3aa194ff18a9e75-63_single": 0.8584693919818553, "eab37e4b3e032de2-64_single": 0.6311893535223799, "7b17fe71946f4dd7-65_single": 0.8077296481286417, "bd34df1820fd3dd0-66_single": 0.8732429166557044, "cd3179da84da7836-68_single": 0.7534417154662004, "c1d9e06a52efb84d-1_1_single": 0.21500000000000008, "8ca570a3bee4327e-1_2_single": 0.26457040650836217, "069cca5a0bbb1937-24_cis": 0.11475726891674783, "069cca5a0bbb1937-24_trans": 0.13622232467231807, "8b6552e2914a062f-27_single": 0.197251108995615, "babaf70b2b786682-28_single": 0.18064986853025938, "467c506b6744c831-29_single": 0.24081849677110925, "58f55feb935887fb-30_single": 0.127148207485071, "7d461adf7ab73336-31_single": 0.11948221624995074, "b97accb0b36736bf-32_single": 0.17467827569563416, "d13fd5c825a5a7e9-33_single": 0.20165977949672229, "6621b58bd327078d-35_single": 0.46876948235375443, "2cfb6b191b7a46f2-36_single": 0.17030720905042582, "ae576072a28ef51e-38_single": 0.5977645857693479, "b29633ebde708f87-39_single": 0.35623026261113755, "5450f25d2ed9c22a-40_single": 0.43588198339490464, "4f62f5b571b6109b-41_single": 0.3484599321648392, "195d188bbd583ece-42_single": 0.33611882135483806, "5b93caea6ecd1712-49_trans": 0.21913893994450193, "5d2ce3dc4525e24d-50_trans": 0.11547005383792519, "5c9adcde9c03b8b1-51_single": 0.17041860227099626, "5cc032301cb44666-52_cis": 0.2877112750272012, "5cc032301cb44666-52_trans": 0.31622776601683794, "41d574d4866a27a1-22_single": 0.3042053732117648}}}