{"RMSD": {"value": {"fbeed838cced5_no-22_single": 0.7223100520945044, "59d44aa267024_no-55_single": 0.4642069030218824, "c26e1ba562237_no-56_single": 0.8091660296713371, "ee40b82354fab_no-57_single": 1.1057330447214413, "72f62493cc5af_no-58_single": 0.9614798734993473, "5beb490ee4833_no-59_single": 0.8821757704221712, "cc1e1311c2792_no-60_single": 1.058128992582093, "1cfcd53f488df_no-61_single": 1.2098032764279774, "e9ab42cf3819c_no-62_single": 0.8045585550209454, "a194ff18a9e75_no-63_single": 1.1742356976201274, "37e4b3e032de2_no-64_single": 1.1894428638013386, "7fe71946f4dd7_no-65_single": 1.2995757852102738, "4df1820fd3dd0_no-66_single": 1.335593354817479, "179da84da7836_no-68_single": 0.9017277920731401, "9e06a52efb84d_no-1_1_single": 0.27868963237844774, "570a3bee4327e_no-1_2_single": 0.3484472239437704, "cca5a0bbb1937_no-24_cis": 0.6740203219326274, "cca5a0bbb1937_no-24_trans": 0.765946874826301, "552e2914a062f_no-27_single": 0.37614282084076334, "af70b2b786682_no-28_single": 0.20852110339777083, "c506b6744c831_no-29_single": 0.29860464188396324, "55feb935887fb_no-30_single": 0.38600157698436566, "61adf7ab73336_no-31_single": 0.4551791596218216, "accb0b36736bf_no-32_single": 0.37244166559983055, "fd5c825a5a7e9_no-33_single": 0.4912968310075476, "1b58bd327078d_no-35_single": 0.3414323982236706, "b6b191b7a46f2_no-36_single": 0.2514969751190714, "76072a28ef51e_no-38_single": 0.6366482369993054, "633ebde708f87_no-39_single": 0.29812200875773553, "0f25d2ed9c22a_no-40_single": 0.27635386195731415, "2f5b571b6109b_no-41_single": 0.2903766854188213, "d188bbd583ece_no-42_single": 0.30044353018112113, "3caea6ecd1712_no-49_trans": 0.3554213778002022, "ce3dc4525e24d_no-50_trans": 0.37591331182137677, "adcde9c03b8b1_no-51_single": 0.19008138733861785, "032301cb44666_no-52_cis": 0.45911369808977137, "032301cb44666_no-52_trans": 0.44291175910035885, "574d4866a27a1_no-22_single": 0.7716043765347126}}, "MAE": {"value": {"fbeed838cced5_no-22_single": 0.5507782049648882, "59d44aa267024_no-55_single": 0.3268078167391364, "c26e1ba562237_no-56_single": 0.40697270153996506, "ee40b82354fab_no-57_single": 0.9557758982916611, "72f62493cc5af_no-58_single": 0.7945989762296517, "5beb490ee4833_no-59_single": 0.7088591984905621, "cc1e1311c2792_no-60_single": 0.8315637834067986, "1cfcd53f488df_no-61_single": 0.8735829568118922, "e9ab42cf3819c_no-62_single": 0.6492562593506166, "a194ff18a9e75_no-63_single": 1.0171712352270936, "37e4b3e032de2_no-64_single": 0.91098110802154, "7fe71946f4dd7_no-65_single": 1.1341242848699848, "4df1820fd3dd0_no-66_single": 1.1862290005833072, "179da84da7836_no-68_single": 0.7569593781426411, "9e06a52efb84d_no-1_1_single": 0.23328321228578222, "570a3bee4327e_no-1_2_single": 0.26899945552679627, "cca5a0bbb1937_no-24_cis": 0.4810521932999572, "cca5a0bbb1937_no-24_trans": 0.45397842914282593, "552e2914a062f_no-27_single": 0.23630412266861797, "af70b2b786682_no-28_single": 0.1523676667338485, "c506b6744c831_no-29_single": 0.21345170454975573, "55feb935887fb_no-30_single": 0.26032176030217313, "61adf7ab73336_no-31_single": 0.32011171952087103, "accb0b36736bf_no-32_single": 0.25348225672169433, "fd5c825a5a7e9_no-33_single": 0.40921628561742396, "1b58bd327078d_no-35_single": 0.2089301289328878, "b6b191b7a46f2_no-36_single": 0.18108696859517825, "76072a28ef51e_no-38_single": 0.35599497329457186, "633ebde708f87_no-39_single": 0.18495587046223644, "0f25d2ed9c22a_no-40_single": 0.197839171190944, "2f5b571b6109b_no-41_single": 0.23325518471258927, "d188bbd583ece_no-42_single": 0.2224854786624734, "3caea6ecd1712_no-49_trans": 0.26843447879974436, "ce3dc4525e24d_no-50_trans": 0.2537258254040599, "adcde9c03b8b1_no-51_single": 0.16022300974557796, "032301cb44666_no-52_cis": 0.3127036481197737, "032301cb44666_no-52_trans": 0.3284794133658932, "574d4866a27a1_no-22_single": 0.595195451186414}}, "percentage_fulfilled": {"value": {"fbeed838cced5_no-22_single": 0.5909090909090909, "59d44aa267024_no-55_single": 0.6764705882352942, "c26e1ba562237_no-56_single": 0.627906976744186, "ee40b82354fab_no-57_single": 0.8194444444444444, "72f62493cc5af_no-58_single": 0.859375, "5beb490ee4833_no-59_single": 0.8705882352941177, "cc1e1311c2792_no-60_single": 0.8977272727272727, "1cfcd53f488df_no-61_single": 0.8571428571428571, "e9ab42cf3819c_no-62_single": 0.9203980099502488, "a194ff18a9e75_no-63_single": 0.7575757575757576, "37e4b3e032de2_no-64_single": 0.84, "7fe71946f4dd7_no-65_single": 0.7087378640776699, "4df1820fd3dd0_no-66_single": 0.7021276595744681, "179da84da7836_no-68_single": 0.9069767441860465, "9e06a52efb84d_no-1_1_single": 1.0, "570a3bee4327e_no-1_2_single": 1.0, "cca5a0bbb1937_no-24_cis": 0.717948717948718, "cca5a0bbb1937_no-24_trans": 0.9130434782608695, "552e2914a062f_no-27_single": 0.64, "af70b2b786682_no-28_single": 0.75, "c506b6744c831_no-29_single": 0.6129032258064516, "55feb935887fb_no-30_single": 0.5151515151515151, "61adf7ab73336_no-31_single": 0.44, "accb0b36736bf_no-32_single": 0.4375, "fd5c825a5a7e9_no-33_single": 0.20833333333333334, "1b58bd327078d_no-35_single": 0.6206896551724138, "b6b191b7a46f2_no-36_single": 0.6818181818181818, "76072a28ef51e_no-38_single": 0.75, "633ebde708f87_no-39_single": 0.9354838709677419, "0f25d2ed9c22a_no-40_single": 0.8620689655172413, "2f5b571b6109b_no-41_single": 0.8378378378378378, "d188bbd583ece_no-42_single": 0.7931034482758621, "3caea6ecd1712_no-49_trans": 0.4166666666666667, "ce3dc4525e24d_no-50_trans": 0.5238095238095238, "adcde9c03b8b1_no-51_single": 0.95, "032301cb44666_no-52_cis": 0.8888888888888888, "032301cb44666_no-52_trans": 1.0, "574d4866a27a1_no-22_single": 0.5909090909090909}}, "RMSD_stepwise": {"value": {"fbeed838cced5_no-22_single": 0.3225537305487399, "59d44aa267024_no-55_single": 0.22261811141372065, "c26e1ba562237_no-56_single": 0.47047724409295544, "ee40b82354fab_no-57_single": 0.6683312551921139, "72f62493cc5af_no-58_single": 0.5724126570927655, "5beb490ee4833_no-59_single": 0.4825788567075607, "cc1e1311c2792_no-60_single": 0.48815515417278393, "1cfcd53f488df_no-61_single": 0.5642265930915062, "e9ab42cf3819c_no-62_single": 0.4204356896770644, "a194ff18a9e75_no-63_single": 0.7877855422677292, "37e4b3e032de2_no-64_single": 0.6311893535223799, "7fe71946f4dd7_no-65_single": 0.8248565629941748, "4df1820fd3dd0_no-66_single": 0.8732429166557044, "179da84da7836_no-68_single": 0.4626767418423584, "9e06a52efb84d_no-1_1_single": 0.0, "570a3bee4327e_no-1_2_single": 0.0, "cca5a0bbb1937_no-24_cis": 0.28661597643662146, "cca5a0bbb1937_no-24_trans": 0.1143126909155227, "552e2914a062f_no-27_single": 0.1931217232731729, "af70b2b786682_no-28_single": 0.12304724702324708, "c506b6744c831_no-29_single": 0.17820792495321028, "55feb935887fb_no-30_single": 0.17108388869118266, "61adf7ab73336_no-31_single": 0.11445523142259596, "accb0b36736bf_no-32_single": 0.13630159573533976, "fd5c825a5a7e9_no-33_single": 0.20128752238195655, "1b58bd327078d_no-35_single": 0.3620678160901296, "b6b191b7a46f2_no-36_single": 0.2786738073610272, "76072a28ef51e_no-38_single": 0.26983328186122635, "633ebde708f87_no-39_single": 0.06789460523012746, "0f25d2ed9c22a_no-40_single": 0.22793677284236766, "2f5b571b6109b_no-41_single": 0.3710248771436485, "d188bbd583ece_no-42_single": 0.266535887471734, "3caea6ecd1712_no-49_trans": 0.1626729848499744, "ce3dc4525e24d_no-50_trans": 0.049521520093601265, "adcde9c03b8b1_no-51_single": 0.06037383539249432, "032301cb44666_no-52_cis": 0.3333333333333333, "032301cb44666_no-52_trans": 0.0, "574d4866a27a1_no-22_single": 0.3225537305487399}}}