{"sasa": {"22": 6.9626766300201295, "55": 13.400818920135512, "56": 12.760717773437506, "57": 9.400032768249522, "58": 9.348324947357169, "59": 9.990908279418932, "60": 10.834414892196653, "61": 11.90957908630368, "62": 12.016417522430446, "63": 9.51215203285217, "64": 11.429977912902842, "65": 14.244192008972139, "66": 9.444921970367435, "68": 12.767120666503942, "1_1": 9.679929618835484, "1_2": 9.608651161193833, "24": 7.801796493530283, "27": 8.533073806762678, "28": 8.65388810634613, "29": 8.51554565429685, "30": 8.512205276489283, "31": 8.412181043624873, "32": 8.485997085571267, "33": 6.952265210151677, "35": 8.694306373596191, "36": 7.766070485115046, "38": 8.831162643432634, "39": 8.952592310905462, "40": 8.650768666267371, "41": 8.858426723480207, "42": 8.976923723220823, "49": 7.934304175376873, "50": 8.040781784057607, "51": 5.8872681856155396, "52": 7.272414875030492}, "psa": {"22": 5.271857910156259, "55": 11.689575939178482, "56": 9.411323776245116, "57": 8.357137794494609, "58": 8.313632822036727, "59": 8.924104857444753, "60": 10.440165996551546, "61": 9.97899580001835, "62": 10.360887193679774, "63": 8.413352203369115, "64": 9.860583715438834, "65": 11.323552856445275, "66": 8.204620738029458, "68": 11.187700462341326, "1_1": 4.075368452072148, "1_2": 4.320103037357323, "24": 5.944098720550535, "27": 6.18261939048768, "28": 6.287412581443768, "29": 6.482129693031327, "30": 6.239730205535864, "31": 6.2748713970184475, "32": 6.275258245468159, "33": 5.584810066223156, "35": 7.3365118026733525, "36": 6.241186065673833, "38": 7.035869121551514, "39": 7.315454711914047, "40": 7.35388280868531, "41": 7.0926453781128025, "42": 7.342436790466309, "49": 6.013942704200747, "50": 5.993929791450511, "51": 3.9056041121482945, "52": 4.941202402114868}}