{"28": {"0": {"Atom 1": "(57,)", "Atom 2": "(50,)", "NMR exp": 3.47, "lower bound": 3.17, "upper bound": 3.77, "md": [3.0391901275765774], "lower": [2.505429691999976], "upper": [4.14690681939355]}, "1": {"Atom 1": "(50,)", "Atom 2": "(37,)", "NMR exp": 2.7600000000000002, "lower bound": 2.61, "upper bound": 2.91, "md": [2.790917723911497], "lower": [2.383251201299949], "upper": [3.691381327153365]}, "2": {"Atom 1": "(57,)", "Atom 2": "(1,)", "NMR exp": 2.5, "lower bound": 2.39, "upper bound": 2.61, "md": [2.3748174592869695], "lower": [2.1569343508409298], "upper": [3.496004742593306]}, "3": {"Atom 1": "(1,)", "Atom 2": "(3,)", "NMR exp": 2.92, "lower bound": 2.74, "upper bound": 3.1, "md": [2.880456596021959], "lower": [2.6625206655214915], "upper": [2.976241988168643]}, "4": {"Atom 1": "(17,)", "Atom 2": "(19,)", "NMR exp": 2.92, "lower bound": 2.74, "upper bound": 3.1, "md": [2.481555500166015], "lower": [2.434144680416518], "upper": [2.89925242531665]}, "5": {"Atom 1": "(37,)", "Atom 2": "(39,)", "NMR exp": 3.0500000000000003, "lower bound": 2.84, "upper bound": 3.2600000000000002, "md": [2.526648881297038], "lower": [2.459699229669389], "upper": [2.9316846871741915]}, "6": {"Atom 1": "(50,)", "Atom 2": "(52, 53)", "NMR exp": 2.74, "lower bound": 2.59, "upper bound": 2.89, "md": [2.777028286289125, 2.3453853035852696], "lower": [2.507395782325749, 2.241737965929871], "upper": [2.9550072033940076, 2.7686863510635633]}, "7": {"Atom 1": "(50,)", "Atom 2": "(52, 53)", "NMR exp": 2.87, "lower bound": 2.7, "upper bound": 3.04, "md": [2.777028286289125, 2.3453853035852696], "lower": [2.507395782325749, 2.241737965929871], "upper": [2.9550072033940076, 2.7686863510635633]}, "8": {"Atom 1": "(57,)", "Atom 2": "(59,)", "NMR exp": 2.8000000000000003, "lower bound": 2.64, "upper bound": 2.96, "md": [2.838700319308408], "lower": [2.400303003352393], "upper": [2.9526518672623867]}, "9": {"Atom 1": "(1,)", "Atom 2": "(59,)", "NMR exp": 3.25, "lower bound": 3.0, "upper bound": 3.5, "md": [2.7401815564681864], "lower": [2.3943786730001966], "upper": [3.4553189298431417]}, "10": {"Atom 1": "(17,)", "Atom 2": "(3,)", "NMR exp": 2.18, "lower bound": 2.1, "upper bound": 2.2600000000000002, "md": [2.288142793812188], "lower": [2.1270195820444533], "upper": [2.481842436091101]}, "11": {"Atom 1": "(37,)", "Atom 2": "(19,)", "NMR exp": 2.24, "lower bound": 2.16, "upper bound": 2.32, "md": [1.6996560838510986], "lower": [1.664753993963823], "upper": [2.2499497183358823]}, "12": {"Atom 1": "(50,)", "Atom 2": "(39,)", "NMR exp": 2.87, "lower bound": 2.7, "upper bound": 3.04, "md": [2.554768487041407], "lower": [2.299587280882305], "upper": [3.179527749842927]}, "13": {"Atom 1": "(57,)", "Atom 2": "(52, 53)", "NMR exp": 2.23, "lower bound": 2.15, "upper bound": 2.31, "md": [3.0043277916586124, 2.3063491549084065], "lower": [2.815238504321269, 2.1281961464510033], "upper": [3.5305655212413942, 3.148020315902042]}, "14": {"Atom 1": "(57,)", "Atom 2": "(52, 53)", "NMR exp": 3.2, "lower bound": 2.96, "upper bound": 3.44, "md": [3.0043277916586124, 2.3063491549084065], "lower": [2.815238504321269, 2.1281961464510033], "upper": [3.5305655212413942, 3.148020315902042]}, "15": {"Atom 1": "(1,)", "Atom 2": "(5,)", "NMR exp": 2.64, "lower bound": 2.5100000000000002, "upper bound": 2.77, "md": [3.008799357398419], "lower": [2.617568209935743], "upper": [3.6492732788850306]}, "16": {"Atom 1": "(17,)", "Atom 2": "(21, 22)", "NMR exp": 2.35, "lower bound": 2.2600000000000002, "upper bound": 2.44, "md": [2.6867171643922023, 2.3417803445862093], "lower": [2.3747997231230995, 2.1864779620752866], "upper": [3.5667660867724296, 2.6810990007515643]}, "17": {"Atom 1": "(17,)", "Atom 2": "(21, 22)", "NMR exp": 3.0, "lower bound": 2.8000000000000003, "upper bound": 3.2, "md": [2.6867171643922023, 2.3417803445862093], "lower": [2.3747997231230995, 2.1864779620752866], "upper": [3.5667660867724296, 2.6810990007515643]}, "18": {"Atom 1": "(37,)", "Atom 2": "(21, 22)", "NMR exp": 3.58, "lower bound": 3.25, "upper bound": 3.91, "md": [2.274011015887449, 3.0093034139065735], "lower": [2.1889268420031196, 2.6793436953056076], "upper": [3.8099673798920035, 4.3127806414279535]}, "19": {"Atom 1": "(37,)", "Atom 2": "(21, 22)", "NMR exp": 4.0, "lower bound": 3.5300000000000002, "upper bound": 4.47, "md": [2.274011015887449, 3.0093034139065735], "lower": [2.1889268420031196, 2.6793436953056076], "upper": [3.8099673798920035, 4.3127806414279535]}, "20": {"Atom 1": "(37,)", "Atom 2": "(41, 42)", "NMR exp": 3.08, "lower bound": 2.87, "upper bound": 3.29, "md": [2.483718669403874, 2.326656931387636], "lower": [2.3274461009621796, 2.1828318095257413], "upper": [3.283007510272232, 3.001957984941388]}, "21": {"Atom 1": "(37,)", "Atom 2": "(41, 42)", "NMR exp": 2.86, "lower bound": 2.69, "upper bound": 3.0300000000000002, "md": [2.483718669403874, 2.326656931387636], "lower": [2.3274461009621796, 2.1828318095257413], "upper": [3.283007510272232, 3.001957984941388]}, "22": {"Atom 1": "(39,)", "Atom 2": "(41, 42)", "NMR exp": 2.77, "lower bound": 2.62, "upper bound": 2.92, "md": [2.0573700047714945, 2.0543217338006756], "lower": [2.0103305562176295, 2.0074425810028833], "upper": [2.821852643094012, 2.747453453086023]}, "23": {"Atom 1": "(39,)", "Atom 2": "(41, 42)", "NMR exp": 2.85, "lower bound": 2.68, "upper bound": 3.02, "md": [2.0573700047714945, 2.0543217338006756], "lower": [2.0103305562176295, 2.0074425810028833], "upper": [2.821852643094012, 2.747453453086023]}, "24": {"Atom 1": "(1,)", "Atom 2": "(7, 8, 9, 11, 12, 13)", "NMR exp": 4.0, "lower bound": 3.5300000000000002, "upper bound": 4.47, "md": [3.5965620772560647, 3.3278365164720407, 1.6777644060868773, 3.3766018813373533, 3.4197919464836946, 3.442023513180346], "lower": [2.837002518295865, 2.678452005262036, 1.6340097241205567, 2.702224224449004, 2.7299122489513157, 2.7394969101685573], "upper": [4.610660070170605, 4.544907958689282, 4.280752934600574, 4.485829880918869, 4.497728084177941, 4.5086017665734195]}, "25": {"Atom 1": "(3,)", "Atom 2": "(5,)", "NMR exp": 3.1, "lower bound": 2.88, "upper bound": 3.3200000000000003, "md": [2.631262176379425], "lower": [2.4056154176233044], "upper": [3.015507504998246]}, "26": {"Atom 1": "(17,)", "Atom 2": "(7, 8, 9, 11, 12, 13)", "NMR exp": 3.6, "lower bound": 3.2600000000000002, "upper bound": 3.94, "md": [3.12080074224476, 3.263931339594504, 3.2241494924812057, 1.8516713765762554, 4.253624623123172, 2.0292865814397043], "lower": [2.676892806225582, 2.7410369252728475, 2.725645273500265, 1.7651085997888696, 3.176584276878369, 1.9147798565184482], "upper": [4.640342020556671, 4.690158460104938, 4.676883931389469, 4.617996874395618, 5.095914682029008, 4.6326469092641425]}, "27": {"Atom 1": "(1,)", "Atom 2": "(52, 53)", "NMR exp": 3.4, "lower bound": 3.11, "upper bound": 3.69, "md": [4.486545247236359, 3.193481614689507], "lower": [4.2489738242966695, 2.9073649871346983], "upper": [5.256777159703804, 4.056617689550584]}, "28": {"Atom 1": "(17,)", "Atom 2": "(7, 8, 9, 11, 12, 13)", "NMR exp": 3.59, "lower bound": 3.25, "upper bound": 3.93, "md": [3.12080074224476, 3.263931339594504, 3.2241494924812057, 1.8516713765762554, 4.253624623123172, 2.0292865814397043], "lower": [2.676892806225582, 2.7410369252728475, 2.725645273500265, 1.7651085997888696, 3.176584276878369, 1.9147798565184482], "upper": [4.640342020556671, 4.690158460104938, 4.676883931389469, 4.617996874395618, 5.095914682029008, 4.6326469092641425]}, "29": {"Atom 1": "(50,)", "Atom 2": "(19,)", "NMR exp": 3.85, "lower bound": 3.43, "upper bound": 4.2700000000000005, "md": [3.186917125886221], "lower": [3.0068184500129242], "upper": [4.477962310500224]}, "30": {"Atom 1": "(57,)", "Atom 2": "(61, 62)", "NMR exp": 2.4, "lower bound": 2.3000000000000003, "upper bound": 2.5, "md": [1.9067248552525087, 2.402548853000626], "lower": [1.8484256838190087, 2.222941602892339], "upper": [3.3660039785422624, 3.1346576722778843]}, "31": {"Atom 1": "(57,)",