{"minimum_sasa": 8.65388810634613, "minimum_psa": 6.287412581443768}