{"single": {"stat": {"0": "MAE", "1": "MSE", "2": "RMSD", "3": "RMSD_step", "4": "pearsonr", "5": "kendalltau", "6": "chisq", "7": "percentage_fulfilled"}, "value": {"0": 0.3448731096071417, "1": -0.30346770406785, "2": 0.42592493590339064, "3": 0.18064986853025938, "4": 0.79145250604194, "5": 0.6028525741414696, "6": 1.830260083542958, "7": 0.40625}, "up": {"0": 0.43125049297479595, "1": -0.19864346379146464, "2": 0.5127193412731463, "3": 0.22737634001804136, "4": 0.8878706341596987, "5": 0.7648473268128275, "6": 2.600765770493903, "7": 0.0}, "low": {"0": 0.2605264158173484, "1": 0.0, "2": 0.33695265220298065, "3": 0.12940941569857356, "4": 0.6443045092918488, "5": 0.39364772588873903, "6": 1.1589090346449822, "7": 0.0}}}