{"single": {"stat": {"0": "MAE", "1": "MSE", "2": "RMSD", "3": "RMSD_step", "4": "pearsonr", "5": "kendalltau", "6": "chisq", "7": "percentage_fulfilled"}, "value": {"0": 0.1523676667338485, "1": -0.08323487503995612, "2": 0.20852110339777083, "3": 0.12304724702324708, "4": 0.9215796372612308, "5": 0.7073170731707317, "6": 0.420947483338498, "7": 0.75}, "up": {"0": 0.20547739750842234, "1": -0.016376095972759203, "2": 0.27530602908663365, "3": 0.17858252541753966, "4": 0.9678856581650624, "5": 0.8616747038737391, "6": 0.6984147288978613, "7": 0.0}, "low": {"0": 0.1074766365536073, "1": 0.0, "2": 0.1390842761246556, "3": 0.05992051972111203, "4": 0.8615944234476133, "5": 0.49369625450305255, "6": 0.199338200340017, "7": 0.0}}}