{"single": {"stat": {"0": "MAE", "1": "MSE", "2": "RMSD", "3": "RMSD_step", "4": "pearsonr", "5": "kendalltau", "6": "chisq", "7": "percentage_fulfilled"}, "value": {"0": 0.3448731096071417, "1": -0.30346770406785, "2": 0.42592493590339064, "3": 0.18064986853025938, "4": 0.79145250604194, "5": 0.6028525741414696, "6": 1.830260083542958, "7": 0.40625}, "up": {"0": 0.43311054660986514, "1": -0.19936271390657698, "2": 0.5134252295205733, "3": 0.2283237147317649, "4": 0.8879496857673193, "5": 0.761525838916931, "6": 2.5808101339309357, "7": 0.0}, "low": {"0": 0.26055895087868736, "1": 0.0, "2": 0.33813377214683665, "3": 0.1305397449055268, "4": 0.6433065438987179, "5": 0.39875404573145423, "6": 1.1787713065865784, "7": 0.0}}}