{"single": {"fulfil": {"best": 0.7931034482758621, "random": [0.5620689655172414, 0.6241379310344828, 0.6241379310344828, 0.6862068965517242, 0.7517241379310345], "low_energy": [0.5517241379310345, 0.6206896551724138, 0.7586206896551724, 0.6896551724137931, 0.7241379310344828], "LICUV": [0.7931034482758621, 0.8620689655172413, 0.896551724137931, 0.896551724137931, 0.896551724137931], "NAMFIS": [0.7931034482758621, 0.8620689655172413, 0.9310344827586207, 0.9310344827586207, 0.9310344827586207]}, "rmsd": {"best": 0.3198793052893421, "random": [0.7365163975482194, 0.5905974164332054, 0.5953960178105483, 0.5315431823092938, 0.4668332923604752], "low_energy": [0.6422491254873289, 0.5806448187427403, 0.47239651065170507, 0.4914449717778193, 0.4441222066972686], "LICUV": [0.4281077875534812, 0.4293513355578341, 0.38469658712472465, 0.3720311094860058, 0.3294217198982657], "NAMFIS": [0.3198793052893421, 0.3009674698424842, 0.20895877246551922, 0.20953653859293941, 0.20953653871127267]}, "rmsd_stepwise": {"best": 0.1966267249524267, "random": [0.4470655069558312, 0.3317695547195407, 0.3157696330438653, 0.28181976183844737, 0.22060519176666898], "low_energy": [0.3350398843987549, 0.3276667777504752, 0.2661733943542609, 0.22351425164775324, 0.24362209287733133], "LICUV": [0.2190968924377114, 0.19558929524335714, 0.18802971151866696, 0.18802971151866696, 0.10455158766254398], "NAMFIS": [0.3475976667514246, 0.19431577570968134, 0.08616343732137478, 0.08616343732137478, 0.08616343732137478]}, "mae": {"best": 0.22854007885373875, "random": [0.5439504039698633, 0.4254616513294206, 0.4259851035170647, 0.37760993348017774, 0.3300115270310553], "low_energy": [0.49988746116901267, 0.40818601059881454, 0.33428877505671317, 0.33708153453671763, 0.31815753702706934], "LICUV": [0.31640713987679303, 0.29272661878295714, 0.24250341526736394, 0.24916929161627052, 0.22809692552605598], "NAMFIS": [0.22854007885373875, 0.2017261230395115, 0.15858513464221488, 0.15982265546520844, 0.15982265556827333]}, "bundle-size": [1, 3, 5, 10, 30]}}