{"minimum_sasa": 10.834414892196653, "minimum_psa": 10.440165996551546}