{"single": {"stat": {"0": "MAE", "1": "MSE", "2": "RMSD", "3": "RMSD_step", "4": "pearsonr", "5": "kendalltau", "6": "chisq", "7": "percentage_fulfilled"}, "value": {"0": 0.8315637834067986, "1": -0.4833269279634916, "2": 1.058128992582093, "3": 0.48815515417278393, "4": 0.5299099371507123, "5": 0.5044895671464855, "6": 22.736095537492975, "7": 0.8977272727272727}, "up": {"0": 0.9741727461613107, "1": -0.27525020926303717, "2": 1.2547076736273466, "3": 0.6381792281739723, "4": 0.6619078177554099, "5": 0.5963904280136858, "6": 31.720499486830402, "7": 0.0}, "low": {"0": 0.6999197584359712, "1": 0.0, "2": 0.8793633283413985, "3": 0.30469806217124035, "4": 0.4045228788986905, "5": 0.3912715400592874, "6": 15.965728563501202, "7": 0.0}, "most-populated-1": {"0": 0.7523951882665806, "1": 0.015525945208289078, "2": 1.0817982748682722, "3": 0.48815515417278393, "4": NaN, "5": NaN, "6": NaN, "7": 0.875}}}