{"single": {"stat": {"0": "MAE", "1": "MSE", "2": "RMSD", "3": "pearsonr", "4": "kendalltau", "5": "chisq", "6": "percentage_fulfilled"}, "value": {"0": 0.9133776453108017, "1": -0.4811317917557112, "2": 1.2034454876123566, "3": 0.49810269964778464, "4": 0.5017125603548535, "5": 29.424417913999662, "6": 0.8636363636363636}, "up": {"0": 1.0944375296964768, "1": -0.2334671243848075, "2": 1.5692161784199063, "3": 0.6608722485850985, "4": 0.5908471870577937, "5": 48.45573168760436, "6": 0.0}, "low": {"0": 0.7669147219851876, "1": 0.0, "2": 0.9256632384570547, "3": 0.3702339125864378, "4": 0.386524987504709, "5": 17.534995323386156, "6": 0.0}, "most-populated-1": {"0": 0.7523951882665806, "1": 0.015525945208289078, "2": 1.0817982748682722, "3": NaN, "4": NaN, "5": NaN, "6": 0.875}}}