{"minimum_sasa": 14.244192008972139, "minimum_psa": 11.323552856445275}