{"single": {"stat": {"0": "MAE", "1": "MSE", "2": "RMSD", "3": "RMSD_step", "4": "pearsonr", "5": "kendalltau", "6": "chisq", "7": "percentage_fulfilled"}, "value": {"0": 1.1341242848699848, "1": -0.7565111505823467, "2": 1.2995757852102738, "3": 0.8248565629941748, "4": 0.3949647578812476, "5": 0.422518339527788, "6": 39.70883427614975, "7": 0.7087378640776699}, "up": {"0": 1.2620496950431583, "1": -0.5436964268965238, "2": 1.4444376428335735, "3": 0.9450946426126567, "4": 0.50443275658504, "5": 0.5166929343093807, "6": 48.692917854461975, "7": 0.0}, "low": {"0": 1.0142796870655835, "1": 0.0, "2": 1.164039897963538, "3": 0.6916983460597166, "4": 0.28478317978944556, "5": 0.3124105795789761, "6": 32.135969599892974, "7": 0.0}}}