{"single": {"stat": {"0": "MAE", "1": "MSE", "2": "RMSD", "3": "RMSD_step", "4": "pearsonr", "5": "kendalltau", "6": "chisq", "7": "percentage_fulfilled"}, "value": {"0": 1.0517248832467059, "1": -0.836977692853502, "2": 1.2360562721697153, "3": 0.8077296481286417, "4": 0.4214082343783257, "5": 0.378661014201456, "6": 36.08947141907333, "7": 0.7281553398058253}, "up": {"0": 1.17784923959185, "1": -0.6612848828911253, "2": 1.3672964075028202, "3": 0.9301842389798924, "4": 0.5422234338623553, "5": 0.4759836635648272, "6": 43.90006811967295, "7": 0.0}, "low": {"0": 0.9262023876043721, "1": 0.0, "2": 1.1004751644190722, "3": 0.6711821190207644, "4": 0.29283668969313675, "5": 0.26897876731658404, "6": 28.88768325273546, "7": 0.0}}}