{"single": {"stat": {"0": "MAE", "1": "MSE", "2": "RMSD", "3": "RMSD_step", "4": "pearsonr", "5": "kendalltau", "6": "chisq", "7": "percentage_fulfilled"}, "value": {"0": 1.0517248832467059, "1": -0.836977692853502, "2": 1.2360562721697153, "3": 0.8077296481286417, "4": 0.4214082343783257, "5": 0.378661014201456, "6": 36.08947141907333, "7": 0.7281553398058253}, "up": {"0": 1.1798190243812101, "1": -0.657142126857722, "2": 1.3695858663175953, "3": 0.9318527322292437, "4": 0.5419289892874195, "5": 0.47581999790905405, "6": 44.01800192370449, "7": 0.0}, "low": {"0": 0.9258294183672514, "1": 0.0, "2": 1.0994600088676996, "3": 0.668834637933722, "4": 0.2918918504915844, "5": 0.26634582642605953, "6": 28.717261918727786, "7": 0.0}}}