{"single": {"fulfil": {"best": 0.7741935483870968, "random": [0.603225806451613, 0.7129032258064517, 0.7612903225806452, 0.7838709677419355, 0.8161290322580644], "low_energy": [0.6129032258064516, 0.7419354838709677, 0.7096774193548387, 0.8064516129032258, 0.8387096774193549], "LICUV": [0.7741935483870968, 0.8064516129032258, 0.7419354838709677, 0.8064516129032258, 0.9354838709677419], "NAMFIS": [0.5483870967741935, 0.8387096774193549, 0.8387096774193549, 0.8709677419354839, 0.8709677419354839]}, "rmsd": {"best": 0.41066270087052154, "random": [0.7010633748255855, 0.49283825050642094, 0.41727656946223785, 0.33758356944095813, 0.2684867601754212], "low_energy": [0.7890998331425765, 0.5610576992377876, 0.44143393349872284, 0.3697140200526508, 0.27798013020626694], "LICUV": [0.5262462778874905, 0.5370328834101125, 0.34964829568001704, 0.24751098069221555, 0.25231334438494213], "NAMFIS": [0.4192607068474637, 0.2328654144590443, 0.234980269837114, 0.2110813339236793, 0.21108133376740176]}, "rmsd_stepwise": {"best": 0.2004108682906999, "random": [0.36155783175427847, 0.3095560371330396, 0.2601785621155349, 0.22740631017199134, 0.1540791838025427], "low_energy": [0.38034788829311555, 0.3644881519380648, 0.25706155908904454, 0.24258686505409607, 0.18403190466732622], "LICUV": [0.2004108682906999, 0.19292318377714401, 0.2782839116511607, 0.1911256975345402, 0.16683969512968952], "NAMFIS": [0.38502199350669697, 0.23591277775838554, 0.1143847497166556, 0.10666498654590792, 0.10666498654590792]}, "mae": {"best": 0.30928845467105986, "random": [0.4767059729637637, 0.31636555972370395, 0.26703657935372316, 0.23004574645994533, 0.19781652491055907], "low_energy": [0.5067454165797077, 0.3224588938015679, 0.27553130182666685, 0.235718832577777, 0.20641556287705384], "LICUV": [0.3558999867593088, 0.33148070279896585, 0.2296662884827258, 0.18321933528732043, 0.17189451575260214], "NAMFIS": [0.33419358776461683, 0.18273248137558856, 0.17284509808622261, 0.15266979346101373, 0.15266979334878683]}, "bundle-size": [1, 3, 5, 10, 30]}}