{"single": {"fulfil": {"best": 1.0, "random": [0.65625, 0.8125, 0.80625, 0.84375, 0.825], "low_energy": [0.8125, 0.875, 0.9375, 0.875, 0.9375], "LICUV": [1.0, 0.9375, 0.9375, 1.0, 1.0], "NAMFIS": [0.9375, 1.0, 1.0, 1.0, 1.0]}, "rmsd": {"best": 0.2905066687198, "random": [1.0076361014146866, 0.7308623009929315, 0.74059744094615, 0.682334078804898, 0.6263737647251701], "low_energy": [0.5029432550741585, 0.48710754544849916, 0.40596625115926765, 0.4860174516426074, 0.4574134421442791], "LICUV": [0.2905066687198, 0.3081311627168078, 0.3602588025170767, 0.3883309132455422, 0.4010018547246809], "NAMFIS": [0.34668992602482157, 0.261891586467722, 0.2161632040738652, 0.2154170666544341, 0.2154170672529922]}, "rmsd_stepwise": {"best": 0.0, "random": [0.35104602406248075, 0.2777781420469611, 0.2858818258636096, 0.2509670189549448, 0.2628427214538013], "low_energy": [0.2805842119578363, 0.23194665334942863, 0.15449999999999997, 0.23194665334942863, 0.15449999999999997], "LICUV": [0.0, 0.18500000000000005, 0.18500000000000005, 0.0, 0.0], "NAMFIS": [0.131, 0.0, 0.0, 0.0, 0.0]}, "mae": {"best": 0.2298290735483169, "random": [0.7811501616835592, 0.5416019074071959, 0.5606598515910812, 0.5133799825367513, 0.5011281465492996], "low_energy": [0.39213001430034644, 0.334397940606567, 0.311279026446313, 0.3459435550705842, 0.35912714173873095], "LICUV": [0.2298290735483169, 0.23273371765982215, 0.2932894196967541, 0.3193223247841286, 0.3303506596706657], "NAMFIS": [0.2936794567108154, 0.2219753936598759, 0.17480609898018043, 0.17975034629782558, 0.1797503473036088]}, "bundle-size": [1, 3, 5, 10, 30]}}