{"single": {"fulfil": {"best": 1.0, "random": [0.60625, 0.7375, 0.8, 0.83125, 0.8375], "low_energy": [0.8125, 0.875, 0.9375, 0.875, 0.9375], "LICUV": [1.0, 0.9375, 0.9375, 1.0, 1.0], "NAMFIS": [0.9375, 1.0, 1.0, 1.0, 1.0]}, "rmsd": {"best": 0.2905066687198, "random": [1.080827649068481, 0.9850334929536743, 0.724102250309577, 0.6326678058405872, 0.6276699268567167], "low_energy": [0.5029432550741585, 0.48710754544849916, 0.40596625115926765, 0.4860174516426074, 0.4574134421442791], "LICUV": [0.2905066687198, 0.3081311627168078, 0.3602588025170767, 0.3883309132455422, 0.4010018547246809], "NAMFIS": [0.34668992602482157, 0.2619037635770637, 0.21617729216174345, 0.21540659926742456, 0.21540659935305867]}, "mae": {"best": 0.2298290735483169, "random": [0.8483737251162526, 0.7189898813174443, 0.5624652762811873, 0.5056730898300145, 0.5040805514867187], "low_energy": [0.39213001430034644, 0.334397940606567, 0.311279026446313, 0.3459435550705842, 0.35912714173873095], "LICUV": [0.2298290735483169, 0.23273371765982215, 0.2932894196967541, 0.3193223247841286, 0.3303506596706657], "NAMFIS": [0.2936794567108154, 0.2219889720396458, 0.17484189481261225, 0.17975197345470317, 0.17975197353858896]}, "bundle-size": [1, 3, 5, 10, 30]}}