{"single": {"fulfil": {"best": 0.5625, "random": [0.34375, 0.4, 0.35625, 0.39375, 0.40625], "low_energy": [0.375, 0.4375, 0.375, 0.375, 0.4375], "LICUV": [0.5625, 0.5625, 0.5, 0.5, 0.5], "NAMFIS": [0.3125, 0.5, 0.5, 0.5, 0.5]}, "rmsd": {"best": 1.4896234342896542, "random": [1.9546251629782474, 1.7964065005040681, 1.7062009413996901, 1.6282594581567207, 1.587007378221929], "low_energy": [1.7023274614468715, 1.5175655744890324, 1.5676236262400152, 1.592583251776084, 1.704098984401869], "LICUV": [1.9692325449843044, 1.771155858756785, 1.6637978301694338, 1.640876138534336, 1.6653447430904615], "NAMFIS": [1.6337986097291526, 1.0493414758061879, 1.0493414758127602, 1.0493414758251034, 1.0493414758555208]}, "mae": {"best": 0.9845406186580655, "random": [1.4451295126676555, 1.2996694826853523, 1.2731635224879188, 1.2122942844566125, 1.1963731930482593], "low_energy": [1.218644337058067, 1.094162291396514, 1.160532212075467, 1.1811856971333354, 1.2293064596959078], "LICUV": [1.3840943735837934, 1.2286244552566103, 1.1645723573429756, 1.1504964417705281, 1.1570601646085534], "NAMFIS": [1.2462593030929563, 0.8420821060617957, 0.8420821060680149, 0.8420821060798355, 0.8420821061107631]}, "bundle-size": [1, 3, 5, 10, 30]}}