{"minimum_sasa": 9.55536937713623, "minimum_psa": 4.445194244384766}