{"single": {"fulfil": {"best": 0.59375, "random": [0.353125, 0.371875, 0.378125, 0.409375, 0.36875], "low_energy": [0.28125, 0.3125, 0.34375, 0.34375, 0.375], "LICUV": [0.59375, 0.65625, 0.5625, 0.625, 0.5], "NAMFIS": [0.59375, 0.53125, 0.53125, 0.5625, 0.5625]}, "rmsd": {"best": 0.29343494125188163, "random": [0.6875615889447788, 0.48763161034091806, 0.47355697306449923, 0.41286683939250146, 0.398935148037799], "low_energy": [0.6978308501072232, 0.4321935420937619, 0.41483800587966035, 0.4382379101584793, 0.37026820624469187], "LICUV": [0.40017162378726306, 0.2753741517197099, 0.26122613595148586, 0.2534133157292273, 0.2788125443709153], "NAMFIS": [0.29343494125188163, 0.28447525597039586, 0.26364733238179133, 0.26089067656789017, 0.26089067647250036]}, "mae": {"best": 0.21932350248098365, "random": [0.4974557052105665, 0.3636685669290601, 0.3520151210443016, 0.3167482431301675, 0.3172540999839512], "low_energy": [0.5373891040682792, 0.33993493132453545, 0.32492763657140944, 0.3408571074944428, 0.2949917471172361], "LICUV": [0.28614608764648436, 0.21465744665608888, 0.20561097736355752, 0.19405399471318519, 0.21462103982549452], "NAMFIS": [0.21932350248098365, 0.2186185409050414, 0.20398813792765796, 0.20299553198399387, 0.20299553191413794]}, "bundle-size": [1, 3, 5, 10, 30]}}