{"single": {"fulfil": {"best": 0.59375, "random": [0.3375, 0.440625, 0.39375, 0.384375, 0.334375], "low_energy": [0.28125, 0.3125, 0.34375, 0.34375, 0.375], "LICUV": [0.59375, 0.65625, 0.5625, 0.625, 0.5], "NAMFIS": [0.59375, 0.53125, 0.53125, 0.5625, 0.5625]}, "rmsd": {"best": 0.29343494125188163, "random": [0.7497499982249398, 0.4716010357078756, 0.4081024075562637, 0.40229042755063277, 0.3890225782590629], "low_energy": [0.6978308501072232, 0.4321935420937619, 0.41483800587966035, 0.4382379101584793, 0.37026820624469187], "LICUV": [0.40017162378726306, 0.2753741517197099, 0.26122613595148586, 0.2534133157292273, 0.2788125443709153], "NAMFIS": [0.29343494125188163, 0.2844723366775273, 0.2636330373183616, 0.26087344422116754, 0.2608734441319356]}, "mae": {"best": 0.21932350248098365, "random": [0.5139566511660814, 0.33775256835260337, 0.3159277127301187, 0.3131848462005461, 0.3139224615544961], "low_energy": [0.5373891040682792, 0.33993493132453545, 0.32492763657140944, 0.3408571074944428, 0.2949917471172361], "LICUV": [0.28614608764648436, 0.21465744665608888, 0.20561097736355752, 0.19405399471318519, 0.21462103982549452], "NAMFIS": [0.21932350248098365, 0.21861924206545902, 0.20397648230735216, 0.2029870471006172, 0.2029870470388191]}, "bundle-size": [1, 3, 5, 10, 30]}}