{"single": {"fulfil": {"best": 0.3125, "random": [0.165625, 0.15, 0.1375, 0.146875, 0.15], "low_energy": [0.09375, 0.125, 0.09375, 0.15625, 0.15625], "LICUV": [0.3125, 0.21875, 0.25, 0.25, 0.1875], "NAMFIS": [0.1875, 0.25, 0.25, 0.25, 0.25]}, "rmsd": {"best": 0.4931167512677268, "random": [0.8403853397850855, 0.7637548662019465, 0.7577708282475848, 0.7102286450688773, 0.6753506470675038], "low_energy": [0.7326586282140696, 0.8011042301806796, 0.8337502927363755, 0.7318305929029967, 0.698430908292359], "LICUV": [0.9901006161774465, 0.5781697139802072, 0.5747460768875119, 0.5435529323780715, 0.5826491671772809], "NAMFIS": [0.5214480075212464, 0.4876896207912642, 0.4876896207931701, 0.48768962079368944, 0.4876896207955118]}, "mae": {"best": 0.41090188711881626, "random": [0.6212040529549121, 0.6067547546882024, 0.5965755863478908, 0.5729543439166431, 0.5540259819063303], "low_energy": [0.5866942220926283, 0.6314223402380756, 0.652940068119236, 0.5846777001245717, 0.5602470091240043], "LICUV": [0.6792512062191962, 0.4736597420450084, 0.46628850619236956, 0.4523742391386535, 0.4858354096174348], "NAMFIS": [0.4476390936970711, 0.4116721480044201, 0.41167214800600055, 0.41167214800658625, 0.41167214800861024]}, "bundle-size": [1, 3, 5, 10, 30]}}