{"single": {"fulfil": {"best": 0.59375, "random": [0.3375, 0.4375, 0.3875, 0.378125, 0.35], "low_energy": [0.28125, 0.3125, 0.34375, 0.34375, 0.375], "LICUV": [0.59375, 0.65625, 0.5625, 0.625, 0.5], "NAMFIS": [0.59375, 0.53125, 0.53125, 0.5625, 0.5625]}, "rmsd": {"best": 0.29343494125188163, "random": [0.7324755995744521, 0.46619553883580866, 0.44590470884628497, 0.40521489502564145, 0.3865723736467398], "low_energy": [0.6978308501072232, 0.4321935420937619, 0.41483800587966035, 0.4382379101584793, 0.37026820624469187], "LICUV": [0.40017162378726306, 0.2753741517197099, 0.26122613595148586, 0.2534133157292273, 0.2788125443709153], "NAMFIS": [0.29343494125188163, 0.2844727781125958, 0.26361337578883015, 0.2608515713424342, 0.26085157127752445]}, "rmsd_stepwise": {"best": 0.12165525060596435, "random": [0.18003045064988127, 0.15543909089571878, 0.1587125760250707, 0.158649302598369, 0.17539708249177977], "low_energy": [0.1721826791521145, 0.1681517172080024, 0.1598338981568053, 0.16825390040055538, 0.16212456630628186], "LICUV": [0.12165525060596435, 0.10898681112868659, 0.1215910152930717, 0.10807983160608643, 0.1298917818801482], "NAMFIS": [0.1482607500318274, 0.15293993919182788, 0.15293993919182788, 0.14345077552944777, 0.14345077552944777]}, "mae": {"best": 0.21932350248098365, "random": [0.5095675468593835, 0.3417229835493916, 0.3341916467523759, 0.318310866141599, 0.3083628120808378], "low_energy": [0.5373891040682792, 0.33993493132453545, 0.32492763657140944, 0.3408571074944428, 0.2949917471172361], "LICUV": [0.28614608764648436, 0.21465744665608888, 0.20561097736355752, 0.19405399471318519, 0.21462103982549452], "NAMFIS": [0.21932350248098365, 0.2186201334537711, 0.20395925778217927, 0.20297731545574754, 0.20297731541315098]}, "bundle-size": [1, 3, 5, 10, 30]}}