{"minimum_sasa": 7.998841762542725, "minimum_psa": 5.543295860290527}