{"single": {"stat": {"0": "MAE", "1": "MSE", "2": "RMSD", "3": "RMSD_step", "4": "pearsonr", "5": "kendalltau", "6": "chisq", "7": "percentage_fulfilled"}, "value": {"0": 0.8334711326003584, "1": -0.38219899877807634, "2": 1.1345375385254095, "3": 0.4997801714556308, "4": 0.4330991259096849, "5": 0.4114841028261831, "6": 27.48001085446369, "7": 0.8791208791208791}, "up": {"0": 0.9995150278785925, "1": -0.15284297882999417, "2": 1.3545395338351611, "3": 0.6373882147198331, "4": 0.5655253181273991, "5": 0.5338094761157731, "6": 38.83118810575906, "7": 0.0}, "low": {"0": 0.6822206841236065, "1": 0.0, "2": 0.9177450902027277, "3": 0.3331501328065336, "4": 0.3020204468537946, "5": 0.27099481870179537, "6": 18.339075283183536, "7": 0.0}}}