{"single": {"stat": {"0": "MAE", "1": "MSE", "2": "RMSD", "3": "RMSD_step", "4": "pearsonr", "5": "kendalltau", "6": "chisq", "7": "percentage_fulfilled"}, "value": {"0": 0.8735829568118922, "1": -0.2253066054660297, "2": 1.2098032764279774, "3": 0.5642265930915062, "4": 0.4956789323674542, "5": 0.5309140175747333, "6": 31.24673941100824, "7": 0.8571428571428571}, "up": {"0": 1.05301432854174, "1": 0.026565595768551924, "2": 1.4563961972672825, "3": 0.7019067257944147, "4": 0.6186687850175911, "5": 0.6259611839079137, "6": 45.66879680301839, "7": 0.0}, "low": {"0": 0.7119453134706194, "1": 0.0, "2": 0.948496523649852, "3": 0.40232838809625626, "4": 0.36687264319120866, "5": 0.41476223279472024, "6": 19.201482359173394, "7": 0.0}}}