{"minimum_sasa": 11.90957908630368, "minimum_psa": 9.97899580001835}