{"single": {"stat": {"0": "MAE", "1": "MSE", "2": "RMSD", "3": "RMSD_step", "4": "pearsonr", "5": "kendalltau", "6": "chisq", "7": "percentage_fulfilled"}, "value": {"0": 0.8334711326003584, "1": -0.38219899877807634, "2": 1.1345375385254095, "3": 0.4997801714556308, "4": 0.4330991259096849, "5": 0.4114841028261831, "6": 27.48001085446369, "7": 0.8791208791208791}, "up": {"0": 1.002877806650903, "1": -0.15336527943229475, "2": 1.350941563586099, "3": 0.6373882147198331, "4": 0.5616217905790951, "5": 0.5370105902884531, "6": 38.378804354892644, "7": 0.0}, "low": {"0": 0.6793190081414677, "1": 0.0, "2": 0.9127731693861477, "3": 0.33545114775101376, "4": 0.29719637876814997, "5": 0.2673686222848899, "6": 18.30238805541553, "7": 0.0}}}