{"single": {"stat": {"0": "MAE", "1": "MSE", "2": "RMSD", "3": "RMSD_step", "4": "pearsonr", "5": "kendalltau", "6": "chisq", "7": "percentage_fulfilled"}, "value": {"0": 1.1341242848699848, "1": -0.7565111505823467, "2": 1.2995757852102738, "3": 0.8248565629941748, "4": 0.3949647578812476, "5": 0.422518339527788, "6": 39.70883427614975, "7": 0.7087378640776699}, "up": {"0": 1.2573174205452335, "1": -0.5446062718282819, "2": 1.441926320703048, "3": 0.949194855541478, "4": 0.5061937964540161, "5": 0.5177195615723353, "6": 48.81859774982914, "7": 0.0}, "low": {"0": 1.0136940881069756, "1": 0.0, "2": 1.1658473272900458, "3": 0.6860609387295602, "4": 0.28789218553936236, "5": 0.3104390382732611, "6": 31.902523831419185, "7": 0.0}, "most-populated-1": {"0": 0.9210893876344255, "1": -0.541320025342182, "2": 1.1468918254740106, "3": 0.8248565629941748, "4": NaN, "5": NaN, "6": NaN, "7": 0.7864077669902912}}}