{"single": {"stat": {"0": "MAE", "1": "MSE", "2": "RMSD", "3": "pearsonr", "4": "kendalltau", "5": "chisq", "6": "percentage_fulfilled"}, "value": {"0": 1.0517248832467059, "1": -0.836977692853502, "2": 1.2360562721697153, "3": 0.4214082343783257, "4": 0.378661014201456, "5": 36.08947141907333, "6": 0.7281553398058253}, "up": {"0": 1.1814492405607304, "1": -0.6575843272818109, "2": 1.3635691996988435, "3": 0.541341352236827, "4": 0.4753621753534794, "5": 43.9183459145155, "6": 0.0}, "low": {"0": 0.9296671790825609, "1": 0.0, "2": 1.1015326679027697, "3": 0.2898961868515818, "4": 0.27114791951481737, "5": 28.71522800852823, "6": 0.0}, "most-populated-1": {"0": 0.9210893876344255, "1": -0.541320025342182, "2": 1.1468918254740106, "3": NaN, "4": NaN, "5": NaN, "6": 0.7864077669902912}}}