{"single": {"fulfil": {"best": 0.625, "random": [0.459375, 0.5484375, 0.55625, 0.5765625, 0.5765625], "low_energy": [0.46875, 0.484375, 0.46875, 0.53125, 0.59375], "LICUV": [0.625, 0.65625, 0.703125, 0.71875, 0.671875], "NAMFIS": [0.5, 0.390625, 0.390625, 0.390625, 0.390625]}, "rmsd": {"best": 2.1489756146035064, "random": [3.2713660168397993, 2.4662088506413102, 2.2379535914166153, 2.1364486106624088, 1.8905659128499763], "low_energy": [3.121286288399617, 2.780389152038948, 2.6924342289839513, 2.249331409667802, 1.831861152590547], "LICUV": [2.1489756146035064, 2.0252421578534356, 1.7879189929191244, 1.3898607121245004, 1.5084033035812203], "NAMFIS": [2.181251407287991, 2.1479119514040814, 2.170290127560527, 2.1704651891127105, 2.170465194901063]}, "mae": {"best": 1.4861148986965413, "random": [2.437889208272099, 1.8624495062723145, 1.69222387142311, 1.598446253742198, 1.4619385370386442], "low_energy": [2.4095611590892068, 2.024862199224685, 1.9785305719548543, 1.6260575940833593, 1.3783328971322097], "LICUV": [1.4861148986965413, 1.4192067452113832, 1.296537180817603, 1.0813525172093383, 1.1786084710455986], "NAMFIS": [1.716650601476431, 1.8052206172739176, 1.8277829082199144, 1.8282135196085112, 1.8282135242025614]}, "bundle-size": [1, 3, 5, 10, 30]}}