{"single": {"fulfil": {"best": 0.9375, "random": [0.65625, 0.84375, 0.88125, 0.95, 0.91875], "low_energy": [0.875, 0.875, 0.875, 0.9375, 0.9375], "LICUV": [0.9375, 1.0, 1.0, 1.0, 1.0], "NAMFIS": [0.9375, 1.0, 1.0, 0.9375, 0.9375]}, "rmsd": {"best": 0.3443937097651145, "random": [1.0859436308000079, 0.7442016918806551, 0.6206029467653364, 0.5860820346838896, 0.5452092863695219], "low_energy": [0.4633358682372954, 0.5446660234759506, 0.4327098461992238, 0.4270211431943302, 0.4078353269391678], "LICUV": [0.4744056067209367, 0.43876929529422487, 0.4089112335278526, 0.35575247887375144, 0.3383917475825589], "NAMFIS": [0.3782397959762726, 0.28415923534213006, 0.2525784104733882, 0.29536644549030905, 0.2953664456108601]}, "rmsd_stepwise": {"best": 0.131, "random": [0.35932518263346447, 0.2420563296299659, 0.21757238805592247, 0.1258153115722481, 0.17228725585263915], "low_energy": [0.23194665334942863, 0.23194665334942863, 0.23194665334942863, 0.15449999999999997, 0.15449999999999997], "LICUV": [0.14549999999999996, 0.0, 0.0, 0.0, 0.0], "NAMFIS": [0.131, 0.0, 0.0, 0.17300000000000004, 0.17300000000000004]}, "mae": {"best": 0.24018670201301565, "random": [0.828702852576971, 0.5649355668200626, 0.4791304621837168, 0.4361894609991347, 0.4065929190577805], "low_energy": [0.3285018330812455, 0.34481520203822424, 0.2950110043692017, 0.2506968082216081, 0.2741549367808547], "LICUV": [0.39152584671974167, 0.316950959948269, 0.30229501093521544, 0.2612103356646355, 0.24706737225870756], "NAMFIS": [0.2937644839286804, 0.21524679511813477, 0.18605324476652596, 0.21610179901937163, 0.21610179907909088]}, "bundle-size": [1, 3, 5, 10, 30]}}