{"single": {"fulfil": {"best": 0.5806451612903226, "random": [0.3290322580645162, 0.4935483870967741, 0.5516129032258064, 0.5612903225806452, 0.632258064516129], "low_energy": [0.2903225806451613, 0.25806451612903225, 0.3548387096774194, 0.5161290322580645, 0.6451612903225806], "LICUV": [0.5806451612903226, 0.5806451612903226, 0.5483870967741935, 0.5483870967741935, 0.6451612903225806], "NAMFIS": [0.25806451612903225, 0.45161290322580644, 0.6774193548387096, 0.6451612903225806, 0.6451612903225806]}, "rmsd": {"best": 0.3784496665475682, "random": [0.565100146918921, 0.4028913361762889, 0.3097670658201552, 0.28349564663749083, 0.24533548222635293], "low_energy": [0.5429381722310274, 0.43770672180145487, 0.3731909060126868, 0.26075657861641865, 0.2683332490907892], "LICUV": [0.607276875003599, 0.37463057442608916, 0.3748616852196374, 0.3450842150055429, 0.22391338214460885], "NAMFIS": [0.4002607298788392, 0.3286330571231819, 0.2538195980612078, 0.20665922289993816, 0.20665922289521343]}, "rmsd_stepwise": {"best": 0.10215421611939347, "random": [0.18230146231441197, 0.18372164338287492, 0.1660788038475539, 0.1634539506559073, 0.1454598746692875], "low_energy": [0.2839411570117324, 0.1947454914795536, 0.19071173991638654, 0.17427268214477984, 0.15252709965456057], "LICUV": [0.11519968637950138, 0.09368788264679011, 0.09799604995330995, 0.1605233376661595, 0.1416151076321923], "NAMFIS": [0.17342842718204737, 0.20628824181149397, 0.1686760590695247, 0.1684464115034425, 0.1684464115034425]}, "mae": {"best": 0.26844821437712624, "random": [0.41302720156023576, 0.2880147204403933, 0.21416879321008292, 0.20102997751648682, 0.16897248735257595], "low_energy": [0.4054016522438295, 0.3479139012878992, 0.28652180290749857, 0.19112900345417566, 0.17986914619498015], "LICUV": [0.39599962634424996, 0.26015779664430616, 0.2771244108955703, 0.25701770959689874, 0.1588360238871316], "NAMFIS": [0.3268631086041849, 0.24542018890643968, 0.19026345502547568, 0.15928017319597743, 0.1592801731917665]}, "bundle-size": [1, 3, 5, 10, 30]}}