{"single": {"fulfil": {"best": 0.7837837837837838, "random": [0.6378378378378378, 0.7162162162162161, 0.7648648648648648, 0.7513513513513514, 0.7945945945945947], "low_energy": [0.5405405405405406, 0.5675675675675675, 0.5945945945945946, 0.6486486486486487, 0.7027027027027027], "LICUV": [0.7837837837837838, 0.8918918918918919, 0.8108108108108109, 0.8648648648648649, 0.8108108108108109], "NAMFIS": [0.6756756756756757, 0.8918918918918919, 0.918918918918919, 0.918918918918919, 0.918918918918919]}, "rmsd": {"best": 0.3881146253670783, "random": [0.8182667227644134, 0.5531767182403818, 0.4687466608277286, 0.42202900321283154, 0.34734166487517926], "low_energy": [0.8518775889167736, 0.8294320080274644, 0.8472876076321725, 0.7143166120691421, 0.6514861911114392], "LICUV": [0.5472367392697967, 0.3721310318418859, 0.359289921257039, 0.33800328247207817, 0.3609618797669179], "NAMFIS": [0.5045997743248003, 0.32110227917096895, 0.28936762826264223, 0.2921705188848343, 0.2921705185889063]}, "rmsd_stepwise": {"best": 0.19093652546528847, "random": [0.42675021232050997, 0.36497452117742046, 0.2604430780297541, 0.23249534548349193, 0.16120282720436765], "low_energy": [0.48005911798106354, 0.39708056232076255, 0.3684848451172464, 0.34142388649634675, 0.2922882694061335], "LICUV": [0.41544180325515134, 0.09446864201587918, 0.31955628020149474, 0.23435939137214948, 0.2836061219939238], "NAMFIS": [0.34841727080412443, 0.16950643773152815, 0.1626636390207088, 0.1626636390207088, 0.1626636390207088]}, "mae": {"best": 0.26824187433397445, "random": [0.5220664498354936, 0.37344743977578554, 0.3079091326036179, 0.2948964411368328, 0.2625245891275802], "low_energy": [0.6161525899010735, 0.5414862897844264, 0.5367381377375217, 0.4349694546941298, 0.3948406364755377], "LICUV": [0.39558257541140984, 0.27994664080038956, 0.25644686407085243, 0.24077699022097576, 0.24416465245216065], "NAMFIS": [0.347133198815423, 0.24712548226798253, 0.20022034869716515, 0.20464647574081846, 0.20464647564888178]}, "bundle-size": [1, 3, 5, 10, 30]}}