{"single": {"fulfil": {"best": 1.0, "random": [0.63125, 0.75, 0.8875, 0.91875, 0.975], "low_energy": [0.9375, 0.9375, 1.0, 1.0, 1.0], "LICUV": [1.0, 0.9375, 1.0, 1.0, 1.0], "NAMFIS": [0.9375, 1.0, 1.0, 1.0, 1.0]}, "rmsd": {"best": 0.3460252062127725, "random": [1.0531765800633337, 0.765379818940523, 0.595536383560187, 0.5371304312065828, 0.4804763967109177], "low_energy": [0.36945472906985405, 0.35802836464582233, 0.32200696938748385, 0.281657139246716, 0.34656062190526704], "LICUV": [0.37990933021156076, 0.34566555302536933, 0.30932115289133977, 0.27471707173574567, 0.26777708695354335], "NAMFIS": [0.36945472906985405, 0.26564987055574935, 0.24933762556614023, 0.27252845345633464, 0.2731050587960895]}, "rmsd_stepwise": {"best": 0.0, "random": [0.3922215861432455, 0.2947317845768576, 0.20274990122271258, 0.14671034471830538, 0.051162278367722414], "low_energy": [0.1825, 0.1825, 0.0, 0.0, 0.0], "LICUV": [0.0, 0.1825, 0.0, 0.0, 0.0], "NAMFIS": [0.1825, 0.0, 0.0, 0.0, 0.0]}, "mae": {"best": 0.2688769620656968, "random": [0.8139505777955055, 0.6247932870042764, 0.47313985641114104, 0.4413186006777286, 0.37619707036559075], "low_energy": [0.2688769620656968, 0.2584670268015753, 0.2348740952522045, 0.21684246250890543, 0.2701140546481664], "LICUV": [0.28135298192501074, 0.2316918878462461, 0.23346744560909252, 0.20999499206941616, 0.2177259071891232], "NAMFIS": [0.2688769620656968, 0.17995814386680017, 0.1814848348576618, 0.19317759956917308, 0.1934990109280437]}, "bundle-size": [1, 3, 5, 10, 30]}}