{"trans": {"stat": {"0": "MAE", "1": "MSE", "2": "RMSD", "3": "pearsonr", "4": "kendalltau", "5": "chisq", "6": "percentage_fulfilled"}, "value": {"0": 0.6650171388863672, "1": 0.10456309652313342, "2": 1.1014876004327878, "3": 0.4162461807680288, "4": 0.286964980544747, "5": 15.267326333360213, "6": 0.8478260869565217}, "up": {"0": 0.9444286682765701, "1": 0.4417437892567099, "2": 1.5031100175054686, "3": 0.6000599156156731, "4": 0.5024882348735288, "5": 27.672690477850274, "6": 0.0}, "low": {"0": 0.4383588401049333, "1": 0.0, "2": 0.6492788746048614, "3": 0.2183093562582058, "4": 0.0454207940616906, "5": 5.84730687125739, "6": 0.0}, "most-populated-1": {"0": 0.7350932065300317, "1": 0.27555672500444467, "2": 1.3588253662909084, "3": NaN, "4": NaN, "5": NaN, "6": 0.8478260869565217}}}