{"minimum_sasa": 8.124907946586585, "minimum_psa": 6.4474016475677205}