{"trans": {"stat": {"0": "MAE", "1": "MSE", "2": "RMSD", "3": "RMSD_step", "4": "pearsonr", "5": "kendalltau", "6": "chisq", "7": "percentage_fulfilled"}, "value": {"0": 0.6650171388863672, "1": 0.10456309652313342, "2": 1.1014876004327878, "3": 0.13622232467231807, "4": 0.4162461807680288, "5": 0.286964980544747, "6": 15.267326333360213, "7": 0.8478260869565217}, "up": {"0": 0.9326224178922305, "1": 0.448750820578497, "2": 1.5054568676483908, "3": 0.18134821173376497, "4": 0.5998427974595696, "5": 0.5009999978735312, "6": 27.6353475104438, "7": 0.0}, "low": {"0": 0.43300455922839937, "1": 0.0, "2": 0.6428635806265557, "3": 0.0803389558438928, "4": 0.2087320709868288, "5": 0.05058480731387777, "6": 5.764747374196778, "7": 0.0}, "most-populated-1": {"0": 0.7350932065300317, "1": 0.27555672500444467, "2": 1.3588253662909084, "3": 0.13622232467231807, "4": NaN, "5": NaN, "6": NaN, "7": 0.8478260869565217}}}