{"single": {"stat": {"0": "MAE", "1": "MSE", "2": "RMSD", "3": "RMSD_step", "4": "pearsonr", "5": "kendalltau", "6": "chisq", "7": "percentage_fulfilled"}, "value": {"0": 0.5198651916983605, "1": -0.08527328398766182, "2": 0.9163325347305971, "3": 0.5883065962258036, "4": 0.2601773774975471, "5": 0.3509175100381729, "6": -4.750087047212815, "7": 0.4418604651162791}, "up": {"0": 0.777505124095479, "1": 0.09170439989242408, "2": 1.38222206504409, "3": 0.746000615681707, "4": 0.5614082479894886, "5": 0.5331128222023543, "6": 7.331316366388485, "7": 0.0}, "low": {"0": 0.32617815721647336, "1": 0.0, "2": 0.4714740687544908, "3": 0.3873096675040222, "4": 0.12929394114093895, "5": 0.13784921135511932, "6": 0.0, "7": 0.0}}}