{"56": {"0": {"Atom 1": "(13,)", "Atom 2": "(7, 8)", "NMR exp": [2.38, 2.51], "lower bound": 2.14, "upper bound": 2.54, "md": [3.4653230721249257, 3.3208530585963496], "lower": [2.690679311851098, 2.7107300826669776], "upper": [4.287595896339342, 4.190880547379388]}, "1": {"Atom 1": "(32,)", "Atom 2": "(13,)", "NMR exp": [3.12], "lower bound": 2.81, "upper bound": 3.43, "md": [3.2700544300471326], "lower": [2.5639883984847573], "upper": [4.456006511407348]}, "2": {"Atom 1": "(75,)", "Atom 2": "(92,)", "NMR exp": [2.17], "lower bound": 1.95, "upper bound": 2.39, "md": [3.055719958385654], "lower": [2.6118549446443247], "upper": [4.2248924135296075]}, "3": {"Atom 1": "(127,)", "Atom 2": "(116,)", "NMR exp": [2.28], "lower bound": 2.06, "upper bound": 2.51, "md": [2.865217372017825], "lower": [2.503768078093994], "upper": [4.130835195469832]}, "4": {"Atom 1": "(127,)", "Atom 2": "(118,)", "NMR exp": [2.49], "lower bound": 2.24, "upper bound": 2.74, "md": [2.558251489087101], "lower": [2.224450810989593], "upper": [3.4858915338178873]}, "5": {"Atom 1": "(127,)", "Atom 2": "(120, 121)", "NMR exp": [3.48], "lower bound": 3.13, "upper bound": 4.83, "md": [3.0623467013237655, 3.1961711408983677], "lower": [2.6021148693373903, 2.6301335724218573], "upper": [3.9324553546984387, 4.03182522776851]}, "6": {"Atom 1": "(146,)", "Atom 2": "(127,)", "NMR exp": [2.59], "lower bound": 2.33, "upper bound": 2.85, "md": [3.4600928792388053], "lower": [2.4913538603670893], "upper": [4.520287067597123]}, "7": {"Atom 1": "(146,)", "Atom 2": "(131,)", "NMR exp": [2.96], "lower bound": 2.67, "upper bound": 3.26, "md": [3.047027586410855], "lower": [2.5231818487861455], "upper": [4.195547308430593]}, "8": {"Atom 1": "(13,)", "Atom 2": "(15,)", "NMR exp": [2.22], "lower bound": 2.0, "upper bound": 2.44, "md": [2.7460206958190563], "lower": [2.43771673407077], "upper": [2.904782113201748]}, "9": {"Atom 1": "(51,)", "Atom 2": "(55, 56)", "NMR exp": [2.42], "lower bound": 2.18, "upper bound": 3.66, "md": [2.488492370697035, 3.0353739040166294], "lower": [2.269481862270572, 2.5553111076552226], "upper": [3.133765629356682, 3.6619240550701018]}, "10": {"Atom 1": "(51,)", "Atom 2": "(58, 59)", "NMR exp": [2.68], "lower bound": 2.41, "upper bound": 3.95, "md": [3.034578990191141, 2.8442107006898327], "lower": [2.4571631223365764, 2.437965389340069], "upper": [4.181932927800818, 4.021058560510492]}, "11": {"Atom 1": "(64,)", "Atom 2": "(53,)", "NMR exp": [3.88], "lower bound": 3.49, "upper bound": 4.27, "md": [3.9514316607920894], "lower": [3.011761408646911], "upper": [5.161801412121028]}, "12": {"Atom 1": "(64,)", "Atom 2": "(55, 56)", "NMR exp": [3.5], "lower bound": 3.15, "upper bound": 4.85, "md": [3.0054679325756855, 3.1842192149812827], "lower": [2.4896695685475305, 2.5919805102425975], "upper": [4.359022785675107, 4.336960016976222]}, "13": {"Atom 1": "(64,)", "Atom 2": "(58, 59)", "NMR exp": [3.44], "lower bound": 3.1, "upper bound": 4.79, "md": [2.741188807285439, 2.686986426166793], "lower": [2.422149268049127, 2.3943912345400356], "upper": [3.505378906093405, 3.4509534148339114]}, "14": {"Atom 1": "(64,)", "Atom 2": "(61, 62)", "NMR exp": [3.03], "lower bound": 2.73, "upper bound": 4.34, "md": [2.6561658007353928, 2.645201936171789], "lower": [2.38458417425593, 2.3768190948920704], "upper": [2.913262809654813, 2.908316344158269]}, "15": {"Atom 1": "(53,)", "Atom 2": "(55, 56)", "NMR exp": [2.16], "lower bound": 1.94, "upper bound": 3.37, "md": [2.734830235971502, 2.5395961100123454], "lower": [2.4417077590006335, 2.3806887820715916], "upper": [3.0294332486859847, 2.877954278946794]}, "16": {"Atom 1": "(53,)", "Atom 2": "(61, 62)", "NMR exp": [4.53], "lower bound": 4.07, "upper bound": 5.98, "md": [3.4129727681594693, 3.2298705691799627], "lower": [2.6177209229411584, 2.4322375085378516], "upper": [4.546322091761307, 4.537668315650672]}, "17": {"Atom 1": "(55, 56)", "Atom 2": "(58, 59)", "NMR exp": [2.51], "lower bound": 2.26, "upper bound": 4.76, "md": [2.819442878253828, 2.471536746408772, 2.4670021168694953, 2.8125376745068444], "lower": [2.4940976672743926, 2.3206268028133894, 2.309299095486393, 2.483887265762924], "upper": [3.0406956684685746, 2.7665381964444165, 2.777088305597789, 3.0391393459454354]}, "18": {"Atom 1": "(75,)", "Atom 2": "(79, 80)", "NMR exp": [2.98, 2.52], "lower bound": 2.27, "upper bound": 2.91, "md": [2.5790226292228207, 2.7827452116230496], "lower": [2.3028154005718493, 2.436954383461673], "upper": [3.3706081348929704, 3.69425512618747]}, "19": {"Atom 1": "(75,)", "Atom 2": "(82, 83)", "NMR exp": [2.69, 2.73], "lower bound": 2.42, "upper bound": 2.85, "md": [2.972149632752866, 2.9541447536673684], "lower": [2.428305357266314, 2.4390631848179645], "upper": [4.328457559441943, 4.29879236192414]}, "20": {"Atom 1": "(77,)", "Atom 2": "(79, 80)", "NMR exp": [2.46, 2.7], "lower bound": 2.22, "upper bound": 2.7, "md": [2.5749665694665413, 2.6080563477048857], "lower": [2.3747687527357826, 2.4056695542605055], "upper": [2.9718494772463333, 2.9848603611510978]}, "21": {"Atom 1": "(77,)", "Atom 2": "(82, 83)", "NMR exp": [2.55, 2.54], "lower bound": 2.29, "upper bound": 2.66, "md": [2.753783396768634, 2.813057133070994], "lower": [2.3962019677210034, 2.428950309976411], "upper": [3.5871192961519487, 3.567182073794038]}, "22": {"Atom 1": "(92,)", "Atom 2": "(96, 97)", "NMR exp": [2.82], "lower bound": 2.54, "upper bound": 4.1, "md": [2.604380380713947, 2.935158384246006], "lower": [2.2934681846061804, 2.530611623287335], "upper": [3.451192133409456, 3.738690396621879]}, "23": {"Atom 1": "(92,)", "Atom 2": "(99, 100)", "NMR exp": [2.95], "lower bound": 2.66, "upper bound": 4.25, "md": [2.955274749938319, 2.9843459708739597], "lower": [2.439170863053834, 2.5203289065909784], "upper": [4.24951631706466, 4.155021689579598]}, "24": {"Atom 1": "(105,)", "Atom 2": "(94,)", "NMR exp": [3.1], "lower bound": 2.79, "upper bound": 3.41, "md": [4.085413993627667], "lower": [3.1859580780709855], "upper": [5.254189666417982]}, "25": {"Atom 1": "(105,)", "Atom 2": "(96, 97)", "NMR exp": [3.13], "lower bound": 2.82, "upper bound": 4.45, "md": [3.1091275899830046, 3.0161873296450845], "lower": [2.526102227550297, 2.4760761361076384], "upper": [4.353184233329397, 4.350107215921244]}, "26": {"Atom 1": "(105,)", "Atom 2": "(99, 100)", "NMR exp": [3.17], "lower bound": 2.85, "upper bound": 4.49, "md": [2.7122045768947696, 2.7230433001658305], "lower": [2.4144787515979003, 2.410407143765032], "upper": [3.4566289498053493, 3.4816052036328577]}, "27": {"Atom 1": "(105,)", "Atom 2": "(102, 103)", "NMR exp": [3.05], "lower bound": 2.75, "upper bound": 4.36, "md": [2.639762828088697, 2.658898678138804], "lower": [2.3747290061377857, 2.3821043792156664], "upper": [2.906973048812182, 2.9154955970992886]}, "28": {"Atom 1": "(94,)", "Atom 2": "(96, 97)", "NMR exp": [2.16], "lower bound": 1.95, "upper bound": 3.38, "md": [2.636557310610183, 2.5786080669095885], "lower": [2.412610415259798, 2.3963764566864203], "upper": [2.996397784069747, 2.9445331420099743]}, "29": {"Atom 1": "(94,)", "Atom 2": "(102, 103)", "NMR exp": [2.83], "lower bound": 2.54, "upper bound": 4.11, "md": [3.4109510179070766, 3.300374362704132], "lower": [2.5645275518395607, 2.4481047455852063], "upper": [4.586496402689043, 4.580195749308839]}, "30": {"Atom 1": "(116,)", "Atom 2": "(120, 121)", "NMR exp": [2.91], "lower bound": 2.62, "upper bound": 4.2, "md": [2.7334716304644417, 2.808890772558261], "lower": [2.4146845688245713, 2.4986632642016375], "upper": [3.5256553282644703, 3.5461732666535175]}, "31": {"Atom 1": "(118,)", "Atom 2": "(120, 121)", "NMR exp": [2.01], "lower bound": 1.81, "upper bound": 3.21, "md": [2.579072174140194, 2.4639288253768306], "lower": [2.395234022063397, 2.315411845535954], "upper": [2.9696064541465836, 2.8113969694015863]}, "32": {"Atom 1": "(127,)", "Atom 2": "(129,)", "NMR exp": [2.72], "lower bound": 2.45, "upper bound": 2.99, "md": [2.8747548617993712], "lower": [2.7496797771121595],