{"single": {"stat": {"0": "MAE", "1": "MSE", "2": "RMSD", "3": "RMSD_step", "4": "pearsonr", "5": "kendalltau", "6": "chisq", "7": "percentage_fulfilled"}, "value": {"0": 0.40697270153996506, "1": 0.11483678491022013, "2": 0.8091660296713371, "3": 0.47047724409295544, "4": 0.463801217908345, "5": 0.4624826561566271, "6": -7.429344318146608, "7": 0.627906976744186}, "up": {"0": 0.6465600280612183, "1": 0.23383920553639048, "2": 1.2846333713261318, "3": 0.6400639946649285, "4": 0.7511411136941386, "5": 0.632309152606754, "6": 3.6860913144973124, "7": 0.0}, "low": {"0": 0.24602239124302083, "1": 0.0, "2": 0.3389721628571699, "3": 0.23951887794112758, "4": 0.34274554403241136, "5": 0.27262355761595963, "6": 0.0, "7": 0.0}}}