{"single": {"stat": {"0": "MAE", "1": "MSE", "2": "RMSD", "3": "RMSD_step", "4": "pearsonr", "5": "kendalltau", "6": "chisq", "7": "percentage_fulfilled"}, "value": {"0": 0.5198651916983605, "1": -0.08527328398766182, "2": 0.9163325347305971, "3": 0.5883065962258036, "4": 0.2601773774975471, "5": 0.3509175100381729, "6": -4.750087047212815, "7": 0.4418604651162791}, "up": {"0": 0.7663343928706611, "1": 0.094756427357091, "2": 1.3833124331495352, "3": 0.7491736920903652, "4": 0.563018864175397, "5": 0.5331072128373722, "6": 7.34857309716109, "7": 0.0}, "low": {"0": 0.3290060059240546, "1": 0.0, "2": 0.468871045408661, "3": 0.3899994782209817, "4": 0.1265394114818991, "5": 0.13897438366718035, "6": 0.0, "7": 0.0}}}