{"single": {"stat": {"0": "MAE", "1": "MSE", "2": "RMSD", "3": "pearsonr", "4": "kendalltau", "5": "chisq", "6": "percentage_fulfilled"}, "value": {"0": 0.3840688468086366, "1": 0.21994454245734965, "2": 0.5273430524997915, "3": 0.4058173619181485, "4": 0.15384718597929695, "5": 2.6589225060039126, "6": 0.4583333333333333}, "up": {"0": 0.5367852464472125, "1": 0.41790937623894076, "2": 0.6842285375348748, "3": 0.7572542199557601, "4": 0.5057937769702475, "5": 4.5612319985426755, "6": 0.0}, "low": {"0": 0.24797040517764207, "1": 0.03358373043525405, "2": 0.35750107211169224, "3": 0.0, "4": 0.0, "5": 1.1250668127130123, "6": 0.0}, "most-populated-1": {"0": 0.4850394491354623, "1": 0.3072873953978219, "2": 0.6425793034478134, "3": NaN, "4": NaN, "5": NaN, "6": 0.25}}}