{"minimum_sasa": 9.476914978027363, "minimum_psa": 8.549715461730953}