{"single": {"stat": {"0": "MAE", "1": "MSE", "2": "RMSD", "3": "pearsonr", "4": "kendalltau", "5": "chisq", "6": "percentage_fulfilled"}, "value": {"0": 0.768763671069283, "1": -0.4898571157818701, "2": 0.9478973321238335, "3": 0.5473862289538789, "4": 0.43573362846671326, "5": 13.566191208193926, "6": 0.8125}, "up": {"0": 0.906627910416473, "1": -0.2853244883457807, "2": 1.090194043995786, "3": 0.6791560206440121, "4": 0.5773693292086514, "5": 17.480741575796827, "6": 0.0}, "low": {"0": 0.6354477562593184, "1": 0.0, "2": 0.7992613552560425, "3": 0.4174103366705946, "4": 0.2687239755659661, "5": 9.90497737002828, "6": 0.0}, "most-populated-1": {"0": 0.6987976673990488, "1": -0.19747559912502782, "2": 1.074112385942084, "3": NaN, "4": NaN, "5": NaN, "6": 0.921875}}}