{"single": {"stat": {"0": "MAE", "1": "MSE", "2": "RMSD", "3": "RMSD_step", "4": "pearsonr", "5": "kendalltau", "6": "chisq", "7": "percentage_fulfilled"}, "value": {"0": 0.768763671069283, "1": -0.4898571157818701, "2": 0.9478973321238335, "3": 0.6558629811172451, "4": 0.5473862289538789, "5": 0.43573362846671326, "6": 13.566191208193926, "7": 0.8125}, "up": {"0": 0.9083636352525155, "1": -0.2898472568155967, "2": 1.0882815232649625, "3": 0.8189527116521725, "4": 0.6764443219344511, "5": 0.5819819802232189, "6": 17.627079560130007, "7": 0.0}, "low": {"0": 0.6338904814258594, "1": 0.0, "2": 0.7980592611427064, "3": 0.4640177798317645, "4": 0.41050524830637225, "5": 0.26896607388355254, "6": 9.773896648135773, "7": 0.0}, "most-populated-1": {"0": 0.6987976673990488, "1": -0.19747559912502782, "2": 1.074112385942084, "3": 0.6558629811172451, "4": NaN, "5": NaN, "6": NaN, "7": 0.921875}}}