{"single": {"fulfil": {"best": 0.8681318681318682, "random": [0.7252747252747253, 0.7692307692307692, 0.8054945054945055, 0.7868131868131869, 0.8087912087912088], "low_energy": [0.7362637362637363, 0.7362637362637363, 0.7802197802197802, 0.7582417582417582, 0.7692307692307693], "LICUV": [0.8681318681318682, 0.8681318681318682, 0.9120879120879121, 0.9010989010989011, 0.9010989010989011], "NAMFIS": [0.8351648351648352, 0.8791208791208791, 0.8461538461538461, 0.8791208791208791, 0.8791208791208791]}, "rmsd": {"best": 1.0862836975072077, "random": [2.156899215890611, 1.6342848540770032, 1.5862115835343826, 1.3365476838810086, 1.1845535952125066], "low_energy": [1.93149506779771, 1.5525977940384783, 1.6369738146186994, 1.6443916433369423, 1.2140431163017584], "LICUV": [1.1909407948000945, 0.9083914754393773, 0.8187307732096223, 0.8326472602010281, 0.8343897088167003], "NAMFIS": [1.1807945402934494, 0.9712728366593181, 0.9103381027791857, 0.8235715086336062, 0.8235715082936141]}, "rmsd_stepwise": {"best": 0.4909063158984726, "random": [0.7893177874327634, 0.7276641447198531, 0.6672105268993633, 0.700809817888007, 0.6597330006891939], "low_energy": [0.7686866207233742, 0.7606388292556648, 0.7092016870869898, 0.7478173368081066, 0.7287653264933102], "LICUV": [0.5387205028767516, 0.5271736790774818, 0.4215356541175463, 0.453678493896477, 0.4670458951022565], "NAMFIS": [0.6120583179856185, 0.49978017145563075, 0.5886285046474697, 0.5119452237182334, 0.5119452237182334]}, "mae": {"best": 0.7811174138561707, "random": [1.3097384215711234, 1.092016005495939, 1.0478280941211744, 0.9761007946559237, 0.9088652072458288], "low_energy": [1.2113315084478353, 1.0333103607998797, 1.0831894330863174, 1.098768491832662, 0.9138660230453188], "LICUV": [0.7997333919608984, 0.7439868981961684, 0.6636615606590688, 0.6801831911714443, 0.6898041837014197], "NAMFIS": [0.8167713704999985, 0.7403275968775717, 0.7091243388586934, 0.6589793809206469, 0.6589793806627439]}, "bundle-size": [1, 3, 5, 10, 30]}}