{"single": {"fulfil": {"best": 0.8681318681318682, "random": [0.7648351648351649, 0.8241758241758242, 0.8406593406593406, 0.8604395604395606, 0.8967032967032967], "low_energy": [0.7582417582417582, 0.8571428571428571, 0.8461538461538461, 0.8351648351648352, 0.9120879120879121], "LICUV": [0.8681318681318682, 0.9120879120879121, 0.945054945054945, 0.945054945054945, 0.9230769230769231], "NAMFIS": [0.8681318681318682, 0.9230769230769231, 0.9230769230769231, 0.9230769230769231, 0.9230769230769231]}, "rmsd": {"best": 0.9326662794655423, "random": [1.9798077363824955, 1.51459750145491, 1.31830195105116, 1.236124076646742, 0.912097368841786], "low_energy": [1.9607333656903194, 1.184143311160426, 1.1871536254422173, 1.136288801010463, 0.915275902842096], "LICUV": [0.9326662794655423, 0.8135501292027312, 0.7561654712939445, 0.6926039952125574, 0.7627156344073803], "NAMFIS": [0.9326662794655423, 0.7383807056949843, 0.7478860735968661, 0.7461812515054005, 0.7461812514357544]}, "rmsd_stepwise": {"best": 0.5153682136146889, "random": [0.7228057823616467, 0.6270453771118256, 0.5966187240595474, 0.5562838776659856, 0.4685450394287983], "low_energy": [0.7395424781059413, 0.5642265930915064, 0.5886285046474697, 0.6120583179856185, 0.4358898943540673], "LICUV": [0.5271736790774818, 0.4358898943540673, 0.3249682993837946, 0.3249682993837946, 0.40232838809625626], "NAMFIS": [0.5271736790774818, 0.37047637880537976, 0.37047637880537976, 0.37047637880537976, 0.37047637880537976]}, "mae": {"best": 0.7171703152604154, "random": [1.1918045156604637, 0.9793003021333494, 0.8949984848759213, 0.8366637183392305, 0.7073483103347058], "low_energy": [1.1972039683834532, 0.8108957934586626, 0.8020150333954237, 0.7985210767809172, 0.6482084456662257], "LICUV": [0.7171703152604154, 0.6281101660513111, 0.588996856766799, 0.5536783550887354, 0.6071818987095466], "NAMFIS": [0.7171703152604154, 0.5688798270750505, 0.5824133393173251, 0.5799211765743661, 0.5799211764990935]}, "bundle-size": [1, 3, 5, 10, 30]}}