{"single": {"fulfil": {"best": 1.0, "random": [0.61875, 0.725, 0.8125, 0.8, 0.7875], "low_energy": [0.8125, 0.875, 0.9375, 0.875, 0.9375], "LICUV": [1.0, 0.9375, 0.9375, 1.0, 1.0], "NAMFIS": [0.9375, 1.0, 1.0, 1.0, 1.0]}, "rmsd": {"best": 0.2905066687198, "random": [1.1053907967712528, 0.9427563238671413, 0.7114053515232763, 0.6530814235146232, 0.6160975311274502], "low_energy": [0.5029432550741585, 0.48710754544849916, 0.40596625115926765, 0.4860174516426074, 0.4574134421442791], "LICUV": [0.2905066687198, 0.3081311627168078, 0.3602588025170767, 0.3883309132455422, 0.4010018547246809], "NAMFIS": [0.34668992602482157, 0.2618808571923357, 0.2161755836551253, 0.2153652998595826, 0.2153652999183189]}, "rmsd_stepwise": {"best": 0.0, "random": [0.38659761429358147, 0.33109636564572004, 0.2778025601382431, 0.2898895046527241, 0.29150645941566244], "low_energy": [0.2805842119578363, 0.23194665334942863, 0.15449999999999997, 0.23194665334942863, 0.15449999999999997], "LICUV": [0.0, 0.18500000000000005, 0.18500000000000005, 0.0, 0.0], "NAMFIS": [0.131, 0.0, 0.0, 0.0, 0.0]}, "mae": {"best": 0.2298290735483169, "random": [0.8498651568591594, 0.6995817153177091, 0.5445698878465616, 0.5307768965211, 0.4875911487295884], "low_energy": [0.39213001430034644, 0.334397940606567, 0.311279026446313, 0.3459435550705842, 0.35912714173873095], "LICUV": [0.2298290735483169, 0.23273371765982215, 0.2932894196967541, 0.3193223247841286, 0.3303506596706657], "NAMFIS": [0.2936794567108154, 0.2219692977984713, 0.1748086318071512, 0.17970707527817775, 0.1797070753510399]}, "bundle-size": [1, 3, 5, 10, 30]}}