{"single": {"fulfil": {"best": 0.75, "random": [0.61, 0.72, 0.7224999999999999, 0.78, 0.7975], "low_energy": [0.625, 0.65, 0.725, 0.775, 0.75], "LICUV": [0.75, 0.75, 0.8, 0.775, 0.8], "NAMFIS": [0.625, 0.825, 0.85, 0.85, 0.85]}, "rmsd": {"best": 0.4315203106920174, "random": [0.6566688297017694, 0.47720649082369315, 0.4116597883852613, 0.32643159306406994, 0.3121933940421451], "low_energy": [0.77152504118034, 0.7498230618604754, 0.48538464234067613, 0.3338619385931774, 0.2927497097881537], "LICUV": [0.5843015408259578, 0.4191130929387773, 0.37405846071323556, 0.3268075311951179, 0.3665815685170791], "NAMFIS": [0.45662690609924694, 0.2860442171444349, 0.26877260483739407, 0.2534295638298025, 0.25342956368402436]}, "rmsd_stepwise": {"best": 0.14362276978251046, "random": [0.3395735071301039, 0.2941946017332232, 0.3191057573291098, 0.27876756754785653, 0.2878474071524408], "low_energy": [0.36121323342314027, 0.30929759132589446, 0.3142451272494134, 0.3063086678499321, 0.3343837615674542], "LICUV": [0.5010464050364997, 0.3390943821416097, 0.2625595170623225, 0.2685470163677117, 0.3302726146685493], "NAMFIS": [0.5098087876841669, 0.12511994245522973, 0.2237297476868018, 0.2243546299945691, 0.2243546299945691]}, "mae": {"best": 0.2994579949378967, "random": [0.4511152761220932, 0.31839642727366757, 0.2782353043110991, 0.225478056915891, 0.21483160899968298], "low_energy": [0.48692105436325067, 0.45052761722116064, 0.3121387727460828, 0.23530965388946506, 0.20271894953930128], "LICUV": [0.37939744591712943, 0.26354604115981306, 0.2458914708414804, 0.22028458344139965, 0.24222206224901766], "NAMFIS": [0.31878722906112655, 0.22151905875295394, 0.20490643612564924, 0.1955766842994365, 0.1955766841892002]}, "bundle-size": [1, 3, 5, 10, 30]}}