{"minimum_sasa": 8.952592310905462, "minimum_psa": 7.315454711914047}