{"single": {"stat": {"0": "MAE", "1": "MSE", "2": "RMSD", "3": "RMSD_step", "4": "pearsonr", "5": "kendalltau", "6": "chisq", "7": "percentage_fulfilled"}, "value": {"0": 0.22756402206976514, "1": -0.05701527251140232, "2": 0.3085649040279195, "3": 0.35623026261113755, "4": 0.8109504472475191, "5": 0.5609522363281967, "6": 1.0697210532008976, "7": 0.7419354838709677}, "up": {"0": 0.30389670786810397, "1": 0.04695272114385261, "2": 0.3894070526136811, "3": 0.5187064399857317, "4": 0.9169150946396181, "5": 0.7483292060001819, "6": 1.7368881039364608, "7": 0.0}, "low": {"0": 0.1571517623973722, "1": 0.0, "2": 0.2157147987245708, "3": 0.11921788131738657, "4": 0.5725649011664861, "5": 0.3318577425076044, "6": 0.5158107320756847, "7": 0.0}}}