{"single": {"stat": {"0": "MAE", "1": "MSE", "2": "RMSD", "3": "RMSD_step", "4": "pearsonr", "5": "kendalltau", "6": "chisq", "7": "percentage_fulfilled"}, "value": {"0": 0.22756402206976514, "1": -0.05701527251140232, "2": 0.3085649040279195, "3": 0.35623026261113755, "4": 0.8109504472475191, "5": 0.5609522363281967, "6": 1.0697210532008976, "7": 0.7419354838709677}, "up": {"0": 0.3034344505465356, "1": 0.04922193538357257, "2": 0.39123055968418785, "3": 0.5159766016977297, "4": 0.9162716600998054, "5": 0.746637653578992, "6": 1.742814507829752, "7": 0.0}, "low": {"0": 0.1585904989223136, "1": 0.0, "2": 0.22041462356310687, "3": 0.11992941288436916, "4": 0.5722040915653532, "5": 0.33625573089140265, "6": 0.50899468956835, "7": 0.0}}}