{"single": {"stat": {"0": "MAE", "1": "MSE", "2": "RMSD", "3": "RMSD_step", "4": "pearsonr", "5": "kendalltau", "6": "chisq", "7": "percentage_fulfilled"}, "value": {"0": 0.18495587046223644, "1": 0.08597464091165315, "2": 0.29812200875773553, "3": 0.06789460523012746, "4": 0.8111680918002279, "5": 0.6645126491887868, "6": 0.9305495231412421, "7": 0.9354838709677419}, "up": {"0": 0.27462537908751505, "1": 0.19420001491231229, "2": 0.42461529931111586, "3": 0.11010259145524831, "4": 0.9373046172486328, "5": 0.8505807875002735, "6": 1.917534791079037, "7": 0.0}, "low": {"0": 0.11199595159688326, "1": 0.0, "2": 0.1603090549517286, "3": 0.0, "4": 0.5753273949698253, "5": 0.4266663464692181, "6": 0.27078587318960196, "7": 0.0}}}