{"39": {"0": {"Atom 1": "(1,)", "Atom 2": "(65,)", "NMR exp": [2.32], "lower bound": 2.09, "upper bound": 2.5500000000000003, "md": [2.1707600177831643], "lower": [1.9616675294037909], "upper": [3.468579940659927]}, "1": {"Atom 1": "(25,)", "Atom 2": "(1,)", "NMR exp": [3.0], "lower bound": 2.7, "upper bound": 3.3000000000000003, "md": [2.3564852169788555], "lower": [2.02665313121654], "upper": [3.7142499047598054]}, "2": {"Atom 1": "(25,)", "Atom 2": "(32,)", "NMR exp": [2.82], "lower bound": 2.54, "upper bound": 3.1, "md": [2.841341604448009], "lower": [2.301418514537632], "upper": [4.1218664062286585]}, "3": {"Atom 1": "(1,)", "Atom 2": "(3,)", "NMR exp": [2.5100000000000002], "lower bound": 2.2600000000000002, "upper bound": 2.7600000000000002, "md": [2.869871160496405], "lower": [2.3522856293102166], "upper": [2.9833476230296383]}, "4": {"Atom 1": "(1,)", "Atom 2": "(67,)", "NMR exp": [2.71], "lower bound": 2.44, "upper bound": 2.98, "md": [2.910067983967554], "lower": [2.178805649431787], "upper": [3.4834908908153883]}, "5": {"Atom 1": "(1,)", "Atom 2": "(5, 6)", "NMR exp": [2.98], "lower bound": 2.68, "upper bound": 4.18, "md": [2.9810191706402107, 1.8429952222898462], "lower": [2.6613504974580797, 1.7781664592344117], "upper": [3.7823992719424355, 3.183390670528096]}, "6": {"Atom 1": "(1,)", "Atom 2": "(8, 9)", "NMR exp": [2.6], "lower bound": 2.34, "upper bound": 3.5, "md": [1.8219290977006763, 1.7655637121209196], "lower": [1.7557280960650912, 1.714017183263841], "upper": [3.993191656016086, 4.0464160173089825]}, "7": {"Atom 1": "(1,)", "Atom 2": "(69, 70)", "NMR exp": [3.21], "lower bound": 2.89, "upper bound": 4.11, "md": [3.116609441002336, 2.5049783144845925], "lower": [2.682022631612662, 2.3278248100550183], "upper": [3.9921079147514558, 3.8068124447811647]}, "8": {"Atom 1": "(3,)", "Atom 2": "(5, 6)", "NMR exp": [2.64], "lower bound": 2.38, "upper bound": 3.8000000000000003, "md": [3.0951716408227052, 2.354781688867639], "lower": [2.5570739972183545, 2.256137688629865], "upper": [3.135749040405786, 2.9106046976072215]}, "9": {"Atom 1": "(3,)", "Atom 2": "(11, 12)", "NMR exp": [3.21], "lower bound": 2.89, "upper bound": 4.11, "md": [2.71717962166807, 3.0112348516090797], "lower": [2.2493646183866693, 2.403132046959958], "upper": [4.494478701648843, 4.5265631027682005]}, "10": {"Atom 1": "(5, 6)", "Atom 2": "(11, 12)", "NMR exp": [3.12], "lower bound": 2.81, "upper bound": 4.33, "md": [3.9198748282111033, 2.834095144790544, 2.9529035282886626, 4.340405609203538], "lower": [2.888678083262338, 2.4844783158337505, 2.5464492350505745, 3.008277353279306], "upper": [4.089907047324623, 3.5540278643572547, 3.6763035424373394, 4.392413304258626]}, "11": {"Atom 1": "(25,)", "Atom 2": "(27, 28)", "NMR exp": [2.3000000000000003, 2.75], "lower bound": 2.07, "upper bound": 3.0300000000000002, "md": [2.652066641148292, 2.1955481547122138], "lower": [2.442340795913871, 2.124020506351877], "upper": [2.9050440170291343, 2.673576419561453]}, "12": {"Atom 1": "(25,)", "Atom 2": "(3,)", "NMR exp": [2.34], "lower bound": 2.11, "upper bound": 2.57, "md": [1.6868444495904733], "lower": [1.6632913332912496], "upper": [2.9053761520583627]}, "13": {"Atom 1": "(25,)", "Atom 2": "(5, 6)", "NMR exp": [3.47, 3.77], "lower bound": 3.12, "upper bound": 4.15, "md": [1.8907427275505888, 3.2688257493515946], "lower": [1.7906355518452783, 2.6910500451755617], "upper": [3.97456070728511, 4.242939964809844]}, "14": {"Atom 1": "(32,)", "Atom 2": "(27, 28)", "NMR exp": [2.4, 3.04], "lower bound": 2.15, "upper bound": 3.3000000000000003, "md": [2.236447950530221, 3.0572689073972854], "lower": [2.0909899880429523, 2.5293068798470597], "upper": [2.8185582663013538, 3.439035420118919]}, "15": {"Atom 1": "(32,)", "Atom 2": "(34,)", "NMR exp": [2.66], "lower bound": 2.39, "upper bound": 2.93, "md": [2.6087951277595995], "lower": [2.23122902947184], "upper": [2.9368950035921535]}, "16": {"Atom 1": "(32,)", "Atom 2": "(36, 37)", "NMR exp": [2.7600000000000002, 2.77], "lower bound": 2.49, "upper bound": 3.0500000000000003, "md": [3.3069364474665806, 1.8092833410537872], "lower": [2.6251856434449006, 1.7657977101947229], "upper": [3.7131026367360556, 2.8599709247653147]}, "17": {"Atom 1": "(34,)", "Atom 2": "(36, 37)", "NMR exp": [2.65, 2.85], "lower bound": 2.39, "upper bound": 3.14, "md": [2.1096422018331302, 2.760911748155615], "lower": [2.052771865634597, 2.4721451876798284], "upper": [2.8510718826802126, 3.031549147953653]}, "18": {"Atom 1": "(34,)", "Atom 2": "(27, 28)", "NMR exp": [3.99], "lower bound": 3.59, "upper bound": 4.89, "md": [4.5376476457708295, 4.4505210008121185], "lower": [4.4049647751671035, 4.268234461042145], "upper": [4.777909027396119, 4.704611371563207]}, "19": {"Atom 1": "(45,)", "Atom 2": "(34,)", "NMR exp": [2.2600000000000002], "lower bound": 2.0300000000000002, "upper bound": 2.49, "md": [2.3583886969174834], "lower": [2.17995279505201], "upper": [2.6422769462454307]}, "20": {"Atom 1": "(45,)", "Atom 2": "(47,)", "NMR exp": [2.79], "lower bound": 2.5100000000000002, "upper bound": 3.0700000000000003, "md": [3.1766289451564553], "lower": [2.8961644897111336], "upper": [3.1907598889818316]}, "21": {"Atom 1": "(45,)", "Atom 2": "(49, 50)", "NMR exp": [2.95, 3.0100000000000002], "lower bound": 2.66, "upper bound": 3.2800000000000002, "md": [2.0425756565051993, 2.687003321282882], "lower": [1.9683923574598148, 2.3885087281425283], "upper": [3.1837815290938174, 3.4516160738978354]}, "22": {"Atom 1": "(47,)", "Atom 2": "(49, 50)", "NMR exp": [2.56, 2.79], "lower bound": 2.36, "upper bound": 3.2600000000000002, "md": [2.183847938032562, 2.456179458507819], "lower": [2.1136147335430358, 2.316750099701034], "upper": [2.8925607650511185, 2.83195874089083]}, "23": {"Atom 1": "(65,)", "Atom 2": "(67,)", "NMR exp": [2.7600000000000002], "lower bound": 2.48, "upper bound": 3.04, "md": [2.8223143089300913], "lower": [2.719972964170192], "upper": [2.9427167776058556]}, "24": {"Atom 1": "(65,)", "Atom 2": "(47,)", "NMR exp": [2.12], "lower bound": 1.9100000000000001, "upper bound": 2.33, "md": [2.2010573822035715], "lower": [2.0703879857231002], "upper": [2.49523303737368]}, "25": {"Atom 1": "(65,)", "Atom 2": "(69, 70)", "NMR exp": [2.93], "lower bound": 2.64, "upper bound": 4.12, "md": [1.7944072275273182, 2.4209716638566348], "lower": [1.7433871993274341, 2.2222781138513463], "upper": [3.26131978797091, 3.1046873521263367]}, "26": {"Atom 1": "(65,)", "Atom 2": "(75, 76)", "NMR exp": [2.99], "lower bound": 2.69, "upper bound": 4.19, "md": [2.941463089025945, 2.070377232480333], "lower": [2.3926752591922327, 1.8692306537669803], "upper": [4.879470789217504, 4.796211839105759]}, "27": {"Atom 1": "(65,)", "Atom 2": "(49, 50)", "NMR exp": [3.45, 3.88], "lower bound": 3.14, "upper bound": 4.19, "md": [3.6160097019672204, 3.0658828413180834], "lower": [3.0150017438039214, 2.654888310242441], "upper": [4.233809448669058, 4.230245724396801]}, "28": {"Atom 1": "(67,)", "Atom 2": "(69, 70)", "NMR exp": [2.49], "lower bound": 2.24, "upper bound": 3.64, "md": [3.2417287644871835, 2.7104892843492965], "lower": [2.6168426833516416, 2.4275810999979104], "upper": [3.2554877764896792, 3.0261433536345383]}, "29": {"Atom 1": "(67,)", "Atom 2": "(75, 76)", "NMR exp": [2.79], "lower bound": 2.5100000000000002, "upper bound": 3.69, "md": [2.7112558430826366, 3.267837395845912], "lower": [2.3077134412013516, 2.4855210522390756], "upper": [4.5062541574812105, 4.579692007634824]}, "30": {"Atom 1": "(69, 70)", "Atom 2": "(75, 76)", "NMR exp": [2.64], "lower bound": 2.38, "upper bound": 3.54, "md": [2.5756965605681725, 4.498730985574306, 2.6715910234023443, 2.7133430377698815], "lower": [2.3783738086957427, 3.0515779000038195, 2.4300770293036695, 2.4472021380461824], "upper": [3.374619577632118, 4.527989468634286, 3.472153988502548, 3.478139398793834]}}}