{"33": {"0": {"Atom 1": "(32,)", "Atom 2": "(44,)", "NMR exp": 2.5, "lower bound": 2.3000000000000003, "upper bound": 2.61, "md": [2.223812843576799], "lower": [2.013577262860506], "upper": [3.192458830060819]}, "1": {"Atom 1": "(1,)", "Atom 2": "(3,)", "NMR exp": 2.5500000000000003, "lower bound": 2.43, "upper bound": 2.87, "md": [2.684123037559204], "lower": [2.25390981012662], "upper": [2.964648374804275]}, "2": {"Atom 1": "(25,)", "Atom 2": "(27, 28)", "NMR exp": 2.35, "lower bound": 2.2600000000000002, "upper bound": 2.44, "md": [2.54343659761757, 1.9827332464260472], "lower": [2.3081364078262894, 1.9361915496479942], "upper": [2.909230017341869, 2.75619213582262]}, "3": {"Atom 1": "(25,)", "Atom 2": "(27, 28)", "NMR exp": 3.1, "lower bound": 2.88, "upper bound": 3.3200000000000003, "md": [2.54343659761757, 1.9827332464260472], "lower": [2.3081364078262894, 1.9361915496479942], "upper": [2.909230017341869, 2.75619213582262]}, "4": {"Atom 1": "(32,)", "Atom 2": "(34,)", "NMR exp": 2.89, "lower bound": 2.71, "upper bound": 3.0700000000000003, "md": [2.2012941709428016], "lower": [2.1055650334211164], "upper": [2.8814322399362875]}, "5": {"Atom 1": "(44,)", "Atom 2": "(46,)", "NMR exp": 2.67, "lower bound": 2.5300000000000002, "upper bound": 2.81, "md": [1.8921689784454787], "lower": [1.8397566847126563], "upper": [2.893604746081568]}, "6": {"Atom 1": "(64,)", "Atom 2": "(66,)", "NMR exp": 2.4, "lower bound": 2.3000000000000003, "upper bound": 2.5, "md": [1.8588493252665252], "lower": [1.8283365912631226], "upper": [2.8117642231800213]}, "7": {"Atom 1": "(1,)", "Atom 2": "(66,)", "NMR exp": 2.9, "lower bound": 2.3000000000000003, "upper bound": 2.95, "md": [2.6981997521829832], "lower": [2.152701006672203], "upper": [3.5450150286693245]}, "8": {"Atom 1": "(25,)", "Atom 2": "(3,)", "NMR exp": 2.34, "lower bound": 2.25, "upper bound": 2.43, "md": [1.7077730023947426], "lower": [1.6730218482139905], "upper": [3.0154382365728924]}, "9": {"Atom 1": "(32,)", "Atom 2": "(27, 28)", "NMR exp": 4.0, "lower bound": 3.5300000000000002, "upper bound": 4.47, "md": [1.886019082065098, 1.7439228220925889], "lower": [1.8332960796455708, 1.7002868874310693], "upper": [3.3593372538572224, 2.4516575095367914]}, "10": {"Atom 1": "(32,)", "Atom 2": "(27, 28)", "NMR exp": 2.27, "lower bound": 2.18, "upper bound": 2.36, "md": [1.886019082065098, 1.7439228220925889], "lower": [1.8332960796455708, 1.7002868874310693], "upper": [3.3593372538572224, 2.4516575095367914]}, "11": {"Atom 1": "(44,)", "Atom 2": "(34,)", "NMR exp": 2.85, "lower bound": 2.68, "upper bound": 3.02, "md": [3.1779362412382115], "lower": [2.309313683069444], "upper": [3.557196653558226]}, "12": {"Atom 1": "(64,)", "Atom 2": "(46,)", "NMR exp": 2.4, "lower bound": 2.3000000000000003, "upper bound": 2.5, "md": [2.7822222347398546], "lower": [2.1883234977403365], "upper": [3.5558143903681216]}, "13": {"Atom 1": "(44,)", "Atom 2": "(27, 28)", "NMR exp": 4.17, "lower bound": 3.64, "upper bound": 4.7, "md": [6.97174824249573, 3.9760584049296024], "lower": [5.122753849392467, 3.56502340571981], "upper": [7.11163305254311, 5.108969082102941]}, "14": {"Atom 1": "(44,)", "Atom 2": "(48, 49)", "NMR exp": 2.75, "lower bound": 2.6, "upper bound": 2.9, "md": [2.862614159051615, 2.815026200931339], "lower": [2.508123975841581, 2.4624470455173486], "upper": [3.44487776890744, 3.5135218039180844]}, "15": {"Atom 1": "(44,)", "Atom 2": "(36, 37)", "NMR exp": 3.2, "lower bound": 2.96, "upper bound": 3.44, "md": [1.7609557709942338, 4.85666706078067], "lower": [1.6912278112623944, 3.214991387147208], "upper": [3.708569721340889, 4.930321471673483]}, "16": {"Atom 1": "(44,)", "Atom 2": "(36, 37)", "NMR exp": 3.2, "lower bound": 2.96, "upper bound": 3.44, "md": [1.7609557709942338, 4.85666706078067], "lower": [1.6912278112623944, 3.214991387147208], "upper": [3.708569721340889, 4.930321471673483]}, "17": {"Atom 1": "(32,)", "Atom 2": "(36, 37)", "NMR exp": 2.92, "lower bound": 2.74, "upper bound": 3.1, "md": [2.616128595712281, 2.0876529823746903], "lower": [2.321568899095151, 1.9981068326799525], "upper": [3.402815335525643, 3.053774190069358]}, "18": {"Atom 1": "(32,)", "Atom 2": "(36, 37)", "NMR exp": 2.71, "lower bound": 2.56, "upper bound": 2.86, "md": [2.616128595712281, 2.0876529823746903], "lower": [2.321568899095151, 1.9981068326799525], "upper": [3.402815335525643, 3.053774190069358]}, "19": {"Atom 1": "(64,)", "Atom 2": "(48, 49)", "NMR exp": 2.7, "lower bound": 2.56, "upper bound": 2.84, "md": [1.5867507351120433, 1.9562440909963843], "lower": [1.550094360827451, 1.8406957080760584], "upper": [3.8122393475805323, 3.4698567872551846]}, "20": {"Atom 1": "(1,)", "Atom 2": "(68,)", "NMR exp": 2.35, "lower bound": 2.2600000000000002, "upper bound": 2.44, "md": [2.7972850240671137], "lower": [2.3514731037726646], "upper": [3.9406107463069953]}, "21": {"Atom 1": "(1,)", "Atom 2": "(5, 6)", "NMR exp": 3.22, "lower bound": 2.98, "upper bound": 3.46, "md": [1.7793994108479663, 3.1350341480046087], "lower": [1.7379679656556741, 2.6736628690157245], "upper": [3.0592490130619217, 3.766305082384]}, "22": {"Atom 1": "(1,)", "Atom 2": "(5, 6)", "NMR exp": 3.22, "lower bound": 2.98, "upper bound": 3.46, "md": [1.7793994108479663, 3.1350341480046087], "lower": [1.7379679656556741, 2.6736628690157245], "upper": [3.0592490130619217, 3.766305082384]}, "23": {"Atom 1": "(66,)", "Atom 2": "(68,)", "NMR exp": 3.08, "lower bound": 2.87, "upper bound": 3.29, "md": [2.6069155636554666], "lower": [2.396975140773008], "upper": [3.005951248106119]}}}