{"single": {"stat": {"0": "MAE", "1": "MSE", "2": "RMSD", "3": "pearsonr", "4": "kendalltau", "5": "chisq", "6": "percentage_fulfilled"}, "value": {"0": 0.5241250588580207, "1": -0.39495594751191304, "2": 0.7188019189304947, "3": 0.33935506288136286, "4": 0.17311263241994918, "5": 3.838673471390157, "6": 0.2916666666666667}, "up": {"0": 0.7380914944474447, "1": -0.16693666392463696, "2": 0.9834156085993501, "3": 0.7709923687120476, "4": 0.520252292114171, "5": 6.626588453315693, "6": 0.0}, "low": {"0": 0.34642379551575725, "1": 0.0, "2": 0.4317242652794228, "3": 0.0, "4": 0.0, "5": 1.646457278558608, "6": 0.0}, "most-populated-1": {"0": 0.3458238190412519, "1": 0.12728355864683769, "2": 0.48368466266971855, "3": NaN, "4": NaN, "5": NaN, "6": 0.375}}}