{"minimum_sasa": 9.348324947357169, "minimum_psa": 8.313632822036727}