{"single": {"stat": {"0": "MAE", "1": "MSE", "2": "RMSD", "3": "RMSD_step", "4": "pearsonr", "5": "kendalltau", "6": "chisq", "7": "percentage_fulfilled"}, "value": {"0": 0.7945989762296517, "1": -0.508625362601203, "2": 0.9614798734993473, "3": 0.5724126570927655, "4": 0.5449710425915482, "5": 0.47193629234925677, "6": 13.92713443577198, "7": 0.859375}, "up": {"0": 0.9313266132879292, "1": -0.30192843432864486, "2": 1.0933727328123948, "3": 0.7483314773547881, "4": 0.6666483307254595, "5": 0.6051839155998245, "6": 17.712894636478385, "7": 0.0}, "low": {"0": 0.6624510530510084, "1": 0.0, "2": 0.8203990848250197, "3": 0.3572901481989112, "4": 0.4140601798855946, "5": 0.3099159113060459, "6": 10.414491169376634, "7": 0.0}, "most-populated-1": {"0": 0.7058320380747318, "1": -0.27927183732390415, "2": 0.9649959714655061, "3": 0.5724126570927655, "4": NaN, "5": NaN, "6": NaN, "7": 0.921875}}}