{"58": {"0": {"Atom 1": "(3,)", "Atom 2": "(1,)", "NMR exp": 4.5, "lower bound": 2.9, "upper bound": 6.1, "md": [2.929413642232345], "lower": [2.848176200187736], "upper": [3.0077470240459636]}, "1": {"Atom 1": "(35,)", "Atom 2": "(33,)", "NMR exp": 3.5, "lower bound": 2.3, "upper bound": 4.7, "md": [2.910515381250763], "lower": [2.8095187541730624], "upper": [2.989292317809172]}, "2": {"Atom 1": "(35,)", "Atom 2": "(45,)", "NMR exp": 4.5, "lower bound": 2.9, "upper bound": 6.1, "md": [3.271600548167009], "lower": [3.022587886076694], "upper": [3.506594239370607]}, "3": {"Atom 1": "(47,)", "Atom 2": "(45,)", "NMR exp": 3.5, "lower bound": 2.3, "upper bound": 4.7, "md": [2.940006084275479], "lower": [2.8168818007932352], "upper": [3.0037740289129906]}, "4": {"Atom 1": "(64,)", "Atom 2": "(73,)", "NMR exp": 3.5, "lower bound": 2.3, "upper bound": 4.7, "md": [2.3791037140160043], "lower": [2.2056783958039947], "upper": [2.6818175757276936]}, "5": {"Atom 1": "(64,)", "Atom 2": "(62,)", "NMR exp": 3.5, "lower bound": 2.3, "upper bound": 4.7, "md": [3.070844764171355], "lower": [2.8228603997795902], "upper": [3.098328395934449]}, "6": {"Atom 1": "(75,)", "Atom 2": "(73,)", "NMR exp": 3.5, "lower bound": 2.3, "upper bound": 4.7, "md": [2.735106702631902], "lower": [2.4759447562140084], "upper": [2.862262284085885]}, "7": {"Atom 1": "(75,)", "Atom 2": "(1,)", "NMR exp": 4.5, "lower bound": 2.9, "upper bound": 6.1, "md": [3.5292249036116843], "lower": [3.3331737777443102], "upper": [4.19064610168588]}, "8": {"Atom 1": "(98,)", "Atom 2": "(1,)", "NMR exp": 4.5, "lower bound": 2.9, "upper bound": 6.1, "md": [3.307546437862071], "lower": [2.904359942686993], "upper": [3.495210335718531]}, "9": {"Atom 1": "(45,)", "Atom 2": "(33,)", "NMR exp": 3.5, "lower bound": 2.3, "upper bound": 4.7, "md": [2.1788748435873977], "lower": [1.9802497598791815], "upper": [2.7060200743002123]}, "10": {"Atom 1": "(62,)", "Atom 2": "(1,)", "NMR exp": 4.5, "lower bound": 2.9, "upper bound": 6.1, "md": [3.7122814350739155], "lower": [3.47407719155766], "upper": [4.667386366204678]}, "11": {"Atom 1": "(5, 6)", "Atom 2": "(15,)", "NMR exp": 3.5, "lower bound": 2.3, "upper bound": 4.7, "md": [3.5912517333748735, 2.964584225106345], "lower": [2.69668887259106, 2.6321246234628504], "upper": [3.8512570014361684, 3.645926431834886]}, "12": {"Atom 1": "(5, 6)", "Atom 2": "(1,)", "NMR exp": 3.5, "lower bound": 2.3, "upper bound": 4.7, "md": [2.723965345705721, 3.453025214473325], "lower": [2.5075783478141003, 2.7912535039541453], "upper": [3.1082457800139025, 3.8221032518505025]}, "13": {"Atom 1": "(5, 6)", "Atom 2": "(15,)", "NMR exp": 3.5, "lower bound": 2.3, "upper bound": 4.7, "md": [3.5912517333748735, 2.964584225106345], "lower": [2.69668887259106, 2.6321246234628504], "upper": [3.8512570014361684, 3.645926431834886]}, "14": {"Atom 1": "(3,)", "Atom 2": "(15,)", "NMR exp": 4.5, "lower bound": 2.9, "upper bound": 6.1, "md": [3.2973384405406154], "lower": [2.7344261819403437], "upper": [4.373097669015249]}, "15": {"Atom 1": "(3,)", "Atom 2": "(11,)", "NMR exp": 4.5, "lower bound": 2.9, "upper bound": 6.1, "md": [5.205288570688455], "lower": [4.809088073776406], "upper": [5.7118844388048835]}, "16": {"Atom 1": "(3,)", "Atom 2": "(57, 58)", "NMR exp": 4.5, "lower bound": 2.9, "upper bound": 6.1, "md": [5.894859097294949, 5.900439269371321], "lower": [4.987930896092676, 4.950095619978892], "upper": [9.882045420885227, 9.679146120965619]}, "17": {"Atom 1": "(5, 6)", "Atom 2": "(45,)", "NMR exp": 4.5, "lower bound": 2.9, "upper bound": 6.1, "md": [4.736137269294457, 4.898152200163237], "lower": [4.198914518369488, 4.386737923104455], "upper": [6.231344143461179, 6.287740346672573]}, "18": {"Atom 1": "(5, 6)", "Atom 2": "(1,)", "NMR exp": 4.5, "lower bound": 2.9, "upper bound": 6.1, "md": [2.723965345705721, 3.453025214473325], "lower": [2.5075783478141003, 2.7912535039541453], "upper": [3.1082457800139025, 3.8221032518505025]}, "19": {"Atom 1": "(5, 6)", "Atom 2": "(33,)", "NMR exp": 4.5, "lower bound": 2.9, "upper bound": 6.1, "md": [6.447195632361567, 7.914993453712658], "lower": [5.941302610149442, 6.250217494715959], "upper": [7.182685499431917, 8.100108981303148]}, "20": {"Atom 1": "(5, 6)", "Atom 2": "(45,)", "NMR exp": 4.5, "lower bound": 2.9, "upper bound": 6.1, "md": [4.736137269294457, 4.898152200163237], "lower": [4.198914518369488, 4.386737923104455], "upper": [6.231344143461179, 6.287740346672573]}, "21": {"Atom 1": "(20, 21)", "Atom 2": "(26, 27)", "NMR exp": 3.5, "lower bound": 2.3, "upper bound": 4.7, "md": [2.7744844335555907, 3.7903377668194316, 3.8100984470888086, 3.1779091191816726], "lower": [2.6185246506110693, 3.7110364781693717, 3.723878114671104, 2.88787734835338], "upper": [3.7132751252234035, 3.983095794410349, 4.008461079729442, 3.8746580441099825]}, "22": {"Atom 1": "(20, 21)", "Atom 2": "(26, 27)", "NMR exp": 3.5, "lower bound": 2.3, "upper bound": 4.7, "md": [2.7744844335555907, 3.7903377668194316, 3.8100984470888086, 3.1779091191816726], "lower": [2.6185246506110693, 3.7110364781693717, 3.723878114671104, 2.88787734835338], "upper": [3.7132751252234035, 3.983095794410349, 4.008461079729442, 3.8746580441099825]}, "23": {"Atom 1": "(20, 21)", "Atom 2": "(26, 27)", "NMR exp": 3.5, "lower bound": 2.3, "upper bound": 4.7, "md": [2.7744844335555907, 3.7903377668194316, 3.8100984470888086, 3.1779091191816726], "lower": [2.6185246506110693, 3.7110364781693717, 3.723878114671104, 2.88787734835338], "upper": [3.7132751252234035, 3.983095794410349, 4.008461079729442, 3.8746580441099825]}, "24": {"Atom 1": "(20, 21)", "Atom 2": "(26, 27)", "NMR exp": 3.5, "lower bound": 2.3, "upper bound": 4.7, "md": [2.7744844335555907, 3.7903377668194316, 3.8100984470888086, 3.1779091191816726], "lower": [2.6185246506110693, 3.7110364781693717, 3.723878114671104, 2.88787734835338], "upper": [3.7132751252234035, 3.983095794410349, 4.008461079729442, 3.8746580441099825]}, "25": {"Atom 1": "(20, 21)", "Atom 2": "(1,)", "NMR exp": 4.5, "lower bound": 2.9, "upper bound": 6.1, "md": [3.1401723181821932, 3.9455493120242235], "lower": [2.8352751648261885, 3.576626955077869], "upper": [3.930274694304575, 4.579246225238809]}, "26": {"Atom 1": "(20, 21)", "Atom 2": "(29,)", "NMR exp": 4.5, "lower bound": 2.9, "upper bound": 6.1, "md": [3.8526787080740625, 2.925656387195115], "lower": [3.7663789950513893, 2.8002661156697224], "upper": [4.015152374900637, 3.608724086645709]}, "27": {"Atom 1": "(20, 21)", "Atom 2": "(23, 24)", "NMR exp": 3.5, "lower bound": 2.3, "upper bound": 4.7, "md": [2.3032904073317324, 3.2152447928172414, 2.3307206513029883, 2.7506466659429276], "lower": [2.189659105382876, 2.842313095519763, 2.2992094885958836, 2.2968542145339668], "upper": [2.4225939432126378, 3.236100639424247, 2.874794609022896, 2.7867345530818204]}, "28": {"Atom 1": "(20, 21)", "Atom 2": "(23, 24)", "NMR exp": 4.5, "lower bound": 2.9, "upper bound": 6.1, "md": [2.3032904073317324, 3.2152447928172414, 2.3307206513029883, 2.7506466659429276], "lower": [2.189659105382876, 2.842313095519763, 2.2992094885958836, 2.2968542145339668], "upper": [2.4225939432126378, 3.236100639424247, 2.874794609022896, 2.7867345530818204]}, "29": {"Atom 1": "(20, 21)", "Atom 2": "(1,)", "NMR exp": 4.5, "lower bound": 2.9, "upper bound": 6.1, "md": [3.1401723181821932, 3.9455493120242235], "lower": [2.8352751648261885, 3.576626955077869], "upper": [3.930274694304575, 4.579246225238809]}, "30": {"Atom 1": "(20, 21)", "Atom 2": "(23, 24)", "NMR exp": 4.5, "lower bound": 2.9, "upper bound": 6.1, "md": [2.3032904073317324, 3.2152447928172414, 2.3307206513029883, 2.7506466659429276], "lower": [2.189659105382876, 2.842313095519763, 2.2992094885958836, 2.2968542145339668], "upper": [2.4225939432126378, 3.236100639424247, 2.874794609022896, 2.7867345530818204]}, "31": {"Atom 1": "(20, 21)", "Atom 2": "(23, 24)", "NMR exp": 3.5, "lower bound": 2.3, "upper bound": 4.7,