{"single": {"stat": {"0": "MAE", "1": "MSE", "2": "RMSD", "3": "pearsonr", "4": "kendalltau", "5": "chisq", "6": "percentage_fulfilled"}, "value": {"0": 0.7018178965458022, "1": -0.41500831390016896, "2": 0.8884435062628627, "3": 0.5189673083577271, "4": 0.3915777317472188, "5": 11.96361131365267, "6": 0.859375}, "up": {"0": 0.8380100006854585, "1": -0.22538875503586797, "2": 1.0094641641312698, "3": 0.6532097795123949, "4": 0.5425191615107209, "5": 15.428820234071278, "6": 0.0}, "low": {"0": 0.571694568189365, "1": 0.0, "2": 0.7552616135607739, "3": 0.35742728240315796, "4": 0.2125968461393707, "5": 8.73979513994199, "6": 0.0}, "most-populated-1": {"0": 0.7058320380747318, "1": -0.27927183732390415, "2": 0.9649959714655061, "3": NaN, "4": NaN, "5": NaN, "6": 0.921875}}}