{"single": {"stat": {"0": "MAE", "1": "MSE", "2": "RMSD", "3": "RMSD_step", "4": "pearsonr", "5": "kendalltau", "6": "chisq", "7": "percentage_fulfilled"}, "value": {"0": 0.6776081379979435, "1": -0.43389765239095157, "2": 0.8518657453104627, "3": 0.3969738471160507, "4": 0.6482778692524218, "5": 0.5571190872979096, "6": 30.29577097238614, "7": 0.9}, "up": {"0": 0.7570939606903612, "1": -0.3230783533234906, "2": 0.9575509483718713, "3": 0.4971092908594884, "4": 0.7527250214573952, "5": 0.6342016532557168, "6": 38.754865391487805, "7": 0.0}, "low": {"0": 0.6027259297687276, "1": 0.0, "2": 0.7529623260777581, "3": 0.27844103821941524, "4": 0.5203405341835008, "5": 0.4661199749528945, "6": 23.586724065440094, "7": 0.0}, "most-populated-1": {"0": 0.6591569402638604, "1": -0.26701597957050105, "2": 0.8963060981917546, "3": 0.3969738471160507, "4": NaN, "5": NaN, "6": NaN, "7": 0.888235294117647}}}