{"single": {"stat": {"0": "MAE", "1": "MSE", "2": "RMSD", "3": "pearsonr", "4": "kendalltau", "5": "chisq", "6": "percentage_fulfilled"}, "value": {"0": 0.6776081379979435, "1": -0.43389765239095157, "2": 0.8518657453104627, "3": 0.6482778692524218, "4": 0.5571190872979096, "5": 30.29577097238614, "6": 0.9}, "up": {"0": 0.7574746028560638, "1": -0.32223758212536435, "2": 0.9590434950700403, "3": 0.7524344778114549, "4": 0.6364375000096582, "5": 38.61054845676352, "6": 0.0}, "low": {"0": 0.6023742379244218, "1": 0.0, "2": 0.7514958871912946, "3": 0.5210508671325136, "4": 0.46798937845880456, "5": 23.626022634062515, "6": 0.0}, "most-populated-1": {"0": 0.6591569402638604, "1": -0.26701597957050105, "2": 0.8963060981917546, "3": NaN, "4": NaN, "5": NaN, "6": 0.888235294117647}}}