{"single": {"fulfil": {"best": 0.6363636363636364, "random": [0.40909090909090906, 0.5030303030303032, 0.5909090909090909, 0.696969696969697, 0.7666666666666667], "low_energy": [0.2727272727272727, 0.5757575757575758, 0.6363636363636364, 0.6666666666666666, 0.7272727272727273], "LICUV": [0.6363636363636364, 0.5151515151515151, 0.6060606060606061, 0.5151515151515151, 0.7272727272727273], "NAMFIS": [0.42424242424242425, 0.6363636363636364, 0.6060606060606061, 0.7878787878787878, 0.7878787878787878]}, "rmsd": {"best": 0.30544771749654986, "random": [0.5197892935503703, 0.33967729814656844, 0.27384536612458615, 0.18585512319099076, 0.15073462105804616], "low_energy": [0.39420181190495157, 0.2718112487565767, 0.20623133113217182, 0.2251153941664464, 0.1867312675507434], "LICUV": [0.49912211974048337, 0.3826889502652276, 0.38075025648197347, 0.38145675849885374, 0.1559145297672296], "NAMFIS": [0.3177072332035744, 0.17921205136310223, 0.1840232188234781, 0.15931924415647294, 0.1593192441523653]}, "rmsd_stepwise": {"best": 0.09525086494477238, "random": [0.13338495941604545, 0.12484633663444736, 0.10809966654464169, 0.08899847936169976, 0.07559036186435299], "low_energy": [0.14994948644409714, 0.1015486150182326, 0.0905538513813742, 0.08712582332987787, 0.08268230546110597], "LICUV": [0.09525086494477238, 0.11124638230413417, 0.10740746545917391, 0.11531248716843157, 0.08556408195739684], "NAMFIS": [0.16947333749357782, 0.10760477628241172, 0.11309690133203953, 0.08007572173962099, 0.08007572173962099]}, "mae": {"best": 0.23668950803352107, "random": [0.3656774207750955, 0.2414987675397096, 0.19760020216380347, 0.14111456435343195, 0.11607068023273046], "low_energy": [0.3106821568806965, 0.20459233330869442, 0.16282822975993266, 0.16326277042548795, 0.13811758433290688], "LICUV": [0.31026016148653895, 0.26683363771914664, 0.24373561651767023, 0.2489567673670403, 0.12336353778372865], "NAMFIS": [0.2537934100989138, 0.15412751153736037, 0.14931638220716587, 0.130769462742838, 0.1307694627399443]}, "bundle-size": [1, 3, 5, 10, 30]}}