{"single": {"fulfil": {"best": 0.5604395604395604, "random": [0.4406593406593407, 0.4945054945054945, 0.49230769230769234, 0.4945054945054945, 0.5208791208791209], "low_energy": [0.43956043956043955, 0.4835164835164835, 0.5164835164835165, 0.5054945054945055, 0.5274725274725275], "LICUV": [0.5604395604395604, 0.6043956043956044, 0.6483516483516484, 0.6703296703296703, 0.6483516483516484], "NAMFIS": [0.46153846153846156, 0.4065934065934066, 0.3956043956043956, 0.37362637362637363, 0.37362637362637363]}, "rmsd": {"best": 2.611196473763634, "random": [3.834474044712091, 3.060143374237084, 2.967750188234969, 2.6104653578109187, 2.176327712674577], "low_energy": [4.165699449293116, 3.1151402356330933, 2.9813206200704574, 2.4988020662077686, 2.138247103581484], "LICUV": [2.6469983249755193, 2.394721092684435, 2.2566846069266187, 1.823581694054213, 1.774677721876511], "NAMFIS": [2.611196473763635, 2.743207867525071, 2.820514170312116, 2.84374958729768, 2.8553792077102633]}, "mae": {"best": 1.7314618873072187, "random": [2.7312456568518835, 2.176199989988935, 2.1122419663349836, 1.8994792639573288, 1.606668219981208], "low_energy": [2.9734976247116753, 2.2380715821236077, 2.10356733789395, 1.8210207819041226, 1.5685979637170402], "LICUV": [1.7314618873072187, 1.5792590862040892, 1.4202153424517743, 1.2389929803802404, 1.2235964842238636], "NAMFIS": [1.919764083296388, 2.136590623193685, 2.2075127601724516, 2.2524625490711307, 2.2604932660330683]}, "bundle-size": [1, 3, 5, 10, 30]}}