{"single": {"fulfil": {"best": 0.3023255813953488, "random": [0.16744186046511628, 0.1883720930232558, 0.1813953488372093, 0.19767441860465115, 0.20232558139534884], "low_energy": [0.13953488372093023, 0.18604651162790697, 0.20930232558139536, 0.23255813953488372, 0.20930232558139536], "LICUV": [0.3023255813953488, 0.27906976744186046, 0.2558139534883721, 0.2558139534883721, 0.20930232558139536], "NAMFIS": [0.2558139534883721, 0.18604651162790697, 0.20930232558139536, 0.20930232558139536, 0.20930232558139536]}, "rmsd": {"best": 3.3477615920558397, "random": [4.881104741341035, 4.076833348113251, 3.687506718261961, 3.339504362512362, 2.866830636558886], "low_energy": [6.011827696549453, 3.9435327699793943, 3.852442164724453, 3.656192586891761, 2.988226316682905], "LICUV": [3.489729850951165, 3.3783652930614703, 3.366583665698527, 2.8689862884720725, 2.545471440502743], "NAMFIS": [3.3477615920558397, 2.9812520853486597, 2.6293762275962216, 2.421278129314169, 2.394118450732447]}, "mae": {"best": 2.6062779158215177, "random": [3.8176056004901264, 3.190561800317417, 2.934096360080068, 2.679948121369729, 2.3178834066475944], "low_energy": [4.478942140867543, 3.1746081723989645, 3.0304042902378168, 2.894896098273592, 2.3865046436709414], "LICUV": [2.6368748745807378, 2.4543939020194894, 2.4905722887001187, 2.231506240639175, 1.9863433310282292], "NAMFIS": [2.6062779158215177, 2.404358152659686, 2.108158333373005, 1.991188675008779, 1.9728946599866106]}, "bundle-size": [1, 3, 5, 10, 30]}}