{"single": {"fulfil": {"best": 0.3953488372093023, "random": [0.31162790697674414, 0.34651162790697676, 0.34651162790697676, 0.3604651162790698, 0.35348837209302325], "low_energy": [0.32558139534883723, 0.3488372093023256, 0.32558139534883723, 0.3488372093023256, 0.37209302325581395], "LICUV": [0.3953488372093023, 0.4418604651162791, 0.3953488372093023, 0.3953488372093023, 0.37209302325581395], "NAMFIS": [0.32558139534883723, 0.3488372093023256, 0.3488372093023256, 0.3488372093023256, 0.3488372093023256]}, "rmsd": {"best": 1.5059845673029812, "random": [1.681417877518821, 1.6347421616210274, 1.5789176249339116, 1.565059558839856, 1.5408230527955982], "low_energy": [1.7023341261943221, 1.6148871613027478, 1.6232533533906273, 1.617626406619504, 1.53947586262941], "LICUV": [1.531654476707622, 1.4404647624098954, 1.4618962260745818, 1.4896526124652187, 1.5145562760905802], "NAMFIS": [1.7554605741185525, 1.634845195268963, 1.6320285840876938, 1.6320285840819946, 1.6320285840795385]}, "mae": {"best": 1.0719110007618746, "random": [1.211324159378229, 1.1532322801609907, 1.1161791722544385, 1.104319525896976, 1.0834362449124426], "low_energy": [1.208548791574877, 1.1597024262799847, 1.164681416408669, 1.1353377468995631, 1.0806395270161657], "LICUV": [1.0824559054263798, 1.0312665692076262, 1.031736175605234, 1.0575201352146286, 1.0617652286001003], "NAMFIS": [1.2951348365739335, 1.159066799956377, 1.1550189592433941, 1.1550189592389233, 1.155018959234405]}, "bundle-size": [1, 3, 5, 10, 30]}}