{"single": {"fulfil": {"best": 0.7441860465116279, "random": [0.6139534883720931, 0.627906976744186, 0.6372093023255815, 0.6488372093023257, 0.6069767441860465], "low_energy": [0.6046511627906976, 0.6511627906976745, 0.627906976744186, 0.6511627906976745, 0.5581395348837209], "LICUV": [0.7441860465116279, 0.6511627906976745, 0.6744186046511628, 0.6744186046511628, 0.6046511627906976], "NAMFIS": [0.5348837209302325, 0.5348837209302325, 0.5348837209302325, 0.5348837209302325, 0.5348837209302325]}, "rmsd": {"best": 0.8863999722237645, "random": [1.1008022475218788, 0.8826925685700658, 0.8614938346123745, 0.8171631598466466, 0.8002118707640127], "low_energy": [1.057056046527868, 0.9035616860339284, 0.8687963138602591, 0.8549143377490203, 0.7946352645493168], "LICUV": [0.9915640162989726, 0.839297352667235, 0.8311955290141324, 0.7967212736965, 0.79686621583591], "NAMFIS": [0.9941848719501009, 0.9941846638371369, 0.9941846591594118, 0.9941846455191035, 0.9941845796198857]}, "rmsd_stepwise": {"best": 0.23187807541996103, "random": [0.4113718515629118, 0.3461201861964305, 0.38199777155052544, 0.3934118906396408, 0.4451610532280988], "low_energy": [0.31478305560023917, 0.3071966266772155, 0.36815694327789195, 0.3127410698072545, 0.4232405440639341], "LICUV": [0.36079047581922186, 0.3740009948998084, 0.42039571612890503, 0.36819800032300626, 0.4733306037698347], "NAMFIS": [0.4708675812473901, 0.4708675812473901, 0.4708675812473901, 0.4708675812473901, 0.4708675812473901]}, "mae": {"best": 0.4846028608499571, "random": [0.6829403351628504, 0.4717176219730129, 0.4475949545063189, 0.41141528446389575, 0.397111223809479], "low_energy": [0.6253040378038272, 0.4913093870091558, 0.4647496672145724, 0.44077053954779694, 0.39546802804103987], "LICUV": [0.5142578405557676, 0.43545606104518664, 0.4311380075902154, 0.3898926449909053, 0.38378618300470957], "NAMFIS": [0.6374985910016436, 0.6374983897798502, 0.6374983858401647, 0.6374983747079973, 0.637498324507538]}, "bundle-size": [1, 3, 5, 10, 30]}}