{"single": {"fulfil": {"best": 0.7441860465116279, "random": [0.627906976744186, 0.6162790697674418, 0.6418604651162791, 0.6255813953488373, 0.6395348837209303], "low_energy": [0.6046511627906976, 0.6511627906976745, 0.627906976744186, 0.6511627906976745, 0.5581395348837209], "LICUV": [0.7441860465116279, 0.6511627906976745, 0.6744186046511628, 0.6744186046511628, 0.6046511627906976], "NAMFIS": [0.5348837209302325, 0.5348837209302325, 0.5348837209302325, 0.5348837209302325, 0.5348837209302325]}, "rmsd": {"best": 0.8863999722237645, "random": [1.043261977341523, 0.9134317344736622, 0.8427771224070822, 0.8319651328974608, 0.8079603137873391], "low_energy": [1.057056046527868, 0.9035616860339284, 0.8687963138602591, 0.8549143377490203, 0.7946352645493168], "LICUV": [0.9915640162989726, 0.839297352667235, 0.8311955290141324, 0.7967212736965, 0.79686621583591], "NAMFIS": [0.9941848719501009, 0.9941848696855983, 0.9941848678797427, 0.994184862293958, 0.9941848478298186]}, "mae": {"best": 0.4846028608499571, "random": [0.651253687692243, 0.5129254595905378, 0.44695543987469666, 0.4162447614285961, 0.3985022811737339], "low_energy": [0.6253040378038272, 0.4913093870091558, 0.4647496672145724, 0.44077053954779694, 0.39546802804103987], "LICUV": [0.5142578405557676, 0.43545606104518664, 0.4311380075902154, 0.3898926449909053, 0.38378618300470957], "NAMFIS": [0.6374985910016436, 0.6374985894410216, 0.6374985879542119, 0.6374985837320898, 0.6374985730162671]}, "bundle-size": [1, 3, 5, 10, 30]}}