{"minimum_sasa": 12.449675559997559, "minimum_psa": 9.758399963378906}