{"trans": {"stat": {"0": "MAE", "1": "MSE", "2": "RMSD", "3": "pearsonr", "4": "kendalltau", "5": "chisq", "6": "percentage_fulfilled"}, "value": {"0": 0.2729973937466233, "1": 0.06189362455938539, "2": 0.3857318471862661, "3": 0.5461166442723429, "4": 0.2761904761904762, "5": 1.2795295656135528, "6": 0.5238095238095238}, "up": {"0": 0.4031789537010543, "1": 0.23048236834309982, "2": 0.5541803894429421, "3": 0.8603826417812087, "4": 0.5897499999999999, "5": 2.8293076865118527, "6": 0.0}, "low": {"0": 0.17192003524267668, "1": 0.0, "2": 0.2196527070690711, "3": 0.04706765288559535, "4": 0.0, "5": 0.35936052225201137, "6": 0.0}, "most-populated-1": {"0": 0.31670905885242273, "1": 0.09919484728858566, "2": 0.4307091236697994, "3": NaN, "4": NaN, "5": NaN, "6": 0.42857142857142855}}}