{"trans": {"stat": {"0": "MAE", "1": "MSE", "2": "RMSD", "3": "RMSD_step", "4": "pearsonr", "5": "kendalltau", "6": "chisq", "7": "percentage_fulfilled"}, "value": {"0": 0.2729973937466233, "1": 0.06189362455938539, "2": 0.3857318471862661, "3": 0.049521520093601265, "4": 0.5461166442723429, "5": 0.2761904761904762, "6": 1.2795295656135528, "7": 0.5238095238095238}, "up": {"0": 0.4013258444519708, "1": 0.23659554655241236, "2": 0.5573592915816746, "3": 0.06743669858651428, "4": 0.8613274646306663, "5": 0.59375, "6": 2.7881263074108587, "7": 0.0}, "low": {"0": 0.17073356841082377, "1": 0.0, "2": 0.21968563009061426, "3": 0.027189809015248975, "4": 0.02614450710562542, "5": 0.0, "6": 0.36079182156161593, "7": 0.0}, "most-populated-1": {"0": 0.31670905885242273, "1": 0.09919484728858566, "2": 0.4307091236697994, "3": 0.049521520093601265, "4": NaN, "5": NaN, "6": NaN, "7": 0.42857142857142855}}}