{"cis": {"fulfil": {"best": 0.43478260869565216, "random": [0.25652173913043474, 0.25217391304347825, 0.23043478260869565, 0.1652173913043478, 0.19130434782608696], "low_energy": [0.2608695652173913, 0.2608695652173913, 0.2608695652173913, 0.21739130434782608, 0.13043478260869565], "LICUV": [0.43478260869565216, 0.17391304347826086, 0.2608695652173913, 0.21739130434782608, 0.13043478260869565], "NAMFIS": [0.17391304347826086, 0.2608695652173913, 0.2608695652173913, 0.2608695652173913, 0.2608695652173913]}, "rmsd": {"best": 0.27914347341509455, "random": [0.5605586894819402, 0.38314656328020325, 0.3214756802707682, 0.32394131560996076, 0.31541420524929514], "low_energy": [0.4673498977170351, 0.42515764040611803, 0.36925549340000574, 0.32972803244501847, 0.344137420857859], "LICUV": [0.27914347341509455, 0.356487460985909, 0.35695966012580294, 0.3136235575983301, 0.30251782318266907], "NAMFIS": [0.35209585866704524, 0.31765164603946006, 0.3226807256773764, 0.32262078076246115, 0.32262078076248263]}, "mae": {"best": 0.1805800599637239, "random": [0.3724561223569123, 0.28963216123739594, 0.25585363597206895, 0.2608556192667265, 0.2534648239569425], "low_energy": [0.3218531604435132, 0.30685624728881233, 0.2648067680677486, 0.26594113022733173, 0.27396430566706853], "LICUV": [0.18970012955043614, 0.2783846349458893, 0.28563091900517235, 0.24990524231795597, 0.23993988453590248], "NAMFIS": [0.26438432610553236, 0.25405539257036475, 0.25536672864269166, 0.2561463503910429, 0.25614635039103034]}, "bundle-size": [1, 3, 5, 10, 30]}, "trans": {"fulfil": {"best": 0.5833333333333334, "random": [0.4083333333333333, 0.47916666666666663, 0.4583333333333333, 0.4416666666666666, 0.4125], "low_energy": [0.4166666666666667, 0.4583333333333333, 0.4583333333333333, 0.5, 0.5], "LICUV": [0.5833333333333334, 0.375, 0.5, 0.4166666666666667, 0.4166666666666667], "NAMFIS": [0.2916666666666667, 0.4583333333333333, 0.375, 0.375, 0.375]}, "rmsd": {"best": 0.2397503107280434, "random": [0.731969619353065, 0.37228117446008857, 0.37471385169286014, 0.38003040206036454, 0.33795157917664004], "low_energy": [0.24667674099619422, 0.30446672197874874, 0.31342656426950527, 0.3138657677184739, 0.2952010293826908], "LICUV": [0.394093955810858, 0.2743633904486269, 0.27825061458298106, 0.311251925349826, 0.29951004785223806], "NAMFIS": [0.5243543055366563, 0.42752657514051473, 0.3847743462645176, 0.3925883791251046, 0.3869274264120834]}, "mae": {"best": 0.20593133648236583, "random": [0.46129370180765783, 0.2794708784009471, 0.27328951599471135, 0.28274310531547553, 0.2696612349048824], "low_energy": [0.218585295677185, 0.2558014293119388, 0.2614804729484442, 0.2636159073046336, 0.23892525669826722], "LICUV": [0.27988134702046724, 0.22739257787513745, 0.1856523174600185, 0.23808879307592115, 0.24913157363377195], "NAMFIS": [0.418699735403061, 0.3228879924015138, 0.31126988865988575, 0.30730210495457494, 0.2984560375959339]}, "bundle-size": [1, 3, 5, 10, 30]}}