{"cis": {"fulfil": {"best": 0.43478260869565216, "random": [0.25217391304347825, 0.26086956521739135, 0.2652173913043478, 0.2391304347826087, 0.16521739130434782], "low_energy": [0.2608695652173913, 0.2608695652173913, 0.2608695652173913, 0.21739130434782608, 0.13043478260869565], "LICUV": [0.43478260869565216, 0.17391304347826086, 0.2608695652173913, 0.21739130434782608, 0.13043478260869565], "NAMFIS": [0.17391304347826086, 0.2608695652173913, 0.2608695652173913, 0.2608695652173913, 0.2608695652173913]}, "rmsd": {"best": 0.27914347341509455, "random": [0.47537728798069967, 0.35456950538555143, 0.3421972633177747, 0.33264972079013055, 0.32681440363597136], "low_energy": [0.4673498977170351, 0.42515764040611803, 0.36925549340000574, 0.32972803244501847, 0.344137420857859], "LICUV": [0.27914347341509455, 0.356487460985909, 0.35695966012580294, 0.3136235575983301, 0.30251782318266907], "NAMFIS": [0.35209585866704524, 0.31764108391894613, 0.32268459120103454, 0.3226155630590233, 0.3226155630593765]}, "rmsd_stepwise": {"best": 0.06319397329547784, "random": [0.08063200893069415, 0.07872106226504424, 0.07776820920542117, 0.07861998506740818, 0.08459263252124227], "low_energy": [0.08178045902451801, 0.0773964946964935, 0.08205909853376349, 0.0831708560996448, 0.08475027254028254], "LICUV": [0.06650433133981964, 0.07741755783328201, 0.07500724602677888, 0.08349043163089431, 0.0856814119154562], "NAMFIS": [0.0877124749443861, 0.08164743932191679, 0.07824848935894237, 0.07824848935894237, 0.07824848935894237]}, "mae": {"best": 0.1805800599637239, "random": [0.33606091163469387, 0.2632216929898712, 0.2606606201470145, 0.2576142827929659, 0.266279771731172], "low_energy": [0.3218531604435132, 0.30685624728881233, 0.2648067680677486, 0.26594113022733173, 0.27396430566706853], "LICUV": [0.18970012955043614, 0.2783846349458893, 0.28563091900517235, 0.24990524231795597, 0.23993988453590248], "NAMFIS": [0.26438432610553236, 0.25404907811582406, 0.2553638136069706, 0.2561347480423726, 0.2561347480426248]}, "bundle-size": [1, 3, 5, 10, 30]}, "trans": {"fulfil": {"best": 0.5833333333333334, "random": [0.4416666666666667, 0.47916666666666663, 0.4708333333333333, 0.4416666666666667, 0.4], "low_energy": [0.4166666666666667, 0.4583333333333333, 0.4583333333333333, 0.5, 0.5], "LICUV": [0.5833333333333334, 0.375, 0.5, 0.4166666666666667, 0.4166666666666667], "NAMFIS": [0.2916666666666667, 0.4583333333333333, 0.375, 0.375, 0.375]}, "rmsd": {"best": 0.2397503107280434, "random": [0.531523245416311, 0.320761529618509, 0.38756846872984696, 0.34430213728260783, 0.3230770412822255], "low_energy": [0.24667674099619422, 0.30446672197874874, 0.31342656426950527, 0.3138657677184739, 0.2952010293826908], "LICUV": [0.394093955810858, 0.2743633904486269, 0.27825061458298106, 0.311251925349826, 0.29951004785223806], "NAMFIS": [0.5243543055366563, 0.42751892687959414, 0.384773000068344, 0.39259230095035336, 0.38695119909444153]}, "rmsd_stepwise": {"best": 0.043108390521258554, "random": [0.09949756459198685, 0.08657761142256518, 0.0817286757660788, 0.1389742680093887, 0.1329586837189121], "low_energy": [0.06041522986797283, 0.053150729063673255, 0.053150729063673255, 0.04907477288111819, 0.10820023875512791], "LICUV": [0.0468041130671226, 0.12793227374930322, 0.1572153512436577, 0.12421419671948396, 0.12421419671948396], "NAMFIS": [0.17344547654330267, 0.15463330279513965, 0.1582060892212012, 0.1582060892212012, 0.1582060892212012]}, "mae": {"best": 0.20593133648236583, "random": [0.35862819568316134, 0.2385783376710055, 0.2776704345753468, 0.26174411022649996, 0.2615088972734021], "low_energy": [0.218585295677185, 0.2558014293119388, 0.2614804729484442, 0.2636159073046336, 0.23892525669826722], "LICUV": [0.27988134702046724, 0.22739257787513745, 0.1856523174600185, 0.23808879307592115, 0.24913157363377195], "NAMFIS": [0.418699735403061, 0.32289604031879543, 0.31127668800248537, 0.30730835674135004, 0.298512372890225]}, "bundle-size": [1, 3, 5, 10, 30]}}