{"cis": {"fulfil": {"best": 0.08695652173913043, "random": [0.08695652173913042, 0.08695652173913042, 0.08695652173913042, 0.08695652173913042, 0.08695652173913042], "low_energy": [0.08695652173913043, 0.08695652173913043, 0.08695652173913043, 0.08695652173913043, 0.08695652173913043], "LICUV": [0.08695652173913043, 0.08695652173913043, 0.08695652173913043, 0.08695652173913043, 0.08695652173913043], "NAMFIS": [0.16666666666666666, 0.3333333333333333, 0.3333333333333333, 0.3333333333333333, 0.3333333333333333]}, "rmsd": {"best": 2.4821853045644775, "random": [2.510047709274052, 2.4006056601305086, 2.4006056601305086, 2.4006056601305086, 2.4006056601305086], "low_energy": [2.4821853045644775, 2.4006056601305086, 2.4006056601305086, 2.4006056601305086, 2.4006056601305086], "LICUV": [2.505322351693019, 2.4006056601305086, 2.4006056601305086, 2.4006056601305086, 2.4006056601305086], "NAMFIS": [1.609272176816366, 1.5284196797360505, 1.5284196797360505, 1.5284196797360505, 1.5284196797360505]}, "mae": {"best": 1.6230120870341422, "random": [1.6349905696537181, 1.562965751504923, 1.562965751504923, 1.562965751504923, 1.562965751504923], "low_energy": [1.6230120870341422, 1.562965751504923, 1.562965751504923, 1.562965751504923, 1.562965751504923], "LICUV": [1.662532157483308, 1.562965751504923, 1.562965751504923, 1.562965751504923, 1.562965751504923], "NAMFIS": [1.1624845812718074, 1.1001413261741517, 1.1001413261741517, 1.1001413261741517, 1.1001413261741517]}, "bundle-size": [1, 3, 5, 10, 30]}, "trans": {"fulfil": {"best": 0.375, "random": [0.24166666666666664, 0.275, 0.2875, 0.2833333333333333, 0.2916666666666667], "low_energy": [0.25, 0.3333333333333333, 0.3333333333333333, 0.25, 0.25], "LICUV": [0.375, 0.3333333333333333, 0.3333333333333333, 0.2916666666666667, 0.2916666666666667], "NAMFIS": [0.20833333333333334, 0.25, 0.25, 0.25, 0.25]}, "rmsd": {"best": 1.1921769977664813, "random": [1.8201260583912746, 1.6478816813595336, 1.4827083603610185, 1.536780891916532, 1.5383096716048266], "low_energy": [1.4722544726892202, 1.5289595541928387, 1.5472762301790088, 1.5264144734973395, 1.5139058243143089], "LICUV": [1.6397036482681715, 1.4840141829203974, 1.4993906532612928, 1.531664668844723, 1.4984821835826543], "NAMFIS": [2.1268019292234492, 1.3405210757423605, 1.3405210758279444, 1.3405210758689436, 1.3405210760239286]}, "mae": {"best": 0.9183390722672145, "random": [1.2378248653014499, 1.1182814364335945, 1.0182726619888895, 1.0444220646927334, 1.0384620970170007], "low_energy": [1.040307566920916, 1.0207945521948185, 0.9823227461899622, 1.0054860334921254, 1.0019178788616139], "LICUV": [1.0222367791334788, 1.0063363554861007, 1.0049038024339898, 1.0184635873597496, 0.9898105285428249], "NAMFIS": [1.3965560928980507, 0.9214510019185845, 0.9214510019595116, 0.9214510018441123, 0.9214510016642761]}, "bundle-size": [1, 3, 5, 10, 30]}}