{"cis": {"fulfil": {"best": 0.43478260869565216, "random": [0.2217391304347826, 0.2, 0.2391304347826087, 0.21739130434782608, 0.17391304347826086], "low_energy": [0.2608695652173913, 0.2608695652173913, 0.2608695652173913, 0.21739130434782608, 0.13043478260869565], "LICUV": [0.43478260869565216, 0.17391304347826086, 0.2608695652173913, 0.21739130434782608, 0.13043478260869565], "NAMFIS": [0.17391304347826086, 0.2608695652173913, 0.2608695652173913, 0.2608695652173913, 0.2608695652173913]}, "rmsd": {"best": 0.27914347341509455, "random": [0.47928481910959253, 0.438502028437902, 0.32609119123957864, 0.33721149779951054, 0.32779879819267377], "low_energy": [0.4673498977170351, 0.42515764040611803, 0.36925549340000574, 0.32972803244501847, 0.344137420857859], "LICUV": [0.27914347341509455, 0.356487460985909, 0.35695966012580294, 0.3136235575983301, 0.30251782318266907], "NAMFIS": [0.35209585866704524, 0.3176114914414282, 0.32263016088163304, 0.32257839332142607, 0.3225783933216127]}, "mae": {"best": 0.1805800599637239, "random": [0.34891172044173524, 0.329082675721279, 0.2530095568937201, 0.26386049027445174, 0.25966532144779053], "low_energy": [0.3218531604435132, 0.30685624728881233, 0.2648067680677486, 0.26594113022733173, 0.27396430566706853], "LICUV": [0.18970012955043614, 0.2783846349458893, 0.28563091900517235, 0.24990524231795597, 0.23993988453590248], "NAMFIS": [0.26438432610553236, 0.2540224915848635, 0.2553339372532843, 0.2561348535939601, 0.2561348535939013]}, "bundle-size": [1, 3, 5, 10, 30]}, "trans": {"fulfil": {"best": 0.5833333333333334, "random": [0.425, 0.5291666666666666, 0.4625, 0.4416666666666667, 0.4375], "low_energy": [0.4166666666666667, 0.4583333333333333, 0.4583333333333333, 0.5, 0.5], "LICUV": [0.5833333333333334, 0.375, 0.5, 0.4166666666666667, 0.4166666666666667], "NAMFIS": [0.2916666666666667, 0.4583333333333333, 0.375, 0.375, 0.375]}, "rmsd": {"best": 0.2397503107280434, "random": [0.5595304798286821, 0.3846419334432166, 0.3546608559254925, 0.3394824243518424, 0.32683793649132725], "low_energy": [0.24667674099619422, 0.30446672197874874, 0.31342656426950527, 0.3138657677184739, 0.2952010293826908], "LICUV": [0.394093955810858, 0.2743633904486269, 0.27825061458298106, 0.311251925349826, 0.29951004785223806], "NAMFIS": [0.5243543055366563, 0.42753114014407356, 0.38480522760193336, 0.39260889128699866, 0.3869142017354883]}, "mae": {"best": 0.20593133648236583, "random": [0.38169809846083314, 0.2672031952480056, 0.26092163554255654, 0.25688532973995326, 0.26220656213665816], "low_energy": [0.218585295677185, 0.2558014293119388, 0.2614804729484442, 0.2636159073046336, 0.23892525669826722], "LICUV": [0.27988134702046724, 0.22739257787513745, 0.1856523174600185, 0.23808879307592115, 0.24913157363377195], "NAMFIS": [0.418699735403061, 0.3228736135041624, 0.31127937547090406, 0.30732221682399047, 0.29839939023849893]}, "bundle-size": [1, 3, 5, 10, 30]}}