{"minimum_sasa": 7.662556171417236, "minimum_psa": 5.587860584259033}