{"single": {"fulfil": {"best": 0.8977272727272727, "random": [0.7852272727272728, 0.8363636363636363, 0.8420454545454547, 0.8761363636363637, 0.9011363636363636], "low_energy": [0.7386363636363636, 0.8181818181818182, 0.8181818181818182, 0.8863636363636364, 0.9090909090909091], "LICUV": [0.8977272727272727, 0.9204545454545454, 0.9204545454545454, 0.9431818181818182, 0.9431818181818182], "NAMFIS": [0.8295454545454546, 0.9318181818181818, 0.9204545454545454, 0.9318181818181818, 0.9318181818181818]}, "rmsd": {"best": 1.1338939081306614, "random": [1.9222909133954729, 1.3390227897101228, 1.279257591972236, 1.1477680383988071, 1.056121500217654], "low_energy": [2.045337280840409, 1.2563845232141782, 1.2734404723137653, 1.059925110777677, 1.0023839296650072], "LICUV": [1.1338939081306614, 1.0532062929385728, 0.9708601448524524, 1.0202311367694286, 0.9561026308309829], "NAMFIS": [1.219411634729049, 0.8820712081257527, 0.8929722187991251, 0.9522315011820629, 0.9522315012088903]}, "rmsd_stepwise": {"best": 0.48815515417278393, "random": [0.7070001339272485, 0.616128309702118, 0.6077850763171873, 0.5395375944131195, 0.47452391931031823], "low_energy": [0.7955129848663118, 0.6551370432623583, 0.6647795259947601, 0.517094153550747, 0.4573888339854235], "LICUV": [0.48815515417278393, 0.4243979693208207, 0.4243979693208207, 0.34918736830220265, 0.34918736830220265], "NAMFIS": [0.6224036982830063, 0.37188096824851696, 0.40912878612530257, 0.3886164269208485, 0.3886164269208485]}, "mae": {"best": 0.7575578107075256, "random": [1.1285264019261703, 0.9409509587764313, 0.9479404553582496, 0.9062714971461923, 0.9033553716297676], "low_energy": [1.2050628865307025, 0.8725048665954948, 0.9125551802735391, 0.8748110933597644, 0.8638417767838775], "LICUV": [0.7575578107075256, 0.7505076025588157, 0.7608393141023946, 0.840105712066513, 0.8319736955200185], "NAMFIS": [0.7999047596346247, 0.7119826226912314, 0.7270585411334191, 0.8079591327529602, 0.8079591326910763]}, "bundle-size": [1, 3, 5, 10, 30]}}