{"single": {"fulfil": {"best": 0.7096774193548387, "random": [0.5580645161290322, 0.6580645161290324, 0.703225806451613, 0.7580645161290323, 0.7838709677419355], "low_energy": [0.5483870967741935, 0.5806451612903226, 0.5806451612903226, 0.6774193548387096, 0.7419354838709677], "LICUV": [0.7096774193548387, 0.8064516129032258, 0.7419354838709677, 0.8064516129032258, 0.8709677419354839], "NAMFIS": [0.6129032258064516, 0.7096774193548387, 0.8709677419354839, 0.9032258064516129, 0.9032258064516129]}, "rmsd": {"best": 0.3828130633367264, "random": [0.7045807179752877, 0.5420394246567761, 0.49632775623037767, 0.4309679995999847, 0.3509678080412682], "low_energy": [0.6505951140196486, 0.6264562073896578, 0.6096193592204658, 0.4329937506612569, 0.37747985723209043], "LICUV": [0.5415766536806267, 0.4657038030727707, 0.4186319589214516, 0.35816557112976166, 0.22846279493167476], "NAMFIS": [0.3828130633367264, 0.3561662154215096, 0.2470934276172545, 0.2462472283482409, 0.24624722831442727]}, "mae": {"best": 0.2841724571104973, "random": [0.48493193352606967, 0.3507244541981648, 0.319430164943739, 0.2729847273195146, 0.2426190930406639], "low_energy": [0.44654121060525204, 0.4088199011775326, 0.40237681132211683, 0.3078688671827206, 0.27233196035305224], "LICUV": [0.34623970985412583, 0.268988835823038, 0.2475227041418853, 0.22344103500233886, 0.16713367185595837], "NAMFIS": [0.2841724571104973, 0.26413751490546444, 0.19977842636032425, 0.19985462894815426, 0.19985462892519673]}, "bundle-size": [1, 3, 5, 10, 30]}}