{"single": {"fulfil": {"best": 0.5483870967741935, "random": [0.4032258064516129, 0.4516129032258064, 0.4419354838709678, 0.4483870967741936, 0.4483870967741935], "low_energy": [0.4838709677419355, 0.4838709677419355, 0.4838709677419355, 0.4838709677419355, 0.41935483870967744], "LICUV": [0.5483870967741935, 0.5483870967741935, 0.5483870967741935, 0.5483870967741935, 0.5483870967741935], "NAMFIS": [0.3870967741935484, 0.41935483870967744, 0.41935483870967744, 0.41935483870967744, 0.41935483870967744]}, "rmsd": {"best": 1.7507049985471121, "random": [2.4519504268203134, 2.153916623182117, 1.9928427497065662, 1.9535016302852495, 1.9781569613475256], "low_energy": [2.510999739954004, 2.1190158481452444, 2.1903395250762823, 2.12592921205012, 2.100010302169941], "LICUV": [2.0330932026753343, 2.1658277070044947, 1.8793417521997557, 1.891479117328328, 1.9214213267341722], "NAMFIS": [1.9659252549764148, 1.651296344929259, 1.540773855550652, 1.5277341790402688, 1.5277341713838974]}, "mae": {"best": 1.1684172198080245, "random": [1.6375771088292517, 1.4503852348246524, 1.3640242925798602, 1.3296980137661265, 1.3503636836825053], "low_energy": [1.5699294184100239, 1.3873036250057753, 1.421905890516038, 1.4175979045812088, 1.4251404697259134], "LICUV": [1.345728944963024, 1.4151507170115236, 1.2557534019976997, 1.2690040700696357, 1.2890694421100217], "NAMFIS": [1.3919396808070517, 1.2059361515636073, 1.142895717639197, 1.1261705414294931, 1.126170535987969]}, "bundle-size": [1, 3, 5, 10, 30]}}