{"single": {"fulfil": {"best": 0.7096774193548387, "random": [0.567741935483871, 0.6548387096774194, 0.6806451612903227, 0.7612903225806452, 0.767741935483871], "low_energy": [0.5483870967741935, 0.5806451612903226, 0.5806451612903226, 0.6774193548387096, 0.7419354838709677], "LICUV": [0.7096774193548387, 0.8064516129032258, 0.7419354838709677, 0.8064516129032258, 0.8709677419354839], "NAMFIS": [0.6129032258064516, 0.7096774193548387, 0.8709677419354839, 0.9032258064516129, 0.9032258064516129]}, "rmsd": {"best": 0.3828130633367264, "random": [0.713935304437886, 0.575718993851196, 0.5396622053676319, 0.41045067732305884, 0.3560541125195599], "low_energy": [0.6505951140196486, 0.6264562073896578, 0.6096193592204658, 0.4329937506612569, 0.37747985723209043], "LICUV": [0.5415766536806267, 0.4657038030727707, 0.4186319589214516, 0.35816557112976166, 0.22846279493167476], "NAMFIS": [0.3828130633367264, 0.3561692932196078, 0.24708430641194093, 0.2462384639531218, 0.2462384639479178]}, "rmsd_stepwise": {"best": 0.22306515755744794, "random": [0.4009968762817072, 0.3441525561102795, 0.3359979051511812, 0.24194197755058, 0.20269559033576248], "low_energy": [0.35378141602206964, 0.3775985237806026, 0.3775985237806026, 0.2992787027763316, 0.20190224399206724], "LICUV": [0.36639921819891247, 0.24037604947517202, 0.29400460825881525, 0.24037604947517202, 0.09474924461355201], "NAMFIS": [0.43213647784452425, 0.3005425202057322, 0.10666498654590792, 0.09675376128389353, 0.09675376128389353]}, "mae": {"best": 0.2841724571104973, "random": [0.4865773447405906, 0.3745064991780584, 0.340324777815997, 0.2714323020607574, 0.24242916283423765], "low_energy": [0.44654121060525204, 0.4088199011775326, 0.40237681132211683, 0.3078688671827206, 0.27233196035305224], "LICUV": [0.34623970985412583, 0.268988835823038, 0.2475227041418853, 0.22344103500233886, 0.16713367185595837], "NAMFIS": [0.2841724571104973, 0.264141207400755, 0.19977575626913263, 0.19985239461752224, 0.19985239461485776]}, "bundle-size": [1, 3, 5, 10, 30]}}