{"single": {"fulfil": {"best": 0.7096774193548387, "random": [0.5709677419354838, 0.6677419354838711, 0.7258064516129032, 0.7580645161290323, 0.7838709677419355], "low_energy": [0.5483870967741935, 0.5806451612903226, 0.5806451612903226, 0.6774193548387096, 0.7419354838709677], "LICUV": [0.7096774193548387, 0.8064516129032258, 0.7419354838709677, 0.8064516129032258, 0.8709677419354839], "NAMFIS": [0.6129032258064516, 0.7096774193548387, 0.8709677419354839, 0.9032258064516129, 0.9032258064516129]}, "rmsd": {"best": 0.3828130633367264, "random": [0.6611591227857165, 0.5519430440464002, 0.4993046502931632, 0.447251921727137, 0.3553097446502922], "low_energy": [0.6505951140196486, 0.6264562073896578, 0.6096193592204658, 0.4329937506612569, 0.37747985723209043], "LICUV": [0.5415766536806267, 0.4657038030727707, 0.4186319589214516, 0.35816557112976166, 0.22846279493167476], "NAMFIS": [0.3828130633367264, 0.3561675163848567, 0.24708877388170813, 0.24624287766740005, 0.24624287765479996]}, "mae": {"best": 0.2841724571104973, "random": [0.4497875478344578, 0.3574016589650026, 0.30882087340227976, 0.28523637850763073, 0.23895506528591887], "low_energy": [0.44654121060525204, 0.4088199011775326, 0.40237681132211683, 0.3078688671827206, 0.27233196035305224], "LICUV": [0.34623970985412583, 0.268988835823038, 0.2475227041418853, 0.22344103500233886, 0.16713367185595837], "NAMFIS": [0.2841724571104973, 0.26414036056159707, 0.199784399102401, 0.19986043075561308, 0.19986043074699414]}, "bundle-size": [1, 3, 5, 10, 30]}}