{"minimum_sasa": 8.78965950012207, "minimum_psa": 7.062246322631836}