{"cis": {"stat": {"0": "MAE", "1": "MSE", "2": "RMSD", "3": "RMSD_step", "4": "pearsonr", "5": "kendalltau", "6": "chisq", "7": "percentage_fulfilled"}, "value": {"0": 0.26317070519187513, "1": 0.0005443725705278396, "2": 0.34199504943576325, "3": 0.08972893653265958, "4": 0.6056498576063065, "5": 0.391627368141271, "6": 1.5274585141047972, "7": 0.8717948717948718}, "up": {"0": 0.33365692699027405, "1": 0.10566744502124892, "2": 0.4234987780478798, "3": 0.12493075004854612, "4": 0.7886784982435652, "5": 0.5781851185657897, "6": 2.2452253149834656, "7": 0.0}, "low": {"0": 0.19665668379630885, "1": 0.0, "2": 0.258528268729314, "3": 0.045291081365783775, "4": 0.36223778813861557, "5": 0.18056493000909876, "6": 0.9041354005754951, "7": 0.0}, "most-populated-1": {"0": 0.5287395274333463, "1": 0.3441463634295339, "2": 0.7503779303876816, "3": 0.044232586846469114, "4": NaN, "5": NaN, "6": NaN, "7": 0.717948717948718}}, "trans": {"stat": {"0": "MAE", "1": "MSE", "2": "RMSD", "3": "RMSD_step", "4": "pearsonr", "5": "kendalltau", "6": "chisq", "7": "percentage_fulfilled"}, "value": {"0": 0.36838331628715276, "1": -0.24487405800354073, "2": 0.550207176460429, "3": 0.044232586846469114, "4": 0.5642687446848025, "5": 0.411078911318606, "6": 3.6725786815615313, "7": 0.9782608695652174}, "up": {"0": 0.49179161346317446, "1": -0.11214164687565899, "2": 0.7103865395903788, "3": 0.07661308776828733, "4": 0.7603161772423617, "5": 0.5764088023276447, "6": 5.8675416494799375, "7": 0.0}, "low": {"0": 0.256813829163073, "1": 0.0, "2": 0.3779543625815742, "3": 0.0, "4": 0.34320637399393206, "5": 0.21913417948794664, "6": 1.9242483930103325, "7": 0.0}, "most-populated-1": {"0": 0.3705346277485722, "1": -0.03522890547047505, "2": 0.5017420662279771, "3": 0.044232586846469114, "4": NaN, "5": NaN, "6": NaN, "7": 0.9130434782608695}}}