{"cis": {"stat": {"0": "MAE", "1": "MSE", "2": "RMSD", "3": "pearsonr", "4": "kendalltau", "5": "chisq", "6": "percentage_fulfilled"}, "value": {"0": 0.2838891619980739, "1": -0.1744083909508977, "2": 0.4143221983434065, "3": 0.5775033482119385, "4": 0.40243088174516817, "5": 2.2175614414190625, "6": 0.9230769230769231}, "up": {"0": 0.38210188987682203, "1": -0.057360410712624335, "2": 0.527088847137288, "3": 0.785681949895488, "4": 0.6090683538654136, "5": 3.5582955439358708, "6": 0.0}, "low": {"0": 0.19487195157466555, "1": 0.0, "2": 0.2891268215691342, "3": 0.2722363521914995, "4": 0.1804301028023886, "5": 1.1036545324738354, "6": 0.0}, "most-populated-1": {"0": 0.5287395274333463, "1": 0.3441463634295339, "2": 0.7503779303876816, "3": NaN, "4": NaN, "5": NaN, "6": 0.717948717948718}}, "trans": {"stat": {"0": "MAE", "1": "MSE", "2": "RMSD", "3": "pearsonr", "4": "kendalltau", "5": "chisq", "6": "percentage_fulfilled"}, "value": {"0": 0.4857612885470023, "1": -0.3218058873891128, "2": 0.6719292819551331, "3": 0.4264443388597748, "4": 0.28974237745667936, "5": 5.488334035524349, "6": 0.8913043478260869}, "up": {"0": 0.6311417932130642, "1": -0.15517455598262495, "2": 0.8711300467248015, "3": 0.6774724727211944, "4": 0.49352265444496213, "5": 8.56195777239753, "6": 0.0}, "low": {"0": 0.3573870453072523, "1": 0.0, "2": 0.4798686075919793, "3": 0.11991946758917646, "4": 0.07132175220691514, "5": 3.0669859962214217, "6": 0.0}, "most-populated-1": {"0": 0.3705346277485722, "1": -0.03522890547047505, "2": 0.5017420662279771, "3": NaN, "4": NaN, "5": NaN, "6": 0.9130434782608695}}}