{"minimum_sasa": 8.215031852722188, "minimum_psa": 6.083985614776629}