{"single": {"stat": {"0": "MAE", "1": "MSE", "2": "RMSD", "3": "RMSD_step", "4": "pearsonr", "5": "kendalltau", "6": "chisq", "7": "percentage_fulfilled"}, "value": {"0": 0.3078655773779373, "1": -0.14398584239296963, "2": 0.5361251382507929, "3": 0.3484599321648392, "4": 0.6307383521187537, "5": 0.555052790346908, "6": 2.77168868621562, "7": 0.7297297297297297}, "up": {"0": 0.46680805477370413, "1": 0.004065281042969304, "2": 0.813492588886378, "3": 0.4621174085911691, "4": 0.9104048470173128, "5": 0.7785170701032438, "6": 5.930591452883751, "7": 0.0}, "low": {"0": 0.18614816401710424, "1": 0.0, "2": 0.253641399819832, "3": 0.20024022654712234, "4": 0.24507758391218357, "5": 0.2969623876968401, "6": 0.7636212993227097, "7": 0.0}}}