{"single": {"stat": {"0": "MAE", "1": "MSE", "2": "RMSD", "3": "RMSD_step", "4": "pearsonr", "5": "kendalltau", "6": "chisq", "7": "percentage_fulfilled"}, "value": {"0": 0.23325518471258927, "1": 0.045984131254465745, "2": 0.2903766854188213, "3": 0.3710248771436485, "4": 0.8950079588132392, "5": 0.7873303167420814, "6": 0.9539419343228933, "7": 0.8378378378378378}, "up": {"0": 0.29209037954538924, "1": 0.1361605129692125, "2": 0.3548873895652518, "3": 0.5851177402524732, "4": 0.9460053604374582, "5": 0.8693000600006098, "6": 1.3751903385262099, "7": 0.0}, "low": {"0": 0.1792762764788075, "1": 0.0, "2": 0.2258396126852786, "3": 0.08025297839046566, "4": 0.8144342905845915, "5": 0.6903991834298142, "6": 0.6087065759330967, "7": 0.0}}}