{"41": {"0": {"Atom 1": "(1,)", "Atom 2": "(25,)", "NMR exp": [2.64], "lower bound": 2.38, "upper bound": 2.91, "md": [2.6014450913719], "lower": [2.2825518011784185], "upper": [3.4781391208180197]}, "1": {"Atom 1": "(45,)", "Atom 2": "(32,)", "NMR exp": [2.37], "lower bound": 2.13, "upper bound": 2.6, "md": [2.4127641154428963], "lower": [2.1778366133680507], "upper": [2.954817864988187]}, "2": {"Atom 1": "(1,)", "Atom 2": "(3,)", "NMR exp": [2.81], "lower bound": 2.5300000000000002, "upper bound": 3.09, "md": [2.9193888150694574], "lower": [2.837357467931843], "upper": [2.994950341137575]}, "3": {"Atom 1": "(1,)", "Atom 2": "(71,)", "NMR exp": [2.12], "lower bound": 1.9100000000000001, "upper bound": 2.33, "md": [2.1195082988028235], "lower": [2.000640414165552], "upper": [2.3112871684444616]}, "4": {"Atom 1": "(1,)", "Atom 2": "(5, 6)", "NMR exp": [3.0300000000000002], "lower bound": 2.73, "upper bound": 3.93, "md": [2.9065513375315244, 2.439901899829287], "lower": [2.518015445381252, 2.251561257894377], "upper": [3.6225852906942437, 2.9553503541752772]}, "5": {"Atom 1": "(1,)", "Atom 2": "(75, 76, 77, 79, 80, 81)", "NMR exp": [3.63], "lower bound": 3.27, "upper bound": 4.63, "md": [3.396201918240689, 3.391706411512435, 3.39889448844688, 4.4149193846907915, 4.396846996744898, 4.373650597198689], "lower": [2.955691412830546, 2.9538290052123966, 2.9591593518114823, 3.73661248251965, 3.7025805034397417, 3.6783183643417026], "upper": [4.567726855015305, 4.566005699858542, 4.569510017336458, 5.251368162507008, 5.246872984898848, 5.23917345274742]}, "6": {"Atom 1": "(1,)", "Atom 2": "(75, 76, 77, 79, 80, 81)", "NMR exp": [3.1], "lower bound": 2.79, "upper bound": 4.1, "md": [3.396201918240689, 3.391706411512435, 3.39889448844688, 4.4149193846907915, 4.396846996744898, 4.373650597198689], "lower": [2.955691412830546, 2.9538290052123966, 2.9591593518114823, 3.73661248251965, 3.7025805034397417, 3.6783183643417026], "upper": [4.567726855015305, 4.566005699858542, 4.569510017336458, 5.251368162507008, 5.246872984898848, 5.23917345274742]}, "7": {"Atom 1": "(1,)", "Atom 2": "(11, 12)", "NMR exp": [4.42], "lower bound": 3.97, "upper bound": 5.3100000000000005, "md": [4.084454008462335, 4.175032577047423], "lower": [3.461138622428705, 3.577355009937625], "upper": [5.035006317955112, 5.020162466969495]}, "8": {"Atom 1": "(3,)", "Atom 2": "(5, 6)", "NMR exp": [2.46], "lower bound": 2.22, "upper bound": 3.36, "md": [2.569605408959386, 2.7218487699124534], "lower": [2.404124921089873, 2.4504837993752737], "upper": [2.9291840658187254, 3.03014168400211]}, "9": {"Atom 1": "(3,)", "Atom 2": "(11, 12)", "NMR exp": [3.52], "lower bound": 3.16, "upper bound": 4.42, "md": [3.0991368229959932, 3.0857647639312864], "lower": [2.3748626993430255, 2.4023858460741505], "upper": [4.518671609728018, 4.542063330938405]}, "10": {"Atom 1": "(5, 6)", "Atom 2": "(11, 12)", "NMR exp": [3.2], "lower bound": 2.88, "upper bound": 5.0, "md": [2.7535666121789153, 2.8123073191204506, 2.8578449155393737, 2.7721405696421937], "lower": [2.4427186467444817, 2.4737746986291427, 2.4994359827618786, 2.4483744257405786], "upper": [3.508860869448581, 3.5474961445289557, 3.646776507607869, 3.567151075543972]}, "11": {"Atom 1": "(5, 6)", "Atom 2": "(14,)", "NMR exp": [3.2], "lower bound": 2.86, "upper bound": 5.28, "md": [2.976405335925433, 3.115807963286175], "lower": [2.432975903845977, 2.5099107587383034], "upper": [4.381545329395154, 4.395314287624732]}, "12": {"Atom 1": "(25,)", "Atom 2": "(3,)", "NMR exp": [2.89], "lower bound": 2.59, "upper bound": 3.17, "md": [2.733737600499845], "lower": [2.3522836647432808], "upper": [3.335487971654408]}, "13": {"Atom 1": "(25,)", "Atom 2": "(27, 28)", "NMR exp": [2.5100000000000002], "lower bound": 2.19, "upper bound": 2.84, "md": [2.531003373492287, 2.823048094985185], "lower": [2.3564298071871828, 2.5479573635411636], "upper": [2.818831448165218, 2.9784867054854436]}, "14": {"Atom 1": "(25,)", "Atom 2": "(5, 6)", "NMR exp": [3.3200000000000003], "lower bound": 2.98, "upper bound": 4.22, "md": [3.728785128566665, 3.707480288454827], "lower": [3.149411799019603, 3.2397220300198857], "upper": [4.324295144178922, 4.354364043648149]}, "15": {"Atom 1": "(32,)", "Atom 2": "(27, 28)", "NMR exp": [2.45], "lower bound": 1.92, "upper bound": 3.0500000000000003, "md": [2.195531562859833, 3.058159351707093], "lower": [2.066150985351682, 2.8630160311010857], "upper": [2.413869395732564, 3.302746520774388]}, "16": {"Atom 1": "(32,)", "Atom 2": "(34,)", "NMR exp": [2.73], "lower bound": 2.45, "upper bound": 2.99, "md": [2.8887742680636976], "lower": [2.795552146605881], "upper": [2.9728887208287786]}, "17": {"Atom 1": "(32,)", "Atom 2": "(36, 37)", "NMR exp": [2.21], "lower bound": 1.99, "upper bound": 3.11, "md": [2.7561858610502816, 2.4364130908860315], "lower": [2.441818423067703, 2.2368810516653714], "upper": [3.5077255949639645, 2.9541596667597654]}, "18": {"Atom 1": "(34,)", "Atom 2": "(36, 37)", "NMR exp": [2.87], "lower bound": 2.59, "upper bound": 3.77, "md": [2.637663304984735, 2.641052873234093], "lower": [2.434027662862465, 2.4218559674464717], "upper": [3.000896057726625, 2.9968819846436485]}, "19": {"Atom 1": "(45,)", "Atom 2": "(27, 28)", "NMR exp": [4.26], "lower bound": 3.83, "upper bound": 5.16, "md": [3.2664288429279464, 4.544945929352956], "lower": [2.957797161829716, 4.275869791526771], "upper": [4.119666263648917, 5.2388815147451115]}, "20": {"Atom 1": "(45,)", "Atom 2": "(34,)", "NMR exp": [2.91], "lower bound": 2.62, "upper bound": 3.2, "md": [3.4797428245746365], "lower": [3.35992305376146], "upper": [3.605247285289294]}, "21": {"Atom 1": "(47,)", "Atom 2": "(49, 50)", "NMR exp": [2.6, 2.69], "lower bound": 2.34, "upper bound": 2.96, "md": [2.6964600343015346, 2.46132179685101], "lower": [2.4154884792226676, 2.3132517006339732], "upper": [3.0227519801317104, 2.8111039711415082]}, "22": {"Atom 1": "(47,)", "Atom 2": "(53,)", "NMR exp": [3.73], "lower bound": 3.36, "upper bound": 4.11, "md": [3.0397105514284477], "lower": [2.5903436036922063], "upper": [4.123567535901122]}, "23": {"Atom 1": "(47,)", "Atom 2": "(75, 76, 77, 79, 80, 81)", "NMR exp": [4.05], "lower bound": 3.65, "upper bound": 5.05, "md": [6.012850270259732, 5.9954148175370925, 6.02080656164536, 4.768699951880943, 4.778607879781804, 4.782957068240057], "lower": [4.878253805395606, 4.868580705839996, 4.886327994819608, 4.185582998264098, 4.186024332684323, 4.189579346941182], "upper": [6.737433786301487, 6.733908148038111, 6.7368189405595995, 5.86349865989099, 5.866926394572365, 5.866882844439281]}, "24": {"Atom 1": "(49, 50)", "Atom 2": "(53,)", "NMR exp": [3.33], "lower bound": 3.0, "upper bound": 4.23, "md": [2.966983443005826, 2.846263800693251], "lower": [2.577572170952393, 2.5727554210674968], "upper": [3.755570350258588, 3.6242657909188662]}, "25": {"Atom 1": "(69,)", "Atom 2": "(47,)", "NMR exp": [2.15], "lower bound": 1.93, "upper bound": 2.36, "md": [2.2435082509912934], "lower": [2.1115790428665644], "upper": [2.5094308901519153]}, "26": {"Atom 1": "(69,)", "Atom 2": "(71,)", "NMR exp": [2.7], "lower bound": 2.43, "upper bound": 2.97, "md": [2.8509637901934552], "lower": [2.7211414024221043], "upper": [2.9431093774785984]}, "27": {"Atom 1": "(69,)", "Atom 2": "(73,)", "NMR exp": [2.42], "lower bound": 2.18, "upper bound": 2.66, "md": [2.5098607900610506], "lower": [2.328314084783463], "upper": [3.0302849311207734]}, "28": {"Atom 1": "(69,)", "Atom 2": "(75, 76, 77, 79, 80, 81)", "NMR exp": [2.64], "lower bound": 2.37, "upper bound": 3.64, "md": [3.656066016659895, 3.622718023002286, 3.6428189614063315, 2.632164594157113, 2.6416610751997323, 2.641436943597934], "lower": [2.7368235563532077, 2.718260032982187, 2.734799376069094, 2.22271760363293, 2.2245417422549822, 2.2248541688603423], "upper": [4.571175242354194, 4.567534696804412, 4.569735100078162, 3.7449938570170147, 3.7488998587507494, 3.7489804402158518]}, "29": {"Atom 1": "(69,)",