{"41": {"0": {"Atom 1": "(1,)", "Atom 2": "(25,)", "NMR exp": [2.64], "lower bound": 2.38, "upper bound": 2.91, "md": [2.5904204706593283], "lower": [2.2754842385597174], "upper": [3.46989164589403]}, "1": {"Atom 1": "(45,)", "Atom 2": "(32,)", "NMR exp": [2.37], "lower bound": 2.13, "upper bound": 2.6, "md": [2.396727868443655], "lower": [2.167067270416187], "upper": [2.942094104486676]}, "2": {"Atom 1": "(1,)", "Atom 2": "(3,)", "NMR exp": [2.81], "lower bound": 2.5300000000000002, "upper bound": 3.09, "md": [3.140760375241029], "lower": [2.9171665614892675], "upper": [3.1615866768587018]}, "3": {"Atom 1": "(1,)", "Atom 2": "(71,)", "NMR exp": [2.12], "lower bound": 1.9100000000000001, "upper bound": 2.33, "md": [2.09044121883934], "lower": [1.9817924751144829], "upper": [2.2918761984110034]}, "4": {"Atom 1": "(1,)", "Atom 2": "(5, 6)", "NMR exp": [3.0300000000000002], "lower bound": 2.73, "upper bound": 3.93, "md": [2.0598833917812125, 1.765509477821062], "lower": [1.9885111995518032, 1.707924886508275], "upper": [3.3699354086183932, 2.679646307119038]}, "5": {"Atom 1": "(1,)", "Atom 2": "(75, 76, 77, 79, 80, 81)", "NMR exp": [3.63], "lower bound": 3.27, "upper bound": 4.63, "md": [2.9659816712940286, 3.22745577575379, 1.941255973799149, 4.216342751685913, 4.158102404147555, 3.452751349317391], "lower": [2.6907657524702904, 2.8596874255232017, 1.8424608240956617, 3.4857242993136914, 3.398222163557595, 2.900517901734484], "upper": [4.345745733677007, 4.474638677249052, 4.139145177101461, 5.190443518175351, 5.178202588324593, 5.08938043821998]}, "6": {"Atom 1": "(1,)", "Atom 2": "(75, 76, 77, 79, 80, 81)", "NMR exp": [3.1], "lower bound": 2.79, "upper bound": 4.1, "md": [2.9659816712940286, 3.22745577575379, 1.941255973799149, 4.216342751685913, 4.158102404147555, 3.452751349317391], "lower": [2.6907657524702904, 2.8596874255232017, 1.8424608240956617, 3.4857242993136914, 3.398222163557595, 2.900517901734484], "upper": [4.345745733677007, 4.474638677249052, 4.139145177101461, 5.190443518175351, 5.178202588324593, 5.08938043821998]}, "7": {"Atom 1": "(1,)", "Atom 2": "(11, 12)", "NMR exp": [4.42], "lower bound": 3.97, "upper bound": 5.3100000000000005, "md": [1.977477454526646, 1.8185060945202223], "lower": [1.8045066505304224, 1.7257282614559235], "upper": [4.798725350139495, 4.748446713600644]}, "8": {"Atom 1": "(3,)", "Atom 2": "(5, 6)", "NMR exp": [2.46], "lower bound": 2.22, "upper bound": 3.36, "md": [2.6408224925643986, 2.9284177301405383], "lower": [2.4344025948597583, 2.502054185844282], "upper": [2.981117726059252, 3.051810272836977]}, "9": {"Atom 1": "(3,)", "Atom 2": "(11, 12)", "NMR exp": [3.52], "lower bound": 3.16, "upper bound": 4.42, "md": [2.3665718300841627, 2.849173659870955], "lower": [2.1463754406702424, 2.3245403471606747], "upper": [4.407221626422265, 4.507578123632769]}, "10": {"Atom 1": "(5, 6)", "Atom 2": "(11, 12)", "NMR exp": [3.2], "lower bound": 2.88, "upper bound": 5.0, "md": [2.760116632723512, 2.7832414177700966, 3.1128872219203427, 2.785011892890314], "lower": [2.4453555647105185, 2.4606865374187366, 2.6168808899382965, 2.4532864568281063], "upper": [3.5120671291833387, 3.5342714617087303, 3.7734610493438394, 3.5727761472203836]}, "11": {"Atom 1": "(5, 6)", "Atom 2": "(14,)", "NMR exp": [3.2], "lower bound": 2.86, "upper bound": 5.28, "md": [3.0248369394943393, 2.3574031096996535], "lower": [2.4531121835587357, 2.121880220657476], "upper": [4.394323876575461, 4.217855128163568]}, "12": {"Atom 1": "(25,)", "Atom 2": "(3,)", "NMR exp": [2.89], "lower bound": 2.59, "upper bound": 3.17, "md": [2.697984309991496], "lower": [2.3391944007522247], "upper": [3.3272753140621205]}, "13": {"Atom 1": "(25,)", "Atom 2": "(27, 28)", "NMR exp": [2.5100000000000002], "lower bound": 2.19, "upper bound": 2.84, "md": [2.256632126230457, 2.607093730172991], "lower": [2.178883132706614, 2.3606911593508], "upper": [2.694401321798553, 2.941453767212003]}, "14": {"Atom 1": "(25,)", "Atom 2": "(5, 6)", "NMR exp": [3.3200000000000003], "lower bound": 2.98, "upper bound": 4.22, "md": [1.9375340778513725, 3.667358563427811], "lower": [1.8545688725956546, 3.2166345584357425], "upper": [4.125077556806498, 4.342042288745763]}, "15": {"Atom 1": "(32,)", "Atom 2": "(27, 28)", "NMR exp": [2.45], "lower bound": 1.92, "upper bound": 3.0500000000000003, "md": [2.2435386277245777, 2.6090690283482996], "lower": [2.094809890391456, 2.4843439119579185], "upper": [2.4523970793774295, 3.171363786923014]}, "16": {"Atom 1": "(32,)", "Atom 2": "(34,)", "NMR exp": [2.73], "lower bound": 2.45, "upper bound": 2.99, "md": [2.8730614874013765], "lower": [2.7835315346730956], "upper": [2.965731459371792]}, "17": {"Atom 1": "(32,)", "Atom 2": "(36, 37)", "NMR exp": [2.21], "lower bound": 1.99, "upper bound": 3.11, "md": [2.8516704473906866, 2.152832839548235], "lower": [2.4767279946144547, 2.0434998196025718], "upper": [3.5501678321768066, 2.7682050508957223]}, "18": {"Atom 1": "(34,)", "Atom 2": "(36, 37)", "NMR exp": [2.87], "lower bound": 2.59, "upper bound": 3.77, "md": [2.527005519413126, 1.9690421984118804], "lower": [2.380102295872017, 1.9277517109683528], "upper": [2.9512394990308595, 2.7872230483890377]}, "19": {"Atom 1": "(45,)", "Atom 2": "(27, 28)", "NMR exp": [4.26], "lower bound": 3.83, "upper bound": 5.16, "md": [3.0503362499887245, 4.407720212525449], "lower": [2.8059896031021316, 4.186908147662809], "upper": [3.9546483571802193, 5.116029053733339]}, "20": {"Atom 1": "(45,)", "Atom 2": "(34,)", "NMR exp": [2.91], "lower bound": 2.62, "upper bound": 3.2, "md": [3.3854530575857456], "lower": [3.281198420836643], "upper": [3.566349451067816]}, "21": {"Atom 1": "(47,)", "Atom 2": "(49, 50)", "NMR exp": [2.6, 2.69], "lower bound": 2.34, "upper bound": 2.96, "md": [2.646320270482356, 1.9936524600984362], "lower": [2.4031219065013625, 1.9438703169710463], "upper": [3.016880176910343, 2.608019253664837]}, "22": {"Atom 1": "(47,)", "Atom 2": "(53,)", "NMR exp": [3.73], "lower bound": 3.36, "upper bound": 4.11, "md": [2.4959703869463468], "lower": [2.290165520740412], "upper": [3.8986709446473884]}, "23": {"Atom 1": "(47,)", "Atom 2": "(75, 76, 77, 79, 80, 81)", "NMR exp": [4.05], "lower bound": 3.65, "upper bound": 5.05, "md": [3.231622668396507, 3.6755014010875064, 5.963198967953336, 3.0776514705667353, 4.739375021568464, 4.491633484569951], "lower": [2.9906640886392553, 3.383835699987343, 4.843589256398079, 2.827717648390972, 4.173317983762558, 4.079977429782963], "upper": [6.5459174509594105, 6.5562973507957345, 6.730080404448142, 5.415147110247732, 5.855651762572742, 5.771092373273215]}, "24": {"Atom 1": "(49, 50)", "Atom 2": "(53,)", "NMR exp": [3.33], "lower bound": 3.0, "upper bound": 4.23, "md": [2.8453058862795504, 2.905148217491691], "lower": [2.550143751921562, 2.59180002313644], "upper": [3.732742801970896, 3.6538893006484408]}, "25": {"Atom 1": "(69,)", "Atom 2": "(47,)", "NMR exp": [2.15], "lower bound": 1.93, "upper bound": 2.36, "md": [2.253779280387499], "lower": [2.1179106396861243], "upper": [2.5188739882548323]}, "26": {"Atom 1": "(69,)", "Atom 2": "(71,)", "NMR exp": [2.7], "lower bound": 2.43, "upper bound": 2.97, "md": [2.6771196520900276], "lower": [2.413237371292223], "upper": [2.896551560172843]}, "27": {"Atom 1": "(69,)", "Atom 2": "(73,)", "NMR exp": [2.42], "lower bound": 2.18, "upper bound": 2.66, "md": [1.9779195801068266], "lower": [1.9150566919679244], "upper": [2.765466442674627]}, "28": {"Atom 1": "(69,)", "Atom 2": "(75, 76, 77, 79, 80, 81)", "NMR exp": [2.64], "lower bound": 2.37, "upper bound": 3.64, "md": [2.7787787391813565, 3.357775861547311, 3.451531798482625, 4.4674590542330845, 2.4408181505899744, 2.5506192049331093], "lower": [2.314742751959175, 2.543898572522284, 2.6010321607675184, 3.018181401298266, 2.146716408360972, 2.1926606372454187], "upper": [4.512875402374892, 4.545597473113697, 4.553047341048975, 4.754042391518248, 3.676588076294152, 3.719748263582765]}, "29": {"Atom 1": "(69,)",