{"single": {"stat": {"0": "MAE", "1": "MSE", "2": "RMSD", "3": "RMSD_step", "4": "pearsonr", "5": "kendalltau", "6": "chisq", "7": "percentage_fulfilled"}, "value": {"0": 0.3078655773779373, "1": -0.14398584239296963, "2": 0.5361251382507929, "3": 0.3484599321648392, "4": 0.6307383521187537, "5": 0.555052790346908, "6": 2.77168868621562, "7": 0.7297297297297297}, "up": {"0": 0.47027081558315886, "1": 0.0040431503845708315, "2": 0.8099102826087983, "3": 0.4641032460942062, "4": 0.9126533890719714, "5": 0.776400012067621, "6": 5.984450773137008, "7": 0.0}, "low": {"0": 0.18876787210877538, "1": 0.0, "2": 0.2543470185068873, "3": 0.19988442602152862, "4": 0.2372414005611172, "5": 0.2910181052274763, "6": 0.7593122681640594, "7": 0.0}}}