{"single": {"fulfil": {"best": 0.7272727272727273, "random": [0.5636363636363636, 0.6272727272727272, 0.6636363636363637, 0.6909090909090908, 0.7090909090909091], "low_energy": [0.5909090909090909, 0.5, 0.5454545454545454, 0.6818181818181818, 0.6363636363636364], "LICUV": [0.7272727272727273, 0.7727272727272727, 0.7727272727272727, 0.7727272727272727, 0.8181818181818182], "NAMFIS": [0.5, 0.5909090909090909, 0.5909090909090909, 0.5909090909090909, 0.5909090909090909]}, "rmsd": {"best": 0.6920192629666309, "random": [0.9692019816278654, 0.7367426223908579, 0.6313825255036678, 0.5793600110770318, 0.5502604758236517], "low_energy": [0.8920819388819075, 0.8505182361132037, 0.7851774063173328, 0.7199205991544061, 0.712129360029745], "LICUV": [1.0322671091568376, 0.7245607062258879, 0.6135741763594261, 0.6331829279464585, 0.5622120394040452], "NAMFIS": [0.7856421834519387, 0.6334272806067018, 0.5337314830562927, 0.5292321691926622, 0.5292321691470678]}, "rmsd_stepwise": {"best": 0.15446388221552285, "random": [0.45974449399283823, 0.32979999392315057, 0.29906572731161024, 0.2760159244506252, 0.3088090617861552], "low_energy": [0.32205307298360286, 0.33383447177524156, 0.3292001325527183, 0.3120678830580995, 0.3181337626048058], "LICUV": [0.545831309272213, 0.30014390487958215, 0.30014390487958215, 0.29902873075706593, 0.2949807389705917], "NAMFIS": [0.37073636798330784, 0.16723690327849844, 0.16723690327849844, 0.16723690327849844, 0.16723690327849844]}, "mae": {"best": 0.5491491976651276, "random": [0.7254071811329234, 0.5588665358393523, 0.4736648024643803, 0.45373352382918525, 0.4259551446999029], "low_energy": [0.6457834178751163, 0.6502144764843032, 0.5893020113238019, 0.49626113990400994, 0.5054014035835516], "LICUV": [0.6699094854701648, 0.5152295698343407, 0.42978719427975487, 0.43880275099248395, 0.4152151060364862], "NAMFIS": [0.6188654444434425, 0.5374643238667783, 0.44804153146892833, 0.44351912616636613, 0.4435191261582854]}, "bundle-size": [1, 3, 5, 10, 30]}}