{"single": {"fulfil": {"best": 0.7272727272727273, "random": [0.5318181818181819, 0.6727272727272727, 0.6772727272727274, 0.6818181818181818, 0.6863636363636364], "low_energy": [0.5909090909090909, 0.5, 0.5454545454545454, 0.6818181818181818, 0.6363636363636364], "LICUV": [0.7272727272727273, 0.7727272727272727, 0.7727272727272727, 0.7727272727272727, 0.8181818181818182], "NAMFIS": [0.5, 0.5909090909090909, 0.5909090909090909, 0.5909090909090909, 0.5909090909090909]}, "rmsd": {"best": 0.6920192629666309, "random": [0.9406455558588991, 0.7378251872652111, 0.631806737659229, 0.5767435117841323, 0.5439071359776654], "low_energy": [0.8920819388819075, 0.8505182361132037, 0.7851774063173328, 0.7199205991544061, 0.712129360029745], "LICUV": [1.0322671091568376, 0.7245607062258879, 0.6135741763594261, 0.6331829279464585, 0.5622120394040452], "NAMFIS": [0.7856421834519387, 0.6334334549896404, 0.5337374865980772, 0.5292455634206279, 0.5292455633895635]}, "mae": {"best": 0.5491491976651276, "random": [0.7382412193038246, 0.5517590706492574, 0.4798381180245824, 0.44696021674395314, 0.42794744487963604], "low_energy": [0.6457834178751163, 0.6502144764843032, 0.5893020113238019, 0.49626113990400994, 0.5054014035835516], "LICUV": [0.6699094854701648, 0.5152295698343407, 0.42978719427975487, 0.43880275099248395, 0.4152151060364862], "NAMFIS": [0.6188654444434425, 0.5374626810088514, 0.4480566723861428, 0.44353591284350286, 0.4435359128238479]}, "bundle-size": [1, 3, 5, 10, 30]}}