{"single": {"fulfil": {"best": 0.6363636363636364, "random": [0.46363636363636357, 0.47727272727272735, 0.46363636363636357, 0.46363636363636357, 0.459090909090909], "low_energy": [0.45454545454545453, 0.5, 0.5, 0.5, 0.45454545454545453], "LICUV": [0.6363636363636364, 0.5454545454545454, 0.5454545454545454, 0.5454545454545454, 0.5454545454545454], "NAMFIS": [0.6363636363636364, 0.5909090909090909, 0.5909090909090909, 0.5909090909090909, 0.5909090909090909]}, "rmsd": {"best": 1.615352762460115, "random": [2.1644471028714345, 2.0672863267676345, 2.051917341599026, 1.8907581698928435, 1.8682006240190092], "low_energy": [2.2088606119944854, 1.9142531699292094, 1.8963289565173882, 1.9284833969407842, 1.9375807440151955], "LICUV": [1.665237175785615, 1.8099184518091325, 1.6267889727264568, 1.754164273264622, 1.642980239574391], "NAMFIS": [1.665237175785615, 1.3928730422844442, 1.392229300758903, 1.3922293008550282, 1.3922293011095581]}, "mae": {"best": 1.181726331277327, "random": [1.6389168686433269, 1.585116295725265, 1.5874580059806092, 1.4876276484965412, 1.4774654236334315], "low_energy": [1.6810433270714498, 1.5120006918354365, 1.5069661295106, 1.548414225854592, 1.5518926792548988], "LICUV": [1.181726331277327, 1.2875368844682624, 1.2082248008542673, 1.297054312820362, 1.2744709522230702], "NAMFIS": [1.181726331277327, 1.0650188358602604, 1.0682972222824807, 1.0682972223640939, 1.0682972226074188]}, "bundle-size": [1, 3, 5, 10, 30]}}