{"single": {"fulfil": {"best": 0.7272727272727273, "random": [0.55, 0.6272727272727272, 0.6727272727272726, 0.7, 0.6863636363636363], "low_energy": [0.5909090909090909, 0.5, 0.5454545454545454, 0.6818181818181818, 0.6363636363636364], "LICUV": [0.7272727272727273, 0.7727272727272727, 0.7727272727272727, 0.7727272727272727, 0.8181818181818182], "NAMFIS": [0.5, 0.5909090909090909, 0.5909090909090909, 0.5909090909090909, 0.5909090909090909]}, "rmsd": {"best": 0.6920192629666309, "random": [1.0163084140385128, 0.7375015083134346, 0.6257831125149889, 0.5950199529755567, 0.5427518488745732], "low_energy": [0.8920819388819075, 0.8505182361132037, 0.7851774063173328, 0.7199205991544061, 0.712129360029745], "LICUV": [1.0322671091568376, 0.7245607062258879, 0.6135741763594261, 0.6331829279464585, 0.5622120394040452], "NAMFIS": [0.7856421834519387, 0.633426384731989, 0.5337311256921752, 0.5292236327386449, 0.5292236326885471]}, "rmsd_stepwise": {"best": 0.15446388221552285, "random": [0.4398108847073449, 0.28109106586453547, 0.2766003558100792, 0.29158898658906207, 0.27678508509465394], "low_energy": [0.32205307298360286, 0.33383447177524156, 0.3292001325527183, 0.3120678830580995, 0.3181337626048058], "LICUV": [0.545831309272213, 0.30014390487958215, 0.30014390487958215, 0.29902873075706593, 0.2949807389705917], "NAMFIS": [0.37073636798330784, 0.16723690327849844, 0.16723690327849844, 0.16723690327849844, 0.16723690327849844]}, "mae": {"best": 0.5491491976651276, "random": [0.7547138074528086, 0.5458992649675357, 0.482826997219727, 0.4577207691918401, 0.42342867826438313], "low_energy": [0.6457834178751163, 0.6502144764843032, 0.5893020113238019, 0.49626113990400994, 0.5054014035835516], "LICUV": [0.6699094854701648, 0.5152295698343407, 0.42978719427975487, 0.43880275099248395, 0.4152151060364862], "NAMFIS": [0.6188654444434425, 0.53747018922543, 0.4480413726450438, 0.4435154365385984, 0.44351543652582204]}, "bundle-size": [1, 3, 5, 10, 30]}}