{"single": {"fulfil": {"best": 0.7272727272727273, "random": [0.5818181818181818, 0.6636363636363637, 0.6863636363636364, 0.7, 0.7181818181818183], "low_energy": [0.5909090909090909, 0.5, 0.5454545454545454, 0.6818181818181818, 0.6363636363636364], "LICUV": [0.7272727272727273, 0.7727272727272727, 0.7727272727272727, 0.7727272727272727, 0.8181818181818182], "NAMFIS": [0.5, 0.5909090909090909, 0.5909090909090909, 0.5909090909090909, 0.5909090909090909]}, "rmsd": {"best": 0.6920192629666309, "random": [0.9299009413119033, 0.7642858021837722, 0.6295089823232166, 0.5820830314941433, 0.5360590376020534], "low_energy": [0.8920819388819075, 0.8505182361132037, 0.7851774063173328, 0.7199205991544061, 0.712129360029745], "LICUV": [1.0322671091568376, 0.7245607062258879, 0.6135741763594261, 0.6331829279464585, 0.5622120394040452], "NAMFIS": [0.7856421834519387, 0.6334477083529912, 0.5337569081268486, 0.529280883358905, 0.529280883307871]}, "mae": {"best": 0.5491491976651276, "random": [0.7082182445092633, 0.5618183334873887, 0.48324593178044817, 0.446221646412547, 0.4292812970589317], "low_energy": [0.6457834178751163, 0.6502144764843032, 0.5893020113238019, 0.49626113990400994, 0.5054014035835516], "LICUV": [0.6699094854701648, 0.5152295698343407, 0.42978719427975487, 0.43880275099248395, 0.4152151060364862], "NAMFIS": [0.6188654444434425, 0.5374696051661783, 0.4480992788916031, 0.4435840805301295, 0.4435840805170857]}, "bundle-size": [1, 3, 5, 10, 30]}}