{"single": {"fulfil": {"best": 0.7272727272727273, "random": [0.5227272727272727, 0.65, 0.6454545454545455, 0.7090909090909091, 0.6909090909090909], "low_energy": [0.5909090909090909, 0.5, 0.5454545454545454, 0.6818181818181818, 0.6363636363636364], "LICUV": [0.7272727272727273, 0.7727272727272727, 0.7727272727272727, 0.7727272727272727, 0.8181818181818182], "NAMFIS": [0.5, 0.5909090909090909, 0.5909090909090909, 0.5909090909090909, 0.5909090909090909]}, "rmsd": {"best": 0.6920192629666309, "random": [0.9560607129208887, 0.690012252164537, 0.6671708840079293, 0.5870147619906635, 0.5492008104071591], "low_energy": [0.8920819388819075, 0.8505182361132037, 0.7851774063173328, 0.7199205991544061, 0.712129360029745], "LICUV": [1.0322671091568376, 0.7245607062258879, 0.6135741763594261, 0.6331829279464585, 0.5622120394040452], "NAMFIS": [0.7856421834519387, 0.6334304664256947, 0.5337343771188886, 0.5292452526351171, 0.5292452525999106]}, "mae": {"best": 0.5491491976651276, "random": [0.7488279897082935, 0.5337829567258496, 0.4958176731990115, 0.45005690702010953, 0.43677689782053425], "low_energy": [0.6457834178751163, 0.6502144764843032, 0.5893020113238019, 0.49626113990400994, 0.5054014035835516], "LICUV": [0.6699094854701648, 0.5152295698343407, 0.42978719427975487, 0.43880275099248395, 0.4152151060364862], "NAMFIS": [0.6188654444434425, 0.5374692943406758, 0.4480480393071657, 0.4435305206984191, 0.44353052068869325]}, "bundle-size": [1, 3, 5, 10, 30]}}