{"minimum_sasa": 7.269861221313477, "minimum_psa": 5.697742462158203}