{"trans": {"stat": {"0": "MAE", "1": "MSE", "2": "RMSD", "3": "RMSD_step", "4": "pearsonr", "5": "kendalltau", "6": "chisq", "7": "percentage_fulfilled"}, "value": {"0": 0.6703512170835707, "1": 0.13317999552357107, "2": 1.1509150518244258, "3": 0.13622232467231807, "4": 0.4377692990140784, "5": 0.3803501945525291, "6": 16.964870348744835, "7": 0.8478260869565217}, "up": {"0": 0.9621609400514317, "1": 0.4848774767269441, "2": 1.5892692962007338, "3": 0.18010398546473516, "4": 0.6075219185021838, "5": 0.58824262665424, "6": 31.65569308046681, "7": 0.0}, "low": {"0": 0.42911785701896416, "1": 0.0, "2": 0.6341403365545114, "3": 0.08146751820044064, "4": 0.24814540031798923, "5": 0.15987880813450467, "6": 5.8815844350026065, "7": 0.0}}}