{"trans": {"stat": {"0": "MAE", "1": "MSE", "2": "RMSD", "3": "RMSD_step", "4": "pearsonr", "5": "kendalltau", "6": "chisq", "7": "percentage_fulfilled"}, "value": {"0": 0.6703512170835707, "1": 0.13317999552357107, "2": 1.1509150518244258, "3": 0.13622232467231807, "4": 0.4377692990140784, "5": 0.3803501945525291, "6": 16.964870348744835, "7": 0.8478260869565217}, "up": {"0": 0.966386711600966, "1": 0.48895206300783534, "2": 1.5808693589088796, "3": 0.1807715950078788, "4": 0.6078529964524315, "5": 0.5825991178206912, "6": 31.69133115171621, "7": 0.0}, "low": {"0": 0.42470497347765207, "1": 0.0, "2": 0.6430488986898821, "3": 0.08132062148225914, "4": 0.24103945837294574, "5": 0.15864559299584052, "6": 5.642481137540241, "7": 0.0}}}