{"single": {"fulfil": {"best": 0.75, "random": [0.5930000000000001, 0.6180000000000001, 0.634, 0.6339999999999999, 0.671], "low_energy": [0.52, 0.59, 0.66, 0.67, 0.68], "LICUV": [0.75, 0.72, 0.75, 0.7, 0.76], "NAMFIS": [0.68, 0.56, 0.57, 0.56, 0.56]}, "rmsd": {"best": 1.8785209398688445, "random": [2.685049320835492, 2.1353395507613535, 2.092758541904579, 1.8887751020136416, 1.6530846000656692], "low_energy": [2.730567577249473, 2.0624971843357103, 1.6498829547902443, 1.5966396247477872, 1.4702371515906334], "LICUV": [1.9387179333472064, 1.4804648905383755, 1.427756813191542, 1.4117513743298507, 1.2687904978889977], "NAMFIS": [1.9763756285635614, 1.972658572223778, 2.0046040992927736, 1.9694678421672098, 1.9690783884357181]}, "mae": {"best": 1.2679596400260922, "random": [1.8415240581035612, 1.5201216463995828, 1.5199098417148798, 1.4136367720711904, 1.2679894438533164], "low_energy": [1.9752822661399836, 1.5603920127401827, 1.250865225018341, 1.2433019202518703, 1.1856680157890753], "LICUV": [1.2679596400260922, 1.099644309406505, 1.067561873722892, 1.0777425145773918, 0.9875505823912902], "NAMFIS": [1.398630120754242, 1.527933206464417, 1.571603928919985, 1.5596074406913027, 1.5593014108987415]}, "bundle-size": [1, 3, 5, 10, 30]}}