{"single": {"fulfil": {"best": 0.7931034482758621, "random": [0.6068965517241378, 0.6551724137931034, 0.6586206896551724, 0.7206896551724139, 0.7379310344827585], "low_energy": [0.5517241379310345, 0.6206896551724138, 0.7586206896551724, 0.6896551724137931, 0.7241379310344828], "LICUV": [0.7931034482758621, 0.8620689655172413, 0.896551724137931, 0.896551724137931, 0.896551724137931], "NAMFIS": [0.7931034482758621, 0.8620689655172413, 0.9310344827586207, 0.9310344827586207, 0.9310344827586207]}, "rmsd": {"best": 0.3198793052893421, "random": [0.7078390892396442, 0.5408213159361424, 0.5259903174542452, 0.4937427412044409, 0.4500517162982077], "low_energy": [0.6422491254873289, 0.5806448187427403, 0.47239651065170507, 0.4914449717778193, 0.4441222066972686], "LICUV": [0.4281077875534812, 0.4293513355578341, 0.38469658712472465, 0.3720311094860058, 0.3294217198982657], "NAMFIS": [0.3198793052893421, 0.3009726112641813, 0.20894717446049163, 0.2095252469964968, 0.20952524704076908]}, "mae": {"best": 0.22854007885373875, "random": [0.5037493627482448, 0.3871781350366919, 0.37867505839466004, 0.3412219713050896, 0.31539290280159465], "low_energy": [0.49988746116901267, 0.40818601059881454, 0.33428877505671317, 0.33708153453671763, 0.31815753702706934], "LICUV": [0.31640713987679303, 0.29272661878295714, 0.24250341526736394, 0.24916929161627052, 0.22809692552605598], "NAMFIS": [0.22854007885373875, 0.2017239021993302, 0.15857327557082385, 0.15981409342401356, 0.15981409349930972]}, "bundle-size": [1, 3, 5, 10, 30]}}