{"single": {"fulfil": {"best": 0.7931034482758621, "random": [0.5896551724137931, 0.6344827586206897, 0.6517241379310346, 0.7000000000000001, 0.7310344827586208], "low_energy": [0.5517241379310345, 0.6206896551724138, 0.7586206896551724, 0.6896551724137931, 0.7241379310344828], "LICUV": [0.7931034482758621, 0.8620689655172413, 0.896551724137931, 0.896551724137931, 0.896551724137931], "NAMFIS": [0.7931034482758621, 0.8620689655172413, 0.9310344827586207, 0.9310344827586207, 0.9310344827586207]}, "rmsd": {"best": 0.3198793052893421, "random": [0.6827904585956809, 0.5351403689194844, 0.5455616019232075, 0.48219302668580505, 0.4604094380315839], "low_energy": [0.6422491254873289, 0.5806448187427403, 0.47239651065170507, 0.4914449717778193, 0.4441222066972686], "LICUV": [0.4281077875534812, 0.4293513355578341, 0.38469658712472465, 0.3720311094860058, 0.3294217198982657], "NAMFIS": [0.3198793052893421, 0.30100019540470085, 0.2089200252814613, 0.20950117765978687, 0.20950117767629656]}, "rmsd_stepwise": {"best": 0.1966267249524267, "random": [0.43278792270954547, 0.2837009229992403, 0.28529145350592916, 0.24871267166204497, 0.23749631004138214], "low_energy": [0.3350398843987549, 0.3276667777504752, 0.2661733943542609, 0.22351425164775324, 0.24362209287733133], "LICUV": [0.2190968924377114, 0.19558929524335714, 0.18802971151866696, 0.18802971151866696, 0.10455158766254398], "NAMFIS": [0.3475976667514246, 0.19431577570968134, 0.08616343732137478, 0.08616343732137478, 0.08616343732137478]}, "mae": {"best": 0.22854007885373875, "random": [0.5066361824068528, 0.3883896144804513, 0.3871712500930931, 0.33963501790072603, 0.32261398407272396], "low_energy": [0.49988746116901267, 0.40818601059881454, 0.33428877505671317, 0.33708153453671763, 0.31815753702706934], "LICUV": [0.31640713987679303, 0.29272661878295714, 0.24250341526736394, 0.24916929161627052, 0.22809692552605598], "NAMFIS": [0.22854007885373875, 0.2017381080649467, 0.15856709450292653, 0.15981183071804453, 0.15981183074920666]}, "bundle-size": [1, 3, 5, 10, 30]}}