{"single": {"fulfil": {"best": 0.7931034482758621, "random": [0.5551724137931033, 0.6620689655172415, 0.6724137931034483, 0.6793103448275861, 0.7344827586206897], "low_energy": [0.5517241379310345, 0.6206896551724138, 0.7586206896551724, 0.6896551724137931, 0.7241379310344828], "LICUV": [0.7931034482758621, 0.8620689655172413, 0.896551724137931, 0.896551724137931, 0.896551724137931], "NAMFIS": [0.7931034482758621, 0.8620689655172413, 0.9310344827586207, 0.9310344827586207, 0.9310344827586207]}, "rmsd": {"best": 0.3198793052893421, "random": [0.7652657571833135, 0.5648988460202617, 0.5592777156168665, 0.4851511041937761, 0.4407306952323432], "low_energy": [0.6422491254873289, 0.5806448187427403, 0.47239651065170507, 0.4914449717778193, 0.4441222066972686], "LICUV": [0.4281077875534812, 0.4293513355578341, 0.38469658712472465, 0.3720311094860058, 0.3294217198982657], "NAMFIS": [0.3198793052893421, 0.3009943997538456, 0.2089314608594142, 0.2095104403405039, 0.20951044038086736]}, "mae": {"best": 0.22854007885373875, "random": [0.5497920988345968, 0.3972815766609702, 0.3965196906597934, 0.3481194428283537, 0.309201659402876], "low_energy": [0.49988746116901267, 0.40818601059881454, 0.33428877505671317, 0.33708153453671763, 0.31815753702706934], "LICUV": [0.31640713987679303, 0.29272661878295714, 0.24250341526736394, 0.24916929161627052, 0.22809692552605598], "NAMFIS": [0.22854007885373875, 0.20172799598939609, 0.15856457547807234, 0.15980860985166717, 0.15980860988639206]}, "bundle-size": [1, 3, 5, 10, 30]}}