{"single": {"fulfil": {"best": 0.3448275862068966, "random": [0.24827586206896549, 0.303448275862069, 0.30344827586206896, 0.31034482758620696, 0.31724137931034485], "low_energy": [0.3103448275862069, 0.3103448275862069, 0.3448275862068966, 0.3448275862068966, 0.3448275862068966], "LICUV": [0.3448275862068966, 0.3103448275862069, 0.3448275862068966, 0.3448275862068966, 0.3103448275862069], "NAMFIS": [0.2413793103448276, 0.27586206896551724, 0.27586206896551724, 0.27586206896551724, 0.27586206896551724]}, "rmsd": {"best": 1.9928980085701005, "random": [3.3050581789182956, 2.866091388511508, 2.6139734531823713, 2.5245093533965717, 2.370192002692857], "low_energy": [2.5543781718905625, 2.2738196914815814, 2.11026261345665, 2.18557852438243, 2.3778835361715847], "LICUV": [3.187663044784215, 3.099696809421244, 3.0503391324907962, 2.905042466622278, 2.7308264465455885], "NAMFIS": [1.9928980085701005, 1.9152311363733203, 1.9129154416604672, 1.9129154668151775, 1.9129156144049568]}, "mae": {"best": 1.4692320785851314, "random": [2.422089346145761, 2.096185807344922, 1.9161290101675597, 1.8799351072250154, 1.7848898592697378], "low_energy": [1.8334282120342906, 1.645632810771438, 1.5207740566344967, 1.5703529319815084, 1.7433546648217901], "LICUV": [2.2424307754121977, 2.2086844372143846, 2.1546681642135974, 2.080623436418286, 1.9667296764686082], "NAMFIS": [1.6051567404845661, 1.5398916432532372, 1.5379323533563705, 1.537932351139033, 1.5379324241388685]}, "bundle-size": [1, 3, 5, 10, 30]}}