{"minimum_sasa": 8.253776550292969, "minimum_psa": 7.055744171142578}