{"single": {"fulfil": {"best": 0.87, "random": [0.7729999999999999, 0.8220000000000001, 0.834, 0.8459999999999999, 0.881], "low_energy": [0.75, 0.83, 0.83, 0.87, 0.9], "LICUV": [0.87, 0.88, 0.89, 0.9, 0.92], "NAMFIS": [0.85, 0.9, 0.89, 0.89, 0.89]}, "rmsd": {"best": 1.1729069548713307, "random": [1.6025870466002963, 1.4165302216647317, 1.3814324740546196, 1.2281845339552742, 1.0226729054047239], "low_energy": [2.0082631311958776, 1.1286482480847304, 1.194477161994844, 1.0636862194885193, 0.9447742304871483], "LICUV": [1.6846360617140188, 1.3993352827386063, 1.0298450014730751, 0.8554390240014222, 0.8709861044097489], "NAMFIS": [1.1987344512514237, 0.8625713952705802, 0.8323120956901491, 0.8309341209113816, 0.8309341209727882]}, "rmsd_stepwise": {"best": 0.5599999999999999, "random": [0.7356653482904723, 0.6673026753699383, 0.6505377980852061, 0.6281035922023085, 0.5514009658138566], "low_energy": [0.7746612162745723, 0.6511528238439881, 0.6511528238439881, 0.5768882040742381, 0.5059644256269406], "LICUV": [0.5768882040742381, 0.5542562584220406, 0.5306599664568639, 0.5059644256269406, 0.4525483399593903], "NAMFIS": [0.5838664230797999, 0.49477267507411915, 0.5199999999999999, 0.5199999999999999, 0.5199999999999999]}, "mae": {"best": 0.7927046513557431, "random": [1.0378303827047346, 0.9733248121738429, 0.9626890536727203, 0.891582994477863, 0.8164173662297214], "low_energy": [1.1931913876533506, 0.8506402622218949, 0.9198603880133913, 0.8378301927179698, 0.7512024070832156], "LICUV": [1.0120787501335142, 0.9049439250804069, 0.7527073011595798, 0.6666729645281865, 0.6955642100692763], "NAMFIS": [0.8403854751586912, 0.6992502554663791, 0.6645352320683157, 0.6637160194788929, 0.6637160196016397]}, "bundle-size": [1, 3, 5, 10, 30]}}