{"single": {"fulfil": {"best": 0.55, "random": [0.398, 0.425, 0.46699999999999997, 0.516, 0.534], "low_energy": [0.35, 0.42, 0.44, 0.47, 0.55], "LICUV": [0.55, 0.61, 0.65, 0.58, 0.67], "NAMFIS": [0.32, 0.47, 0.53, 0.54, 0.54]}, "rmsd": {"best": 2.7314710522909214, "random": [4.377273034820116, 3.3181245584175114, 2.897449517655246, 2.4890431165113256, 2.2142659165430087], "low_energy": [5.421517501086822, 3.126598396754804, 2.6557772780800843, 2.43956713070551, 2.0585406236411234], "LICUV": [2.9535463536317668, 2.604677414753534, 2.338063120299793, 2.1483820936504006, 1.72631968819531], "NAMFIS": [3.502759517078084, 2.315645388868494, 2.1226049790145742, 1.9406361995831543, 1.8944747869598288]}, "mae": {"best": 2.018867189884185, "random": [3.266974321961402, 2.5621404513600794, 2.2649961408934325, 1.9423505746643381, 1.7527161188752494], "low_energy": [3.954997386932372, 2.373419743940767, 2.087346352917094, 1.9456093840196615, 1.6155726894978286], "LICUV": [2.018867189884185, 1.7496152358612134, 1.6196454368664095, 1.5559298113456466, 1.2755515912725008], "NAMFIS": [2.876804709434509, 1.8370886167721425, 1.686902333697292, 1.566504533140354, 1.5443206875630449]}, "bundle-size": [1, 3, 5, 10, 30]}}