{"single": {"fulfil": {"best": 0.71, "random": [0.568, 0.6519999999999999, 0.6679999999999999, 0.701, 0.758], "low_energy": [0.62, 0.72, 0.72, 0.71, 0.75], "LICUV": [0.71, 0.72, 0.74, 0.79, 0.79], "NAMFIS": [0.58, 0.59, 0.63, 0.7, 0.73]}, "rmsd": {"best": 1.6974157865489958, "random": [2.384362863767259, 1.9177047031910301, 1.833185158795274, 1.6408816906541048, 1.410247605343529], "low_energy": [2.2138768707431127, 1.596131162207385, 1.5336030825706348, 1.519648881256603, 1.3836676616325791], "LICUV": [2.099519494951002, 1.5592541027381566, 1.4762659804705112, 1.403538706940746, 1.3234552205002128], "NAMFIS": [2.335477656775911, 1.8154929305654175, 1.5844407982123274, 1.3949476345669045, 1.3626773566827608]}, "mae": {"best": 1.2105330634117122, "random": [1.7394134678840634, 1.3990171275617342, 1.3500766156176887, 1.214392688066993, 1.0653919169613786], "low_energy": [1.5605780339241024, 1.1451361096765857, 1.1122457860383816, 1.0953822720477, 1.02618870993175], "LICUV": [1.3891651272773737, 1.0807950021660004, 1.0222997319223373, 0.9716853724157934, 0.9442303578359056], "NAMFIS": [1.7355278420448297, 1.4082916556680276, 1.2453340969799973, 1.0953519019916924, 1.061603241460682]}, "bundle-size": [1, 3, 5, 10, 30]}}