{"single": {"fulfil": {"best": 0.87, "random": [0.7939999999999999, 0.8220000000000001, 0.843, 0.8709999999999999, 0.881], "low_energy": [0.75, 0.83, 0.83, 0.87, 0.9], "LICUV": [0.87, 0.88, 0.89, 0.9, 0.92], "NAMFIS": [0.85, 0.9, 0.89, 0.89, 0.89]}, "rmsd": {"best": 1.1729069548713307, "random": [1.731431558279412, 1.387554283375338, 1.254194409324621, 1.1162380358892479, 1.035815878089633], "low_energy": [2.0082631311958776, 1.1286482480847304, 1.194477161994844, 1.0636862194885193, 0.9447742304871483], "LICUV": [1.6846360617140188, 1.3993352827386063, 1.0298450014730751, 0.8554390240014222, 0.8709861044097489], "NAMFIS": [1.1987344512514237, 0.8625688114659794, 0.8323072714351274, 0.8309320838723965, 0.8309320838806474]}, "mae": {"best": 0.7927046513557431, "random": [1.0371042636632914, 0.9602301374570097, 0.9025376835303394, 0.8481848038538782, 0.8156258796322211], "low_energy": [1.1931913876533506, 0.8506402622218949, 0.9198603880133913, 0.8378301927179698, 0.7512024070832156], "LICUV": [1.0120787501335142, 0.9049439250804069, 0.7527073011595798, 0.6666729645281865, 0.6955642100692763], "NAMFIS": [0.8403854751586912, 0.6992505354301838, 0.6645348409993624, 0.6637159903681131, 0.6637159903748927]}, "bundle-size": [1, 3, 5, 10, 30]}}