{"minimum_sasa": 12.315126419067383, "minimum_psa": 10.230684280395508}