{"minimum_sasa": 8.351588659286474, "minimum_psa": 6.128831672668461}