{"single": {"stat": {"0": "MAE", "1": "MSE", "2": "RMSD", "3": "pearsonr", "4": "kendalltau", "5": "chisq", "6": "percentage_fulfilled"}, "value": {"0": 0.43761045606005783, "1": 0.1670221583276695, "2": 0.6996460311078699, "3": 0.5189192850495377, "4": 0.2473634885740325, "5": 5.812201355330511, "6": 0.3333333333333333}, "up": {"0": 0.6395427960245719, "1": 0.4212643507481022, "2": 0.9677367884151102, "3": 0.8719961773049298, "4": 0.5055198554629043, "5": 11.297827520769994, "6": 0.0}, "low": {"0": 0.2728133628643663, "1": 0.0, "2": 0.3691682689442226, "3": 0.0, "4": 0.0, "5": 1.55752678000205, "6": 0.0}, "most-populated-1": {"0": 0.5157560779109144, "1": 0.2809217924060242, "2": 0.7566578350888269, "3": NaN, "4": NaN, "5": NaN, "6": 0.24242424242424243}}}