{"single": {"stat": {"0": "MAE", "1": "MSE", "2": "RMSD", "3": "RMSD_step", "4": "pearsonr", "5": "kendalltau", "6": "chisq", "7": "percentage_fulfilled"}, "value": {"0": 0.43761045606005783, "1": 0.1670221583276695, "2": 0.6996460311078699, "3": 0.18614917445832296, "4": 0.5189192850495377, "5": 0.2473634885740325, "6": 5.812201355330511, "7": 0.3333333333333333}, "up": {"0": 0.637308322628163, "1": 0.41606252316941483, "2": 0.962629290466593, "3": 0.25268902314179714, "4": 0.8783669013136072, "5": 0.5172113719568489, "6": 11.56556863579526, "7": 0.0}, "low": {"0": 0.2718069499299536, "1": 0.0, "2": 0.36509684181626634, "3": 0.12767115664468215, "4": 0.0, "5": 0.0, "6": 1.530871084309464, "7": 0.0}, "most-populated-1": {"0": 0.5157560779109144, "1": 0.2809217924060242, "2": 0.7566578350888269, "3": 0.18614917445832296, "4": NaN, "5": NaN, "6": NaN, "7": 0.24242424242424243}}}