{"single": {"fulfil": {"best": 0.59375, "random": [0.428125, 0.4125, 0.421875, 0.38125, 0.409375], "low_energy": [0.34375, 0.28125, 0.28125, 0.375, 0.4375], "LICUV": [0.59375, 0.5625, 0.5625, 0.53125, 0.53125], "NAMFIS": [0.59375, 0.40625, 0.5, 0.5625, 0.5625]}, "rmsd": {"best": 0.32197795884545477, "random": [0.6060654056482335, 0.4474093300875827, 0.4238879284053911, 0.4029229418987466, 0.3973062651448511], "low_energy": [0.6478583038916484, 0.465262087933046, 0.4392341548613302, 0.41008947807759977, 0.39857192264872016], "LICUV": [0.32197795884545477, 0.2573752344206784, 0.2606264281941625, 0.3129162233748754, 0.30423403847318375], "NAMFIS": [0.32197795884545477, 0.30671434096811745, 0.25853306880074034, 0.2931366440090657, 0.2931366440088867]}, "rmsd_stepwise": {"best": 0.08975661535508117, "random": [0.12864516833609055, 0.13805637126027742, 0.13908258143818517, 0.1439008463981827, 0.1457958441928935], "low_energy": [0.15072740294982853, 0.15781714102086622, 0.15623499927993081, 0.14328729880907093, 0.14003347814005043], "LICUV": [0.10080922576827969, 0.10383279828647587, 0.10884335073857285, 0.11372939373794266, 0.11101801655587254], "NAMFIS": [0.10080922576827969, 0.14808148094883433, 0.14002231964940443, 0.12434830115445886, 0.12434830115445886]}, "mae": {"best": 0.21594124555587765, "random": [0.3984709399193525, 0.31325724412120526, 0.2953765861683334, 0.28371455590169614, 0.28249431366935074], "low_energy": [0.4437134352326392, 0.3479006669526167, 0.3369755825694186, 0.2979049161084925, 0.2838582739589372], "LICUV": [0.21594124555587765, 0.1879731645586525, 0.1772848633958799, 0.20912960960937116, 0.20791894927221827], "NAMFIS": [0.21594124555587765, 0.2260993702143408, 0.19374778938231987, 0.202407389463492, 0.2024073894634934]}, "bundle-size": [1, 3, 5, 10, 30]}}