{"single": {"stat": {"0": "MAE", "1": "MSE", "2": "RMSD", "3": "RMSD_step", "4": "pearsonr", "5": "kendalltau", "6": "chisq", "7": "percentage_fulfilled"}, "value": {"0": 0.6009898871581439, "1": 0.3270235890553468, "2": 0.872170785124032, "3": 0.1859771491339729, "4": 0.33501612168312683, "5": 0.07706434991063846, "6": 6.522663933796781, "7": 0.375}, "up": {"0": 0.8727847752483021, "1": 0.6543773701362329, "2": 1.1426626023628692, "3": 0.25543304731412736, "4": 0.7561727837650671, "5": 0.4150326378733534, "6": 11.475382243524322, "7": 0.0}, "low": {"0": 0.3593952300444792, "1": 0.009475288732937804, "2": 0.5509496806174917, "3": 0.10327450801740391, "4": 0.0, "5": 0.0, "6": 2.5642440180042265, "7": 0.0}}}