{"single": {"stat": {"0": "MAE", "1": "MSE", "2": "RMSD", "3": "RMSD_step", "4": "pearsonr", "5": "kendalltau", "6": "chisq", "7": "percentage_fulfilled"}, "value": {"0": 0.6009898871581439, "1": 0.3270235890553468, "2": 0.872170785124032, "3": 0.1859771491339729, "4": 0.33501612168312683, "5": 0.07706434991063846, "6": 6.522663933796781, "7": 0.375}, "up": {"0": 0.8665965987750096, "1": 0.6616128183033215, "2": 1.1404590430513737, "3": 0.25654129759130156, "4": 0.7638194769428609, "5": 0.41300578565204193, "6": 11.32804037623487, "7": 0.0}, "low": {"0": 0.3666956074494626, "1": 0.019065613297386125, "2": 0.5484463981599836, "3": 0.10345993569389113, "4": 0.0, "5": 0.0, "6": 2.5816104406943694, "7": 0.0}}}