{"single": {"fulfil": {"best": 0.9104477611940298, "random": [0.8189054726368161, 0.845273631840796, 0.8671641791044777, 0.8875621890547263, 0.9194029850746268], "low_energy": [0.8308457711442786, 0.8656716417910447, 0.8905472636815921, 0.9054726368159204, 0.9353233830845771], "LICUV": [0.9104477611940298, 0.9353233830845771, 0.9552238805970149, 0.9402985074626866, 0.9502487562189055], "NAMFIS": [0.845771144278607, 0.9402985074626866, 0.9353233830845771, 0.945273631840796, 0.945273631840796]}, "rmsd": {"best": 1.010257710183077, "random": [1.4719323561227484, 1.2502549609566465, 1.1740090071051152, 1.0149148947524718, 0.8407837830493351], "low_energy": [1.4396257486012514, 1.2870230182117193, 0.9641573346008309, 0.8831899251521634, 0.7905781314145321], "LICUV": [1.010257710183077, 0.8856954267820742, 0.7467798262243026, 0.7754824083368008, 0.7518018689349404], "NAMFIS": [1.1148138290433478, 0.7468939716255739, 0.7633838517927912, 0.7481815428814977, 0.7481815428435344]}, "rmsd_stepwise": {"best": 0.457605709180542, "random": [0.6505834217995095, 0.6102120788742548, 0.5664406634926342, 0.5260105721773551, 0.43744119849203955], "low_energy": [0.6427939635699684, 0.5789422504475155, 0.5141287369997471, 0.4813434764163291, 0.39404775324926794], "LICUV": [0.457605709180542, 0.3889646929199467, 0.32545414117806243, 0.37964371881256087, 0.3421471563770702], "NAMFIS": [0.5871340291272547, 0.34561935177071307, 0.36357812740368217, 0.33509484808622514, 0.33509484808622514]}, "mae": {"best": 0.6736349679937409, "random": [0.9399222451656015, 0.8372303280227721, 0.8100837145178451, 0.7477807645281871, 0.6586589108687481], "low_energy": [0.9054617371725203, 0.8596273248044739, 0.7162825199141447, 0.6604530180386974, 0.6178565359621665], "LICUV": [0.6736349679937409, 0.6260470046731469, 0.5728953990506773, 0.5901358205107893, 0.5990313688948643], "NAMFIS": [0.7693645758415333, 0.5861699215834687, 0.6002430625580849, 0.5853629845069007, 0.5853629845069136]}, "bundle-size": [1, 3, 5, 10, 30]}}