{"single": {"stat": {"0": "MAE", "1": "MSE", "2": "RMSD", "3": "RMSD_step", "4": "pearsonr", "5": "kendalltau", "6": "chisq", "7": "percentage_fulfilled"}, "value": {"0": 1.1249389201456523, "1": -0.9582289764089023, "2": 1.2902162697836617, "3": 0.9038922925856512, "4": 0.21892853277144877, "5": 0.23935814289293922, "6": 17.496688323731618, "7": 0.6808510638297872}, "up": {"0": 1.3033644368371784, "1": -0.7026642823509133, "2": 1.4455885283218761, "3": 1.0694997836531068, "4": 1.0, "5": 1.0, "6": 22.025852335868304, "7": 0.0}, "low": {"0": 0.9486667263607353, "1": 0.0, "2": 1.1226573528147599, "3": 0.7001519591898937, "4": 0.0, "5": 0.0, "6": 13.218001406333556, "7": 0.0}, "most-populated-1": {"0": 0.9226052761077881, "1": -0.7016716459964184, "2": 1.1015620560556896, "3": 0.9038922925856512, "4": NaN, "5": NaN, "6": NaN, "7": 0.8936170212765957}}}