{"single": {"stat": {"0": "MAE", "1": "MSE", "2": "RMSD", "3": "pearsonr", "4": "kendalltau", "5": "chisq", "6": "percentage_fulfilled"}, "value": {"0": 1.1249389201456523, "1": -0.9582289764089023, "2": 1.2902162697836617, "3": 0.21892853277144877, "4": 0.23935814289293922, "5": 17.496688323731618, "6": 0.6808510638297872}, "up": {"0": 1.306253121902721, "1": -0.7013665311174921, "2": 1.4480865078693064, "3": 1.0, "4": 1.0, "5": 21.946195966742717, "6": 0.0}, "low": {"0": 0.9477534647162138, "1": 0.0, "2": 1.1212937528417315, "3": 0.0, "4": 0.0, "5": 13.304821012585611, "6": 0.0}, "most-populated-1": {"0": 0.9226052761077881, "1": -0.7016716459964184, "2": 1.1015620560556896, "3": NaN, "4": NaN, "5": NaN, "6": 0.8936170212765957}}}