{"single": {"fulfil": {"best": 0.984375, "random": [0.8578125, 0.8234375, 0.83125, 0.846875, 0.84375], "low_energy": [0.859375, 0.78125, 0.796875, 0.796875, 0.8125], "LICUV": [0.984375, 0.875, 0.875, 0.84375, 0.84375], "NAMFIS": [0.984375, 0.890625, 0.890625, 0.890625, 0.890625]}, "rmsd": {"best": 0.7569717307274897, "random": [1.1052664556186993, 1.0404235933901365, 1.0358438771835545, 1.0265053315137374, 1.0463189605120264], "low_energy": [1.3354894429637734, 1.2119648764502493, 1.1268112529869614, 1.189586740247834, 1.1155980435397252], "LICUV": [0.7569717307274897, 0.96703568022768, 1.0009371877523283, 1.0832345228943234, 1.0542106943427634], "NAMFIS": [0.7569717307274897, 0.79626378859773, 0.8927807420938085, 0.9290344916832649, 0.9290344916836603]}, "rmsd_stepwise": {"best": 0.08750000000000002, "random": [0.5180289437544523, 0.6264774189495674, 0.6284594125243602, 0.5965831275012299, 0.6061665430802832], "low_energy": [0.5270792160577003, 0.6912398281349244, 0.6747684788132888, 0.6747684788132888, 0.6690711845536316], "LICUV": [0.08750000000000002, 0.5363359488231232, 0.5363359488231232, 0.606346641781745, 0.606346641781745], "NAMFIS": [0.08750000000000002, 0.49765073093485945, 0.49765073093485945, 0.49765073093485945, 0.49765073093485945]}, "mae": {"best": 0.5836532823741436, "random": [0.7965177623555064, 0.7740796402556592, 0.790290160218593, 0.801623248683214, 0.8299763364150827], "low_energy": [0.8318665958940981, 0.8884013160383513, 0.8425568549677638, 0.9013558873209802, 0.8620395944948982], "LICUV": [0.5836532823741436, 0.7812868352130957, 0.7998119537023681, 0.8650715211052036, 0.8794889790987092], "NAMFIS": [0.5836532823741436, 0.600383690762168, 0.7024405844457398, 0.7448304114562854, 0.7448304114564768]}, "bundle-size": [1, 3, 5, 10, 30]}}