{"minimum_sasa": 8.412181043624873, "minimum_psa": 6.2748713970184475}