{"single": {"stat": {"0": "MAE", "1": "MSE", "2": "RMSD", "3": "pearsonr", "4": "kendalltau", "5": "chisq", "6": "percentage_fulfilled"}, "value": {"0": 0.2683275679003423, "1": 0.035436504312345116, "2": 0.33907018610719514, "3": 0.5062803822777014, "4": 0.36711064161211304, "5": 1.0677713977367678, "6": 0.44}, "up": {"0": 0.35118353690950527, "1": 0.16323408460722255, "2": 0.43127286446088925, "3": 0.7191743805481189, "4": 0.5891108854309645, "5": 1.6897568258947315, "6": 0.0}, "low": {"0": 0.19282310742397812, "1": 0.0, "2": 0.2390987429851525, "3": 0.2523334803957822, "4": 0.09807140567307747, "5": 0.5356970042586608, "6": 0.0}, "most-populated-1": {"0": 0.3963545207977293, "1": 0.2308005413055416, "2": 0.5418455444495922, "3": NaN, "4": NaN, "5": NaN, "6": 0.32}}}