{"31": {"0": {"Atom 1": "(17,)", "Atom 2": "(37,)", "NMR exp": 2.5500000000000003, "lower bound": 2.43, "upper bound": 2.65, "md": [2.634827088942461], "lower": [2.475472780564005], "upper": [3.904698800400885]}, "1": {"Atom 1": "(1,)", "Atom 2": "(3,)", "NMR exp": 2.63, "lower bound": 2.5, "upper bound": 2.74, "md": [2.91445944170234], "lower": [2.725122664843012], "upper": [2.992651317130439]}, "2": {"Atom 1": "(17,)", "Atom 2": "(19,)", "NMR exp": 2.47, "lower bound": 2.36, "upper bound": 2.57, "md": [2.2764024277385495], "lower": [2.1496046059379386], "upper": [2.358529534521979]}, "3": {"Atom 1": "(37,)", "Atom 2": "(39,)", "NMR exp": 2.35, "lower bound": 2.2600000000000002, "upper bound": 2.43, "md": [2.772335223278145], "lower": [2.713845472731974], "upper": [2.9564423578663535]}, "4": {"Atom 1": "(50,)", "Atom 2": "(52, 53)", "NMR exp": 2.8000000000000003, "lower bound": 2.5300000000000002, "upper bound": 2.92, "md": [2.5389660035847794, 2.104111550722962], "lower": [2.3124988819948493, 2.04994013834331], "upper": [2.904050995733638, 2.772875603225959]}, "5": {"Atom 1": "(50,)", "Atom 2": "(52, 53)", "NMR exp": 2.5, "lower bound": 2.39, "upper bound": 2.6, "md": [2.5389660035847794, 2.104111550722962], "lower": [2.3124988819948493, 2.04994013834331], "upper": [2.904050995733638, 2.772875603225959]}, "6": {"Atom 1": "(57,)", "Atom 2": "(59,)", "NMR exp": 2.7, "lower bound": 2.4, "upper bound": 2.8000000000000003, "md": [2.8830390393616105], "lower": [2.451898076654474], "upper": [2.980476155618436]}, "7": {"Atom 1": "(1,)", "Atom 2": "(59,)", "NMR exp": 3.1, "lower bound": 2.4, "upper bound": 3.6, "md": [3.297041205544192], "lower": [2.5767252780452505], "upper": [3.5304484033576027]}, "8": {"Atom 1": "(17,)", "Atom 2": "(3,)", "NMR exp": 2.68, "lower bound": 2.54, "upper bound": 2.8000000000000003, "md": [1.8811367918189144], "lower": [1.8190471479266332], "upper": [2.2363590448852304]}, "9": {"Atom 1": "(37,)", "Atom 2": "(19,)", "NMR exp": 2.46, "lower bound": 2.35, "upper bound": 2.5500000000000003, "md": [2.3696882227461513], "lower": [2.296095778228457], "upper": [3.520817807819874]}, "10": {"Atom 1": "(50,)", "Atom 2": "(39,)", "NMR exp": 2.36, "lower bound": 2.2600000000000002, "upper bound": 2.44, "md": [2.884489646455514], "lower": [2.341973884425743], "upper": [3.3461496676821225]}, "11": {"Atom 1": "(57,)", "Atom 2": "(52, 53)", "NMR exp": 2.3000000000000003, "lower bound": 2.21, "upper bound": 2.5, "md": [3.213028696148791, 2.882495387894789], "lower": [2.995736138454259, 2.2388050523772582], "upper": [3.662339890247859, 3.5354957011293853]}, "12": {"Atom 1": "(57,)", "Atom 2": "(52, 53)", "NMR exp": 3.8000000000000003, "lower bound": 3.4, "upper bound": 4.2, "md": [3.213028696148791, 2.882495387894789], "lower": [2.995736138454259, 2.2388050523772582], "upper": [3.662339890247859, 3.5354957011293853]}, "13": {"Atom 1": "(1,)", "Atom 2": "(5,)", "NMR exp": 2.73, "lower bound": 2.58, "upper bound": 2.86, "md": [3.0970290378768444], "lower": [2.6484536843952835], "upper": [3.6889939790712294]}, "14": {"Atom 1": "(17,)", "Atom 2": "(21, 22)", "NMR exp": 3.22, "lower bound": 2.98, "upper bound": 3.41, "md": [4.315148596099401, 3.1489929133976564], "lower": [3.7718657255402115, 2.901098583827195], "upper": [4.348370844065461, 3.6356042418550816]}, "15": {"Atom 1": "(17,)", "Atom 2": "(21, 22)", "NMR exp": 2.9, "lower bound": 2.72, "upper bound": 3.0500000000000003, "md": [4.315148596099401, 3.1489929133976564], "lower": [3.7718657255402115, 2.901098583827195], "upper": [4.348370844065461, 3.6356042418550816]}, "16": {"Atom 1": "(37,)", "Atom 2": "(41, 42)", "NMR exp": 3.2, "lower bound": 2.96, "upper bound": 3.39, "md": [3.0897993407763216, 2.882016020430399], "lower": [2.70011296142716, 2.514931700941122], "upper": [3.6064126343696246, 3.6270912631733387]}, "17": {"Atom 1": "(37,)", "Atom 2": "(41, 42)", "NMR exp": 2.9, "lower bound": 2.72, "upper bound": 3.0500000000000003, "md": [3.0897993407763216, 2.882016020430399], "lower": [2.70011296142716, 2.514931700941122], "upper": [3.6064126343696246, 3.6270912631733387]}, "18": {"Atom 1": "(1,)", "Atom 2": "(7, 8, 9, 11, 12, 13)", "NMR exp": 2.8000000000000003, "lower bound": 2.64, "upper bound": 2.93, "md": [1.8329108444592181, 4.58446161009589, 5.109789372117544, 3.4775883303961814, 3.4720904899107583, 3.457251682051775], "lower": [1.756198656579069, 3.5046027294768405, 3.852022492118677, 2.7575162923274394, 2.7515045809082515, 2.7470709903563386], "upper": [4.283132387896654, 4.932167313618815, 5.260905888647999, 4.536519994856586, 4.534262170265001, 4.532217430885219]}, "19": {"Atom 1": "(39,)", "Atom 2": "(41, 42)", "NMR exp": 2.67, "lower bound": 2.5300000000000002, "upper bound": 2.79, "md": [2.437104507306205, 2.0382394017741996], "lower": [2.3153796577777803, 1.9949448551209992], "upper": [2.8813356385034816, 2.7058311257984626]}, "20": {"Atom 1": "(39,)", "Atom 2": "(41, 42)", "NMR exp": 2.5500000000000003, "lower bound": 2.43, "upper bound": 2.65, "md": [2.437104507306205, 2.0382394017741996], "lower": [2.3153796577777803, 1.9949448551209992], "upper": [2.8813356385034816, 2.7058311257984626]}, "21": {"Atom 1": "(19,)", "Atom 2": "(21, 22)", "NMR exp": 2.47, "lower bound": 2.36, "upper bound": 2.57, "md": [3.011312350015709, 2.6761242325684873], "lower": [2.4936946494754784, 2.3934961272298088], "upper": [3.0728891518630572, 3.009338589212266]}, "22": {"Atom 1": "(19,)", "Atom 2": "(21, 22)", "NMR exp": 2.8000000000000003, "lower bound": 2.64, "upper bound": 2.93, "md": [3.011312350015709, 2.6761242325684873], "lower": [2.4936946494754784, 2.3934961272298088], "upper": [3.0728891518630572, 3.009338589212266]}, "23": {"Atom 1": "(17,)", "Atom 2": "(7, 8, 9, 11, 12, 13)", "NMR exp": 2.8000000000000003, "lower bound": 2.64, "upper bound": 2.93, "md": [1.7702340634046996, 1.8769381895550081, 3.5061254860110207, 3.525983157811037, 2.6025774048741037, 3.5562046554726936], "lower": [1.6890602460844493, 1.801242813292048, 2.876948106027654, 2.783113608997809, 2.333048522584029, 2.7936655609115086], "upper": [4.437032118357797, 4.44256781350939, 4.76312084144914, 4.939689474010976, 4.742427877489455, 4.943879945673649]}, "24": {"Atom 1": "(25, 27, 29, 31, 33)", "Atom 2": "(7, 8, 9, 11, 12, 13)", "NMR exp": 2.8000000000000003, "lower bound": 2.64, "upper bound": 2.93, "md": [3.649565568794138, 3.7324602983021906, 3.487565693123657, 2.6859206364534733, 3.9074484708464396, 3.736875680760487, 4.791374521011393, 3.30920321921953, 4.760074348750381, 4.680681835072341, 2.2981528148494754, 3.170349246708455, 5.845338432808656, 6.518710549857709, 5.739524408390939, 5.6610768120142, 6.702222013750226, 4.261658513427032, 4.205161346683521, 4.6867298928404, 4.349986264452489, 4.365021600017154, 2.6366856152171607, 4.1798889146827705, 3.5349817887467596, 3.5800852554644167, 3.343236000667778, 3.5663835410593796, 2.471576395745623, 3.0708967423929536], "lower": [2.825569229449387, 2.867939151772867, 2.7327218175336814, 2.36871715828027, 2.9873539928025274, 2.886396155976332, 3.8417247155414675, 2.972416712969715, 3.8242302420052505, 3.7201496050188547, 2.2007727079405384, 2.8412705421644904, 4.7828518510353595, 5.125557057438092, 4.729265021590833, 4.642343305238248, 5.157680738975145, 3.8148003783110305, 3.526333199384865, 3.783522187893302, 3.609158742349429, 3.570560549842169, 2.4521258440358364, 3.4642861366337607, 2.761921326625492, 2.782551282225424, 2.66774598401945, 2.790753162935486, 2.2574565682816594, 2.5528877137644623],