{"single": {"stat": {"0": "MAE", "1": "MSE", "2": "RMSD", "3": "RMSD_step", "4": "pearsonr", "5": "kendalltau", "6": "chisq", "7": "percentage_fulfilled"}, "value": {"0": 0.32011171952087103, "1": 0.15549334674269435, "2": 0.4551791596218216, "3": 0.11445523142259596, "4": 0.3963675555365317, "5": 0.3755053618009819, "6": 1.943682488999712, "7": 0.44}, "up": {"0": 0.4567563226814888, "1": 0.3301438590475162, "2": 0.5978901357544868, "3": 0.16368323061769516, "4": 0.6610789624918595, "5": 0.622098462264314, "6": 3.360823022257189, "7": 0.0}, "low": {"0": 0.202199800857697, "1": 0.0, "2": 0.29305603753058324, "3": 0.07036973767396773, "4": 0.13439721810171698, "5": 0.12887085090095385, "6": 0.7931498952267385, "7": 0.0}, "most-populated-1": {"0": 0.3963545207977293, "1": 0.2308005413055416, "2": 0.5418455444495922, "3": 0.11445523142259596, "4": NaN, "5": NaN, "6": NaN, "7": 0.32}}}