{"single": {"fulfil": {"best": 0.42424242424242425, "random": [0.26363636363636356, 0.24545454545454543, 0.2787878787878788, 0.28181818181818175, 0.2939393939393939], "low_energy": [0.30303030303030304, 0.24242424242424243, 0.21212121212121213, 0.2727272727272727, 0.2727272727272727], "LICUV": [0.42424242424242425, 0.30303030303030304, 0.3333333333333333, 0.3333333333333333, 0.3333333333333333], "NAMFIS": [0.24242424242424243, 0.30303030303030304, 0.30303030303030304, 0.30303030303030304, 0.30303030303030304]}, "rmsd": {"best": 0.7128720424026583, "random": [0.9195989557907774, 0.9276643085544662, 0.9222679803356971, 0.8662199842816622, 0.866515156156795], "low_energy": [0.8978771657551701, 0.9024499454624981, 0.9223231099798528, 0.9123135356413271, 0.8574585660134426], "LICUV": [0.7622132760009437, 0.8004019772282722, 0.7815538750169038, 0.8058617365819694, 0.8184452487793572], "NAMFIS": [0.7128720424026583, 0.6458853542283816, 0.6464136772613976, 0.6464136772656423, 0.6464136772799514]}, "mae": {"best": 0.5214692413445674, "random": [0.6363812610452826, 0.6576115811020656, 0.6523359339669685, 0.6151118916715278, 0.6129306081857289], "low_energy": [0.6476990841374253, 0.6598622341925878, 0.685850471134205, 0.6537455181594471, 0.6158640444945088], "LICUV": [0.5337286579247676, 0.5604407325536356, 0.5533663720772157, 0.5618035063641005, 0.570296541991559], "NAMFIS": [0.5283835893688779, 0.48335370515458354, 0.48343257493868813, 0.4834325749399617, 0.4834325749464528]}, "bundle-size": [1, 3, 5, 10, 30]}}