{"single": {"fulfil": {"best": 0.6060606060606061, "random": [0.3939393939393939, 0.5212121212121211, 0.596969696969697, 0.6151515151515151, 0.596969696969697], "low_energy": [0.42424242424242425, 0.42424242424242425, 0.45454545454545453, 0.45454545454545453, 0.45454545454545453], "LICUV": [0.6060606060606061, 0.6060606060606061, 0.6666666666666666, 0.5757575757575758, 0.5151515151515151], "NAMFIS": [0.45454545454545453, 0.5151515151515151, 0.48484848484848486, 0.6060606060606061, 0.6060606060606061]}, "rmsd": {"best": 0.28817758074983985, "random": [0.5126285543500015, 0.3340666799283162, 0.3052262358090353, 0.2440021967438665, 0.24415024765650445], "low_energy": [0.6502220049913633, 0.3481428533355556, 0.2831099994315037, 0.2795416229272331, 0.2637638213906132], "LICUV": [0.44257099562925306, 0.2582515606716883, 0.2303271615044774, 0.22694447771782741, 0.22456552502352575], "NAMFIS": [0.35191507319726056, 0.25439698006132194, 0.23340564088248797, 0.20282165926256224, 0.20250239585679175]}, "mae": {"best": 0.21392157728021782, "random": [0.37057944335359505, 0.24482609083902385, 0.21603029600767054, 0.18380794437522235, 0.18419980352622373], "low_energy": [0.43030402096835035, 0.2767002951396348, 0.2328018870876384, 0.2184665396853278, 0.21732788158962668], "LICUV": [0.2690364753838741, 0.19808697906784098, 0.16700556780971682, 0.17389152705682345, 0.18503183725470657], "NAMFIS": [0.26824503522930715, 0.2019499747450332, 0.18494158151120157, 0.1621043389561032, 0.16163242929397398]}, "bundle-size": [1, 3, 5, 10, 30]}}