{"single": {"fulfil": {"best": 0.6060606060606061, "random": [0.3727272727272727, 0.5181818181818182, 0.6030303030303029, 0.6090909090909091, 0.5969696969696969], "low_energy": [0.42424242424242425, 0.42424242424242425, 0.45454545454545453, 0.45454545454545453, 0.45454545454545453], "LICUV": [0.6060606060606061, 0.6060606060606061, 0.6666666666666666, 0.5757575757575758, 0.5151515151515151], "NAMFIS": [0.45454545454545453, 0.5151515151515151, 0.48484848484848486, 0.6060606060606061, 0.6060606060606061]}, "rmsd": {"best": 0.28817758074983985, "random": [0.5357556191087893, 0.35637819771093204, 0.30942546068453847, 0.2538441687788917, 0.22258159849154419], "low_energy": [0.6502220049913633, 0.3481428533355556, 0.2831099994315037, 0.2795416229272331, 0.2637638213906132], "LICUV": [0.44257099562925306, 0.2582515606716883, 0.2303271615044774, 0.22694447771782741, 0.22456552502352575], "NAMFIS": [0.35191507319726056, 0.25439695370486076, 0.23340331499193098, 0.20281063006470065, 0.20248689435876166]}, "mae": {"best": 0.21392157728021782, "random": [0.38389663606701463, 0.2548875078039634, 0.2198690937593964, 0.18975161088868536, 0.1740910046839616], "low_energy": [0.43030402096835035, 0.2767002951396348, 0.2328018870876384, 0.2184665396853278, 0.21732788158962668], "LICUV": [0.2690364753838741, 0.19808697906784098, 0.16700556780971682, 0.17389152705682345, 0.18503183725470657], "NAMFIS": [0.26824503522930715, 0.20194622618174846, 0.18494197889618796, 0.1620963435670999, 0.16161866091888835]}, "bundle-size": [1, 3, 5, 10, 30]}}