{"single": {"fulfil": {"best": 0.6060606060606061, "random": [0.3848484848484849, 0.47272727272727266, 0.5606060606060608, 0.6, 0.6303030303030305], "low_energy": [0.42424242424242425, 0.42424242424242425, 0.45454545454545453, 0.45454545454545453, 0.45454545454545453], "LICUV": [0.6060606060606061, 0.6060606060606061, 0.6666666666666666, 0.5757575757575758, 0.5151515151515151], "NAMFIS": [0.45454545454545453, 0.5151515151515151, 0.48484848484848486, 0.6060606060606061, 0.6060606060606061]}, "rmsd": {"best": 0.28817758074983985, "random": [0.5236545783796406, 0.38739506732789025, 0.28790398957451274, 0.27497844767895063, 0.22872129263040222], "low_energy": [0.6502220049913633, 0.3481428533355556, 0.2831099994315037, 0.2795416229272331, 0.2637638213906132], "LICUV": [0.44257099562925306, 0.2582515606716883, 0.2303271615044774, 0.22694447771782741, 0.22456552502352575], "NAMFIS": [0.35191507319726056, 0.2543977530736379, 0.23340507143204292, 0.20282254424651516, 0.20249364358664979]}, "rmsd_stepwise": {"best": 0.09509166231812465, "random": [0.13873253642931377, 0.13500527302516935, 0.11816494463328601, 0.11166705718648842, 0.10078070742837815], "low_energy": [0.16868475169541988, 0.12970829743791423, 0.12141838510878095, 0.1282634599233747, 0.12500909057853643], "LICUV": [0.09556847457887636, 0.10358717599347436, 0.10454808955836078, 0.1118711379898833, 0.12667065384474238], "NAMFIS": [0.12597498549194983, 0.12348475553073278, 0.11889644080612184, 0.11273460386718406, 0.11273460386718406]}, "mae": {"best": 0.21392157728021782, "random": [0.3812772509401494, 0.27478807396822325, 0.21535338820851707, 0.20372386312273288, 0.16968785782689466], "low_energy": [0.43030402096835035, 0.2767002951396348, 0.2328018870876384, 0.2184665396853278, 0.21732788158962668], "LICUV": [0.2690364753838741, 0.19808697906784098, 0.16700556780971682, 0.17389152705682345, 0.18503183725470657], "NAMFIS": [0.26824503522930715, 0.20195475769331106, 0.18494020024205715, 0.16211168922552974, 0.161633651295618]}, "bundle-size": [1, 3, 5, 10, 30]}}