{"minimum_sasa": 7.929072380065918, "minimum_psa": 5.558939456939697}