{"single": {"fulfil": {"best": 0.7272727272727273, "random": [0.5818181818181818, 0.6227272727272727, 0.6954545454545455, 0.690909090909091, 0.7090909090909091], "low_energy": [0.5909090909090909, 0.5, 0.5454545454545454, 0.6818181818181818, 0.6363636363636364], "LICUV": [0.7272727272727273, 0.7727272727272727, 0.7727272727272727, 0.7727272727272727, 0.8181818181818182], "NAMFIS": [0.5, 0.5909090909090909, 0.5909090909090909, 0.5909090909090909, 0.5909090909090909]}, "rmsd": {"best": 0.6920192629666309, "random": [0.8948294074626435, 0.7422577031830688, 0.6693066962802596, 0.5798410365554583, 0.5364239579133425], "low_energy": [0.8920819388819075, 0.8505182361132037, 0.7851774063173328, 0.7199205991544061, 0.712129360029745], "LICUV": [1.0322671091568376, 0.7245607062258879, 0.6135741763594261, 0.6331829279464585, 0.5622120394040452], "NAMFIS": [0.7856421834519387, 0.6334363662443017, 0.5337386811014557, 0.5292872507512926, 0.5292872506914476]}, "rmsd_stepwise": {"best": 0.15446388221552285, "random": [0.3878084588826427, 0.34029506365829265, 0.2916802491602958, 0.2947724149390404, 0.23784606250358903], "low_energy": [0.32205307298360286, 0.33383447177524156, 0.3292001325527183, 0.3120678830580995, 0.3181337626048058], "LICUV": [0.545831309272213, 0.30014390487958215, 0.30014390487958215, 0.29902873075706593, 0.2949807389705917], "NAMFIS": [0.37073636798330784, 0.16723690327849844, 0.16723690327849844, 0.16723690327849844, 0.16723690327849844]}, "mae": {"best": 0.5491491976651276, "random": [0.6760374447649175, 0.5652447956995139, 0.4977662087480045, 0.4479475250603242, 0.4287553757090434], "low_energy": [0.6457834178751163, 0.6502144764843032, 0.5893020113238019, 0.49626113990400994, 0.5054014035835516], "LICUV": [0.6699094854701648, 0.5152295698343407, 0.42978719427975487, 0.43880275099248395, 0.4152151060364862], "NAMFIS": [0.6188654444434425, 0.537498698156616, 0.4480767757474, 0.44357697027209536, 0.4435769702340791]}, "bundle-size": [1, 3, 5, 10, 30]}}