{"single": {"fulfil": {"best": 0.6590909090909091, "random": [0.553409090909091, 0.6022727272727273, 0.6306818181818182, 0.6602272727272727, 0.6909090909090908], "low_energy": [0.5795454545454546, 0.5795454545454546, 0.6136363636363636, 0.6477272727272727, 0.7045454545454546], "LICUV": [0.6590909090909091, 0.7272727272727273, 0.7727272727272727, 0.7386363636363636, 0.7727272727272727], "NAMFIS": [0.6590909090909091, 0.6704545454545454, 0.6818181818181818, 0.6818181818181818, 0.6818181818181818]}, "rmsd": {"best": 1.955955496971717, "random": [2.8581073607797562, 2.3348006561721606, 1.9981956544851134, 1.807411066767018, 1.5997229472111667], "low_energy": [2.3552983408932526, 2.3124901756494785, 2.199918096666174, 1.8461149637418925, 1.6469856307663298], "LICUV": [2.2110717728804326, 1.6495234733232265, 1.5994617567318639, 1.5412586983036722, 1.3858513314906151], "NAMFIS": [2.2110717728804326, 1.931693076993689, 1.8076125649914618, 1.6725865904894455, 1.6725865678591152]}, "mae": {"best": 1.3980134779756717, "random": [1.963501858711242, 1.6370882901108736, 1.4204613393004457, 1.2916658805805523, 1.1835748885531803], "low_energy": [1.652055457234382, 1.601537665984744, 1.5228870511930366, 1.3447963788391653, 1.195259487755309], "LICUV": [1.551714889027855, 1.156872884438698, 1.115085616845285, 1.0652469183867834, 0.9993503637472885], "NAMFIS": [1.551714889027855, 1.3493101122287798, 1.2863695520241607, 1.2073762753648063, 1.2073762635550642]}, "bundle-size": [1, 3, 5, 10, 30]}}