{"single": {"fulfil": {"best": 0.8863636363636364, "random": [0.7693181818181818, 0.8375, 0.8602272727272728, 0.8852272727272726, 0.9261363636363636], "low_energy": [0.8068181818181818, 0.8636363636363636, 0.8522727272727273, 0.8522727272727273, 0.9318181818181818], "LICUV": [0.8863636363636364, 0.9090909090909091, 0.9090909090909091, 0.9318181818181818, 0.9318181818181818], "NAMFIS": [0.8636363636363636, 0.8977272727272727, 0.9204545454545454, 0.9318181818181818, 0.9318181818181818]}, "rmsd": {"best": 1.140698998485813, "random": [1.7323057898576077, 1.4715797739057845, 1.2639827274044126, 1.0503359473919593, 0.963386297094526], "low_energy": [1.3454933929769308, 1.3072928701519964, 1.3130872407039897, 1.1087329047748615, 0.8689022996517356], "LICUV": [1.780913050651635, 1.0994796184591078, 0.8773935605384929, 0.8889256660069692, 0.9213002417424427], "NAMFIS": [1.140698998485813, 0.8743035586548821, 0.9002291120803082, 0.8776073072792043, 0.8776073070896129]}, "mae": {"best": 0.7720294811508871, "random": [1.0639527346600182, 0.94564219310014, 0.8937036716704073, 0.8240208646409769, 0.7941872502806082], "low_energy": [0.899070554158904, 0.9125002527840369, 0.9614653447612738, 0.872379260698885, 0.715484757133946], "LICUV": [0.9644386172294613, 0.7541160295997777, 0.7070832215539833, 0.7351805922968123, 0.7580563013106792], "NAMFIS": [0.7720294811508871, 0.6884110054601142, 0.7184987577572097, 0.7145615403100171, 0.7145615401986423]}, "bundle-size": [1, 3, 5, 10, 30]}}