{"single": {"fulfil": {"best": 0.8863636363636364, "random": [0.7715909090909091, 0.8238636363636364, 0.8659090909090909, 0.8943181818181818, 0.9227272727272726], "low_energy": [0.8068181818181818, 0.8636363636363636, 0.8522727272727273, 0.8522727272727273, 0.9318181818181818], "LICUV": [0.8863636363636364, 0.9090909090909091, 0.9090909090909091, 0.9318181818181818, 0.9318181818181818], "NAMFIS": [0.8636363636363636, 0.8977272727272727, 0.9204545454545454, 0.9318181818181818, 0.9318181818181818]}, "rmsd": {"best": 1.140698998485813, "random": [1.9237757047121549, 1.3699125998068036, 1.1558400472080146, 1.0740217610948688, 0.9189641184971954], "low_energy": [1.3454933929769308, 1.3072928701519964, 1.3130872407039897, 1.1087329047748615, 0.8689022996517356], "LICUV": [1.780913050651635, 1.0994796184591078, 0.8773935605384929, 0.8889256660069692, 0.9213002417424427], "NAMFIS": [1.140698998485813, 0.8743058965578371, 0.9002271955520026, 0.8776163769032539, 0.8776163768642196]}, "rmsd_stepwise": {"best": 0.5046375837262725, "random": [0.7284374159078085, 0.6438088588804476, 0.5580818628039627, 0.49020136813306736, 0.411790713021586], "low_energy": [0.6769752244694441, 0.5705858233589244, 0.5955326111214152, 0.5955326111214152, 0.3886164269208485], "LICUV": [0.5046375837262725, 0.44325756928367577, 0.44325756928367577, 0.3886164269208485, 0.3886164269208485], "NAMFIS": [0.5478262830164652, 0.4749401876217486, 0.40912878612530257, 0.37188096824851696, 0.37188096824851696]}, "mae": {"best": 0.7720294811508871, "random": [1.1588278977708382, 0.9306584217107966, 0.8515067314845997, 0.8347242651608845, 0.7681032011746441], "low_energy": [0.899070554158904, 0.9125002527840369, 0.9614653447612738, 0.872379260698885, 0.715484757133946], "LICUV": [0.9644386172294613, 0.7541160295997777, 0.7070832215539833, 0.7351805922968123, 0.7580563013106792], "NAMFIS": [0.7720294811508871, 0.6884114110101193, 0.7184988767159043, 0.7145663730689332, 0.7145663730533882]}, "bundle-size": [1, 3, 5, 10, 30]}}