{"single": {"fulfil": {"best": 0.8863636363636364, "random": [0.7647727272727273, 0.8284090909090909, 0.8522727272727273, 0.8977272727272727, 0.9272727272727274], "low_energy": [0.8068181818181818, 0.8636363636363636, 0.8522727272727273, 0.8522727272727273, 0.9318181818181818], "LICUV": [0.8863636363636364, 0.9090909090909091, 0.9090909090909091, 0.9318181818181818, 0.9318181818181818], "NAMFIS": [0.8636363636363636, 0.8977272727272727, 0.9204545454545454, 0.9318181818181818, 0.9318181818181818]}, "rmsd": {"best": 1.140698998485813, "random": [1.8825258469848767, 1.4967348646267717, 1.3569361518675245, 1.0503155576114727, 0.916271336549132], "low_energy": [1.3454933929769308, 1.3072928701519964, 1.3130872407039897, 1.1087329047748615, 0.8689022996517356], "LICUV": [1.780913050651635, 1.0994796184591078, 0.8773935605384929, 0.8889256660069692, 0.9213002417424427], "NAMFIS": [1.140698998485813, 0.8743041750511753, 0.9002339621902469, 0.8775163914966938, 0.8775163913016643]}, "mae": {"best": 0.7720294811508871, "random": [1.1408204533837056, 0.9731699561151457, 0.9256936254942547, 0.8228938561373569, 0.7600686847707492], "low_energy": [0.899070554158904, 0.9125002527840369, 0.9614653447612738, 0.872379260698885, 0.715484757133946], "LICUV": [0.9644386172294613, 0.7541160295997777, 0.7070832215539833, 0.7351805922968123, 0.7580563013106792], "NAMFIS": [0.7720294811508871, 0.6884082676573362, 0.7185082026091093, 0.7145342538713884, 0.7145342537567043]}, "bundle-size": [1, 3, 5, 10, 30]}}