{"minimum_sasa": 11.61540699005127, "minimum_psa": 11.027137756347656}