{"single": {"fulfil": {"best": 0.6116504854368932, "random": [0.5106796116504854, 0.5165048543689321, 0.5679611650485437, 0.5941747572815533, 0.6097087378640776], "low_energy": [0.44660194174757284, 0.47572815533980584, 0.5339805825242718, 0.5922330097087378, 0.6504854368932039], "LICUV": [0.6116504854368932, 0.6601941747572816, 0.6893203883495146, 0.7087378640776699, 0.7087378640776699], "NAMFIS": [0.49514563106796117, 0.46601941747572817, 0.4368932038834951, 0.4368932038834951, 0.4368932038834951]}, "rmsd": {"best": 2.3170350004349918, "random": [3.34675807349977, 2.91822306772612, 2.5071034742875047, 2.284297713729601, 1.9058746139522402], "low_energy": [3.116105736958161, 2.7399767254585896, 2.3550242238206076, 1.967449997425784, 1.764417176542276], "LICUV": [3.2355928774867144, 2.26081774204368, 1.9661855309619298, 1.6512480665657154, 1.4463086666365261], "NAMFIS": [2.3631128491436435, 2.440025808878248, 2.525146677125643, 2.5370188898357386, 2.535606045511921]}, "mae": {"best": 1.6492599538229038, "random": [2.3473561319332674, 2.1135156707201115, 1.828964328932513, 1.6882241782236538, 1.4481463749356664], "low_energy": [2.366870228526661, 1.9971875753696156, 1.735901617441527, 1.5187076891731337, 1.3932385794076936], "LICUV": [2.1632442972035077, 1.558024143812464, 1.373463363133835, 1.1834274939342195, 1.1194703487253626], "NAMFIS": [1.8101715590189962, 1.9765078600562849, 2.0648803779274116, 2.0703341408433142, 2.0678286305824174]}, "bundle-size": [1, 3, 5, 10, 30]}}