{"single": {"fulfil": {"best": 0.9722222222222222, "random": [0.8625, 0.8625, 0.8472222222222221, 0.8652777777777778, 0.8791666666666668], "low_energy": [0.8194444444444444, 0.8333333333333334, 0.8472222222222222, 0.8194444444444444, 0.8888888888888888], "LICUV": [0.9722222222222222, 0.9305555555555556, 0.9166666666666666, 0.8888888888888888, 0.9027777777777778], "NAMFIS": [0.8611111111111112, 0.9027777777777778, 0.9027777777777778, 0.9027777777777778, 0.9027777777777778]}, "rmsd": {"best": 0.7098208700827456, "random": [1.3971280763050689, 1.1394016946328616, 1.140455495349242, 1.0507311893374285, 1.0759863991711134], "low_energy": [1.2966097561645198, 1.0520425816314254, 1.0978953289447726, 1.170923260167041, 1.0928723312157487], "LICUV": [0.8372217688992862, 0.8815237174790573, 0.8849651208425497, 0.9703865312605466, 1.020255544425123], "NAMFIS": [0.8375246125895329, 0.7905848568088476, 0.8127419105067029, 0.8181134975995781, 0.818113497605045]}, "rmsd_stepwise": {"best": 0.2666666666666666, "random": [0.5634961095888956, 0.5734460581778564, 0.6078627049300526, 0.5733916705246749, 0.5429158886545007], "low_energy": [0.6446359868604571, 0.6164414002968975, 0.6128258770283411, 0.6683312551921139, 0.5185449728701348], "LICUV": [0.2666666666666666, 0.402768199119819, 0.44472213547087774, 0.5185449728701348, 0.4830458915396479], "NAMFIS": [0.5557777333511021, 0.4830458915396479, 0.4830458915396479, 0.4830458915396479, 0.4830458915396479]}, "mae": {"best": 0.5310453275839486, "random": [0.9025924385256235, 0.8475600847414096, 0.9146782216701856, 0.8854938418169113, 0.9144810805346772], "low_energy": [0.9076601558261446, 0.836185319859818, 0.9115502678236065, 1.0143075429371022, 0.9122081620698022], "LICUV": [0.5680503196186488, 0.6905774452082203, 0.7082586135933184, 0.8138778011262034, 0.859537675015178], "NAMFIS": [0.6054046604368422, 0.6205159812703701, 0.6409876950520156, 0.6509662739255292, 0.6509662739459214]}, "bundle-size": [1, 3, 5, 10, 30]}}