{"single": {"fulfil": {"best": 0.6818181818181818, "random": [0.5181818181818182, 0.6409090909090909, 0.6863636363636364, 0.6909090909090909, 0.6863636363636364], "low_energy": [0.5909090909090909, 0.5909090909090909, 0.5454545454545454, 0.5, 0.6363636363636364], "LICUV": [0.6818181818181818, 0.6818181818181818, 0.8181818181818182, 0.7727272727272727, 0.7727272727272727], "NAMFIS": [0.5, 0.6363636363636364, 0.6363636363636364, 0.6818181818181818, 0.6818181818181818]}, "rmsd": {"best": 0.723883371405528, "random": [0.9935377751250252, 0.7246771025770776, 0.6234094855308059, 0.5921459633408885, 0.5691165645259967], "low_energy": [0.8620201660986213, 0.874369689074152, 0.8325259605596717, 0.8231500348852341, 0.7396268266897174], "LICUV": [1.1048567089302197, 0.7626159907809701, 0.6373019220842006, 0.5659113796964622, 0.5542982191615866], "NAMFIS": [0.8616496741062549, 0.5900508465097398, 0.5277836594547561, 0.5276543517845063, 0.5276543518103639]}, "mae": {"best": 0.5538993479988791, "random": [0.7763753768314013, 0.5695597793593553, 0.49543754824364195, 0.488240074059297, 0.49261980315494647], "low_energy": [0.7199540099230679, 0.7149497939821322, 0.6692014081128131, 0.6673500540753005, 0.5753036778275906], "LICUV": [0.7733470526608553, 0.5846632271039661, 0.5306608549927646, 0.44594929825584567, 0.45291538499113854], "NAMFIS": [0.6902213963595302, 0.4962735911521731, 0.45230496450480345, 0.44862308735104944, 0.44862308734343886]}, "bundle-size": [1, 3, 5, 10, 30]}}