{"single": {"fulfil": {"best": 0.6818181818181818, "random": [0.43636363636363634, 0.5227272727272727, 0.5181818181818181, 0.5590909090909091, 0.5727272727272726], "low_energy": [0.45454545454545453, 0.4090909090909091, 0.5, 0.5454545454545454, 0.5454545454545454], "LICUV": [0.6818181818181818, 0.6818181818181818, 0.7272727272727273, 0.6818181818181818, 0.6818181818181818], "NAMFIS": [0.5, 0.6363636363636364, 0.6363636363636364, 0.6363636363636364, 0.6363636363636364]}, "rmsd": {"best": 1.3010953894607296, "random": [2.399761135507826, 2.018041989249984, 1.7351924417415117, 1.7009177682030976, 1.5534825506775378], "low_energy": [2.693738595450055, 2.5219641208298276, 2.2398820364286625, 1.9001474091228083, 1.8413504207745632], "LICUV": [1.6366389484201365, 1.6925817328069426, 1.1531728915245756, 1.2132500864122124, 1.3477375418844968], "NAMFIS": [1.3430975391618747, 1.3109646803822497, 1.3109646766267435, 1.3109646718245227, 1.310964663699691]}, "mae": {"best": 0.8593526549772783, "random": [1.7746320744427764, 1.4731385122773106, 1.3132197942238604, 1.268307776108013, 1.148872939273142], "low_energy": [1.9902904532172458, 1.8715580015232793, 1.6150837029047607, 1.435390486449697, 1.3498109985796463], "LICUV": [1.1847912996465504, 1.2113245578326377, 0.8264003320349811, 0.9175654468483835, 0.9864963479505633], "NAMFIS": [1.1401726380261503, 0.994166697461948, 0.994166694588668, 0.9941666904785816, 0.9941666836759967]}, "bundle-size": [1, 3, 5, 10, 30]}}