{"single": {"fulfil": {"best": 0.6818181818181818, "random": [0.559090909090909, 0.6272727272727272, 0.659090909090909, 0.6636363636363637, 0.6863636363636364], "low_energy": [0.5909090909090909, 0.5909090909090909, 0.5454545454545454, 0.5, 0.6363636363636364], "LICUV": [0.6818181818181818, 0.6818181818181818, 0.8181818181818182, 0.7727272727272727, 0.7727272727272727], "NAMFIS": [0.5, 0.6363636363636364, 0.6363636363636364, 0.6818181818181818, 0.6818181818181818]}, "rmsd": {"best": 0.723883371405528, "random": [0.8711918851764754, 0.7172887092068835, 0.638623611926145, 0.6140490558580709, 0.5739381588253072], "low_energy": [0.8620201660986213, 0.874369689074152, 0.8325259605596717, 0.8231500348852341, 0.7396268266897174], "LICUV": [1.1048567089302197, 0.7626159907809701, 0.6373019220842006, 0.5659113796964622, 0.5542982191615866], "NAMFIS": [0.8616496741062549, 0.5900612940968318, 0.5277941332164072, 0.5276658613910404, 0.5276658613979419]}, "rmsd_stepwise": {"best": 0.1605247078121678, "random": [0.4329047044923807, 0.31916460102730665, 0.25670974702165406, 0.18817594392438816, 0.1409789431712867], "low_energy": [0.32628765892021777, 0.32628765892021777, 0.3324974367638726, 0.3370864469646811, 0.3169528212669686], "LICUV": [0.47368957998019995, 0.448492424178441, 0.10613028014490669, 0.3027675375897849, 0.12073637698420778], "NAMFIS": [0.4900973929184429, 0.15778293489935646, 0.15778293489935646, 0.14516448351000769, 0.14516448351000769]}, "mae": {"best": 0.5538993479988791, "random": [0.680805372498252, 0.563119374529134, 0.5200095305674391, 0.5126094969950621, 0.4900986834253252], "low_energy": [0.7199540099230679, 0.7149497939821322, 0.6692014081128131, 0.6673500540753005, 0.5753036778275906], "LICUV": [0.7733470526608553, 0.5846632271039661, 0.5306608549927646, 0.44594929825584567, 0.45291538499113854], "NAMFIS": [0.6902213963595302, 0.49628369428571334, 0.45231474438493363, 0.448627656009095, 0.44862765600689075]}, "bundle-size": [1, 3, 5, 10, 30]}}