{"single": {"fulfil": {"best": 0.6818181818181818, "random": [0.5727272727272726, 0.6363636363636364, 0.6772727272727272, 0.6863636363636364, 0.7136363636363636], "low_energy": [0.5909090909090909, 0.5909090909090909, 0.5454545454545454, 0.5, 0.6363636363636364], "LICUV": [0.6818181818181818, 0.6818181818181818, 0.8181818181818182, 0.7727272727272727, 0.7727272727272727], "NAMFIS": [0.5, 0.6363636363636364, 0.6363636363636364, 0.6818181818181818, 0.6818181818181818]}, "rmsd": {"best": 0.723883371405528, "random": [0.9074880091676885, 0.7974492643125165, 0.6747418941228929, 0.5757141890794711, 0.5510963760403816], "low_energy": [0.8620201660986213, 0.874369689074152, 0.8325259605596717, 0.8231500348852341, 0.7396268266897174], "LICUV": [1.1048567089302197, 0.7626159907809701, 0.6373019220842006, 0.5659113796964622, 0.5542982191615866], "NAMFIS": [0.8616496741062549, 0.5900720836964698, 0.5277771880052244, 0.5276502184149346, 0.5276502184064776]}, "mae": {"best": 0.5538993479988791, "random": [0.7037254052595657, 0.599751605788088, 0.5370490485086463, 0.4806267896166193, 0.4708980379388126], "low_energy": [0.7199540099230679, 0.7149497939821322, 0.6692014081128131, 0.6673500540753005, 0.5753036778275906], "LICUV": [0.7733470526608553, 0.5846632271039661, 0.5306608549927646, 0.44594929825584567, 0.45291538499113854], "NAMFIS": [0.6902213963595302, 0.4962941275406059, 0.4523071070969268, 0.44862490130772864, 0.4486249013011799]}, "bundle-size": [1, 3, 5, 10, 30]}}