{"minimum_sasa": 6.995396137237549, "minimum_psa": 5.512814521789551}