{"single": {"fulfil": {"best": 0.9, "random": [0.7870588235294117, 0.7882352941176471, 0.82, 0.8264705882352941, 0.8535294117647061], "low_energy": [0.7588235294117647, 0.7764705882352941, 0.8117647058823529, 0.7941176470588235, 0.8529411764705882], "LICUV": [0.9, 0.8764705882352941, 0.8705882352941177, 0.8705882352941177, 0.8823529411764706], "NAMFIS": [0.9, 0.8764705882352941, 0.8705882352941177, 0.8705882352941177, 0.8705882352941177]}, "rmsd": {"best": 0.8346811040065121, "random": [1.4892065849030152, 1.3875570114529332, 1.153631404810431, 1.0839688843408941, 1.031076691918091], "low_energy": [1.7434206276237374, 1.453682882414813, 1.0418029464868768, 1.1309622733961677, 1.0237526618232762], "LICUV": [0.8560034700442235, 0.8222291402013812, 0.8562886662201515, 0.8502600757571757, 0.9209753702946117], "NAMFIS": [0.8346811040065121, 0.8258061919177069, 0.8186988386083216, 0.8225995100326985, 0.8225995100292144]}, "rmsd_stepwise": {"best": 0.37124591501020543, "random": [0.6463595017160867, 0.6589043745827363, 0.5926305685873302, 0.5857821556502039, 0.523063094362356], "low_energy": [0.6978959976453595, 0.6787098487745181, 0.6139074465594764, 0.6496605448458538, 0.527312832699349], "LICUV": [0.38858718455450886, 0.45237933067673347, 0.47570381294147596, 0.47570381294147596, 0.44291813079646586], "NAMFIS": [0.37124591501020543, 0.4596034096018512, 0.47570381294147596, 0.47570381294147596, 0.47570381294147596]}, "mae": {"best": 0.6038215034148271, "random": [0.9604803412100844, 0.9529467878210713, 0.8708877777501192, 0.86816824835296, 0.8621152195351321], "low_energy": [1.0119362992398875, 0.9592346551142222, 0.827073424900933, 0.8929328379257553, 0.8502947990458354], "LICUV": [0.6186701360870809, 0.625586671323804, 0.6520997024536167, 0.682911053811871, 0.7670815423423996], "NAMFIS": [0.6038215034148271, 0.6299194435344596, 0.6474152446990566, 0.6592121966140393, 0.659212196612629]}, "bundle-size": [1, 3, 5, 10, 30]}}