{"single": {"fulfil": {"best": 0.59375, "random": [0.30625, 0.4, 0.4125, 0.4, 0.353125], "low_energy": [0.28125, 0.3125, 0.34375, 0.34375, 0.375], "LICUV": [0.59375, 0.65625, 0.5625, 0.625, 0.5], "NAMFIS": [0.59375, 0.53125, 0.53125, 0.5625, 0.5625]}, "rmsd": {"best": 0.29343494125188163, "random": [0.733704253322606, 0.4992901562327236, 0.46408656689549216, 0.4202060599328953, 0.3963695556493233], "low_energy": [0.6978308501072232, 0.4321935420937619, 0.41483800587966035, 0.4382379101584793, 0.37026820624469187], "LICUV": [0.40017162378726306, 0.2753741517197099, 0.26122613595148586, 0.2534133157292273, 0.2788125443709153], "NAMFIS": [0.29343494125188163, 0.28447374474701664, 0.26363644949798937, 0.2608784273878719, 0.26087842733681266]}, "rmsd_stepwise": {"best": 0.12165525060596435, "random": [0.1851915475168536, 0.16096025382567075, 0.15763626543904227, 0.15094985794332866, 0.17475469142753353], "low_energy": [0.1721826791521145, 0.1681517172080024, 0.1598338981568053, 0.16825390040055538, 0.16212456630628186], "LICUV": [0.12165525060596435, 0.10898681112868659, 0.1215910152930717, 0.10807983160608643, 0.1298917818801482], "NAMFIS": [0.1482607500318274, 0.15293993919182788, 0.15293993919182788, 0.14345077552944777, 0.14345077552944777]}, "mae": {"best": 0.21932350248098365, "random": [0.5378979089409112, 0.35437349670290375, 0.3373500850584874, 0.3218963260713331, 0.3153077477280339], "low_energy": [0.5373891040682792, 0.33993493132453545, 0.32492763657140944, 0.3408571074944428, 0.2949917471172361], "LICUV": [0.28614608764648436, 0.21465744665608888, 0.20561097736355752, 0.19405399471318519, 0.21462103982549452], "NAMFIS": [0.21932350248098365, 0.21861900633682674, 0.2039792283631301, 0.20298900731079927, 0.2029890072735984]}, "bundle-size": [1, 3, 5, 10, 30]}}