{"cis": {"stat": {"0": "MAE", "1": "MSE", "2": "RMSD", "3": "pearsonr", "4": "kendalltau", "5": "chisq", "6": "percentage_fulfilled"}, "value": {"0": 0.637150930398918, "1": -0.022306094198120432, "2": 0.8292293320463376, "3": 0.30747074688751846, "4": 0.17015533926137985, "5": 8.792374586605606, "6": 0.8205128205128205}, "up": {"0": 0.8113659500797887, "1": 0.2393952822031471, "2": 1.0528503473993711, "3": 0.5618907705710803, "4": 0.3931151201575781, "5": 14.024091999141993, "6": 0.0}, "low": {"0": 0.4833880189354859, "1": 0.0, "2": 0.6041965038560035, "3": 0.0, "4": 0.0, "5": 4.839946690735162, "6": 0.0}, "most-populated-1": {"0": 0.5674069981697277, "1": 0.3445682970682777, "2": 0.7927074617888556, "3": NaN, "4": NaN, "5": NaN, "6": 0.6923076923076923}}, "trans": {"stat": {"0": "MAE", "1": "MSE", "2": "RMSD", "3": "pearsonr", "4": "kendalltau", "5": "chisq", "6": "percentage_fulfilled"}, "value": {"0": 0.8088326905712387, "1": -0.2876129958682713, "2": 1.089636404566778, "3": 0.2610965278097382, "4": 0.03988326848249027, "5": 15.199306042547805, "6": 0.8478260869565217}, "up": {"0": 1.0265673161272215, "1": 0.01432607518356309, "2": 1.301893531667339, "3": 0.5339294978260251, "4": 0.2881329916590184, "5": 20.97509913806382, "6": 0.0}, "low": {"0": 0.6062881587414002, "1": 0.0, "2": 0.8613114360256211, "3": 0.0, "4": 0.0, "5": 9.887345474938236, "6": 0.0}, "most-populated-1": {"0": 0.5211694746432095, "1": 0.1855508762857186, "2": 0.7887855004225903, "3": NaN, "4": NaN, "5": NaN, "6": 0.8260869565217391}}}