{"cis": {"stat": {"0": "MAE", "1": "MSE", "2": "RMSD", "3": "RMSD_step", "4": "pearsonr", "5": "kendalltau", "6": "chisq", "7": "percentage_fulfilled"}, "value": {"0": 0.4810521932999572, "1": 0.18846722310231512, "2": 0.6740203219326274, "3": 0.28661597643662146, "4": 0.2862059392923147, "5": 0.11343689284091989, "6": 6.333468600754877, "7": 0.717948717948718}, "up": {"0": 0.6362906622483226, "1": 0.3962321857662069, "2": 0.865839342859054, "3": 0.4668583626375729, "4": 0.5635713333169213, "5": 0.34993431598928226, "6": 10.235676245599041, "7": 0.0}, "low": {"0": 0.3398205535209387, "1": 0.0, "2": 0.48248589901992334, "3": 0.10116912490199383, "4": 0.0, "5": 0.0, "6": 3.204223142974977, "7": 0.0}, "most-populated-1": {"0": 0.5674069981697277, "1": 0.3445682970682777, "2": 0.7927074617888556, "3": 0.1143126909155227, "4": NaN, "5": NaN, "6": NaN, "7": 0.6923076923076923}}, "trans": {"stat": {"0": "MAE", "1": "MSE", "2": "RMSD", "3": "RMSD_step", "4": "pearsonr", "5": "kendalltau", "6": "chisq", "7": "percentage_fulfilled"}, "value": {"0": 0.45397842914282593, "1": 0.12200219144415461, "2": 0.765946874826301, "3": 0.1143126909155227, "4": 0.5870889600033159, "5": 0.49659887395699215, "6": 7.956968752862125, "7": 0.9130434782608695}, "up": {"0": 0.6428841309813553, "1": 0.3490061702715113, "2": 1.0411620654126177, "3": 0.16268133694835538, "4": 0.7577214411594557, "5": 0.6791725161533725, "6": 14.372783837559451, "7": 0.0}, "low": {"0": 0.29458979705053867, "1": 0.0, "2": 0.4483140005725343, "3": 0.05455352377731189, "4": 0.3953848230306045, "5": 0.284285044971342, "6": 2.706462739003236, "7": 0.0}, "most-populated-1": {"0": 0.5211694746432095, "1": 0.1855508762857186, "2": 0.7887855004225903, "3": 0.1143126909155227, "4": NaN, "5": NaN, "6": NaN, "7": 0.8260869565217391}}}