{"minimum_sasa": 7.801796493530283, "minimum_psa": 5.944098720550535}