{"trans": {"stat": {"0": "MAE", "1": "MSE", "2": "RMSD", "3": "pearsonr", "4": "kendalltau", "5": "chisq", "6": "percentage_fulfilled"}, "value": {"0": 0.6703512170835707, "1": 0.13317999552357107, "2": 1.1509150518244258, "3": 0.4377692990140784, "4": 0.3803501945525291, "5": 16.964870348744835, "6": 0.8478260869565217}, "up": {"0": 0.9629712290679081, "1": 0.5006808741829551, "2": 1.5833173248375554, "3": 0.6053007899926973, "4": 0.580649286089351, "5": 31.482696711774175, "6": 0.0}, "low": {"0": 0.42695805770080486, "1": 0.0, "2": 0.6427667205650542, "3": 0.24050613327820394, "4": 0.15407166786922727, "5": 5.912743433447914, "6": 0.0}, "most-populated-1": {"0": 0.6133234073804771, "1": 0.3734561567721158, "2": 1.180827200820233, "3": NaN, "4": NaN, "5": NaN, "6": 0.782608695652174}}}