{"trans": {"stat": {"0": "MAE", "1": "MSE", "2": "RMSD", "3": "RMSD_step", "4": "pearsonr", "5": "kendalltau", "6": "chisq", "7": "percentage_fulfilled"}, "value": {"0": 0.6703512170835707, "1": 0.13317999552357107, "2": 1.1509150518244258, "3": 0.13622232467231807, "4": 0.4377692990140784, "5": 0.3803501945525291, "6": 16.964870348744835, "7": 0.8478260869565217}, "up": {"0": 0.9597382808068723, "1": 0.4795251521772154, "2": 1.589829389825517, "3": 0.18102440977546355, "4": 0.6059015583620332, "5": 0.5821803101236045, "6": 31.223494788563844, "7": 0.0}, "low": {"0": 0.42611113588842264, "1": 0.0, "2": 0.6404019062951449, "3": 0.08132062148225914, "4": 0.24431242382000953, "5": 0.15607662405229114, "6": 5.887667130707842, "7": 0.0}, "most-populated-1": {"0": 0.6133234073804771, "1": 0.3734561567721158, "2": 1.180827200820233, "3": 0.13622232467231807, "4": NaN, "5": NaN, "6": NaN, "7": 0.782608695652174}}}