{"minimum_sasa": 8.095712623596189, "minimum_psa": 6.315718927383408}