{"cis": {"fulfil": {"best": 0.5, "random": [0.2692307692307693, 0.3192307692307692, 0.3230769230769231, 0.2846153846153846, 0.3115384615384615], "low_energy": [0.3076923076923077, 0.2692307692307692, 0.23076923076923078, 0.3076923076923077, 0.23076923076923078], "LICUV": [0.5, 0.5, 0.4230769230769231, 0.46153846153846156, 0.34615384615384615], "NAMFIS": [0.5, 0.38461538461538464, 0.38461538461538464, 0.38461538461538464, 0.38461538461538464]}, "rmsd": {"best": 0.3435563397628693, "random": [1.204302004380354, 0.700533953965501, 0.60693757930128, 0.6795160458044482, 0.5229947297609033], "low_energy": [1.358189036671876, 1.4084850363134134, 1.397279025654645, 1.4439833326573501, 0.7134022275814095], "LICUV": [0.5133265330413878, 0.39279722319925664, 0.36183084209145266, 0.4328510178779575, 0.3706225471841372], "NAMFIS": [0.5133265330413878, 0.4316613110374228, 0.4302780053361975, 0.4302780053361286, 0.43027800533619004]}, "rmsd_stepwise": {"best": 0.04163716904586381, "random": [0.2166069770052606, 0.20533954222590767, 0.19773915289029537, 0.21553782738204097, 0.19357534374597643], "low_energy": [0.19510598697591558, 0.19664004600362478, 0.23759613438968877, 0.23739370090794154, 0.27424897447392577], "LICUV": [0.04163716904586381, 0.16319820417563985, 0.10183886216054183, 0.13720422734012247, 0.16797435701732752], "NAMFIS": [0.04163716904586381, 0.16392129912763714, 0.16392129912763714, 0.16392129912763714, 0.16392129912763714]}, "mae": {"best": 0.26173604084895213, "random": [0.6684263893824356, 0.43430107591041667, 0.3894795052058285, 0.4219845154390325, 0.36720267355658154], "low_energy": [0.6204330543371347, 0.7120422928327497, 0.6850200311707885, 0.6847867893618442, 0.42802167434488403], "LICUV": [0.37524432365710897, 0.2999951288502103, 0.25680219922911995, 0.29062977801621065, 0.3028581618719856], "NAMFIS": [0.37524432365710897, 0.3124237233546698, 0.31334064039964626, 0.3133406403995248, 0.3133406403993284]}, "bundle-size": [1, 3, 5, 10, 30]}, "trans": {"fulfil": {"best": 0.5238095238095238, "random": [0.34285714285714286, 0.4333333333333333, 0.46190476190476193, 0.45714285714285713, 0.4476190476190475], "low_energy": [0.3333333333333333, 0.42857142857142855, 0.42857142857142855, 0.38095238095238093, 0.38095238095238093], "LICUV": [0.5238095238095238, 0.47619047619047616, 0.47619047619047616, 0.5714285714285714, 0.42857142857142855], "NAMFIS": [0.3076923076923077, 0.3076923076923077, 0.2692307692307692, 0.2692307692307692, 0.2692307692307692]}, "rmsd": {"best": 0.2986331158177833, "random": [0.7555715042250751, 0.486851877831869, 0.39760679603517024, 0.34957608002775564, 0.3421953569283764], "low_energy": [0.4485304136274646, 0.472312037578916, 0.4492700329545448, 0.47664623722057864, 0.5131285089592107], "LICUV": [0.401572176855791, 0.30043058418049945, 0.322122953344425, 0.3136458023446492, 0.3327172789688171], "NAMFIS": [1.4568111656336644, 1.4757612640586686, 1.4571615766345667, 1.4421516917886876, 1.4421516905317604]}, "rmsd_stepwise": {"best": 0.04878280337128959, "random": [0.16728420182768322, 0.10774064096909741, 0.08848617907760845, 0.08758096395784995, 0.06795671596530731], "low_energy": [0.12072203412720285, 0.057040086155014116, 0.05997023071014962, 0.06188507012811659, 0.06188507012811659], "LICUV": [0.10939226054281297, 0.05367450401216933, 0.10905983504043835, 0.046992907266238934, 0.058360537874083906], "NAMFIS": [0.19663760106817346, 0.25476988108426846, 0.24745628984654114, 0.24760196035013687, 0.24760196035013687]}, "mae": {"best": 0.23280775615147176, "random": [0.4920749306451705, 0.3473097436447242, 0.2864488451556823, 0.2742870709713081, 0.267831400709975], "low_energy": [0.3337608832404725, 0.35515790547614273, 0.3309632196258401, 0.36117255709276724, 0.38850850849393936], "LICUV": [0.2719583102634974, 0.23571705362319118, 0.25017486784231446, 0.2399031397093396, 0.2535021276397004], "NAMFIS": [0.7567594876656163, 0.7097183480658136, 0.665750745617208, 0.662173018512938, 0.6621730180474356]}, "bundle-size": [1, 3, 5, 10, 30]}}