{"minimum_sasa": 7.88688085556031, "minimum_psa": 6.206772103309621}