{"single": {"stat": {"0": "MAE", "1": "MSE", "2": "RMSD", "3": "RMSD_step", "4": "pearsonr", "5": "kendalltau", "6": "chisq", "7": "percentage_fulfilled"}, "value": {"0": 0.6009898871581439, "1": 0.3270235890553468, "2": 0.872170785124032, "3": 0.1859771491339729, "4": 0.33501612168312683, "5": 0.07706434991063846, "6": 6.522663933796781, "7": 0.375}, "up": {"0": 0.8594241500280192, "1": 0.6586274444304454, "2": 1.145977718999242, "3": 0.25661295432403125, "4": 0.7668439517014225, "5": 0.4166779867831738, "6": 11.404859396539859, "7": 0.0}, "low": {"0": 0.36776250816313216, "1": 0.010038209030729281, "2": 0.5518882574239022, "3": 0.10368069931948047, "4": 0.0, "5": 0.0, "6": 2.553056991109475, "7": 0.0}, "most-populated-1": {"0": 0.6727693533897399, "1": 0.33503910938898707, "2": 0.9365747990975447, "3": 0.1859771491339729, "4": NaN, "5": NaN, "6": NaN, "7": 0.20833333333333334}}}