{"single": {"stat": {"0": "MAE", "1": "MSE", "2": "RMSD", "3": "pearsonr", "4": "kendalltau", "5": "chisq", "6": "percentage_fulfilled"}, "value": {"0": 0.6009898871581439, "1": 0.3270235890553468, "2": 0.872170785124032, "3": 0.33501612168312683, "4": 0.07706434991063846, "5": 6.522663933796781, "6": 0.375}, "up": {"0": 0.8707240083966475, "1": 0.660465038530303, "2": 1.1375464362401955, "3": 0.7634814526028852, "4": 0.4140721542300379, "5": 11.424109275601644, "6": 0.0}, "low": {"0": 0.365041815518128, "1": 0.015197768046166724, "2": 0.5527657943709763, "3": 0.0, "4": 0.0, "5": 2.6114290379945655, "6": 0.0}, "most-populated-1": {"0": 0.6727693533897399, "1": 0.33503910938898707, "2": 0.9365747990975447, "3": NaN, "4": NaN, "5": NaN, "6": 0.20833333333333334}}}