{"single": {"fulfil": {"best": 0.6818181818181818, "random": [0.4454545454545455, 0.5818181818181818, 0.740909090909091, 0.7181818181818181, 0.7954545454545453], "low_energy": [0.5454545454545454, 0.6363636363636364, 0.5909090909090909, 0.7272727272727273, 0.7727272727272727], "LICUV": [0.6818181818181818, 0.6363636363636364, 0.7272727272727273, 0.6818181818181818, 0.8636363636363636], "NAMFIS": [0.5454545454545454, 0.7272727272727273, 0.8181818181818182, 0.8181818181818182, 0.8181818181818182]}, "rmsd": {"best": 0.30653580546905546, "random": [0.5765104860936034, 0.37843801585828674, 0.2724641893370459, 0.2726892999295624, 0.23096017619258807], "low_energy": [0.4645683126871079, 0.3278094509733002, 0.3369758121901325, 0.29234599816377305, 0.25295081385631585], "LICUV": [0.3545484261433835, 0.3316494093608894, 0.2701501221758485, 0.2754549579919812, 0.2214871228881701], "NAMFIS": [0.4649174612191028, 0.24283468212072443, 0.1982437578917827, 0.18676843296380008, 0.18624745124106035]}, "rmsd_stepwise": {"best": 0.14389074137881647, "random": [0.358351965599495, 0.25598304377825776, 0.16196808219090947, 0.25370897309304946, 0.10735420833565792], "low_energy": [0.17520118305951743, 0.3009681348279551, 0.30860389439597746, 0.13360389215887386, 0.11222947271307367], "LICUV": [0.1962720746125828, 0.39297235618714027, 0.2897098862341742, 0.29457210878276857, 0.08314827937868809], "NAMFIS": [0.3934982961728158, 0.3059708839386222, 0.17042727054510542, 0.17042727054510542, 0.17042727054510542]}, "mae": {"best": 0.25323364734649645, "random": [0.4350895950143986, 0.2848070935133261, 0.2059246665935534, 0.19867233098882142, 0.1703779832292289], "low_energy": [0.3601357581398703, 0.2725007241703064, 0.27585031768173873, 0.22664597412902496, 0.2054270086165413], "LICUV": [0.29211492018266144, 0.24434290131780353, 0.18703061308937574, 0.21383084207247768, 0.16597388540353045], "NAMFIS": [0.3484476275877518, 0.1921972766583252, 0.14178682195940445, 0.13077899544850757, 0.12943060380053453]}, "bundle-size": [1, 3, 5, 10, 30]}}