{"single": {"fulfil": {"best": 0.7272727272727273, "random": [0.47272727272727266, 0.509090909090909, 0.5045454545454545, 0.5272727272727271, 0.559090909090909], "low_energy": [0.5, 0.5, 0.5, 0.5909090909090909, 0.5454545454545454], "LICUV": [0.7272727272727273, 0.7272727272727273, 0.7272727272727273, 0.7272727272727273, 0.6818181818181818], "NAMFIS": [0.6363636363636364, 0.5, 0.5, 0.5, 0.5]}, "rmsd": {"best": 1.35291087886425, "random": [2.1896325049321126, 2.0200718703465714, 1.9646658936541168, 1.871424628635075, 1.734263539800347], "low_energy": [1.9461457950163312, 1.611849145051805, 1.68731888260029, 1.603228780012507, 1.6168532805748685], "LICUV": [1.8860062363116468, 1.7549812389723527, 1.8239973515320924, 1.6114209726147015, 1.480680922677176], "NAMFIS": [1.8739441330106275, 1.6219311306267907, 1.59240442903307, 1.592404430038265, 1.5924044328193947]}, "mae": {"best": 1.041781063513322, "random": [1.5622007356340233, 1.4446348901705317, 1.4233460863801073, 1.3854020045992965, 1.270211612304634], "low_energy": [1.4465743602405892, 1.1940709703373458, 1.2221069119404733, 1.1637004013921883, 1.2096753593654002], "LICUV": [1.316807997443459, 1.2016655804272942, 1.244809101246885, 1.1261724433940217, 1.0583643896722068], "NAMFIS": [1.236374352195046, 1.2183784360933827, 1.2219787505129518, 1.221978751207403, 1.2219787532845332]}, "bundle-size": [1, 3, 5, 10, 30]}}