{"single": {"fulfil": {"best": 0.6169154228855721, "random": [0.4815920398009951, 0.5388059701492537, 0.5681592039800994, 0.5980099502487563, 0.6328358208955224], "low_energy": [0.5572139303482587, 0.5870646766169154, 0.5472636815920398, 0.5472636815920398, 0.6119402985074627], "LICUV": [0.6169154228855721, 0.6865671641791045, 0.6616915422885572, 0.6716417910447762, 0.6915422885572139], "NAMFIS": [0.5472636815920398, 0.4975124378109453, 0.4925373134328358, 0.4427860696517413, 0.42786069651741293]}, "rmsd": {"best": 2.535095589429689, "random": [3.22454271149711, 2.7422506906230026, 2.4115091738716505, 2.2090824331541983, 1.9353480415100068], "low_energy": [3.252867468523793, 2.7236787908140663, 2.6252556039657042, 2.272217799415172, 1.9491900429533726], "LICUV": [2.535095589429689, 2.1111656151349516, 1.955877096864041, 1.7029963729609339, 1.581834619178617], "NAMFIS": [2.751330785850109, 2.643393172742849, 2.6702900789613673, 2.6665171016846902, 2.685608159220247]}, "mae": {"best": 1.8451699226056753, "random": [2.353861532875554, 1.994839703163499, 1.7886436913052193, 1.6265515827953465, 1.4534824350425046], "low_energy": [2.2951123441629737, 1.9218784391080044, 1.889626043189689, 1.6855159020177595, 1.4755889706245626], "LICUV": [1.8451699226056753, 1.4752784174334403, 1.3673020095845032, 1.2308040098014916, 1.1593534718354133], "NAMFIS": [1.9466537770940298, 1.9939192860781407, 2.0709246592684036, 2.0968238717815595, 2.1150462254879794]}, "bundle-size": [1, 3, 5, 10, 30]}}