{"single": {"fulfil": {"best": 0.7446808510638298, "random": [0.6212765957446809, 0.6617021276595745, 0.648936170212766, 0.6893617021276596, 0.6829787234042554], "low_energy": [0.6382978723404256, 0.6808510638297872, 0.723404255319149, 0.7659574468085106, 0.7446808510638298], "LICUV": [0.7446808510638298, 0.7659574468085106, 0.7659574468085106, 0.7659574468085106, 0.7659574468085106], "NAMFIS": [0.6808510638297872, 0.7021276595744681, 0.723404255319149, 0.723404255319149, 0.723404255319149]}, "rmsd": {"best": 1.4155420668119678, "random": [1.7246251141303997, 1.6121083145626909, 1.5978416151885457, 1.5417400317458996, 1.508312543871981], "low_energy": [1.6502506211950403, 1.5833521394033638, 1.5872051075803826, 1.5926396114691799, 1.5101773533775429], "LICUV": [1.5824749082635177, 1.5472236868595792, 1.5088826152112587, 1.4866279435777034, 1.4681572440573305], "NAMFIS": [1.4410737103757425, 1.3747520773321973, 1.372830119389607, 1.3728301193901666, 1.372830119391654]}, "mae": {"best": 1.161101554302459, "random": [1.398627715415143, 1.3616493586263139, 1.3573073357170697, 1.3207360972982543, 1.2806746000547358], "low_energy": [1.3448840607988073, 1.3478844883820995, 1.3647271771321317, 1.3767486451735376, 1.2927279829109803], "LICUV": [1.2727608731452456, 1.2482672144056723, 1.2025107254047414, 1.2277887778337409, 1.256920047242359], "NAMFIS": [1.1730859127450497, 1.1480808800534488, 1.1440885001164343, 1.1440885001174455, 1.144088500118535]}, "bundle-size": [1, 3, 5, 10, 30]}}