{"minimum_sasa": 8.738093023300152, "minimum_psa": 6.770660023689268}