{"single": {"stat": {"0": "MAE", "1": "MSE", "2": "RMSD", "3": "RMSD_step", "4": "pearsonr", "5": "kendalltau", "6": "chisq", "7": "percentage_fulfilled"}, "value": {"0": 0.46498349533320604, "1": 0.2729835118203156, "2": 0.7592054915922472, "3": 0.29238673020504885, "4": 0.5803904260882461, "5": 0.5103160580222112, "6": 8.135736145180163, "7": 0.6}, "up": {"0": 0.6684337274637736, "1": 0.5098447363052483, "2": 1.0535953827204212, "3": 0.42703688363727355, "4": 0.8275171774540813, "5": 0.6955983719348149, "6": 15.870285880660576, "7": 0.0}, "low": {"0": 0.29672634608703874, "1": 0.06725557948107733, "2": 0.4363618528728536, "3": 0.15196031510346183, "4": 0.2883630983694824, "5": 0.2913617234281843, "6": 2.415701772422811, "7": 0.0}}}