{"single": {"stat": {"0": "MAE", "1": "MSE", "2": "RMSD", "3": "RMSD_step", "4": "pearsonr", "5": "kendalltau", "6": "chisq", "7": "percentage_fulfilled"}, "value": {"0": 0.46498349533320604, "1": 0.2729835118203156, "2": 0.7592054915922472, "3": 0.29238673020504885, "4": 0.5803904260882461, "5": 0.5103160580222112, "6": 8.135736145180163, "7": 0.6}, "up": {"0": 0.6689687287311011, "1": 0.5080226417361562, "2": 1.0491477883991882, "3": 0.42710303079955475, "4": 0.8293235213567304, "5": 0.6921718051719652, "6": 15.879921174349278, "7": 0.0}, "low": {"0": 0.295129476751412, "1": 0.06435695107640216, "2": 0.4312445803372104, "3": 0.1507545600112841, "4": 0.2873079281813423, "5": 0.2910109734035934, "6": 2.4033534708006163, "7": 0.0}}}