{"single": {"fulfil": {"best": 0.3, "random": [0.13999999999999999, 0.15, 0.14999999999999997, 0.185, 0.175], "low_energy": [0.1, 0.05, 0.1, 0.1, 0.2], "LICUV": [0.3, 0.25, 0.3, 0.3, 0.25], "NAMFIS": [0.25, 0.25, 0.25, 0.25, 0.25]}, "rmsd": {"best": 0.9185433703561465, "random": [1.2181733126240004, 1.1807771554660353, 1.1802674750665296, 1.1611141525970183, 1.1545843768193296], "low_energy": [1.0900520575155335, 1.1617238033760964, 1.2092525583081974, 1.2518276764489646, 1.1614300766844199], "LICUV": [1.2101457809936471, 1.2237637594251163, 1.0252829951565807, 1.0871527025455126, 1.1122849849929841], "NAMFIS": [0.9845130119448549, 0.9887313075737979, 0.988731307573804, 0.988731307573819, 0.9887313075738506]}, "mae": {"best": 0.748938820838928, "random": [0.9551757591724392, 0.933744261518876, 0.948224303130831, 0.915742878115371, 0.9240995739757821], "low_energy": [0.9164998869895932, 0.9789821625891124, 0.9956152482979409, 1.0178770101966292, 0.9438450127962131], "LICUV": [0.8873941516876217, 0.9042511284430736, 0.8186726410290444, 0.8606573180001499, 0.8660406573311772], "NAMFIS": [0.7604155282974243, 0.7734575805351744, 0.7734575805351832, 0.7734575805352046, 0.773457580535253]}, "bundle-size": [1, 3, 5, 10, 30]}}