{"single": {"stat": {"0": "MAE", "1": "MSE", "2": "RMSD", "3": "RMSD_step", "4": "pearsonr", "5": "kendalltau", "6": "chisq", "7": "percentage_fulfilled"}, "value": {"0": 0.197839171190944, "1": -0.016831586185845213, "2": 0.27635386195731415, "3": 0.22793677284236766, "4": 0.802930160101658, "5": 0.6881272440380861, "6": 0.6616840507605274, "7": 0.8620689655172413}, "up": {"0": 0.2735609595670009, "1": 0.08398447265874352, "2": 0.3702607071568702, "3": 0.3705680634582161, "4": 0.9115004616699826, "5": 0.8153105234963909, "6": 1.1594017188961898, "7": 0.0}, "low": {"0": 0.13338078170332562, "1": 0.0, "2": 0.17409080272257133, "3": 0.05942250821665657, "4": 0.7109114386641797, "5": 0.5348865990593581, "6": 0.28755305748591126, "7": 0.0}}}