{"single": {"stat": {"0": "MAE", "1": "MSE", "2": "RMSD", "3": "RMSD_step", "4": "pearsonr", "5": "kendalltau", "6": "chisq", "7": "percentage_fulfilled"}, "value": {"0": 0.36376970383444723, "1": -0.17542396488557688, "2": 0.5281847717871578, "3": 0.43588198339490464, "4": 0.7043395970492565, "5": 0.47901380586659337, "6": 2.563574789531351, "7": 0.5862068965517241}, "up": {"0": 0.5091170257581776, "1": 0.005886489843328617, "2": 0.6737059271277642, "3": 0.5806007585976664, "4": 0.8613413506158507, "5": 0.6793918154822681, "6": 4.031923313494699, "7": 0.0}, "low": {"0": 0.23389792616927152, "1": 0.0, "2": 0.3625481887665798, "3": 0.2658812607506606, "4": 0.4829525742608806, "5": 0.26496836785952804, "6": 1.2551674568362934, "7": 0.0}}}