{"single": {"stat": {"0": "MAE", "1": "MSE", "2": "RMSD", "3": "RMSD_step", "4": "pearsonr", "5": "kendalltau", "6": "chisq", "7": "percentage_fulfilled"}, "value": {"0": 0.36376970383444723, "1": -0.17542396488557688, "2": 0.5281847717871578, "3": 0.43588198339490464, "4": 0.7043395970492565, "5": 0.47901380586659337, "6": 2.563574789531351, "7": 0.5862068965517241}, "up": {"0": 0.5097340686387538, "1": 0.0067995568580791615, "2": 0.668692807277438, "3": 0.5764071986150395, "4": 0.8580143924034223, "5": 0.6742724830570818, "6": 4.029061148875998, "7": 0.0}, "low": {"0": 0.23111161322694876, "1": 0.0, "2": 0.3656759550667858, "3": 0.26049621080734103, "4": 0.47960431432885703, "5": 0.2704081632653061, "6": 1.2691978091362826, "7": 0.0}}}