{"minimum_sasa": 8.650768666267371, "minimum_psa": 7.35388280868531}