{"single": {"fulfil": {"best": 0.9, "random": [0.768235294117647, 0.7952941176470588, 0.7947058823529412, 0.8211764705882352, 0.8605882352941177], "low_energy": [0.7588235294117647, 0.7764705882352941, 0.8117647058823529, 0.7941176470588235, 0.8529411764705882], "LICUV": [0.9, 0.8764705882352941, 0.8705882352941177, 0.8705882352941177, 0.8823529411764706], "NAMFIS": [0.9, 0.8764705882352941, 0.8705882352941177, 0.8705882352941177, 0.8705882352941177]}, "rmsd": {"best": 0.8346811040065121, "random": [1.6741989062304143, 1.339733904458246, 1.241538096129472, 1.0981206593050765, 1.0401112386766562], "low_energy": [1.7434206276237374, 1.453682882414813, 1.0418029464868768, 1.1309622733961677, 1.0237526618232762], "LICUV": [0.8560034700442235, 0.8222291402013812, 0.8562886662201515, 0.8502600757571757, 0.9209753702946117], "NAMFIS": [0.8346811040065121, 0.8257926185724426, 0.8187028795134362, 0.822599662370397, 0.822599662336285]}, "mae": {"best": 0.6038215034148271, "random": [1.0412950330622055, 0.9334970008591903, 0.9181560838963607, 0.8800766080488789, 0.8626583369753338], "low_energy": [1.0119362992398875, 0.9592346551142222, 0.827073424900933, 0.8929328379257553, 0.8502947990458354], "LICUV": [0.6186701360870809, 0.625586671323804, 0.6520997024536167, 0.682911053811871, 0.7670815423423996], "NAMFIS": [0.6038215034148271, 0.6299049460826522, 0.6474178402032091, 0.6592060889256665, 0.6592060889101814]}, "bundle-size": [1, 3, 5, 10, 30]}}