{"single": {"fulfil": {"best": 0.9, "random": [0.7858823529411765, 0.7947058823529412, 0.7964705882352942, 0.8264705882352941, 0.8676470588235295], "low_energy": [0.7588235294117647, 0.7764705882352941, 0.8117647058823529, 0.7941176470588235, 0.8529411764705882], "LICUV": [0.9, 0.8764705882352941, 0.8705882352941177, 0.8705882352941177, 0.8823529411764706], "NAMFIS": [0.9, 0.8764705882352941, 0.8705882352941177, 0.8705882352941177, 0.8705882352941177]}, "rmsd": {"best": 0.8346811040065121, "random": [1.6079740025176388, 1.235475376007567, 1.2053113467124186, 1.126114289354768, 1.0171854188507914], "low_energy": [1.7434206276237374, 1.453682882414813, 1.0418029464868768, 1.1309622733961677, 1.0237526618232762], "LICUV": [0.8560034700442235, 0.8222291402013812, 0.8562886662201515, 0.8502600757571757, 0.9209753702946117], "NAMFIS": [0.8346811040065121, 0.825794825176575, 0.8187020263351571, 0.8226007707953472, 0.8226007707857106]}, "mae": {"best": 0.6038215034148271, "random": [1.0003831772944505, 0.8923932276774498, 0.8964387356608803, 0.8889351509100564, 0.861037582481055], "low_energy": [1.0119362992398875, 0.9592346551142222, 0.827073424900933, 0.8929328379257553, 0.8502947990458354], "LICUV": [0.6186701360870809, 0.625586671323804, 0.6520997024536167, 0.682911053811871, 0.7670815423423996], "NAMFIS": [0.6038215034148271, 0.6299073017825146, 0.6474173124444123, 0.659209075955942, 0.6592090759551843]}, "bundle-size": [1, 3, 5, 10, 30]}}