{"single": {"fulfil": {"best": 0.7, "random": [0.5852941176470589, 0.6452941176470588, 0.671764705882353, 0.7088235294117646, 0.7388235294117648], "low_energy": [0.611764705882353, 0.6529411764705882, 0.6647058823529411, 0.6352941176470588, 0.7294117647058823], "LICUV": [0.7, 0.7764705882352941, 0.8, 0.8176470588235294, 0.8058823529411765], "NAMFIS": [0.611764705882353, 0.6588235294117647, 0.7176470588235294, 0.7411764705882353, 0.7470588235294118]}, "rmsd": {"best": 1.78390937684536, "random": [2.3347362585274127, 1.9297114102850284, 1.7594419360018168, 1.55290644775668, 1.3558299762192427], "low_energy": [2.3516397597011665, 2.1156739471352006, 2.0836985497407605, 1.7503252558457618, 1.4969159806021546], "LICUV": [2.1369007985188926, 1.4606250725659773, 1.2711624915030415, 1.168742138481017, 1.1276706799463279], "NAMFIS": [2.164160225714276, 1.6325468874417761, 1.4226020718827312, 1.3599540017769167, 1.332125583462904]}, "mae": {"best": 1.2134852935286127, "random": [1.643363038091098, 1.3681865763286138, 1.2495198810205186, 1.1167169641261336, 0.9976593205679517], "low_energy": [1.628273574043722, 1.4485293675500306, 1.486471914418153, 1.2950385400769535, 1.098039964548994], "LICUV": [1.4137862023185277, 1.0463601544502983, 0.9166420625078966, 0.8723077563338073, 0.8152033576606731], "NAMFIS": [1.5534785789601937, 1.19130453745772, 1.0469250047131853, 1.0089761496607697, 0.9935709742595323]}, "bundle-size": [1, 3, 5, 10, 30]}}