{"single": {"fulfil": {"best": 0.9, "random": [0.7770588235294118, 0.8047058823529412, 0.8005882352941176, 0.8311764705882352, 0.855294117647059], "low_energy": [0.7588235294117647, 0.7764705882352941, 0.8117647058823529, 0.7941176470588235, 0.8529411764705882], "LICUV": [0.9, 0.8764705882352941, 0.8705882352941177, 0.8705882352941177, 0.8823529411764706], "NAMFIS": [0.9, 0.8764705882352941, 0.8705882352941177, 0.8705882352941177, 0.8705882352941177]}, "rmsd": {"best": 0.8346811040065121, "random": [1.5435674610974839, 1.2957657288321487, 1.2176695469587286, 1.1033593725912776, 1.0237065168692456], "low_energy": [1.7434206276237374, 1.453682882414813, 1.0418029464868768, 1.1309622733961677, 1.0237526618232762], "LICUV": [0.8560034700442235, 0.8222291402013812, 0.8562886662201515, 0.8502600757571757, 0.9209753702946117], "NAMFIS": [0.8346811040065121, 0.8257970854054051, 0.8187013245182825, 0.822598518401254, 0.8225985185145829]}, "rmsd_stepwise": {"best": 0.37124591501020543, "random": [0.667202075026084, 0.6251537852824647, 0.635085630783802, 0.5748794291166567, 0.5197222986106814], "low_energy": [0.6978959976453595, 0.6787098487745181, 0.6139074465594764, 0.6496605448458538, 0.527312832699349], "LICUV": [0.38858718455450886, 0.45237933067673347, 0.47570381294147596, 0.47570381294147596, 0.44291813079646586], "NAMFIS": [0.37124591501020543, 0.4596034096018512, 0.47570381294147596, 0.47570381294147596, 0.47570381294147596]}, "mae": {"best": 0.6038215034148271, "random": [0.9719869929902691, 0.9002713941332272, 0.9015024378503169, 0.8652084974750205, 0.8633135312350119], "low_energy": [1.0119362992398875, 0.9592346551142222, 0.827073424900933, 0.8929328379257553, 0.8502947990458354], "LICUV": [0.6186701360870809, 0.625586671323804, 0.6520997024536167, 0.682911053811871, 0.7670815423423996], "NAMFIS": [0.6038215034148271, 0.6299096529715351, 0.6474172839706579, 0.6592060950910756, 0.6592060952358051]}, "bundle-size": [1, 3, 5, 10, 30]}}