{"minimum_sasa": 9.684795379638672, "minimum_psa": 8.556687355041504}