{"single": {"stat": {"0": "MAE", "1": "MSE", "2": "RMSD", "3": "pearsonr", "4": "kendalltau", "5": "chisq", "6": "percentage_fulfilled"}, "value": {"0": 0.40573430522059384, "1": -0.04620314436254979, "2": 0.5592577541120208, "3": 0.37219830593130926, "4": 0.21548943696248515, "5": 2.397134865815163, "6": 0.36}, "up": {"0": 0.5644254502684002, "1": 0.16285254107045852, "2": 0.7356091690540938, "3": 0.7096959234656155, "4": 0.5614191976869252, "5": 4.009039413640928, "6": 0.0}, "low": {"0": 0.26685422210623505, "1": 0.0, "2": 0.3677043341696695, "3": 0.0, "4": 0.0, "5": 1.1036147635220093, "6": 0.0}, "most-populated-1": {"0": 0.47429355697631836, "1": 0.10190600280761697, "2": 0.71066140217055, "3": NaN, "4": NaN, "5": NaN, "6": 0.4}}}