{"single": {"stat": {"0": "MAE", "1": "MSE", "2": "RMSD", "3": "RMSD_step", "4": "pearsonr", "5": "kendalltau", "6": "chisq", "7": "percentage_fulfilled"}, "value": {"0": 0.40573430522059384, "1": -0.04620314436254979, "2": 0.5592577541120208, "3": 0.20636860226303802, "4": 0.37219830593130926, "5": 0.21548943696248515, "6": 2.397134865815163, "7": 0.36}, "up": {"0": 0.5656184132749177, "1": 0.164685161730706, "2": 0.7381100416110076, "3": 0.26458344615209395, "4": 0.7049656355443886, "5": 0.5625162689976035, "6": 4.015181967254494, "7": 0.0}, "low": {"0": 0.2620948101390423, "1": 0.0, "2": 0.3702189584064562, "3": 0.13962628647539896, "4": 0.0, "5": 0.0, "6": 1.1211575580560185, "7": 0.0}, "most-populated-1": {"0": 0.47429355697631836, "1": 0.10190600280761697, "2": 0.71066140217055, "3": 0.20636860226303802, "4": NaN, "5": NaN, "6": NaN, "7": 0.4}}}