{"trans": {"stat": {"0": "MAE", "1": "MSE", "2": "RMSD", "3": "RMSD_step", "4": "pearsonr", "5": "kendalltau", "6": "chisq", "7": "percentage_fulfilled"}, "value": {"0": 0.4108895278835223, "1": 0.12236416570143026, "2": 0.62598796165135, "3": 0.10606110660055043, "4": 0.4455173053480915, "5": 0.3593472342771107, "6": 3.4280661134863992, "7": 0.4583333333333333}, "up": {"0": 0.6143136106363434, "1": 0.37959166545375894, "2": 0.8602798561857457, "3": 0.17068375015372939, "4": 0.7896443383274429, "5": 0.6666666962216602, "6": 6.7175436067486975, "7": 0.0}, "low": {"0": 0.2378087143678673, "1": 0.0, "2": 0.34520926309001865, "3": 0.037235176021248165, "4": 0.0, "5": 0.03094486346819551, "6": 0.9167680643475317, "7": 0.0}}}