{"minimum_sasa": 7.780493474006663, "minimum_psa": 5.703668274879465}