{"trans": {"stat": {"0": "MAE", "1": "MSE", "2": "RMSD", "3": "RMSD_step", "4": "pearsonr", "5": "kendalltau", "6": "chisq", "7": "percentage_fulfilled"}, "value": {"0": 0.4108895278835223, "1": 0.12236416570143026, "2": 0.62598796165135, "3": 0.10606110660055043, "4": 0.4455173053480915, "5": 0.3593472342771107, "6": 3.4280661134863992, "7": 0.4583333333333333}, "up": {"0": 0.6140271642630288, "1": 0.3829739286937049, "2": 0.8588359964787192, "3": 0.17045970313805653, "4": 0.7826700227751936, "5": 0.665399331466758, "6": 6.676127595238016, "7": 0.0}, "low": {"0": 0.23425430040507053, "1": 0.0, "2": 0.34962940222454375, "3": 0.037790196529016606, "4": 0.0, "5": 0.02671648561829168, "6": 0.9531347624127154, "7": 0.0}}}