{"single": {"fulfil": {"best": 0.5517241379310345, "random": [0.3689655172413793, 0.5379310344827586, 0.5827586206896551, 0.5931034482758621, 0.6482758620689655], "low_energy": [0.3103448275862069, 0.5517241379310345, 0.4482758620689655, 0.6206896551724138, 0.6896551724137931], "LICUV": [0.5517241379310345, 0.6896551724137931, 0.5862068965517241, 0.5517241379310345, 0.6551724137931034], "NAMFIS": [0.27586206896551724, 0.5172413793103449, 0.7586206896551724, 0.7586206896551724, 0.7586206896551724]}, "rmsd": {"best": 0.38786485610639876, "random": [0.7022598280933712, 0.4843156980128532, 0.4335035128187549, 0.30180973659105276, 0.24967106144383372], "low_energy": [0.8348897002633568, 0.40392078118627045, 0.3945116932205959, 0.24139805543734033, 0.22308056320487551], "LICUV": [0.5943762757458132, 0.38058454080751797, 0.34726981362737913, 0.361373348210509, 0.27774447557860504], "NAMFIS": [0.5333773183324741, 0.2841954111419813, 0.22281123523102714, 0.21862207775722642, 0.2186220777484971]}, "rmsd_stepwise": {"best": 0.21288656522940194, "random": [0.43521660111333843, 0.3375773963247798, 0.32326303259823996, 0.27641427721687506, 0.27568036399939383], "low_energy": [0.4910860588953624, 0.2682767485137381, 0.39309996973657546, 0.08021522772280014, 0.2246683379316399], "LICUV": [0.31781582174543194, 0.2830011575460669, 0.3911874054809237, 0.3901723756990245, 0.2932928394202158], "NAMFIS": [0.5145336019991376, 0.44203292122677457, 0.26158667054514945, 0.26158667054514945, 0.26158667054514945]}, "mae": {"best": 0.3154343085453427, "random": [0.5036359350763517, 0.3143006887970667, 0.2738682073933366, 0.212372548302944, 0.1788866564252011], "low_energy": [0.5392396575006944, 0.2852041927100853, 0.2681706722712923, 0.17433809372942755, 0.16463416551595955], "LICUV": [0.4090410686361377, 0.21790225788248035, 0.21615200290010636, 0.2196159068389638, 0.18053250202647958], "NAMFIS": [0.4020107098283438, 0.19897330019406212, 0.14013096892487195, 0.13413657964472023, 0.134136579639755]}, "bundle-size": [1, 3, 5, 10, 30]}}