{"single": {"stat": {"0": "MAE", "1": "MSE", "2": "RMSD", "3": "pearsonr", "4": "kendalltau", "5": "chisq", "6": "percentage_fulfilled"}, "value": {"0": 0.26526811285804824, "1": -0.10959966165979945, "2": 0.3615751620995413, "3": 0.884074936392299, "4": 0.6833333333333333, "5": 0.5983986911373835, "6": 1.0}, "up": {"0": 0.38811238907570245, "1": 0.05694931786097543, "2": 0.4735315617683727, "3": 0.9642502575660608, "4": 0.8476190476190477, "5": 1.0013564142719613, "6": 0.0}, "low": {"0": 0.15242888457434234, "1": 0.0, "2": 0.22377828080663337, "3": 0.7626567459828709, "4": 0.48672566371681414, "5": 0.23901254990501206, "6": 0.0}, "most-populated-1": {"0": 0.4837068623304368, "1": 0.09424702584743488, "2": 0.62188285097231, "3": NaN, "4": NaN, "5": NaN, "6": 0.75}}}