{"single": {"stat": {"0": "MAE", "1": "MSE", "2": "RMSD", "3": "RMSD_step", "4": "pearsonr", "5": "kendalltau", "6": "chisq", "7": "percentage_fulfilled"}, "value": {"0": 0.26526811285804824, "1": -0.10959966165979945, "2": 0.3615751620995413, "3": 0.0, "4": 0.884074936392299, "5": 0.6833333333333333, "6": 0.5983986911373835, "7": 1.0}, "up": {"0": 0.39035577828555457, "1": 0.05896506445783224, "2": 0.4729035164814384, "3": 0.0, "4": 0.9670661679040318, "5": 0.8545454545454545, "6": 1.0059351603310072, "7": 0.0}, "low": {"0": 0.14882148757761288, "1": 0.0, "2": 0.22217078549491892, "3": 0.0, "4": 0.7650863062591958, "5": 0.47747747747747754, "6": 0.24595788898482676, "7": 0.0}, "most-populated-1": {"0": 0.4837068623304368, "1": 0.09424702584743488, "2": 0.62188285097231, "3": 0.0, "4": NaN, "5": NaN, "6": NaN, "7": 0.75}}}