{"12": {"0": {"Atom 1": "(73,)", "Atom 2": "(56,)", "NMR exp": 2.38, "lower bound": 0, "upper bound": 0, "md": [2.7498184156754197]}, "1": {"Atom 1": "(73,)", "Atom 2": "(1,)", "NMR exp": 4.24, "lower bound": 0, "upper bound": 0, "md": [3.6096653062570634]}, "2": {"Atom 1": "(73,)", "Atom 2": "(54,)", "NMR exp": 3.31, "lower bound": 0, "upper bound": 0, "md": [2.618107878006413]}, "3": {"Atom 1": "(92,)", "Atom 2": "(75,)", "NMR exp": 2.17, "lower bound": 0, "upper bound": 0, "md": [2.379323082420337]}, "4": {"Atom 1": "(20,)", "Atom 2": "(54,)", "NMR exp": 3.74, "lower bound": 0, "upper bound": 0, "md": [4.328859412063607]}, "5": {"Atom 1": "(20,)", "Atom 2": "(3,)", "NMR exp": 2.4, "lower bound": 0, "upper bound": 0, "md": [2.293922137351703]}, "6": {"Atom 1": "(20,)", "Atom 2": "(24, 25)", "NMR exp": 2.71, "lower bound": 0, "upper bound": 0, "md": [2.675872997395396, 2.4785644856913307]}, "7": {"Atom 1": "(1,)", "Atom 2": "(54,)", "NMR exp": 4.19, "lower bound": 0, "upper bound": 0, "md": [3.9943327384218295]}, "8": {"Atom 1": "(1,)", "Atom 2": "(94,)", "NMR exp": 3.57, "lower bound": 0, "upper bound": 0, "md": [3.4703022424273966]}, "9": {"Atom 1": "(1,)", "Atom 2": "(75,)", "NMR exp": 4.04, "lower bound": 0, "upper bound": 0, "md": [4.029781036613592]}, "10": {"Atom 1": "(1,)", "Atom 2": "(96,)", "NMR exp": 3.65, "lower bound": 0, "upper bound": 0, "md": [2.9483256313356345]}, "11": {"Atom 1": "(28, 36)", "Atom 2": "(41, 42)", "NMR exp": 4.42, "lower bound": 0, "upper bound": 0, "md": [3.276151679851831, 4.397479873572977, 3.276269654370569, 4.393219546575792]}, "12": {"Atom 1": "(54,)", "Atom 2": "(44, 45)", "NMR exp": 3.42, "lower bound": 0, "upper bound": 0, "md": [4.66562847350539, 3.35214634183394]}, "13": {"Atom 1": "(54,)", "Atom 2": "(50,)", "NMR exp": 3.77, "lower bound": 0, "upper bound": 0, "md": [3.4324145550439082]}, "14": {"Atom 1": "(54,)", "Atom 2": "(41, 42)", "NMR exp": 3.05, "lower bound": 0, "upper bound": 0, "md": [4.108324263163447, 2.9487070655973646]}, "15": {"Atom 1": "(22,)", "Atom 2": "(41, 42)", "NMR exp": 2.23, "lower bound": 0, "upper bound": 0, "md": [2.3073466994266267, 2.33452833603869]}}}