{"single": {"stat": {"0": "MAE", "1": "MSE", "2": "RMSD", "3": "pearsonr", "4": "kendalltau", "5": "chisq", "6": "percentage_fulfilled"}, "value": {"0": 0.4163032831626371, "1": 0.1589546299389428, "2": 0.6247247539367264, "3": 0.31099949020363216, "4": 0.28223364798563255, "5": 4.616879235614723, "6": 0.3125}, "up": {"0": 0.5903452895514366, "1": 0.3823046582556177, "2": 0.8676093578385126, "3": 0.6257726756840314, "4": 0.508337046042723, "5": 8.902950826693646, "6": 0.0}, "low": {"0": 0.27152351885106346, "1": 0.0, "2": 0.36309459721937015, "3": 0.06196955147246402, "4": 0.035306353407523285, "5": 1.4631702659059482, "6": 0.0}, "most-populated-1": {"0": 0.403409847319126, "1": 0.20731710761785485, "2": 0.617317229086944, "3": NaN, "4": NaN, "5": NaN, "6": 0.5}}}