{"minimum_sasa": 8.263369894027715, "minimum_psa": 6.123677120208733}