{"single": {"stat": {"0": "MAE", "1": "MSE", "2": "RMSD", "3": "RMSD_step", "4": "pearsonr", "5": "kendalltau", "6": "chisq", "7": "percentage_fulfilled"}, "value": {"0": 0.4163032831626371, "1": 0.1589546299389428, "2": 0.6247247539367264, "3": 0.14473035272533538, "4": 0.31099949020363216, "5": 0.28223364798563255, "6": 4.616879235614723, "7": 0.3125}, "up": {"0": 0.5936419896351677, "1": 0.3800613108507687, "2": 0.8700180382427826, "3": 0.18197999449944352, "4": 0.6264109846714222, "5": 0.5052226411089275, "6": 8.8761376905038, "7": 0.0}, "low": {"0": 0.27287164207529296, "1": 0.0, "2": 0.36983345498224945, "3": 0.10682784008171259, "4": 0.057619042845338996, "5": 0.020940242882091314, "6": 1.5272958216113737, "7": 0.0}, "most-populated-1": {"0": 0.403409847319126, "1": 0.20731710761785485, "2": 0.617317229086944, "3": 0.14473035272533538, "4": NaN, "5": NaN, "6": NaN, "7": 0.5}}}