{"single": {"fulfil": {"best": 0.6627906976744186, "random": [0.5174418604651163, 0.6000000000000001, 0.6267441860465117, 0.6453488372093024, 0.6930232558139535], "low_energy": [0.5348837209302325, 0.5697674418604651, 0.6046511627906976, 0.6744186046511628, 0.6511627906976745], "LICUV": [0.6627906976744186, 0.7209302325581395, 0.8023255813953488, 0.8023255813953488, 0.8255813953488372], "NAMFIS": [0.5, 0.6627906976744186, 0.6744186046511628, 0.6744186046511628, 0.6744186046511628]}, "rmsd": {"best": 1.7671396460424722, "random": [2.399482775895797, 2.036046285578683, 1.7590785995172205, 1.7229491310335625, 1.4987239338136447], "low_energy": [2.8365463355132685, 1.9707337346746392, 1.9336830102742746, 1.814601068892354, 1.694357939690882], "LICUV": [2.659916368885419, 1.5309468959731567, 1.3121318963087207, 1.1203174691611537, 1.0648599516174975], "NAMFIS": [1.7821526234801373, 1.3023584770591299, 1.2565868945329066, 1.2509863374685506, 1.2509863361984543]}, "mae": {"best": 1.303213701691738, "random": [1.772518614281055, 1.4894888703100235, 1.3435201928756801, 1.3142445771518694, 1.16940715844913], "low_energy": [2.0119257888128583, 1.5526517012228094, 1.494114494586146, 1.3821108740031807, 1.3072998905755113], "LICUV": [1.6468481296716728, 1.1474345544414153, 0.9921291570909597, 0.8794981271387813, 0.8654159958210135], "NAMFIS": [1.4568573181019269, 1.0650986863464578, 1.0434649087996106, 1.0396475360778443, 1.0396475351131416]}, "bundle-size": [1, 3, 5, 10, 30]}}