{"single": {"fulfil": {"best": 0.8604651162790697, "random": [0.7348837209302326, 0.7709302325581395, 0.7837209302325581, 0.8290697674418605, 0.855813953488372], "low_energy": [0.7906976744186046, 0.7906976744186046, 0.8488372093023255, 0.8604651162790697, 0.8255813953488372], "LICUV": [0.8604651162790697, 0.8953488372093024, 0.8953488372093024, 0.9186046511627907, 0.9186046511627907], "NAMFIS": [0.8488372093023255, 0.8488372093023255, 0.8837209302325582, 0.8837209302325582, 0.8837209302325582]}, "rmsd": {"best": 0.946898436908316, "random": [2.159819153786449, 1.6964103145215426, 1.5063195837429895, 1.301666998509633, 1.1165218843147247], "low_energy": [2.3216647151413907, 2.2621898826699933, 1.679991801907327, 1.149062227879178, 1.2222669652615155], "LICUV": [0.9872381853042909, 0.8636442735764277, 0.9089572769183849, 0.9115706309886823, 0.9069183477189721], "NAMFIS": [1.0052660109439044, 0.9022047778475172, 0.895556981173377, 0.8818829124650873, 0.8818829127522186]}, "mae": {"best": 0.6722224146820778, "random": [1.2560003258461174, 1.100754521026567, 1.0568172965842781, 0.9641869343470196, 0.8986401950988748], "low_energy": [1.2684987977493638, 1.3301484061746154, 0.998197473274109, 0.9025818587449809, 0.9618925554745894], "LICUV": [0.7230292960654856, 0.6655867965264104, 0.7057171296197766, 0.7454342104780692, 0.7370883103778121], "NAMFIS": [0.6788883084474606, 0.6897124020357913, 0.6925327098539198, 0.6832911012923774, 0.6832911018390638]}, "bundle-size": [1, 3, 5, 10, 30]}}