{"single": {"fulfil": {"best": 0.8604651162790697, "random": [0.7209302325581396, 0.780232558139535, 0.7825581395348837, 0.8267441860465116, 0.8662790697674418], "low_energy": [0.7906976744186046, 0.7906976744186046, 0.8488372093023255, 0.8604651162790697, 0.8255813953488372], "LICUV": [0.8604651162790697, 0.8953488372093024, 0.8953488372093024, 0.9186046511627907, 0.9186046511627907], "NAMFIS": [0.8488372093023255, 0.8488372093023255, 0.8837209302325582, 0.8837209302325582, 0.8837209302325582]}, "rmsd": {"best": 0.946898436908316, "random": [2.0639606337362655, 1.5487576471700444, 1.5277012323432133, 1.2401360568377358, 1.0836693702260516], "low_energy": [2.3216647151413907, 2.2621898826699933, 1.679991801907327, 1.149062227879178, 1.2222669652615155], "LICUV": [0.9872381853042909, 0.8636442735764277, 0.9089572769183849, 0.9115706309886823, 0.9069183477189721], "NAMFIS": [1.0052660109439044, 0.9022045816380903, 0.8955568756572327, 0.8818825547535464, 0.8818825547595459]}, "mae": {"best": 0.6722224146820778, "random": [1.2331270022447716, 1.0415262948667963, 1.0568935753076756, 0.9425445564101775, 0.8774901447401255], "low_energy": [1.2684987977493638, 1.3301484061746154, 0.998197473274109, 0.9025818587449809, 0.9618925554745894], "LICUV": [0.7230292960654856, 0.6655867965264104, 0.7057171296197766, 0.7454342104780692, 0.7370883103778121], "NAMFIS": [0.6788883084474606, 0.6897122324362075, 0.6925323513196525, 0.6832907015480861, 0.6832907015816647]}, "bundle-size": [1, 3, 5, 10, 30]}}