{"single": {"fulfil": {"best": 0.8604651162790697, "random": [0.7290697674418604, 0.7860465116279068, 0.8034883720930232, 0.8406976744186047, 0.8406976744186047], "low_energy": [0.7906976744186046, 0.7906976744186046, 0.8488372093023255, 0.8604651162790697, 0.8255813953488372], "LICUV": [0.8604651162790697, 0.8953488372093024, 0.8953488372093024, 0.9186046511627907, 0.9186046511627907], "NAMFIS": [0.8488372093023255, 0.8488372093023255, 0.8837209302325582, 0.8837209302325582, 0.8837209302325582]}, "rmsd": {"best": 0.946898436908316, "random": [2.1464321849976895, 1.61730110249326, 1.5087350534520243, 1.2455966534882572, 1.1947473512369198], "low_energy": [2.3216647151413907, 2.2621898826699933, 1.679991801907327, 1.149062227879178, 1.2222669652615155], "LICUV": [0.9872381853042909, 0.8636442735764277, 0.9089572769183849, 0.9115706309886823, 0.9069183477189721], "NAMFIS": [1.0052660109439044, 0.9022046602476634, 0.8955567638345435, 0.8818820831473059, 0.881882083154924]}, "rmsd_stepwise": {"best": 0.5373275818646926, "random": [0.7540598306789752, 0.6916397249975844, 0.6738937913157446, 0.5999434368726277, 0.6071979515195736], "low_energy": [0.6889493180130868, 0.7062017631191231, 0.5915096963957839, 0.5657881927627753, 0.6207647196879846], "LICUV": [0.5541597452502427, 0.48043100804212463, 0.49379875384849387, 0.4293044672273924, 0.4293044672273924], "NAMFIS": [0.5820972507256201, 0.5915096963957839, 0.5230723192473394, 0.5230723192473394, 0.5230723192473394]}, "mae": {"best": 0.6722224146820778, "random": [1.242951749646386, 1.0605574396623296, 1.0357848525794224, 0.9319492511893992, 0.9372192138949632], "low_energy": [1.2684987977493638, 1.3301484061746154, 0.998197473274109, 0.9025818587449809, 0.9618925554745894], "LICUV": [0.7230292960654856, 0.6655867965264104, 0.7057171296197766, 0.7454342104780692, 0.7370883103778121], "NAMFIS": [0.6788883084474606, 0.6897123111620719, 0.6925320174887126, 0.6832901974196753, 0.6832901974327398]}, "bundle-size": [1, 3, 5, 10, 30]}}