{"minimum_sasa": 11.637491226196289, "minimum_psa": 10.238576889038086}