{"single": {"fulfil": {"best": 0.9148936170212766, "random": [0.7659574468085106, 0.6702127659574468, 0.6191489361702127, 0.5957446808510638, 0.5978723404255318], "low_energy": [0.7659574468085106, 0.7659574468085106, 0.6595744680851063, 0.6170212765957447, 0.574468085106383], "LICUV": [0.9148936170212766, 0.8085106382978723, 0.7446808510638298, 0.6808510638297872, 0.6382978723404256], "NAMFIS": [0.9148936170212766, 0.7446808510638298, 0.7659574468085106, 0.8085106382978723, 0.8085106382978723]}, "rmsd": {"best": 1.002015582439335, "random": [1.3280159045566742, 1.327891233464182, 1.401908956258586, 1.421101665904474, 1.4586017421835942], "low_energy": [1.573287414658553, 1.3675910267248093, 1.388056094114303, 1.459602758052164, 1.4398022417998007], "LICUV": [1.002015582439335, 1.2218262354812552, 1.2949125296729382, 1.3704332618691415, 1.4396634869758795], "NAMFIS": [1.002015582439335, 1.1284064643870237, 1.2096714896635323, 1.2280818704338239, 1.2280818704473873]}, "rmsd_stepwise": {"best": 0.46676797279326243, "random": [0.7679954820748944, 0.9158808680555129, 0.9866192942020708, 1.0157004884182137, 1.0144429081714272], "low_energy": [0.7740471149550345, 0.7740471149550345, 0.9335359455865251, 0.9901643964084414, 1.0437249168855074], "LICUV": [0.46676797279326243, 0.7001519591898937, 0.8084658442238579, 0.9038922925856512, 0.962266827241026], "NAMFIS": [0.46676797279326243, 0.8084658442238579, 0.7740471149550345, 0.7001519591898937, 0.7001519591898937]}, "mae": {"best": 0.8184992303239539, "random": [1.031021011890249, 1.1353015102076696, 1.2052385750963668, 1.263061097211924, 1.33573304743475], "low_energy": [1.109317310312961, 1.178507620832268, 1.1992768350677767, 1.2800684573555132, 1.3083199251395103], "LICUV": [0.8184992303239539, 1.044498114870973, 1.1494476671020821, 1.249926365550162, 1.3547911035905462], "NAMFIS": [0.8184992303239539, 0.9581308676222633, 1.0664419484166758, 1.087437870265295, 1.0874378702784677]}, "bundle-size": [1, 3, 5, 10, 30]}}