{"single": {"fulfil": {"best": 0.56, "random": [0.316, 0.4640000000000001, 0.4800000000000001, 0.4800000000000001, 0.4600000000000001], "low_energy": [0.4, 0.4, 0.44, 0.36, 0.44], "LICUV": [0.56, 0.52, 0.48, 0.56, 0.48], "NAMFIS": [0.32, 0.64, 0.64, 0.56, 0.56]}, "rmsd": {"best": 0.3482118235320407, "random": [0.7372940074271442, 0.4620157741748795, 0.4122669595875397, 0.3382330657946056, 0.35755664942630894], "low_energy": [0.7492279198748946, 0.3854239652923306, 0.39100298649485626, 0.26957649687300844, 0.29888600967248347], "LICUV": [0.3719057558183114, 0.36897006143489725, 0.2669658159161983, 0.27018462692663836, 0.3115345775486519], "NAMFIS": [0.3482118235320407, 0.1720873301964841, 0.1693666681046535, 0.17046263317952756, 0.17046263318875807]}, "rmsd_stepwise": {"best": 0.06962758074211685, "random": [0.11093641411555617, 0.10407832155422123, 0.1097394583091185, 0.09886827347635614, 0.11628824198592791], "low_energy": [0.09728309205612247, 0.09779570542718116, 0.09427618999514135, 0.12214745187681969, 0.11747340124470726], "LICUV": [0.06962758074211685, 0.07581556568409949, 0.08301807032206904, 0.07835815209663896, 0.11232096865679174], "NAMFIS": [0.14007141035914505, 0.06867313885355758, 0.10266450214168478, 0.1109414259868693, 0.1109414259868693]}, "mae": {"best": 0.2708427375793456, "random": [0.47429411922454817, 0.3165937466137578, 0.2705393044259709, 0.23744764870367754, 0.2465033067896622], "low_energy": [0.43748401489257804, 0.2812549322222189, 0.25247866242798783, 0.21826654043384155, 0.2249751610522855], "LICUV": [0.2766261016845703, 0.2681511987491506, 0.20648879234356385, 0.2080565378130543, 0.218480070520888], "NAMFIS": [0.2708427375793456, 0.14017789341473252, 0.13193200695066742, 0.12876969789761022, 0.1287696978850685]}, "bundle-size": [1, 3, 5, 10, 30]}}