{"cis": {"fulfil": {"best": 0.4782608695652174, "random": [0.2608695652173913, 0.2391304347826087, 0.29130434782608694, 0.2956521739130435, 0.2695652173913043], "low_energy": [0.30434782608695654, 0.34782608695652173, 0.43478260869565216, 0.4782608695652174, 0.34782608695652173], "LICUV": [0.4782608695652174, 0.30434782608695654, 0.4782608695652174, 0.391304347826087, 0.391304347826087], "NAMFIS": [0.4166666666666667, 0.5416666666666666, 0.5, 0.5, 0.5]}, "rmsd": {"best": 0.27578683483413713, "random": [0.5051634619820136, 0.35657421037890014, 0.3024263592038931, 0.29169013095104435, 0.279091160175206], "low_energy": [0.385883203410799, 0.2920043983826284, 0.2895275847767076, 0.28804659862534304, 0.27353865198178395], "LICUV": [0.3827745576572824, 0.302940908339286, 0.2818779332618886, 0.2828109645550105, 0.2646133349968546], "NAMFIS": [0.8886607558637457, 0.23536504084087753, 0.23995501992132892, 0.23770912309078931, 0.23770912309054706]}, "rmsd_stepwise": {"best": 0.05758736274414804, "random": [0.07726133926467169, 0.0764692661983576, 0.07422911090725838, 0.07366072493172401, 0.0746519377269935], "low_energy": [0.07763487562328852, 0.06505014787938944, 0.0647402838102065, 0.0638952947849227, 0.06891235769786329], "LICUV": [0.06284037749312345, 0.06827852167218564, 0.06386126266810903, 0.06802333359255101, 0.0685723990614553], "NAMFIS": [0.06454165321712792, 0.054838778858273866, 0.1149637624065369, 0.1149637624065369, 0.1149637624065369]}, "mae": {"best": 0.20267255161119546, "random": [0.3542165014847464, 0.27329321566883946, 0.22746834896230844, 0.22692095361030776, 0.2199750180652519], "low_energy": [0.2721033423879873, 0.2222232555866905, 0.20545825105066037, 0.19957789859974048, 0.1857660682549313], "LICUV": [0.23979317499243702, 0.21004993572888708, 0.18740664177260263, 0.1893042066782278, 0.17805057728701335], "NAMFIS": [0.5336246828238168, 0.18187942560829304, 0.1832157343346399, 0.18009918193956795, 0.1800991819393795]}, "bundle-size": [1, 3, 5, 10, 30]}, "trans": {"fulfil": {"best": 0.5833333333333334, "random": [0.4208333333333333, 0.4916666666666667, 0.4999999999999999, 0.5416666666666666, 0.575], "low_energy": [0.4583333333333333, 0.5, 0.4583333333333333, 0.5833333333333334, 0.5], "LICUV": [0.5833333333333334, 0.5416666666666666, 0.5, 0.5833333333333334, 0.5], "NAMFIS": [0.4583333333333333, 0.5833333333333334, 0.5833333333333334, 0.5833333333333334, 0.5]}, "rmsd": {"best": 0.21406127265675792, "random": [0.44543341428357597, 0.3075848757763774, 0.2768212235409805, 0.25495766924772256, 0.24127776036323473], "low_energy": [0.32906864031128724, 0.2405201552580851, 0.22577856195175927, 0.23920329871901913, 0.24077220711125583], "LICUV": [0.41930702609669257, 0.33589259315282, 0.34092897683128, 0.23315472326956677, 0.24078268349679666], "NAMFIS": [0.289182291506251, 0.21777210218692045, 0.23495457943783257, 0.23273235854955354, 0.23431258103409072]}, "rmsd_stepwise": {"best": 0.04573474244670746, "random": [0.09763991274731461, 0.1045917698511392, 0.10712211587847323, 0.1056462386035055, 0.11002720917640851], "low_energy": [0.11171951485752167, 0.05545268253204707, 0.1125833024919771, 0.1093732142711368, 0.11165889276422784], "LICUV": [0.05542449819348841, 0.049864399458264146, 0.05279678020485719, 0.04712571838532899, 0.11334405586531658], "NAMFIS": [0.06425048637948197, 0.045322915469623797, 0.050693112615686424, 0.04868050602311632, 0.1157403703697778]}, "mae": {"best": 0.16802547454833974, "random": [0.31170728055636077, 0.22927078176772783, 0.2141280137043587, 0.1943550765078895, 0.1878627314621077], "low_energy": [0.26541971087455746, 0.20488680362430425, 0.17701884576687868, 0.1833658332690208, 0.18876262780266354], "LICUV": [0.2899296760559082, 0.21922618687907827, 0.23367859353024947, 0.19076436286703471, 0.18550283498867937], "NAMFIS": [0.24560826977094008, 0.17575719121134417, 0.18556253923699187, 0.18473126057153696, 0.18601148533482034]}, "bundle-size": [1, 3, 5, 10, 30]}}