{"single": {"stat": {"0": "MAE", "1": "MSE", "2": "RMSD", "3": "pearsonr", "4": "kendalltau", "5": "chisq", "6": "percentage_fulfilled"}, "value": {"0": 0.4282889883294965, "1": 0.2842356656100491, "2": 0.5968182918064138, "3": 0.23769777687411361, "4": 0.2516274900545971, "5": 3.8068131928449267, "6": 0.7272727272727273}, "up": {"0": 0.621339175234695, "1": 0.5178564343257358, "2": 0.8628528975212979, "3": 0.7498675999176739, "4": 0.602767449615776, "5": 8.348262409121045, "6": 0.0}, "low": {"0": 0.2783644957183546, "1": 0.07762790197099714, "2": 0.34708035489806804, "3": 0.0, "4": 0.0, "5": 1.0921036945813278, "6": 0.0}, "most-populated-1": {"0": 0.6202799766713921, "1": 0.52590415651148, "2": 0.8448674876058827, "3": NaN, "4": NaN, "5": NaN, "6": 0.6818181818181818}}}