{"minimum_sasa": 7.36908721923827, "minimum_psa": 5.635224499702434}