{"22": {"0": {"Atom 1": "(3,)", "Atom 2": "(26,)", "NMR exp": 3.19, "lower bound": 0.0, "upper bound": 3.5100000000000002, "md": [3.4109803651149146], "lower": [3.024868217800501], "upper": [4.203993044566136]}, "1": {"Atom 1": "(3,)", "Atom 2": "(13, 14)", "NMR exp": 1.83, "lower bound": 0.0, "upper bound": 3.16, "md": [4.30390873380814, 3.7897923381927385], "lower": [3.399743271544107, 2.799051690314499], "upper": [4.639006505532413, 4.43905829967193]}, "2": {"Atom 1": "(22,)", "Atom 2": "(26,)", "NMR exp": 2.93, "lower bound": 0.0, "upper bound": 3.22, "md": [3.4334164893636347], "lower": [3.023531121316149], "upper": [3.611993210821105]}, "3": {"Atom 1": "(19, 20)", "Atom 2": "(26,)", "NMR exp": 2.73, "lower bound": 0.0, "upper bound": 4.2700000000000005, "md": [2.978879273461543, 4.131349346798701], "lower": [2.5880283456528423, 3.8173525083462376], "upper": [3.5446849585144435, 4.41481284959376]}, "4": {"Atom 1": "(16, 17)", "Atom 2": "(26,)", "NMR exp": 2.71, "lower bound": 0.0, "upper bound": 4.24, "md": [2.6684173583300765, 4.254755564044618], "lower": [2.3037371333851855, 3.9304935699234087], "upper": [3.811115762808785, 4.71075130615179]}, "5": {"Atom 1": "(13, 14)", "Atom 2": "(26,)", "NMR exp": 2.63, "lower bound": 0.0, "upper bound": 4.14, "md": [2.6247234997119153, 3.977840003079647], "lower": [2.297552005004073, 3.74019257040847], "upper": [3.288983484803132, 4.383016620260084]}, "6": {"Atom 1": "(47,)", "Atom 2": "(59,)", "NMR exp": 2.57, "lower bound": 0.0, "upper bound": 2.83, "md": [2.4073594307398216], "lower": [2.146679617408239], "upper": [3.522550067815896]}, "7": {"Atom 1": "(49,)", "Atom 2": "(59,)", "NMR exp": 3.39, "lower bound": 0.0, "upper bound": 3.73, "md": [3.490790495498458], "lower": [2.68805331236765], "upper": [4.61842504229041]}, "8": {"Atom 1": "(61,)", "Atom 2": "(1,)", "NMR exp": 2.17, "lower bound": 0.0, "upper bound": 2.39, "md": [3.2219391056252205], "lower": [2.3177629357074294], "upper": [3.569168901561389]}, "9": {"Atom 1": "(1,)", "Atom 2": "(3,)", "NMR exp": 2.6, "lower bound": 0.0, "upper bound": 2.86, "md": [2.8599870384707606], "lower": [2.6871938868255363], "upper": [2.969985060470326]}, "10": {"Atom 1": "(1,)", "Atom 2": "(5, 6)", "NMR exp": 2.37, "lower bound": 0.0, "upper bound": 3.83, "md": [3.1030048816018905, 2.9139276629665614], "lower": [2.659429870649567, 2.6174106126820442], "upper": [3.56472643956643, 3.587595305132211]}, "11": {"Atom 1": "(16, 17)", "Atom 2": "(13, 14)", "NMR exp": 1.73, "lower bound": 0.0, "upper bound": 4.19, "md": [2.308215427233108, 2.8387957783289695, 2.523693426348469, 2.7596314494351555], "lower": [2.193714513612124, 2.6996686449673843, 2.4742739315523408, 2.2935256146253984], "upper": [2.425404429334446, 2.9810897104733116, 2.8921968119360875, 2.7993697386356757]}, "12": {"Atom 1": "(26,)", "Atom 2": "(28,)", "NMR exp": 2.31, "lower bound": 0.0, "upper bound": 2.54, "md": [2.9043647821019607], "lower": [2.7068227053263114], "upper": [2.992208531031959]}, "13": {"Atom 1": "(28,)", "Atom 2": "(35, 36, 37, 39, 40, 41)", "NMR exp": 3.23, "lower bound": 0.0, "upper bound": 6.99, "md": [3.0602115136966197, 3.041339520922468, 3.069056493537966, 2.947816842824961, 2.8723839124695902, 2.8820735122737404], "lower": [2.438934827107209, 2.433808392007159, 2.4417480313982796, 2.395051283202762, 2.370968832100113, 2.3733038461457667], "upper": [4.375646692563549, 4.371871018519212, 4.377300580077386, 4.400374736574286, 4.3856111318078765, 4.388801437392386]}, "14": {"Atom 1": "(45,)", "Atom 2": "(50,)", "NMR exp": 2.75, "lower bound": 0.0, "upper bound": 3.02, "md": [2.7095350784742487], "lower": [2.4246666638567898], "upper": [3.366714672759818]}, "15": {"Atom 1": "(45,)", "Atom 2": "(49,)", "NMR exp": 3.02, "lower bound": 0.0, "upper bound": 3.3200000000000003, "md": [2.3456818975255804], "lower": [2.195544954526115], "upper": [3.0807695118000322]}, "16": {"Atom 1": "(47,)", "Atom 2": "(50,)", "NMR exp": 2.2600000000000002, "lower bound": 0.0, "upper bound": 2.49, "md": [2.686888766571518], "lower": [2.4356929489846215], "upper": [3.0314192705418894]}, "17": {"Atom 1": "(47,)", "Atom 2": "(49,)", "NMR exp": 2.11, "lower bound": 0.0, "upper bound": 2.32, "md": [2.5829612716561], "lower": [2.395784152985288], "upper": [2.9192790963523763]}, "18": {"Atom 1": "(50,)", "Atom 2": "(54, 55)", "NMR exp": 2.6, "lower bound": 0.0, "upper bound": 6.0600000000000005, "md": [2.8670832522353336, 2.4782610019846127], "lower": [2.340821766630953, 2.2359132002294735], "upper": [3.716864822276714, 3.523145689690891]}, "19": {"Atom 1": "(49,)", "Atom 2": "(54, 55)", "NMR exp": 3.31, "lower bound": 0.0, "upper bound": 7.11, "md": [2.9323786897818582, 2.6290721479856574], "lower": [2.405082808844674, 2.302207065759028], "upper": [3.722767354951444, 3.5333856006692983]}, "20": {"Atom 1": "(59,)", "Atom 2": "(63, 64)", "NMR exp": 2.49, "lower bound": 0.0, "upper bound": 3.98, "md": [2.983892052985293, 3.0183414891818816], "lower": [2.5655201101123692, 2.5237054020072316], "upper": [3.487672997265464, 3.703117667772257]}, "21": {"Atom 1": "(61,)", "Atom 2": "(63, 64)", "NMR exp": 2.08, "lower bound": 0.0, "upper bound": 3.47, "md": [2.5534720725158935, 2.461736124093192], "lower": [2.360692868928129, 2.3115226489860503], "upper": [2.8425035285157847, 2.9813957272406295]}}}