{"single": {"stat": {"0": "MAE", "1": "MSE", "2": "RMSD", "3": "RMSD_step", "4": "pearsonr", "5": "kendalltau", "6": "chisq", "7": "percentage_fulfilled"}, "value": {"0": 0.4275316903473973, "1": 0.3254912117583794, "2": 0.623462706224745, "3": 0.3177549084092673, "4": 0.2526297087604648, "5": 0.29501154006401037, "6": 4.261875810676691, "7": 0.6363636363636364}, "up": {"0": 0.6437206954639036, "1": 0.5724589017030588, "2": 0.929990115146314, "3": 0.5151355734682677, "4": 0.7995754535086478, "5": 0.6422018348623854, "6": 9.924135784048211, "7": 0.0}, "low": {"0": 0.27019819652030136, "1": 0.1256815381535745, "2": 0.3339922680148032, "3": 0.10799831648519516, "4": 0.0, "5": 0.0, "6": 1.0126161523979353, "7": 0.0}, "most-populated-1": {"0": 0.6202799766713921, "1": 0.52590415651148, "2": 0.8448674876058827, "3": 0.3177549084092673, "4": NaN, "5": NaN, "6": NaN, "7": 0.6818181818181818}}}