{"22": {"0": {"Atom 1": "(3,)", "Atom 2": "(26,)", "NMR exp": 3.19, "lower bound": 0.0, "upper bound": 3.5100000000000002, "md": [3.5484223659025136], "lower": [3.130733185550043], "upper": [4.260654024666805]}, "1": {"Atom 1": "(3,)", "Atom 2": "(13, 14)", "NMR exp": 1.83, "lower bound": 0.0, "upper bound": 3.16, "md": [4.372625715769958, 4.05777752592163], "lower": [3.5919426238948615, 3.3222708531410925], "upper": [4.6491218439513196, 4.475557379722577]}, "2": {"Atom 1": "(22,)", "Atom 2": "(26,)", "NMR exp": 2.93, "lower bound": 0.0, "upper bound": 3.22, "md": [3.4471310768136973], "lower": [3.0595494202540987], "upper": [3.616087521745346]}, "3": {"Atom 1": "(19, 20)", "Atom 2": "(26,)", "NMR exp": 2.73, "lower bound": 0.0, "upper bound": 4.2700000000000005, "md": [2.9505635644623296, 4.10845518340472], "lower": [2.5698669861968093, 3.796158233655124], "upper": [3.5312664368196156, 4.404314562800893]}, "4": {"Atom 1": "(16, 17)", "Atom 2": "(26,)", "NMR exp": 2.71, "lower bound": 0.0, "upper bound": 4.24, "md": [2.746519517739379, 4.285406227258206], "lower": [2.3486702106112385, 3.948705793608611], "upper": [3.849706778035323, 4.723924188148379]}, "5": {"Atom 1": "(13, 14)", "Atom 2": "(26,)", "NMR exp": 2.63, "lower bound": 0.0, "upper bound": 4.14, "md": [2.607697301876102, 3.98240845676361], "lower": [2.286349881093622, 3.7432029500537984], "upper": [3.277506320914388, 4.386554329864845]}, "6": {"Atom 1": "(47,)", "Atom 2": "(59,)", "NMR exp": 2.57, "lower bound": 0.0, "upper bound": 2.83, "md": [2.4390248969027915], "lower": [2.155030331404599], "upper": [3.5361201401527325]}, "7": {"Atom 1": "(49,)", "Atom 2": "(59,)", "NMR exp": 3.39, "lower bound": 0.0, "upper bound": 3.73, "md": [3.5562338893043193], "lower": [2.7507763109425927], "upper": [4.635301119675642]}, "8": {"Atom 1": "(61,)", "Atom 2": "(1,)", "NMR exp": 2.17, "lower bound": 0.0, "upper bound": 2.39, "md": [3.157284729412096], "lower": [2.297196774298642], "upper": [3.5660529012740367]}, "9": {"Atom 1": "(1,)", "Atom 2": "(3,)", "NMR exp": 2.6, "lower bound": 0.0, "upper bound": 2.86, "md": [2.8697043584808375], "lower": [2.699486430605959], "upper": [2.9734187252436026]}, "10": {"Atom 1": "(1,)", "Atom 2": "(5, 6)", "NMR exp": 2.37, "lower bound": 0.0, "upper bound": 3.83, "md": [2.9766360158379572, 2.9629758050292327], "lower": [2.5920370325622804, 2.6482161600327774], "upper": [3.509079160507605, 3.6122077455615846]}, "11": {"Atom 1": "(16, 17)", "Atom 2": "(13, 14)", "NMR exp": 1.73, "lower bound": 0.0, "upper bound": 4.19, "md": [2.2919317668248236, 2.843727883490893, 2.827935317086444, 2.2866768454239375], "lower": [2.183674773276455, 2.702510534553861, 2.7056211312177862, 2.1798385636524], "upper": [2.415979578798319, 2.9829975027928843, 2.976261439277056, 2.41083091991841]}, "12": {"Atom 1": "(26,)", "Atom 2": "(28,)", "NMR exp": 2.31, "lower bound": 0.0, "upper bound": 2.54, "md": [2.8870568976422875], "lower": [2.681379126503077], "upper": [2.9857199023231153]}, "13": {"Atom 1": "(28,)", "Atom 2": "(35, 36, 37, 39, 40, 41)", "NMR exp": 3.23, "lower bound": 0.0, "upper bound": 6.99, "md": [2.9861927121492404, 3.0104887868565258, 3.0494535455118115, 2.954921944746684, 2.9775640760485547, 3.01000200457586], "lower": [2.413827238956531, 2.423272512585802, 2.4351058175137514, 2.3973742180106714, 2.4060190224879334, 2.4156088844010295], "upper": [4.359658403406495, 4.36515126280043, 4.373108535620274, 4.4017454753265515, 4.406296844850562, 4.41371134266234]}, "14": {"Atom 1": "(45,)", "Atom 2": "(50,)", "NMR exp": 2.75, "lower bound": 0.0, "upper bound": 3.02, "md": [2.6702177291555422], "lower": [2.4063987479027182], "upper": [3.3374390440214716]}, "15": {"Atom 1": "(45,)", "Atom 2": "(49,)", "NMR exp": 3.02, "lower bound": 0.0, "upper bound": 3.3200000000000003, "md": [2.648393991052968], "lower": [2.3866259340031832], "upper": [3.2304833420597467]}, "16": {"Atom 1": "(47,)", "Atom 2": "(50,)", "NMR exp": 2.2600000000000002, "lower bound": 0.0, "upper bound": 2.49, "md": [2.763484856031767], "lower": [2.4562101496765862], "upper": [3.0373201030448183]}, "17": {"Atom 1": "(47,)", "Atom 2": "(49,)", "NMR exp": 2.11, "lower bound": 0.0, "upper bound": 2.32, "md": [2.5388980133141], "lower": [2.375103056574462], "upper": [2.8772685041659014]}, "18": {"Atom 1": "(50,)", "Atom 2": "(54, 55)", "NMR exp": 2.6, "lower bound": 0.0, "upper bound": 6.0600000000000005, "md": [2.8729901377380562, 2.6329561200377367], "lower": [2.341896620308819, 2.2826708295400024], "upper": [3.7174367699032165, 3.5819367014315207]}, "19": {"Atom 1": "(49,)", "Atom 2": "(54, 55)", "NMR exp": 3.31, "lower bound": 0.0, "upper bound": 7.11, "md": [2.972767271021587, 2.730751777399105], "lower": [2.4186347979902454, 2.3353890150496985], "upper": [3.7284041522692473, 3.56384299215706]}, "20": {"Atom 1": "(59,)", "Atom 2": "(63, 64)", "NMR exp": 2.49, "lower bound": 0.0, "upper bound": 3.98, "md": [2.914650470245925, 2.8928192754894715], "lower": [2.5223059754570443, 2.4824776258694103], "upper": [3.459433693198877, 3.668539580283277]}, "21": {"Atom 1": "(61,)", "Atom 2": "(63, 64)", "NMR exp": 2.08, "lower bound": 0.0, "upper bound": 3.47, "md": [2.4847470821582096, 2.644801910575543], "lower": [2.326300770910726, 2.3908894660497326], "upper": [2.7724097793261357, 3.0178063282760563]}}}