{"single": {"fulfil": {"best": 0.9375, "random": [0.6125, 0.76875, 0.8375, 0.90625, 0.925], "low_energy": [0.875, 0.875, 0.875, 0.9375, 0.9375], "LICUV": [0.9375, 1.0, 1.0, 1.0, 1.0], "NAMFIS": [0.9375, 1.0, 1.0, 0.9375, 0.9375]}, "rmsd": {"best": 0.3443937097651145, "random": [1.302339123144433, 0.784801527527526, 0.656842153902714, 0.5734730421144378, 0.544155281166873], "low_energy": [0.4633358682372954, 0.5446660234759506, 0.4327098461992238, 0.4270211431943302, 0.4078353269391678], "LICUV": [0.4744056067209367, 0.43876929529422487, 0.4089112335278526, 0.35575247887375144, 0.3383917475825589], "NAMFIS": [0.3782397959762726, 0.28415901685524614, 0.2525888862366622, 0.29533399100459434, 0.2953339914627282]}, "rmsd_stepwise": {"best": 0.131, "random": [0.40422228907291097, 0.3134246496411492, 0.25600522295779554, 0.16942580048038378, 0.17371862792631956], "low_energy": [0.23194665334942863, 0.23194665334942863, 0.23194665334942863, 0.15449999999999997, 0.15449999999999997], "LICUV": [0.14549999999999996, 0.0, 0.0, 0.0, 0.0], "NAMFIS": [0.131, 0.0, 0.0, 0.17300000000000004, 0.17300000000000004]}, "mae": {"best": 0.24018670201301565, "random": [0.9733888701498508, 0.6141220179786173, 0.5141900149841568, 0.4497547268626459, 0.3998082298681778], "low_energy": [0.3285018330812455, 0.34481520203822424, 0.2950110043692017, 0.2506968082216081, 0.2741549367808547], "LICUV": [0.39152584671974167, 0.316950959948269, 0.30229501093521544, 0.2612103356646355, 0.24706737225870756], "NAMFIS": [0.2937644839286804, 0.2152492762675245, 0.18605897612855518, 0.21607269213042668, 0.21607269246421346]}, "bundle-size": [1, 3, 5, 10, 30]}}