{"single": {"fulfil": {"best": 0.9375, "random": [0.69375, 0.8, 0.83125, 0.9125, 0.95], "low_energy": [0.875, 0.875, 0.875, 0.9375, 0.9375], "LICUV": [0.9375, 1.0, 1.0, 1.0, 1.0], "NAMFIS": [0.9375, 1.0, 1.0, 0.9375, 0.9375]}, "rmsd": {"best": 0.3443937097651145, "random": [0.9842899890389688, 0.697962685020018, 0.7279538867533478, 0.5863762116291176, 0.5438583504339178], "low_energy": [0.4633358682372954, 0.5446660234759506, 0.4327098461992238, 0.4270211431943302, 0.4078353269391678], "LICUV": [0.4744056067209367, 0.43876929529422487, 0.4089112335278526, 0.35575247887375144, 0.3383917475825589], "NAMFIS": [0.3782397959762726, 0.28415685412591374, 0.2525872225284818, 0.29530585561684075, 0.2953058557761794]}, "mae": {"best": 0.24018670201301565, "random": [0.7251725970506667, 0.5430426699033448, 0.5707659681701746, 0.4346591879203583, 0.4081536811748732], "low_energy": [0.3285018330812455, 0.34481520203822424, 0.2950110043692017, 0.2506968082216081, 0.2741549367808547], "LICUV": [0.39152584671974167, 0.316950959948269, 0.30229501093521544, 0.2612103356646355, 0.24706737225870756], "NAMFIS": [0.2937644839286804, 0.21526228020978797, 0.18605951394361003, 0.21605233037920096, 0.21605233051159178]}, "bundle-size": [1, 3, 5, 10, 30]}}