{"single": {"fulfil": {"best": 0.9375, "random": [0.7, 0.775, 0.8375, 0.88125, 0.925], "low_energy": [0.875, 0.875, 0.875, 0.9375, 0.9375], "LICUV": [0.9375, 1.0, 1.0, 1.0, 1.0], "NAMFIS": [0.9375, 1.0, 1.0, 0.9375, 0.9375]}, "rmsd": {"best": 0.3443937097651145, "random": [1.140820665616351, 0.7682895174042994, 0.6727506171399307, 0.6585313374160557, 0.5573856340022723], "low_energy": [0.4633358682372954, 0.5446660234759506, 0.4327098461992238, 0.4270211431943302, 0.4078353269391678], "LICUV": [0.4744056067209367, 0.43876929529422487, 0.4089112335278526, 0.35575247887375144, 0.3383917475825589], "NAMFIS": [0.3782397959762726, 0.28416120199602873, 0.25252973057656913, 0.29541841003047037, 0.2954184103567348]}, "mae": {"best": 0.24018670201301565, "random": [0.8349038552939891, 0.5878940492949931, 0.5209942149794518, 0.5080865370053508, 0.4158277364844299], "low_energy": [0.3285018330812455, 0.34481520203822424, 0.2950110043692017, 0.2506968082216081, 0.2741549367808547], "LICUV": [0.39152584671974167, 0.316950959948269, 0.30229501093521544, 0.2612103356646355, 0.24706737225870756], "NAMFIS": [0.2937644839286804, 0.21523136273925558, 0.1860325701469926, 0.2161308480714416, 0.21613084834154145]}, "bundle-size": [1, 3, 5, 10, 30]}}