{"single": {"fulfil": {"best": 0.5625, "random": [0.3625, 0.3375, 0.375, 0.35625, 0.34375], "low_energy": [0.5, 0.5, 0.5, 0.4375, 0.4375], "LICUV": [0.5625, 0.5, 0.5, 0.5, 0.5], "NAMFIS": [0.3125, 0.375, 0.375, 0.375, 0.375]}, "rmsd": {"best": 1.539518734831217, "random": [2.030655140212656, 1.900939919613067, 1.756509788671498, 1.7593888227932641, 1.7105678690190647], "low_energy": [2.0301612936446976, 1.845720268062872, 1.8185128272825564, 1.7950360866069006, 1.802066101579086], "LICUV": [1.6876209706310494, 1.6858607745871204, 1.7926878591474333, 1.4528985731688577, 1.4927136437293829], "NAMFIS": [1.6940819702731558, 1.3373690295491645, 1.320146827624206, 1.3201468276044845, 1.3201468275483668]}, "mae": {"best": 1.0678060513734815, "random": [1.4792150089144704, 1.419615784294224, 1.2997443779273903, 1.3045349450771486, 1.2892885541586767], "low_energy": [1.296864272356033, 1.2234172437265662, 1.2278200690473158, 1.2318884141235649, 1.2818346014263382], "LICUV": [1.1758665990829467, 1.1706073922062759, 1.2185201812939193, 1.0591870622851178, 1.0726082408454758], "NAMFIS": [1.2814089071750638, 1.067222653489484, 1.036032296712102, 1.0360322966917122, 1.03603229666648]}, "bundle-size": [1, 3, 5, 10, 30]}}