{"minimum_sasa": 9.666788101196289, "minimum_psa": 4.528997421264648}