{"cis": {"stat": {"0": "MAE", "1": "MSE", "2": "RMSD", "3": "pearsonr", "4": "kendalltau", "5": "chisq", "6": "percentage_fulfilled"}, "value": {"0": 0.3403106647610537, "1": -0.0721191335422038, "2": 0.422728774886763, "3": 0.43122456151751226, "4": 0.27600883242395857, "5": 1.4490282268569077, "6": 0.17391304347826086}, "up": {"0": 0.44620483041739667, "1": 0.10865642569739052, "2": 0.5445598562231941, "3": 0.689510734522096, "4": 0.5828252284388669, "5": 2.3411585091945146, "6": 0.0}, "low": {"0": 0.24378442787539303, "1": 0.0, "2": 0.30490349774240594, "3": 0.0, "4": 0.0, "5": 0.7616521371223735, "6": 0.0}, "most-populated-1": {"0": 0.2711163777890413, "1": -0.017326398932415624, "2": 0.4007385872082455, "3": NaN, "4": NaN, "5": NaN, "6": 0.2608695652173913}}, "trans": {"stat": {"0": "MAE", "1": "MSE", "2": "RMSD", "3": "pearsonr", "4": "kendalltau", "5": "chisq", "6": "percentage_fulfilled"}, "value": {"0": 0.24559303666998247, "1": -0.14981662426861275, "2": 0.30522708743195126, "3": 0.7901548806407916, "4": 0.5527309271587066, "5": 0.7142275642547796, "6": 0.375}, "up": {"0": 0.31947989703012475, "1": -0.04584006591929849, "2": 0.37229726077219977, "3": 0.9059405591081512, "4": 0.7818003121066707, "5": 1.0378429943612066, "6": 0.0}, "low": {"0": 0.17376592666562343, "1": 0.0, "2": 0.23241531768524198, "3": 0.518154277940921, "4": 0.2808260541776742, "5": 0.4257260427131571, "6": 0.0}, "most-populated-1": {"0": 0.22270118792851754, "1": -0.05457360188166314, "2": 0.29244619171062913, "3": NaN, "4": NaN, "5": NaN, "6": 0.5}}}