{"49b": {"0": {"Atom 1": "(1,)", "Atom 2": "(80, 81)", "NMR exp": 0.0, "lower bound": 2.65, "upper bound": 2.7800000000000002, "md": [2.604803229158276, 2.3717234222599513], "lower": [2.377805775029924, 2.1808476155808534], "upper": [3.0893346456318063, 2.8087548493188454]}, "1": {"Atom 1": "(1,)", "Atom 2": "(80, 81)", "NMR exp": 0.0, "lower bound": 2.85, "upper bound": 2.96, "md": [2.604803229158276, 2.3717234222599513], "lower": [2.377805775029924, 2.1808476155808534], "upper": [3.0893346456318063, 2.8087548493188454]}, "2": {"Atom 1": "(1,)", "Atom 2": "(3,)", "NMR exp": 0.0, "lower bound": 2.75, "upper bound": 2.85, "md": [2.8647992835936127], "lower": [2.731164628276935], "upper": [2.967902677615678]}, "3": {"Atom 1": "(1,)", "Atom 2": "(5, 6)", "NMR exp": 0.0, "lower bound": 2.47, "upper bound": 2.74, "md": [2.434393315941386, 2.784093038093836], "lower": [2.2294415446786937, 2.4629509079026946], "upper": [3.1072151697960892, 3.5410360227864484]}, "4": {"Atom 1": "(1,)", "Atom 2": "(5, 6)", "NMR exp": 0.0, "lower bound": 2.9, "upper bound": 3.19, "md": [2.434393315941386, 2.784093038093836], "lower": [2.2294415446786937, 2.4629509079026946], "upper": [3.1072151697960892, 3.5410360227864484]}, "5": {"Atom 1": "(25,)", "Atom 2": "(3,)", "NMR exp": 0.0, "lower bound": 2.22, "upper bound": 2.5, "md": [2.38957408865737], "lower": [2.132598556808971], "upper": [3.395117468278405]}, "6": {"Atom 1": "(25,)", "Atom 2": "(27, 28)", "NMR exp": 0.0, "lower bound": 2.74, "upper bound": 2.99, "md": [2.485450116975031, 2.5456509563384424], "lower": [2.287800426550146, 2.3163148429862566], "upper": [2.902825724529794, 2.9061631980563734]}, "7": {"Atom 1": "(25,)", "Atom 2": "(27, 28)", "NMR exp": 0.0, "lower bound": 2.42, "upper bound": 2.5500000000000003, "md": [2.485450116975031, 2.5456509563384424], "lower": [2.287800426550146, 2.3163148429862566], "upper": [2.902825724529794, 2.9061631980563734]}, "8": {"Atom 1": "(25,)", "Atom 2": "(32,)", "NMR exp": 0.0, "lower bound": 2.9, "upper bound": 3.0, "md": [2.821494500127861], "lower": [2.3780780159396726], "upper": [3.855573711179934]}, "9": {"Atom 1": "(32,)", "Atom 2": "(27, 28)", "NMR exp": 0.0, "lower bound": 3.45, "upper bound": 3.64, "md": [3.3838323416275644, 2.383219015867076], "lower": [3.114544621140082, 2.17629778204525], "upper": [3.5756223604282726, 2.966197624149664]}, "10": {"Atom 1": "(32,)", "Atom 2": "(34,)", "NMR exp": 0.0, "lower bound": 2.85, "upper bound": 2.95, "md": [2.897583551560018], "lower": [2.8035030062400454], "upper": [2.9792419093315052]}, "11": {"Atom 1": "(32,)", "Atom 2": "(36, 37)", "NMR exp": 0.0, "lower bound": 2.19, "upper bound": 2.29, "md": [2.6331294409288897, 2.732085219428121], "lower": [2.3542260169535485, 2.4472411598673633], "upper": [3.2846685818297323, 3.330117824915296]}, "12": {"Atom 1": "(32,)", "Atom 2": "(36, 37)", "NMR exp": 0.0, "lower bound": 3.12, "upper bound": 3.3200000000000003, "md": [2.6331294409288897, 2.732085219428121], "lower": [2.3542260169535485, 2.4472411598673633], "upper": [3.2846685818297323, 3.330117824915296]}, "13": {"Atom 1": "(34,)", "Atom 2": "(36, 37)", "NMR exp": 0.0, "lower bound": 2.48, "upper bound": 2.68, "md": [2.5452916755013204, 2.7192381889894515], "lower": [2.3858298938106097, 2.426837634622975], "upper": [2.860153743078504, 3.030636665137758]}, "14": {"Atom 1": "(34,)", "Atom 2": "(36, 37)", "NMR exp": 0.0, "lower bound": 2.27, "upper bound": 2.36, "md": [2.5452916755013204, 2.7192381889894515], "lower": [2.3858298938106097, 2.426837634622975], "upper": [2.860153743078504, 3.030636665137758]}, "15": {"Atom 1": "(44,)", "Atom 2": "(34,)", "NMR exp": 0.0, "lower bound": 2.25, "upper bound": 2.58, "md": [2.232883303617624], "lower": [2.0898887608165415], "upper": [2.688550969775692]}, "16": {"Atom 1": "(44,)", "Atom 2": "(48, 49)", "NMR exp": 0.0, "lower bound": 2.61, "upper bound": 2.73, "md": [2.4271498492893318, 2.448057546686338], "lower": [2.2324811393989314, 2.2515433717841082], "upper": [2.9242023824113033, 2.997767084172554]}, "17": {"Atom 1": "(44,)", "Atom 2": "(48, 49)", "NMR exp": 0.0, "lower bound": 2.69, "upper bound": 2.85, "md": [2.4271498492893318, 2.448057546686338], "lower": [2.2324811393989314, 2.2515433717841082], "upper": [2.9242023824113033, 2.997767084172554]}, "18": {"Atom 1": "(46,)", "Atom 2": "(48, 49)", "NMR exp": 0.0, "lower bound": 2.27, "upper bound": 2.36, "md": [2.443176157369282, 2.898954002414522], "lower": [2.3076618408596756, 2.5026637594155674], "upper": [2.6998225283847948, 3.0400207518681945]}, "19": {"Atom 1": "(46,)", "Atom 2": "(48, 49)", "NMR exp": 0.0, "lower bound": 2.95, "upper bound": 3.1, "md": [2.443176157369282, 2.898954002414522], "lower": [2.3076618408596756, 2.5026637594155674], "upper": [2.6998225283847948, 3.0400207518681945]}, "20": {"Atom 1": "(78,)", "Atom 2": "(46,)", "NMR exp": 0.0, "lower bound": 3.0, "upper bound": 3.1, "md": [2.7495014858688966], "lower": [2.4050807327678942], "upper": [3.374213297852575]}, "21": {"Atom 1": "(78,)", "Atom 2": "(80, 81)", "NMR exp": 0.0, "lower bound": 2.21, "upper bound": 2.38, "md": [2.531722416198426, 2.573433830603181], "lower": [2.319829424183084, 2.295399080144748], "upper": [2.830418689677109, 2.9347622391370836]}, "22": {"Atom 1": "(78,)", "Atom 2": "(80, 81)", "NMR exp": 0.0, "lower bound": 2.59, "upper bound": 2.89, "md": [2.531722416198426, 2.573433830603181], "lower": [2.319829424183084, 2.295399080144748], "upper": [2.830418689677109, 2.9347622391370836]}}, "49a": {"0": {"Atom 1": "(1,)", "Atom 2": "(3,)", "NMR exp": 0.0, "lower bound": 2.7600000000000002, "upper bound": 2.7800000000000002, "md": [2.9380256970123875], "lower": [2.846394353921283], "upper": [3.0109231032037886]}, "1": {"Atom 1": "(1,)", "Atom 2": "(5, 6)", "NMR exp": 0.0, "lower bound": 3.1, "upper bound": 4.0600000000000005, "md": [2.668458328206084, 2.9463598089733387], "lower": [2.3790278835790537, 2.605027514190466], "upper": [3.349732896609779, 3.6034962501981354]}, "2": {"Atom 1": "(1,)", "Atom 2": "(74,)", "NMR exp": 0.0, "lower bound": 3.6, "upper bound": 3.8000000000000003, "md": [3.602776011906296], "lower": [3.354732889154886], "upper": [4.0959910273721425]}, "3": {"Atom 1": "(1,)", "Atom 2": "(80, 81)", "NMR exp": 0.0, "lower bound": 3.1, "upper bound": 4.2, "md": [3.3253365967264537, 3.027587908965186], "lower": [3.097089438793793, 2.6801449184548427], "upper": [3.5342798191818074, 3.3499790137150613]}, "4": {"Atom 1": "(3,)", "Atom 2": "(5, 6)", "NMR exp": 0.0, "lower bound": 2.4, "upper bound": 3.34, "md": [2.611396672533256, 2.6129115376743037], "lower": [2.417081189785773, 2.398929144655607], "upper": [2.9609356258111603, 2.9945159633141505]}, "5": {"Atom 1": "(3,)", "Atom 2": "(8, 9)", "NMR exp": 0.0, "lower bound": 2.85, "upper bound": 3.84, "md": [2.7650615681225665, 2.652501176447532], "lower": [2.4565870701742187, 2.3729916224320964], "upper": [3.41622934643655, 3.4515685782283283]}, "6": {"Atom 1": "(25,)", "Atom 2": "(27, 28)", "NMR exp": 0.0, "lower bound": 2.44, "upper bound": 2.7, "md": [2.5208542036210875, 2.8561761573925075], "lower": [2.3193863181104444, 2.708193261618696], "upper": [2.7946180316078983, 2.9691721081697393]}, "7": {"Atom 1": "(32,)", "Atom 2": "(34,)", "NMR exp": 0.0, "lower bound": 2.72, "upper bound": 2.84, "md": [2.8872584062622635], "lower": [2.7966546170610997], "upper": [2.970029616351288]}, "8": {"Atom 1": "(32,)", "Atom 2": "(36, 37)", "NMR exp": 0.0, "lower bound": 2.52, "upper bound": 3.42, "md": [2.6745548819174205, 2.6778285180189316], "lower": [2.3687175513186705, 2.41069607485494], "upper": [3.5114605057403816, 3.2914054398360895]}, "9": {"Atom 1": "(32,)", "Atom 2": "(44,)", "NMR exp": 0.0, "lower bound": 2.4, "upper bound": 2.57, "md": [2.4445225159179516], "lower": [2.2120858448815146], "upper": [2.7896874935114573]}, "10": {"Atom 1": "(34,)", "Atom 2": "(36, 37)", "NMR exp": 0.0, "lower bound": 2.49, "upper bound": 3.39, "md": [2.5095598628781515, 2.4988802333909232],