{"49b": {"0": {"Atom 1": "(1,)", "Atom 2": "(80, 81)", "NMR exp": 0.0, "lower bound": 2.65, "upper bound": 2.7800000000000002, "md": [2.3596560213004145, 2.205909468993015], "lower": [2.2238129474517647, 2.0802051517201154], "upper": [2.9570355629874445, 2.695390723418424]}, "1": {"Atom 1": "(1,)", "Atom 2": "(80, 81)", "NMR exp": 0.0, "lower bound": 2.85, "upper bound": 2.96, "md": [2.3596560213004145, 2.205909468993015], "lower": [2.2238129474517647, 2.0802051517201154], "upper": [2.9570355629874445, 2.695390723418424]}, "2": {"Atom 1": "(1,)", "Atom 2": "(3,)", "NMR exp": 0.0, "lower bound": 2.75, "upper bound": 2.85, "md": [2.1617485983024523], "lower": [2.093355118625321], "upper": [2.9018877909047065]}, "3": {"Atom 1": "(1,)", "Atom 2": "(5, 6)", "NMR exp": 0.0, "lower bound": 2.47, "upper bound": 2.74, "md": [2.2862644676497683, 2.448907544675965], "lower": [2.1376374768531248, 2.2817327158955667], "upper": [2.969427345732081, 3.376271006172685]}, "4": {"Atom 1": "(1,)", "Atom 2": "(5, 6)", "NMR exp": 0.0, "lower bound": 2.9, "upper bound": 3.19, "md": [2.2862644676497683, 2.448907544675965], "lower": [2.1376374768531248, 2.2817327158955667], "upper": [2.969427345732081, 3.376271006172685]}, "5": {"Atom 1": "(25,)", "Atom 2": "(3,)", "NMR exp": 0.0, "lower bound": 2.22, "upper bound": 2.5, "md": [2.3179905184303005], "lower": [2.1091689435724734], "upper": [3.3495638305959083]}, "6": {"Atom 1": "(25,)", "Atom 2": "(27, 28)", "NMR exp": 0.0, "lower bound": 2.74, "upper bound": 2.99, "md": [1.978217592086582, 2.5457427432998756], "lower": [1.9365505347894074, 2.3163461073073015], "upper": [2.6851296466871344, 2.906187888356422]}, "7": {"Atom 1": "(25,)", "Atom 2": "(27, 28)", "NMR exp": 0.0, "lower bound": 2.42, "upper bound": 2.5500000000000003, "md": [1.978217592086582, 2.5457427432998756], "lower": [1.9365505347894074, 2.3163461073073015], "upper": [2.6851296466871344, 2.906187888356422]}, "8": {"Atom 1": "(25,)", "Atom 2": "(32,)", "NMR exp": 0.0, "lower bound": 2.9, "upper bound": 3.0, "md": [2.454664870167005], "lower": [2.1539578627563865], "upper": [3.7084022702502937]}, "9": {"Atom 1": "(32,)", "Atom 2": "(27, 28)", "NMR exp": 0.0, "lower bound": 3.45, "upper bound": 3.64, "md": [3.320307730662003, 1.7594136532362334], "lower": [3.0503202193420975, 1.7377182081163836], "upper": [3.5583745118285375, 2.6987660186907]}, "10": {"Atom 1": "(32,)", "Atom 2": "(34,)", "NMR exp": 0.0, "lower bound": 2.85, "upper bound": 2.95, "md": [2.9020745055544666], "lower": [2.8070613710464376], "upper": [2.981339822406645]}, "11": {"Atom 1": "(32,)", "Atom 2": "(36, 37)", "NMR exp": 0.0, "lower bound": 2.19, "upper bound": 2.29, "md": [2.7000709527112545, 1.9817449437010677], "lower": [2.3852357064490253, 1.9101234902389042], "upper": [3.325715682269961, 3.0191721170614203]}, "12": {"Atom 1": "(32,)", "Atom 2": "(36, 37)", "NMR exp": 0.0, "lower bound": 3.12, "upper bound": 3.3200000000000003, "md": [2.7000709527112545, 1.9817449437010677], "lower": [2.3852357064490253, 1.9101234902389042], "upper": [3.325715682269961, 3.0191721170614203]}, "13": {"Atom 1": "(34,)", "Atom 2": "(36, 37)", "NMR exp": 0.0, "lower bound": 2.48, "upper bound": 2.68, "md": [3.210801958597046, 2.8478951910259647], "lower": [2.556056977065467, 2.4483945612314666], "upper": [3.2287900568284185, 3.038231203085805]}, "14": {"Atom 1": "(34,)", "Atom 2": "(36, 37)", "NMR exp": 0.0, "lower bound": 2.27, "upper bound": 2.36, "md": [3.210801958597046, 2.8478951910259647], "lower": [2.556056977065467, 2.4483945612314666], "upper": [3.2287900568284185, 3.038231203085805]}, "15": {"Atom 1": "(44,)", "Atom 2": "(34,)", "NMR exp": 0.0, "lower bound": 2.25, "upper bound": 2.58, "md": [3.001834789144599], "lower": [2.261473685114693], "upper": [3.531489935595256]}, "16": {"Atom 1": "(44,)", "Atom 2": "(48, 49)", "NMR exp": 0.0, "lower bound": 2.61, "upper bound": 2.73, "md": [2.901289973209387, 4.231317663952069], "lower": [2.420555396045831, 2.5635569099784457], "upper": [3.3622106165281123, 4.274891128017168]}, "17": {"Atom 1": "(44,)", "Atom 2": "(48, 49)", "NMR exp": 0.0, "lower bound": 2.69, "upper bound": 2.85, "md": [2.901289973209387, 4.231317663952069], "lower": [2.420555396045831, 2.5635569099784457], "upper": [3.3622106165281123, 4.274891128017168]}, "18": {"Atom 1": "(46,)", "Atom 2": "(48, 49)", "NMR exp": 0.0, "lower bound": 2.27, "upper bound": 2.36, "md": [2.4961270163444516, 2.655064075814224], "lower": [2.338235918126876, 2.4131419384182085], "upper": [2.751956690765771, 3.0256259280053928]}, "19": {"Atom 1": "(46,)", "Atom 2": "(48, 49)", "NMR exp": 0.0, "lower bound": 2.95, "upper bound": 3.1, "md": [2.4961270163444516, 2.655064075814224], "lower": [2.338235918126876, 2.4131419384182085], "upper": [2.751956690765771, 3.0256259280053928]}, "20": {"Atom 1": "(78,)", "Atom 2": "(46,)", "NMR exp": 0.0, "lower bound": 3.0, "upper bound": 3.1, "md": [4.140053226202678], "lower": [2.9127899664214345], "upper": [4.42497808618102]}, "21": {"Atom 1": "(78,)", "Atom 2": "(80, 81)", "NMR exp": 0.0, "lower bound": 2.21, "upper bound": 2.38, "md": [2.575615356684722, 2.236980397786877], "lower": [2.3382516901837054, 2.1522661979062385], "upper": [2.8489048270127046, 2.853024740422002]}, "22": {"Atom 1": "(78,)", "Atom 2": "(80, 81)", "NMR exp": 0.0, "lower bound": 2.59, "upper bound": 2.89, "md": [2.575615356684722, 2.236980397786877], "lower": [2.3382516901837054, 2.1522661979062385], "upper": [2.8489048270127046, 2.853024740422002]}}, "49a": {"0": {"Atom 1": "(1,)", "Atom 2": "(3,)", "NMR exp": 0.0, "lower bound": 2.7600000000000002, "upper bound": 2.7800000000000002, "md": [3.1709874866584116], "lower": [2.932772857317814], "upper": [3.1908435779664135]}, "1": {"Atom 1": "(1,)", "Atom 2": "(5, 6)", "NMR exp": 0.0, "lower bound": 3.1, "upper bound": 4.0600000000000005, "md": [2.861528065534045, 2.9994382889012434], "lower": [2.471025440386179, 2.627925808804321], "upper": [3.508054518257026, 3.6253843826225682]}, "2": {"Atom 1": "(1,)", "Atom 2": "(74,)", "NMR exp": 0.0, "lower bound": 3.6, "upper bound": 3.8000000000000003, "md": [3.583814018724347], "lower": [3.3424398217670652], "upper": [4.082014197482285]}, "3": {"Atom 1": "(1,)", "Atom 2": "(80, 81)", "NMR exp": 0.0, "lower bound": 3.1, "upper bound": 4.2, "md": [3.238355036598232, 3.1685740161972515], "lower": [3.027666369101312, 2.776209916533218], "upper": [3.5069579299871947, 3.402740267223664]}, "4": {"Atom 1": "(3,)", "Atom 2": "(5, 6)", "NMR exp": 0.0, "lower bound": 2.4, "upper bound": 3.34, "md": [2.5541447560975046, 2.503255135858391], "lower": [2.3869182161962876, 2.3477405829892044], "upper": [2.929225721865353, 2.9443619587191674]}, "5": {"Atom 1": "(3,)", "Atom 2": "(8, 9)", "NMR exp": 0.0, "lower bound": 2.85, "upper bound": 3.84, "md": [2.711835032553571, 2.7236861446291885], "lower": [2.431363620214566, 2.398527170113901], "upper": [3.3878250229594293, 3.4922507925156405]}, "6": {"Atom 1": "(25,)", "Atom 2": "(27, 28)", "NMR exp": 0.0, "lower bound": 2.44, "upper bound": 2.7, "md": [2.380835667671777, 2.142215552879995], "lower": [2.250759434885532, 2.0837694468823162], "upper": [2.75230658981049, 2.8956981130073998]}, "7": {"Atom 1": "(32,)", "Atom 2": "(34,)", "NMR exp": 0.0, "lower bound": 2.72, "upper bound": 2.84, "md": [2.8812570467128897], "lower": [2.7920582935320253], "upper": [2.9671667145341116]}, "8": {"Atom 1": "(32,)", "Atom 2": "(36, 37)", "NMR exp": 0.0, "lower bound": 2.52, "upper bound": 3.42, "md": [2.6977965440114633, 2.93109121428599], "lower": [2.3783045957889715, 2.5134537066665255], "upper": [3.524276190033481, 3.4892352424757602]}, "9": {"Atom 1": "(32,)", "Atom 2": "(44,)", "NMR exp": 0.0, "lower bound": 2.4, "upper bound": 2.57, "md": [2.3834405311536373], "lower": [2.170181885751766], "upper": [2.7605750217032243]}, "10": {"Atom 1": "(34,)", "Atom 2": "(36, 37)", "NMR exp": 0.0, "lower bound": 2.49, "upper bound": 3.39, "md": [2.6447314608655432, 2.416718763427256],