{"cis": {"stat": {"0": "MAE", "1": "MSE", "2": "RMSD", "3": "RMSD_step", "4": "pearsonr", "5": "kendalltau", "6": "chisq", "7": "percentage_fulfilled"}, "value": {"0": 0.19035758288747534, "1": -0.09617121947669868, "2": 0.22730107287813414, "3": 0.08540822687183772, "4": 0.7765158505658738, "5": 0.49801192055599736, "6": 0.4318189930667744, "7": 0.17391304347826086}, "up": {"0": 0.24383781428024404, "1": -0.010978792326213523, "2": 0.27689192352287856, "3": 0.1032568820707702, "4": 0.9038768722821114, "5": 0.695887701683874, "6": 0.6377500194863926, "7": 0.0}, "low": {"0": 0.14178413933398387, "1": 0.0, "2": 0.17452931944953595, "3": 0.06526576058183878, "4": 0.5314131546456125, "5": 0.27387967009790803, "6": 0.2588248962949303, "7": 0.0}, "most-populated-1": {"0": 0.2711163777890413, "1": -0.017326398932415624, "2": 0.4007385872082455, "3": 0.14530857969622218, "4": NaN, "5": NaN, "6": NaN, "7": 0.2608695652173913}}, "trans": {"stat": {"0": "MAE", "1": "MSE", "2": "RMSD", "3": "RMSD_step", "4": "pearsonr", "5": "kendalltau", "6": "chisq", "7": "percentage_fulfilled"}, "value": {"0": 0.23100449138439583, "1": -0.1321444363451877, "2": 0.3130511183431236, "3": 0.14530857969622218, "4": 0.7627845551532741, "5": 0.5217391304347826, "6": 0.7318436318173881, "7": 0.5833333333333334}, "up": {"0": 0.31834959180306416, "1": -0.021085851105797686, "2": 0.3992640293615824, "3": 0.22525980366657605, "4": 0.9036452453929814, "5": 0.7969924812030076, "6": 1.179588130104061, "7": 0.0}, "low": {"0": 0.15133597037417668, "1": 0.0, "2": 0.21390901558450362, "3": 0.025839548791652525, "4": 0.4891222870919783, "5": 0.16666666666666666, "6": 0.34801946662827093, "7": 0.0}, "most-populated-1": {"0": 0.22270118792851754, "1": -0.05457360188166314, "2": 0.29244619171062913, "3": 0.14530857969622218, "4": NaN, "5": NaN, "6": NaN, "7": 0.5}}}