{"minimum_sasa": 8.771417198181176, "minimum_psa": 6.6985570812225115}