{"minimum_sasa": 6.939392929077144, "minimum_psa": 5.2853349685669}