{"single": {"stat": {"0": "MAE", "1": "MSE", "2": "RMSD", "3": "pearsonr", "4": "kendalltau", "5": "chisq", "6": "percentage_fulfilled"}, "value": {"0": 0.6176054393740255, "1": 0.5007158140863912, "2": 0.8128999246625285, "3": 0.2913850042663687, "4": 0.18221301003953583, "5": 6.616564513454042, "6": 0.5909090909090909}, "up": {"0": 0.8564083947314116, "1": 0.777162729537573, "2": 1.10818266227011, "3": 0.6816959188148671, "4": 0.5117583408325245, "5": 13.173299155925996, "6": 0.0}, "low": {"0": 0.4153758857931757, "1": 0.2450925901376505, "2": 0.5196007042821248, "3": 0.0, "4": 0.0, "5": 2.3558428260761426, "6": 0.0}, "most-populated-1": {"0": 0.6575844573974607, "1": 0.49276918671347864, "2": 0.8184113695825387, "3": NaN, "4": NaN, "5": NaN, "6": 0.5909090909090909}}}