{"single": {"stat": {"0": "MAE", "1": "MSE", "2": "RMSD", "3": "RMSD_step", "4": "pearsonr", "5": "kendalltau", "6": "chisq", "7": "percentage_fulfilled"}, "value": {"0": 0.6176054393740255, "1": 0.5007158140863912, "2": 0.8128999246625285, "3": 0.3225537305487399, "4": 0.2913850042663687, "5": 0.18221301003953583, "6": 6.616564513454042, "7": 0.5909090909090909}, "up": {"0": 0.8634347257403454, "1": 0.7877948551326196, "2": 1.104020275042132, "3": 0.5195249140053034, "4": 0.6820550822303091, "5": 0.5079436418139063, "6": 13.102733302715844, "7": 0.0}, "low": {"0": 0.4162031098361614, "1": 0.2480695620312974, "2": 0.5167946085953401, "3": 0.11877738613876192, "4": 0.0, "5": 0.0, "6": 2.356095959470964, "7": 0.0}, "most-populated-1": {"0": 0.6575844573974607, "1": 0.49276918671347864, "2": 0.8184113695825387, "3": 0.3225537305487399, "4": NaN, "5": NaN, "6": NaN, "7": 0.5909090909090909}}}