{"single": {"fulfil": {"best": 0.9722222222222222, "random": [0.8347222222222221, 0.8583333333333334, 0.8374999999999998, 0.85, 0.8805555555555555], "low_energy": [0.8194444444444444, 0.8333333333333334, 0.8472222222222222, 0.8194444444444444, 0.8888888888888888], "LICUV": [0.9722222222222222, 0.9305555555555556, 0.9166666666666666, 0.8888888888888888, 0.9027777777777778], "NAMFIS": [0.8611111111111112, 0.9027777777777778, 0.9027777777777778, 0.9027777777777778, 0.9027777777777778]}, "rmsd": {"best": 0.7098208700827456, "random": [1.3565205595222982, 1.104581805255312, 1.157679897271718, 1.1645674809618094, 1.1134249767363298], "low_energy": [1.2966097561645198, 1.0520425816314254, 1.0978953289447726, 1.170923260167041, 1.0928723312157487], "LICUV": [0.8372217688992862, 0.8815237174790573, 0.8849651208425497, 0.9703865312605466, 1.020255544425123], "NAMFIS": [0.8375246125895329, 0.7905834799476592, 0.812737004235855, 0.8181007252337218, 0.8181007252360724]}, "rmsd_stepwise": {"best": 0.2666666666666666, "random": [0.6251609237252851, 0.5834927614836734, 0.6281649070455282, 0.6077261506079632, 0.5377095989926388], "low_energy": [0.6446359868604571, 0.6164414002968975, 0.6128258770283411, 0.6683312551921139, 0.5185449728701348], "LICUV": [0.2666666666666666, 0.402768199119819, 0.44472213547087774, 0.5185449728701348, 0.4830458915396479], "NAMFIS": [0.5557777333511021, 0.4830458915396479, 0.4830458915396479, 0.4830458915396479, 0.4830458915396479]}, "mae": {"best": 0.5310453275839486, "random": [0.911625904838244, 0.8386754342120893, 0.9047052645624193, 0.9510635270286976, 0.9488735794807818], "low_energy": [0.9076601558261446, 0.836185319859818, 0.9115502678236065, 1.0143075429371022, 0.9122081620698022], "LICUV": [0.5680503196186488, 0.6905774452082203, 0.7082586135933184, 0.8138778011262034, 0.859537675015178], "NAMFIS": [0.6054046604368422, 0.6205143538688478, 0.6409785179366454, 0.6509400364178229, 0.6509400364234789]}, "bundle-size": [1, 3, 5, 10, 30]}}