{"single": {"fulfil": {"best": 0.7638888888888888, "random": [0.6152777777777778, 0.6638888888888889, 0.6166666666666666, 0.6722222222222223, 0.6902777777777778], "low_energy": [0.6527777777777778, 0.6388888888888888, 0.6666666666666666, 0.7083333333333334, 0.7638888888888888], "LICUV": [0.7638888888888888, 0.7361111111111112, 0.7916666666666666, 0.75, 0.8055555555555556], "NAMFIS": [0.6944444444444444, 0.7222222222222222, 0.7222222222222222, 0.7222222222222222, 0.7222222222222222]}, "rmsd": {"best": 1.355797915565559, "random": [2.217394530464526, 1.9895054832668038, 1.7528462774054308, 1.6441766457536187, 1.5208054233644228], "low_energy": [1.566233211600524, 1.6847311709475479, 1.4535236784523289, 1.4724201566092574, 1.475292557422624], "LICUV": [1.9535179382261714, 1.5154510658239413, 1.3996054901336108, 1.3837765590230733, 1.2301466997754946], "NAMFIS": [1.355797915565559, 1.2463321781233812, 1.2281637576201136, 1.22816375760771, 1.2281637575984448]}, "mae": {"best": 1.035994713836246, "random": [1.5525953510734767, 1.4282452262290894, 1.334550249223444, 1.2762141931858604, 1.2246811200192254], "low_energy": [1.1629146324263677, 1.2361927097646785, 1.1149042981383386, 1.135133610924854, 1.1682209376067791], "LICUV": [1.4143544044759535, 1.16523745862471, 1.072143015236069, 1.1175012038756835, 0.9680947940858204], "NAMFIS": [1.035994713836246, 0.9697865992938305, 0.9767004742916277, 0.976700474295285, 0.9767004743194609]}, "bundle-size": [1, 3, 5, 10, 30]}}