{"single": {"fulfil": {"best": 0.9722222222222222, "random": [0.8430555555555556, 0.8486111111111111, 0.8625, 0.8625, 0.8972222222222224], "low_energy": [0.8194444444444444, 0.8333333333333334, 0.8472222222222222, 0.8194444444444444, 0.8888888888888888], "LICUV": [0.9722222222222222, 0.9305555555555556, 0.9166666666666666, 0.8888888888888888, 0.9027777777777778], "NAMFIS": [0.8611111111111112, 0.9027777777777778, 0.9027777777777778, 0.9027777777777778, 0.9027777777777778]}, "rmsd": {"best": 0.7098208700827456, "random": [1.497336363739586, 1.2454030354089638, 1.0773747105256632, 1.09858673692098, 1.0787475779882019], "low_energy": [1.2966097561645198, 1.0520425816314254, 1.0978953289447726, 1.170923260167041, 1.0928723312157487], "LICUV": [0.8372217688992862, 0.8815237174790573, 0.8849651208425497, 0.9703865312605466, 1.020255544425123], "NAMFIS": [0.8375246125895329, 0.7905834747782114, 0.8127361836528332, 0.8181228848503923, 0.8181228848658805]}, "mae": {"best": 0.5310453275839486, "random": [0.9584521063499979, 0.922067995655385, 0.8545131544392215, 0.9176139551305977, 0.9226499528159916], "low_energy": [0.9076601558261446, 0.836185319859818, 0.9115502678236065, 1.0143075429371022, 0.9122081620698022], "LICUV": [0.5680503196186488, 0.6905774452082203, 0.7082586135933184, 0.8138778011262034, 0.859537675015178], "NAMFIS": [0.6054046604368422, 0.6205141923426516, 0.6409766717551331, 0.6509749044448827, 0.6509749044994603]}, "bundle-size": [1, 3, 5, 10, 30]}}