{"single": {"fulfil": {"best": 0.9722222222222222, "random": [0.8597222222222223, 0.8430555555555556, 0.8638888888888889, 0.8583333333333334, 0.8847222222222223], "low_energy": [0.8194444444444444, 0.8333333333333334, 0.8472222222222222, 0.8194444444444444, 0.8888888888888888], "LICUV": [0.9722222222222222, 0.9305555555555556, 0.9166666666666666, 0.8888888888888888, 0.9027777777777778], "NAMFIS": [0.8611111111111112, 0.9027777777777778, 0.9027777777777778, 0.9027777777777778, 0.9027777777777778]}, "rmsd": {"best": 0.7098208700827456, "random": [1.274627626959941, 1.165674720032474, 1.0946943101930195, 1.10218184745185, 1.1035066519447545], "low_energy": [1.2966097561645198, 1.0520425816314254, 1.0978953289447726, 1.170923260167041, 1.0928723312157487], "LICUV": [0.8372217688992862, 0.8815237174790573, 0.8849651208425497, 0.9703865312605466, 1.020255544425123], "NAMFIS": [0.8375246125895329, 0.7905846072420551, 0.8127385328532564, 0.8181472388880012, 0.8181472388975062]}, "mae": {"best": 0.5310453275839486, "random": [0.8627720014254251, 0.8606120244475187, 0.8681163428108997, 0.917460730231529, 0.9429883006128105], "low_energy": [0.9076601558261446, 0.836185319859818, 0.9115502678236065, 1.0143075429371022, 0.9122081620698022], "LICUV": [0.5680503196186488, 0.6905774452082203, 0.7082586135933184, 0.8138778011262034, 0.859537675015178], "NAMFIS": [0.6054046604368422, 0.6205149399073913, 0.6409796987125205, 0.651014880574434, 0.6510148806028889]}, "bundle-size": [1, 3, 5, 10, 30]}}