{"minimum_sasa": 8.858830451965332, "minimum_psa": 7.457047939300537}