{"cis": {"fulfil": {"best": 0.6666666666666666, "random": [0.5666666666666667, 0.6179487179487179, 0.6384615384615385, 0.6666666666666667, 0.6666666666666667], "low_energy": [0.6153846153846154, 0.5897435897435898, 0.6410256410256411, 0.6666666666666666, 0.6666666666666666], "LICUV": [0.6666666666666666, 0.6666666666666666, 0.6410256410256411, 0.6666666666666666, 0.6666666666666666], "NAMFIS": [0.6304347826086957, 0.5434782608695652, 0.5434782608695652, 0.5434782608695652, 0.5434782608695652]}, "rmsd": {"best": 1.8407557488476478, "random": [2.2100092811324896, 1.9194062734333184, 1.8850694828976373, 1.8309619541142734, 1.8309619541142734], "low_energy": [1.8407557488476478, 2.018003432985104, 1.9389267852602476, 1.8309619541142734, 1.8309619541142734], "LICUV": [2.0275548363081097, 1.7235663107459165, 1.7759776737162116, 1.8309619541142734, 1.8309619541142734], "NAMFIS": [2.1083353932325712, 2.228383670241966, 2.228383670241966, 2.228383670241966, 2.228383670241966]}, "mae": {"best": 1.2110292982443782, "random": [1.4308750811601294, 1.212745280117613, 1.1734581656027778, 1.1533201115460223, 1.1533201115460223], "low_energy": [1.2110292982443782, 1.2955002466334733, 1.191414304946379, 1.153320111546022, 1.153320111546022], "LICUV": [1.2216125454046782, 1.0746501249464269, 1.1268117481349356, 1.153320111546022, 1.153320111546022], "NAMFIS": [1.4214155603491745, 1.5506425743534962, 1.5506425743534962, 1.5506425743534962, 1.5506425743534962]}, "bundle-size": [1, 3, 5, 10, 30]}, "trans": {"fulfil": {"best": 0.7391304347826086, "random": [0.5847826086956521, 0.5826086956521739, 0.5847826086956522, 0.567391304347826, 0.5891304347826087], "low_energy": [0.5434782608695652, 0.5869565217391305, 0.5652173913043478, 0.6304347826086957, 0.5869565217391305], "LICUV": [0.7391304347826086, 0.717391304347826, 0.7391304347826086, 0.717391304347826, 0.717391304347826], "NAMFIS": [0.5434782608695652, 0.5434782608695652, 0.5652173913043478, 0.5652173913043478, 0.5652173913043478]}, "rmsd": {"best": 1.6710460091548136, "random": [2.1982925764806787, 1.9106572394716672, 1.8600291137721316, 1.8124107191960703, 1.7162190659392482], "low_energy": [2.123544479175557, 2.1205083525734234, 1.9891891307692726, 1.8202785878867473, 1.7157270655701446], "LICUV": [1.8186878036591803, 1.6517849499371804, 1.7039706631910505, 1.656610531332653, 1.6550665638688793], "NAMFIS": [2.6162954546444843, 2.172832005672485, 2.1267581223352474, 2.125006996291971, 2.1250070057750268]}, "mae": {"best": 1.1339896633314048, "random": [1.5119709871126252, 1.2767282563985636, 1.272524708603902, 1.2279868809960657, 1.1561387411057231], "low_energy": [1.537839183600052, 1.450291216234227, 1.3405818075120957, 1.1868978370330958, 1.1797291623011428], "LICUV": [1.19811582731164, 1.077691546780727, 1.0761562604836785, 1.0381136578129213, 1.0062366431501246], "NAMFIS": [1.8327713141234026, 1.5698729660917068, 1.5285878379170088, 1.5265190699126687, 1.5265190762085425]}, "bundle-size": [1, 3, 5, 10, 30]}}