{"single": {"fulfil": {"best": 0.5862068965517241, "random": [0.33103448275862074, 0.4862068965517241, 0.5586206896551724, 0.5896551724137931, 0.6413793103448275], "low_energy": [0.41379310344827586, 0.6206896551724138, 0.4827586206896552, 0.5862068965517241, 0.6896551724137931], "LICUV": [0.5862068965517241, 0.5517241379310345, 0.6206896551724138, 0.6896551724137931, 0.7241379310344828], "NAMFIS": [0.3793103448275862, 0.5862068965517241, 0.5862068965517241, 0.6896551724137931, 0.6896551724137931]}, "rmsd": {"best": 0.41294518465429086, "random": [0.7250791374716519, 0.4543557687150971, 0.4175547720820273, 0.34543762713219167, 0.2641247983078359], "low_energy": [0.6152145929874634, 0.3802054507661719, 0.28249921740068495, 0.2026574581391921, 0.2190145854910614], "LICUV": [0.5441978763625641, 0.3387902702202702, 0.3133345945180199, 0.24986522832829453, 0.20704444708845002], "NAMFIS": [0.48653318288178055, 0.31763362341209694, 0.2422274849139463, 0.20673315262268838, 0.20627005921477715]}, "rmsd_stepwise": {"best": 0.2538598581623469, "random": [0.46327209671968317, 0.3506393920932481, 0.2983287199497803, 0.26525082018477825, 0.2529375821224488], "low_energy": [0.3807252607037403, 0.20838459139541599, 0.34509868653513576, 0.3057269460110466, 0.22148402293121086], "LICUV": [0.28789365852809207, 0.31589500656454483, 0.26173822141927255, 0.2222611077089287, 0.22128932535764437], "NAMFIS": [0.5029464906068966, 0.44589700372511415, 0.3948068056570244, 0.3373783305593804, 0.3373783305593804]}, "mae": {"best": 0.299058675437138, "random": [0.5197914144910614, 0.30754440434906344, 0.2780233346600749, 0.2234544814234681, 0.18973127180879104], "low_energy": [0.449459406425213, 0.2567638086684448, 0.21474468789653242, 0.14673204977239865, 0.17366370932886782], "LICUV": [0.35034210533931326, 0.2191059339377803, 0.22489785650525057, 0.16469668578961455, 0.13892128865859907], "NAMFIS": [0.3230017425274026, 0.2347039113236817, 0.18661310512522308, 0.15603869854474806, 0.1557020585199458]}, "bundle-size": [1, 3, 5, 10, 30]}}