{"single": {"fulfil": {"best": 0.6704545454545454, "random": [0.5511363636363636, 0.6227272727272728, 0.6238636363636363, 0.6636363636363637, 0.6988636363636365], "low_energy": [0.5909090909090909, 0.6704545454545454, 0.6818181818181818, 0.7045454545454546, 0.6931818181818182], "LICUV": [0.6704545454545454, 0.7159090909090909, 0.7386363636363636, 0.7159090909090909, 0.7613636363636364], "NAMFIS": [0.5681818181818182, 0.6590909090909091, 0.6590909090909091, 0.6477272727272727, 0.6477272727272727]}, "rmsd": {"best": 1.955833104581355, "random": [2.787610865547353, 2.1925931729139427, 2.141293601075831, 1.86096018665203, 1.5845493688809338], "low_energy": [2.717047792587113, 1.6658391198458717, 1.6309770170845945, 1.4948449980790939, 1.4828086814193588], "LICUV": [2.1798909528065984, 1.7486310546097292, 1.814273121765543, 1.6442633212691597, 1.4607905389909885], "NAMFIS": [1.966535771404872, 1.7856576126614896, 1.6281897718628429, 1.5767090427520545, 1.5767090402615536]}, "mae": {"best": 1.3574618466875767, "random": [1.929372916302897, 1.5428037587298973, 1.4967043598109708, 1.3070662254883472, 1.1392445668182785], "low_energy": [1.7701427909460927, 1.2333317259640557, 1.2110881856504476, 1.088494844580793, 1.0627254125021286], "LICUV": [1.435827328400178, 1.1926821379910042, 1.201337329437535, 1.114715747338611, 1.0101238869079572], "NAMFIS": [1.3996094695546406, 1.240140775539141, 1.1636603546309987, 1.13529049370984, 1.1352904918963835]}, "bundle-size": [1, 3, 5, 10, 30]}}