{"single": {"fulfil": {"best": 0.8977272727272727, "random": [0.7909090909090908, 0.8420454545454545, 0.846590909090909, 0.8761363636363637, 0.9181818181818182], "low_energy": [0.7386363636363636, 0.8181818181818182, 0.8181818181818182, 0.8863636363636364, 0.9090909090909091], "LICUV": [0.8977272727272727, 0.9204545454545454, 0.9204545454545454, 0.9431818181818182, 0.9431818181818182], "NAMFIS": [0.8295454545454546, 0.9318181818181818, 0.9204545454545454, 0.9318181818181818, 0.9318181818181818]}, "rmsd": {"best": 1.1338939081306614, "random": [1.7819246000508144, 1.3579689030929774, 1.3590665408188254, 1.1207673400783482, 1.0300910300943338], "low_energy": [2.045337280840409, 1.2563845232141782, 1.2734404723137653, 1.059925110777677, 1.0023839296650072], "LICUV": [1.1338939081306614, 1.0532062929385728, 0.9708601448524524, 1.0202311367694286, 0.9561026308309829], "NAMFIS": [1.219411634729049, 0.8820714640656009, 0.8929724597574629, 0.9522309651872979, 0.9522309651683659]}, "mae": {"best": 0.7575578107075256, "random": [1.0844126460227097, 0.9499940337901158, 0.9637365928187064, 0.9018463155538065, 0.8817836656810251], "low_energy": [1.2050628865307025, 0.8725048665954948, 0.9125551802735391, 0.8748110933597644, 0.8638417767838775], "LICUV": [0.7575578107075256, 0.7505076025588157, 0.7608393141023946, 0.840105712066513, 0.8319736955200185], "NAMFIS": [0.7999047596346247, 0.7119828498954052, 0.7270587299638772, 0.8079560923905234, 0.8079560923547983]}, "bundle-size": [1, 3, 5, 10, 30]}}