{"single": {"fulfil": {"best": 0.8977272727272727, "random": [0.7875000000000001, 0.8488636363636365, 0.8590909090909091, 0.875, 0.9147727272727272], "low_energy": [0.7386363636363636, 0.8181818181818182, 0.8181818181818182, 0.8863636363636364, 0.9090909090909091], "LICUV": [0.8977272727272727, 0.9204545454545454, 0.9204545454545454, 0.9431818181818182, 0.9431818181818182], "NAMFIS": [0.8295454545454546, 0.9318181818181818, 0.9204545454545454, 0.9318181818181818, 0.9318181818181818]}, "rmsd": {"best": 1.1338939081306614, "random": [1.9399102889925544, 1.3383769643952013, 1.275342206544958, 1.1433738090942023, 1.027947183085666], "low_energy": [2.045337280840409, 1.2563845232141782, 1.2734404723137653, 1.059925110777677, 1.0023839296650072], "LICUV": [1.1338939081306614, 1.0532062929385728, 0.9708601448524524, 1.0202311367694286, 0.9561026308309829], "NAMFIS": [1.219411634729049, 0.8820679021144155, 0.8929685559243146, 0.9522269333306767, 0.9522269333694194]}, "mae": {"best": 0.7575578107075256, "random": [1.160991806333715, 0.9358267987833768, 0.9266327933726599, 0.910559073084996, 0.8908285564807141], "low_energy": [1.2050628865307025, 0.8725048665954948, 0.9125551802735391, 0.8748110933597644, 0.8638417767838775], "LICUV": [0.7575578107075256, 0.7505076025588157, 0.7608393141023946, 0.840105712066513, 0.8319736955200185], "NAMFIS": [0.7999047596346247, 0.7119822447840206, 0.7270563619732124, 0.8079477399843694, 0.807947739895825]}, "bundle-size": [1, 3, 5, 10, 30]}}