{"single": {"fulfil": {"best": 0.8977272727272727, "random": [0.7840909090909091, 0.8352272727272727, 0.85, 0.8829545454545455, 0.9170454545454545], "low_energy": [0.7386363636363636, 0.8181818181818182, 0.8181818181818182, 0.8863636363636364, 0.9090909090909091], "LICUV": [0.8977272727272727, 0.9204545454545454, 0.9204545454545454, 0.9431818181818182, 0.9431818181818182], "NAMFIS": [0.8295454545454546, 0.9318181818181818, 0.9204545454545454, 0.9318181818181818, 0.9318181818181818]}, "rmsd": {"best": 1.1338939081306614, "random": [1.7214024995516677, 1.3319544262251681, 1.2027502068070877, 1.1676317588959004, 1.052263625784406], "low_energy": [2.045337280840409, 1.2563845232141782, 1.2734404723137653, 1.059925110777677, 1.0023839296650072], "LICUV": [1.1338939081306614, 1.0532062929385728, 0.9708601448524524, 1.0202311367694286, 0.9561026308309829], "NAMFIS": [1.219411634729049, 0.8820674946930882, 0.8929671301684329, 0.9522375820728197, 0.9522375821005686]}, "rmsd_stepwise": {"best": 0.48815515417278393, "random": [0.7127383252455042, 0.6225369159179774, 0.5939800428888568, 0.5209167026751153, 0.43068857540651645], "low_energy": [0.7955129848663118, 0.6551370432623583, 0.6647795259947601, 0.517094153550747, 0.4573888339854235], "LICUV": [0.48815515417278393, 0.4243979693208207, 0.4243979693208207, 0.34918736830220265, 0.34918736830220265], "NAMFIS": [0.6224036982830063, 0.37188096824851696, 0.40912878612530257, 0.3886164269208485, 0.3886164269208485]}, "mae": {"best": 0.7575578107075256, "random": [1.074044149843129, 0.9578038747561433, 0.9155394887622563, 0.9217777220719896, 0.8967113064626835], "low_energy": [1.2050628865307025, 0.8725048665954948, 0.9125551802735391, 0.8748110933597644, 0.8638417767838775], "LICUV": [0.7575578107075256, 0.7505076025588157, 0.7608393141023946, 0.840105712066513, 0.8319736955200185], "NAMFIS": [0.7999047596346247, 0.7119789339912844, 0.7270497999503044, 0.8079697519313025, 0.8079697518667824]}, "bundle-size": [1, 3, 5, 10, 30]}}