{"minimum_sasa": 10.89587116241455, "minimum_psa": 9.553705215454102}