{"single": {"stat": {"0": "MAE", "1": "MSE", "2": "RMSD", "3": "RMSD_step", "4": "pearsonr", "5": "kendalltau", "6": "chisq", "7": "percentage_fulfilled"}, "value": {"0": 0.595195451186414, "1": 0.4646124798539437, "2": 0.7716043765347126, "3": 0.3225537305487399, "4": 0.29851180879671213, "5": 0.2255970600489491, "6": 6.046695239192356, "7": 0.5909090909090909}, "up": {"0": 0.8236815638918714, "1": 0.7361230920886115, "2": 1.0639999462002914, "3": 0.5189049874210943, "4": 0.7090294303218303, "5": 0.5372561823513395, "6": 12.14766326233746, "7": 0.0}, "low": {"0": 0.41346315131242006, "1": 0.22510075078461345, "2": 0.4879282524520524, "3": 0.12105267274439208, "4": 0.0, "5": 0.0, "6": 2.118202785423462, "7": 0.0}, "most-populated-1": {"0": 0.6742494535446165, "1": 0.5516123767332595, "2": 0.8497194137621888, "3": 0.3225537305487399, "4": NaN, "5": NaN, "6": NaN, "7": 0.5909090909090909}}}