{"22": {"0": {"Atom 1": "(3,)", "Atom 2": "(26,)", "NMR exp": 3.19, "lower bound": 0.0, "upper bound": 3.5100000000000002, "md": [4.265920775115837], "lower": [3.80427907382686], "upper": [4.7111710940093605]}, "1": {"Atom 1": "(3,)", "Atom 2": "(13, 14)", "NMR exp": 1.83, "lower bound": 0.0, "upper bound": 3.16, "md": [4.746938458040742, 4.142468672427602], "lower": [4.6027326967591575, 3.9215801869623315], "upper": [4.902346023751579, 4.386988460214177]}, "2": {"Atom 1": "(22,)", "Atom 2": "(26,)", "NMR exp": 2.93, "lower bound": 0.0, "upper bound": 3.22, "md": [3.414399787413965], "lower": [3.2684399356303255], "upper": [3.5576205514916714]}, "3": {"Atom 1": "(19, 20)", "Atom 2": "(26,)", "NMR exp": 2.73, "lower bound": 0.0, "upper bound": 4.2700000000000005, "md": [3.7185542227487978, 4.422265662167446], "lower": [3.3513172145012793, 4.230169186080271], "upper": [4.110966237550985, 4.620503725306966]}, "4": {"Atom 1": "(16, 17)", "Atom 2": "(26,)", "NMR exp": 2.71, "lower bound": 0.0, "upper bound": 4.24, "md": [2.969242403997509, 4.35182795361441], "lower": [2.5928540322487983, 4.05081520952713], "upper": [3.7615751983881247, 4.737001342963011]}, "5": {"Atom 1": "(13, 14)", "Atom 2": "(26,)", "NMR exp": 2.63, "lower bound": 0.0, "upper bound": 4.14, "md": [2.263666121234971, 3.7252100347223203], "lower": [2.0101204258475973, 3.519737970756836], "upper": [2.740157768343544, 4.009949181890844]}, "6": {"Atom 1": "(47,)", "Atom 2": "(59,)", "NMR exp": 2.57, "lower bound": 0.0, "upper bound": 2.83, "md": [3.505086389537092], "lower": [3.4177754787268415], "upper": [3.601944096641797]}, "7": {"Atom 1": "(49,)", "Atom 2": "(59,)", "NMR exp": 3.39, "lower bound": 0.0, "upper bound": 3.73, "md": [3.6136815010298005], "lower": [3.2715113285998467], "upper": [3.8990866424365396]}, "8": {"Atom 1": "(61,)", "Atom 2": "(1,)", "NMR exp": 2.17, "lower bound": 0.0, "upper bound": 2.39, "md": [3.4261296865028568], "lower": [3.1070776657321453], "upper": [3.583748262191571]}, "9": {"Atom 1": "(1,)", "Atom 2": "(3,)", "NMR exp": 2.6, "lower bound": 0.0, "upper bound": 2.86, "md": [2.941453429346093], "lower": [2.855371931889806], "upper": [3.009595267323096]}, "10": {"Atom 1": "(1,)", "Atom 2": "(5, 6)", "NMR exp": 2.37, "lower bound": 0.0, "upper bound": 3.83, "md": [2.7955114318185657, 3.4886330432620167], "lower": [2.5450182966389505, 3.1550398374219495], "upper": [3.5741669315031563, 3.8036335505153076]}, "11": {"Atom 1": "(16, 17)", "Atom 2": "(13, 14)", "NMR exp": 1.73, "lower bound": 0.0, "upper bound": 4.19, "md": [2.2825803106014, 2.874249512763873, 2.8315611284068813, 2.2789228722242116], "lower": [2.175677952614936, 2.7310595877816253, 2.7242915801096323, 2.1736951909455904], "upper": [2.41120396964604, 2.9886564999908933, 2.9597144020845416, 2.404534622627618]}, "12": {"Atom 1": "(26,)", "Atom 2": "(28,)", "NMR exp": 2.31, "lower bound": 0.0, "upper bound": 2.54, "md": [2.855835248551903], "lower": [2.747590693117616], "upper": [2.95601833032795]}, "13": {"Atom 1": "(28,)", "Atom 2": "(35, 36, 37, 39, 40, 41)", "NMR exp": 3.23, "lower bound": 0.0, "upper bound": 6.99, "md": [3.0509559747866373, 3.040779674632368, 3.042992411591751, 2.9356681463628713, 2.9261638262139353, 2.8876706794514537], "lower": [2.4377111460517096, 2.4349886027292573, 2.4330270604465842, 2.3804397502123855, 2.376346369217036, 2.364221237479172], "upper": [4.461930774847907, 4.458477114786265, 4.461085196865776, 4.385780908425636, 4.383718912283866, 4.372616311295209]}, "14": {"Atom 1": "(45,)", "Atom 2": "(50,)", "NMR exp": 2.75, "lower bound": 0.0, "upper bound": 3.02, "md": [2.484411302969657], "lower": [2.335177539556677], "upper": [2.791427003243402]}, "15": {"Atom 1": "(45,)", "Atom 2": "(49,)", "NMR exp": 3.02, "lower bound": 0.0, "upper bound": 3.3200000000000003, "md": [2.746392045938237], "lower": [2.5390128816313102], "upper": [3.0531762061706904]}, "16": {"Atom 1": "(47,)", "Atom 2": "(50,)", "NMR exp": 2.2600000000000002, "lower bound": 0.0, "upper bound": 2.49, "md": [3.004140147013721], "lower": [2.8330585229012755], "upper": [3.084791469883893]}, "17": {"Atom 1": "(47,)", "Atom 2": "(49,)", "NMR exp": 2.11, "lower bound": 0.0, "upper bound": 2.32, "md": [2.4735275532119], "lower": [2.357767924696825], "upper": [2.640614366950461]}, "18": {"Atom 1": "(50,)", "Atom 2": "(54, 55)", "NMR exp": 2.6, "lower bound": 0.0, "upper bound": 6.0600000000000005, "md": [3.499543534670967, 2.2481618704133237], "lower": [3.4052917906927407, 2.123111666994234], "upper": [3.624690570419391, 2.4743480104432836]}, "19": {"Atom 1": "(49,)", "Atom 2": "(54, 55)", "NMR exp": 3.31, "lower bound": 0.0, "upper bound": 7.11, "md": [3.9752878630019257, 3.3256791279784146], "lower": [3.846793631479683, 3.0162469870894624], "upper": [4.079594064488235, 3.5204160499381376]}, "20": {"Atom 1": "(59,)", "Atom 2": "(63, 64)", "NMR exp": 2.49, "lower bound": 0.0, "upper bound": 3.98, "md": [3.7278979620279116, 3.3292859056036788], "lower": [3.3256282281652156, 3.0887664487218167], "upper": [3.9355316143709396, 3.5564193689666768]}, "21": {"Atom 1": "(61,)", "Atom 2": "(63, 64)", "NMR exp": 2.08, "lower bound": 0.0, "upper bound": 3.47, "md": [2.474945014010855, 2.378048086921989], "lower": [2.3683681321215615, 2.2716966420087976], "upper": [2.616905978902602, 2.5390191835215123]}}}