{"single": {"stat": {"0": "MAE", "1": "MSE", "2": "RMSD", "3": "pearsonr", "4": "kendalltau", "5": "chisq", "6": "percentage_fulfilled"}, "value": {"0": 0.5067578617922689, "1": 0.11720290692641955, "2": 0.7380710756707154, "3": 0.19875446903969815, "4": 0.2082434400451838, "5": 5.35227347207605, "6": 0.7727272727272727}, "up": {"0": 0.7518656594873275, "1": 0.4371562469539093, "2": 1.0429194302297193, "3": 0.6795054778201595, "4": 0.5596330275229358, "5": 11.656840160644874, "6": 0.0}, "low": {"0": 0.3036215920423228, "1": 0.0, "2": 0.4206840505871669, "3": 0.0, "4": 0.0, "5": 1.4962863502867547, "6": 0.0}, "most-populated-1": {"0": 0.6742494535446165, "1": 0.5516123767332595, "2": 0.8497194137621888, "3": NaN, "4": NaN, "5": NaN, "6": 0.5909090909090909}}}