{"single": {"fulfil": {"best": 0.9104477611940298, "random": [0.809452736318408, 0.8467661691542288, 0.8696517412935323, 0.8860696517412935, 0.9243781094527364], "low_energy": [0.8308457711442786, 0.8656716417910447, 0.8905472636815921, 0.9054726368159204, 0.9353233830845771], "LICUV": [0.9104477611940298, 0.9353233830845771, 0.9552238805970149, 0.9402985074626866, 0.9502487562189055], "NAMFIS": [0.845771144278607, 0.9402985074626866, 0.9353233830845771, 0.945273631840796, 0.945273631840796]}, "rmsd": {"best": 1.010257710183077, "random": [1.652348705176458, 1.2503113988140704, 1.1234192459918013, 0.9900737913851888, 0.8316421686938243], "low_energy": [1.4396257486012514, 1.2870230182117193, 0.9641573346008309, 0.8831899251521634, 0.7905781314145321], "LICUV": [1.010257710183077, 0.8856954267820742, 0.7467798262243026, 0.7754824083368008, 0.7518018689349404], "NAMFIS": [1.1148138290433478, 0.7468866116417362, 0.7633752006807752, 0.7482394171091857, 0.7482394170046599]}, "mae": {"best": 0.6736349679937409, "random": [1.013992732792944, 0.8302370906566455, 0.7821522664470619, 0.723570862803807, 0.6514579602788668], "low_energy": [0.9054617371725203, 0.8596273248044739, 0.7162825199141447, 0.6604530180386974, 0.6178565359621665], "LICUV": [0.6736349679937409, 0.6260470046731469, 0.5728953990506773, 0.5901358205107893, 0.5990313688948643], "NAMFIS": [0.7693645758415333, 0.5861678315011064, 0.6002257535462058, 0.5853978615291431, 0.5853978614689826]}, "bundle-size": [1, 3, 5, 10, 30]}}