{"single": {"fulfil": {"best": 0.9104477611940298, "random": [0.8029850746268657, 0.8383084577114428, 0.8756218905472636, 0.8905472636815921, 0.9228855721393036], "low_energy": [0.8308457711442786, 0.8656716417910447, 0.8905472636815921, 0.9054726368159204, 0.9353233830845771], "LICUV": [0.9104477611940298, 0.9353233830845771, 0.9552238805970149, 0.9402985074626866, 0.9502487562189055], "NAMFIS": [0.845771144278607, 0.9402985074626866, 0.9353233830845771, 0.945273631840796, 0.945273631840796]}, "rmsd": {"best": 1.010257710183077, "random": [1.6748600448331459, 1.2056273924977685, 1.1008648362946274, 0.9403095645423798, 0.8444919134682498], "low_energy": [1.4396257486012514, 1.2870230182117193, 0.9641573346008309, 0.8831899251521634, 0.7905781314145321], "LICUV": [1.010257710183077, 0.8856954267820742, 0.7467798262243026, 0.7754824083368008, 0.7518018689349404], "NAMFIS": [1.1148138290433478, 0.7468991518257645, 0.7633800586307429, 0.7482117370822053, 0.7482117370194176]}, "mae": {"best": 0.6736349679937409, "random": [1.0194062237122756, 0.8274986912350887, 0.7603469164779616, 0.7054213236616382, 0.6662402990753038], "low_energy": [0.9054617371725203, 0.8596273248044739, 0.7162825199141447, 0.6604530180386974, 0.6178565359621665], "LICUV": [0.6736349679937409, 0.6260470046731469, 0.5728953990506773, 0.5901358205107893, 0.5990313688948643], "NAMFIS": [0.7693645758415333, 0.5861727084833401, 0.6002410723233097, 0.5854431231582963, 0.585443123110875]}, "bundle-size": [1, 3, 5, 10, 30]}}