{"single": {"fulfil": {"best": 0.6567164179104478, "random": [0.5771144278606964, 0.6228855721393035, 0.6412935323383084, 0.6751243781094527, 0.6970149253731343], "low_energy": [0.5771144278606966, 0.6019900497512438, 0.5970149253731343, 0.6019900497512438, 0.6666666666666666], "LICUV": [0.6567164179104478, 0.7064676616915423, 0.7114427860696517, 0.746268656716418, 0.7761194029850746], "NAMFIS": [0.5870646766169154, 0.6716417910447762, 0.6517412935323383, 0.6915422885572139, 0.6915422885572139]}, "rmsd": {"best": 1.6736968446509304, "random": [2.2659004617091343, 1.8263148813942967, 1.7365056829998953, 1.5677986871213037, 1.459145276966613], "low_energy": [2.204426051698684, 1.8661258513126928, 1.8598702470875799, 1.8149665117511995, 1.4952744251058014], "LICUV": [1.9010310246882813, 1.625290905584398, 1.4807333340490905, 1.356500688153736, 1.3436859874357694], "NAMFIS": [2.1103151572786203, 1.46304395040498, 1.4185603851535655, 1.3409411092668573, 1.339195537501922]}, "mae": {"best": 1.2734616461084847, "random": [1.576733743966515, 1.360971649096848, 1.29819853042912, 1.209787491589868, 1.1469012740393005], "low_energy": [1.5750245146490442, 1.3685171011768202, 1.369111970013397, 1.3361354984607394, 1.1710900538217939], "LICUV": [1.3662475584751335, 1.1995381949975426, 1.135134389957109, 1.0450383325339474, 1.0465486933650392], "NAMFIS": [1.4773615841841812, 1.137709755301845, 1.1303903488805966, 1.0635693033480256, 1.0616448161079317]}, "bundle-size": [1, 3, 5, 10, 30]}}