{"single": {"fulfil": {"best": 0.9104477611940298, "random": [0.7925373134328358, 0.8532338308457712, 0.862686567164179, 0.8716417910447761, 0.916915422885572], "low_energy": [0.8308457711442786, 0.8656716417910447, 0.8905472636815921, 0.9054726368159204, 0.9353233830845771], "LICUV": [0.9104477611940298, 0.9353233830845771, 0.9552238805970149, 0.9402985074626866, 0.9502487562189055], "NAMFIS": [0.845771144278607, 0.9402985074626866, 0.9353233830845771, 0.945273631840796, 0.945273631840796]}, "rmsd": {"best": 1.010257710183077, "random": [1.799721772515777, 1.1509357146564148, 1.1572349744170316, 1.0486809115572604, 0.8650079437154817], "low_energy": [1.4396257486012514, 1.2870230182117193, 0.9641573346008309, 0.8831899251521634, 0.7905781314145321], "LICUV": [1.010257710183077, 0.8856954267820742, 0.7467798262243026, 0.7754824083368008, 0.7518018689349404], "NAMFIS": [1.1148138290433478, 0.746901734954857, 0.7633871340022916, 0.7482099254274315, 0.7482099252128803]}, "rmsd_stepwise": {"best": 0.457605709180542, "random": [0.7077110722164865, 0.5988906531029572, 0.5785391373211188, 0.5614783285399587, 0.44807353985605813], "low_energy": [0.6427939635699684, 0.5789422504475155, 0.5141287369997471, 0.4813434764163291, 0.39404775324926794], "LICUV": [0.457605709180542, 0.3889646929199467, 0.32545414117806243, 0.37964371881256087, 0.3421471563770702], "NAMFIS": [0.5871340291272547, 0.34561935177071307, 0.36357812740368217, 0.33509484808622514, 0.33509484808622514]}, "mae": {"best": 0.6736349679937409, "random": [1.0964751584019825, 0.798764437472843, 0.7993700620942713, 0.7638515797676689, 0.6721482361813764], "low_energy": [0.9054617371725203, 0.8596273248044739, 0.7162825199141447, 0.6604530180386974, 0.6178565359621665], "LICUV": [0.6736349679937409, 0.6260470046731469, 0.5728953990506773, 0.5901358205107893, 0.5990313688948643], "NAMFIS": [0.7693645758415333, 0.5861795920906646, 0.6002442576023571, 0.5854136476273804, 0.5854136474655428]}, "bundle-size": [1, 3, 5, 10, 30]}}