{"minimum_sasa": 11.585143089294434, "minimum_psa": 10.145625114440918}