{"52b": {"0": {"Atom 1": "(15,)", "Atom 2": "(19, 20)", "NMR exp": 2.6, "lower bound": 1.6, "upper bound": 3.8, "md": [2.708404364638457, 2.86866618841716], "lower": [2.4183133116883155, 2.544134824946332], "upper": [3.4135688211664514, 3.5633265710672912]}, "1": {"Atom 1": "(15,)", "Atom 2": "(19, 20)", "NMR exp": 2.6, "lower bound": 1.6, "upper bound": 3.8, "md": [2.708404364638457, 2.86866618841716], "lower": [2.4183133116883155, 2.544134824946332], "upper": [3.4135688211664514, 3.5633265710672912]}, "2": {"Atom 1": "(15,)", "Atom 2": "(59,)", "NMR exp": 2.7, "lower bound": 1.7, "upper bound": 3.7, "md": [3.7691361478069965], "lower": [3.251592039092726], "upper": [4.436050917881195]}, "3": {"Atom 1": "(15,)", "Atom 2": "(11,)", "NMR exp": 3.4, "lower bound": 1.9, "upper bound": 4.2, "md": [3.2787863982289536], "lower": [2.456540357493598], "upper": [3.593048506489614]}, "4": {"Atom 1": "(26,)", "Atom 2": "(17,)", "NMR exp": 2.1, "lower bound": 1.5, "upper bound": 3.1, "md": [2.2513592703175145], "lower": [2.1045346445183797], "upper": [2.484295926010958]}, "5": {"Atom 1": "(26,)", "Atom 2": "(28,)", "NMR exp": 2.1, "lower bound": 1.5, "upper bound": 3.1, "md": [2.897333214141772], "lower": [2.806825729143703], "upper": [2.97861369102053]}, "6": {"Atom 1": "(45,)", "Atom 2": "(28,)", "NMR exp": 2.0, "lower bound": 1.5, "upper bound": 3.0, "md": [2.200964668236751], "lower": [2.0607432670965506], "upper": [2.8699529921424967]}, "7": {"Atom 1": "(45,)", "Atom 2": "(47,)", "NMR exp": 3.4, "lower bound": 2.7, "upper bound": 4.2, "md": [2.812993665414197], "lower": [2.412048902257571], "upper": [2.955080236546236]}, "8": {"Atom 1": "(45,)", "Atom 2": "(49, 50)", "NMR exp": 2.6, "lower bound": 1.6, "upper bound": 3.9, "md": [2.6155191406490856, 2.7059342937432844], "lower": [2.3564557253758553, 2.426568989673571], "upper": [3.2897498551831053, 3.4537857665831817]}, "9": {"Atom 1": "(45,)", "Atom 2": "(49, 50)", "NMR exp": 2.6, "lower bound": 1.6, "upper bound": 3.9, "md": [2.6155191406490856, 2.7059342937432844], "lower": [2.3564557253758553, 2.426568989673571], "upper": [3.2897498551831053, 3.4537857665831817]}, "10": {"Atom 1": "(57,)", "Atom 2": "(45,)", "NMR exp": 3.5, "lower bound": 2.5, "upper bound": 4.5, "md": [2.4713061391123863], "lower": [2.1730551306153787], "upper": [3.436573669509938]}, "11": {"Atom 1": "(57,)", "Atom 2": "(47,)", "NMR exp": 3.0, "lower bound": 2.2, "upper bound": 4.1, "md": [2.9890313827620796], "lower": [2.262594304758935], "upper": [3.573153099999769]}, "12": {"Atom 1": "(57,)", "Atom 2": "(49, 50)", "NMR exp": 3.0, "lower bound": 1.9, "upper bound": 3.7, "md": [2.946869556093023, 2.619991069845318], "lower": [2.456712953768217, 2.24879699861054], "upper": [3.874563973619906, 3.7119301435239143]}, "13": {"Atom 1": "(57,)", "Atom 2": "(49, 50)", "NMR exp": 3.0, "lower bound": 1.9, "upper bound": 3.7, "md": [2.946869556093023, 2.619991069845318], "lower": [2.456712953768217, 2.24879699861054], "upper": [3.874563973619906, 3.7119301435239143]}, "14": {"Atom 1": "(57,)", "Atom 2": "(59,)", "NMR exp": 2.5, "lower bound": 1.7, "upper bound": 3.2, "md": [2.8031029931458393], "lower": [2.5855429450916816], "upper": [2.9463732700462475]}, "15": {"Atom 1": "(57,)", "Atom 2": "(61,)", "NMR exp": 2.5, "lower bound": 1.5, "upper bound": 3.5, "md": [3.0602717608346355], "lower": [2.6482501886145915], "upper": [3.5933703562505133]}, "16": {"Atom 1": "(59,)", "Atom 2": "(61,)", "NMR exp": 2.3, "lower bound": 1.5, "upper bound": 3.3, "md": [2.5111175728955977], "lower": [2.340172121064287], "upper": [2.927512485971837]}, "17": {"Atom 1": "(59,)", "Atom 2": "(11,)", "NMR exp": 1.9, "lower bound": 1.5, "upper bound": 2.6, "md": [2.133389725905399], "lower": [2.0080525812756194], "upper": [2.382725012513727]}}, "52a": {"0": {"Atom 1": "(15,)", "Atom 2": "(17,)", "NMR exp": 3.0, "lower bound": 2.0, "upper bound": 4.0, "md": [2.296484261173694], "lower": [2.1701603923170105], "upper": [2.734759607283929]}, "1": {"Atom 1": "(26,)", "Atom 2": "(17,)", "NMR exp": 2.2, "lower bound": 1.5, "upper bound": 3.2, "md": [2.366028553766848], "lower": [2.167988859245529], "upper": [2.672950497439315]}, "2": {"Atom 1": "(45,)", "Atom 2": "(28,)", "NMR exp": 2.7, "lower bound": 1.7, "upper bound": 3.7, "md": [2.1839985399394126], "lower": [2.064505351615766], "upper": [2.52940405213883]}, "3": {"Atom 1": "(45,)", "Atom 2": "(47,)", "NMR exp": 2.5, "lower bound": 1.5, "upper bound": 3.5, "md": [2.927105507336225], "lower": [2.8421483398105702], "upper": [2.998786642304366]}, "4": {"Atom 1": "(45,)", "Atom 2": "(49, 50)", "NMR exp": 2.8, "lower bound": 1.8, "upper bound": 4.2, "md": [2.710618582862196, 2.6780331136482913], "lower": [2.4181751661925537, 2.4165999304561065], "upper": [3.41777852962388, 3.2590490664785388]}, "5": {"Atom 1": "(45,)", "Atom 2": "(49, 50)", "NMR exp": 2.8, "lower bound": 1.8, "upper bound": 4.2, "md": [2.710618582862196, 2.6780331136482913], "lower": [2.4181751661925537, 2.4165999304561065], "upper": [3.41777852962388, 3.2590490664785388]}, "6": {"Atom 1": "(57,)", "Atom 2": "(47,)", "NMR exp": 2.5, "lower bound": 1.5, "upper bound": 3.5, "md": [3.419290668220195], "lower": [3.067750959475709], "upper": [3.5860269895123826]}, "7": {"Atom 1": "(57,)", "Atom 2": "(49, 50)", "NMR exp": 2.7, "lower bound": 1.7, "upper bound": 3.8, "md": [3.0504420911773553, 2.70721543765046], "lower": [2.5163550117193463, 2.3109920998401874], "upper": [3.818110858729352, 3.6996965552843566]}, "8": {"Atom 1": "(57,)", "Atom 2": "(49, 50)", "NMR exp": 2.7, "lower bound": 1.7, "upper bound": 3.8, "md": [3.0504420911773553, 2.70721543765046], "lower": [2.5163550117193463, 2.3109920998401874], "upper": [3.818110858729352, 3.6996965552843566]}, "9": {"Atom 1": "(57,)", "Atom 2": "(61,)", "NMR exp": 2.6, "lower bound": 1.6, "upper bound": 3.6, "md": [2.959658495872244], "lower": [2.4769737231111955], "upper": [3.641362474010526]}}}