{"52b": {"0": {"Atom 1": "(15,)", "Atom 2": "(19, 20)", "NMR exp": 2.6, "lower bound": 1.6, "upper bound": 3.8, "md": [3.7844484703529697, 2.7421590028184557], "lower": [2.752246264634643, 2.4784095418942176], "upper": [3.9341532191992945, 3.5093776623187867]}, "1": {"Atom 1": "(15,)", "Atom 2": "(19, 20)", "NMR exp": 2.6, "lower bound": 1.6, "upper bound": 3.8, "md": [3.7844484703529697, 2.7421590028184557], "lower": [2.752246264634643, 2.4784095418942176], "upper": [3.9341532191992945, 3.5093776623187867]}, "2": {"Atom 1": "(15,)", "Atom 2": "(59,)", "NMR exp": 2.7, "lower bound": 1.7, "upper bound": 3.7, "md": [3.416560305699062], "lower": [2.983668997900924], "upper": [4.354100669413041]}, "3": {"Atom 1": "(15,)", "Atom 2": "(11,)", "NMR exp": 3.4, "lower bound": 1.9, "upper bound": 4.2, "md": [2.851000224842167], "lower": [2.2573552730213953], "upper": [3.5788440843145057]}, "4": {"Atom 1": "(26,)", "Atom 2": "(17,)", "NMR exp": 2.1, "lower bound": 1.5, "upper bound": 3.1, "md": [2.3347049071854213], "lower": [2.1492489619673445], "upper": [2.551819845311362]}, "5": {"Atom 1": "(26,)", "Atom 2": "(28,)", "NMR exp": 2.1, "lower bound": 1.5, "upper bound": 3.1, "md": [2.898170289838044], "lower": [2.80747202326087], "upper": [2.979010686243047]}, "6": {"Atom 1": "(45,)", "Atom 2": "(28,)", "NMR exp": 2.0, "lower bound": 1.5, "upper bound": 3.0, "md": [1.662976316592064], "lower": [1.6330603877854948], "upper": [2.5184131814152906]}, "7": {"Atom 1": "(45,)", "Atom 2": "(47,)", "NMR exp": 3.4, "lower bound": 2.7, "upper bound": 4.2, "md": [2.900768505892278], "lower": [2.605748939821898], "upper": [2.9838990717889886]}, "8": {"Atom 1": "(45,)", "Atom 2": "(49, 50)", "NMR exp": 2.6, "lower bound": 1.6, "upper bound": 3.9, "md": [2.7221259194227927, 2.876423750767484], "lower": [2.4079842176321113, 2.491226615241861], "upper": [3.375240111614719, 3.5675767065555894]}, "9": {"Atom 1": "(45,)", "Atom 2": "(49, 50)", "NMR exp": 2.6, "lower bound": 1.6, "upper bound": 3.9, "md": [2.7221259194227927, 2.876423750767484], "lower": [2.4079842176321113, 2.491226615241861], "upper": [3.375240111614719, 3.5675767065555894]}, "10": {"Atom 1": "(57,)", "Atom 2": "(45,)", "NMR exp": 3.5, "lower bound": 2.5, "upper bound": 4.5, "md": [2.481847581357748], "lower": [2.179539128106751], "upper": [3.446274513336396]}, "11": {"Atom 1": "(57,)", "Atom 2": "(47,)", "NMR exp": 3.0, "lower bound": 2.2, "upper bound": 4.1, "md": [3.1008879297785996], "lower": [2.2773664275400742], "upper": [3.5765589789711703]}, "12": {"Atom 1": "(57,)", "Atom 2": "(49, 50)", "NMR exp": 3.0, "lower bound": 1.9, "upper bound": 3.7, "md": [2.5896402439004653, 2.7518408593510624], "lower": [2.280032665988763, 2.304550917582417], "upper": [3.7964561442810005, 3.7827821652808717]}, "13": {"Atom 1": "(57,)", "Atom 2": "(49, 50)", "NMR exp": 3.0, "lower bound": 1.9, "upper bound": 3.7, "md": [2.5896402439004653, 2.7518408593510624], "lower": [2.280032665988763, 2.304550917582417], "upper": [3.7964561442810005, 3.7827821652808717]}, "14": {"Atom 1": "(57,)", "Atom 2": "(59,)", "NMR exp": 2.5, "lower bound": 1.7, "upper bound": 3.2, "md": [2.32955517554475], "lower": [2.180806386796621], "upper": [2.89750439877391]}, "15": {"Atom 1": "(57,)", "Atom 2": "(61,)", "NMR exp": 2.5, "lower bound": 1.5, "upper bound": 3.5, "md": [3.1704598855587496], "lower": [2.6965254828315013], "upper": [3.6227048727518967]}, "16": {"Atom 1": "(59,)", "Atom 2": "(61,)", "NMR exp": 2.3, "lower bound": 1.5, "upper bound": 3.3, "md": [3.179174299585159], "lower": [2.570385653532079], "upper": [3.2040429092606817]}, "17": {"Atom 1": "(59,)", "Atom 2": "(11,)", "NMR exp": 1.9, "lower bound": 1.5, "upper bound": 2.6, "md": [2.6180130869395093], "lower": [2.1554867182151223], "upper": [2.938212271504037]}}, "52a": {"0": {"Atom 1": "(15,)", "Atom 2": "(17,)", "NMR exp": 3.0, "lower bound": 2.0, "upper bound": 4.0, "md": [2.7966232960711057], "lower": [2.2486291369130167], "upper": [2.9558708618214533]}, "1": {"Atom 1": "(26,)", "Atom 2": "(17,)", "NMR exp": 2.2, "lower bound": 1.5, "upper bound": 3.2, "md": [2.0411978491030203], "lower": [1.9522802149705398], "upper": [2.535329622780594]}, "2": {"Atom 1": "(45,)", "Atom 2": "(28,)", "NMR exp": 2.7, "lower bound": 1.7, "upper bound": 3.7, "md": [2.0059418171421726], "lower": [1.9271785053655432], "upper": [2.405384109703036]}, "3": {"Atom 1": "(45,)", "Atom 2": "(47,)", "NMR exp": 2.5, "lower bound": 1.5, "upper bound": 3.5, "md": [2.8846644041248832], "lower": [2.804419878470934], "upper": [2.979771709463969]}, "4": {"Atom 1": "(45,)", "Atom 2": "(49, 50)", "NMR exp": 2.8, "lower bound": 1.8, "upper bound": 4.2, "md": [3.2856183208744842, 3.257805225988474], "lower": [2.572750255455349, 2.586172301458987], "upper": [3.675856223114334, 3.622491859394817]}, "5": {"Atom 1": "(45,)", "Atom 2": "(49, 50)", "NMR exp": 2.8, "lower bound": 1.8, "upper bound": 4.2, "md": [3.2856183208744842, 3.257805225988474], "lower": [2.572750255455349, 2.586172301458987], "upper": [3.675856223114334, 3.622491859394817]}, "6": {"Atom 1": "(57,)", "Atom 2": "(47,)", "NMR exp": 2.5, "lower bound": 1.5, "upper bound": 3.5, "md": [3.532870612094977], "lower": [3.264858898981097], "upper": [3.633231566336995]}, "7": {"Atom 1": "(57,)", "Atom 2": "(49, 50)", "NMR exp": 2.7, "lower bound": 1.7, "upper bound": 3.8, "md": [2.4546088422041126, 2.9181659581665835], "lower": [2.204301653731094, 2.3887044049180184], "upper": [3.7362263387845145, 3.8122645458797226]}, "8": {"Atom 1": "(57,)", "Atom 2": "(49, 50)", "NMR exp": 2.7, "lower bound": 1.7, "upper bound": 3.8, "md": [2.4546088422041126, 2.9181659581665835], "lower": [2.204301653731094, 2.3887044049180184], "upper": [3.7362263387845145, 3.8122645458797226]}, "9": {"Atom 1": "(57,)", "Atom 2": "(61,)", "NMR exp": 2.6, "lower bound": 1.6, "upper bound": 3.6, "md": [2.2521287866501236], "lower": [2.133400384408338], "upper": [3.462974372985033]}}}