{"cis": {"stat": {"0": "MAE", "1": "MSE", "2": "RMSD", "3": "RMSD_step", "4": "pearsonr", "5": "kendalltau", "6": "chisq", "7": "percentage_fulfilled"}, "value": {"0": 0.42870616811866163, "1": 0.08757611511100963, "2": 0.5205298209429952, "3": 0.2877112750272012, "4": 0.28710303633859424, "5": 0.24066495746038513, "6": 1.9049915650358276, "7": 0.8888888888888888}, "up": {"0": 0.5715032571227945, "1": 0.3228335170234848, "2": 0.644760217693223, "3": 0.4702245326555295, "4": 0.6331899087755356, "5": 0.6251521154206712, "6": 2.9336145695026663, "7": 0.0}, "low": {"0": 0.29784861076647084, "1": 0.0, "2": 0.37395890223349865, "3": 0.0, "4": 0.0, "5": 0.0, "6": 0.9872609564475824, "7": 0.0}}, "trans": {"stat": {"0": "MAE", "1": "MSE", "2": "RMSD", "3": "RMSD_step", "4": "pearsonr", "5": "kendalltau", "6": "chisq", "7": "percentage_fulfilled"}, "value": {"0": 0.4173585635563553, "1": 0.1365369133496397, "2": 0.48974113312242, "3": 0.31622776601683794, "4": 0.344186258708031, "5": 0.19289712886816485, "6": 0.9210837140265168, "7": 0.9}, "up": {"0": 0.5927802868070439, "1": 0.43059746279784755, "2": 0.6739111512075799, "3": 0.5477225575051661, "4": 0.8289124439000204, "5": 0.8333333333333334, "6": 1.7856338045025435, "7": 0.0}, "low": {"0": 0.2766436630270803, "1": 0.0, "2": 0.2991294957465107, "3": 0.0, "4": 0.0, "5": 0.0, "6": 0.3340036554938952, "7": 0.0}}}