{"cis": {"stat": {"0": "MAE", "1": "MSE", "2": "RMSD", "3": "RMSD_step", "4": "pearsonr", "5": "kendalltau", "6": "chisq", "7": "percentage_fulfilled"}, "value": {"0": 0.3127036481197737, "1": 0.10668772564240298, "2": 0.45911369808977137, "3": 0.3333333333333333, "4": 0.4705090307371328, "5": 0.40569235686179206, "6": 1.38670684231091, "7": 0.8888888888888888}, "up": {"0": 0.476500437675488, "1": 0.3142059401023967, "2": 0.6206408570542775, "3": 0.5270462766947299, "4": 0.8513286345354211, "5": 0.7694932666801374, "6": 2.508234472616415, "7": 0.0}, "low": {"0": 0.16927881703812162, "1": 0.0, "2": 0.25893803797862625, "3": 0.0, "4": 0.004736922311829768, "5": 0.0, "6": 0.4502948189030289, "7": 0.0}}, "trans": {"stat": {"0": "MAE", "1": "MSE", "2": "RMSD", "3": "RMSD_step", "4": "pearsonr", "5": "kendalltau", "6": "chisq", "7": "percentage_fulfilled"}, "value": {"0": 0.3284794133658932, "1": 0.04882340673339303, "2": 0.44291175910035885, "3": 0.0, "4": -0.2371898872149415, "5": -0.24112141108520604, "6": 0.7426242144563809, "7": 1.0}, "up": {"0": 0.5183121579499402, "1": 0.31838790782377413, "2": 0.6125699836927743, "3": 0.0, "4": 1.0, "5": 1.0, "6": 1.431797679879265, "7": 0.0}, "low": {"0": 0.15741398439483276, "1": 0.0, "2": 0.23398874465664213, "3": 0.0, "4": 0.0, "5": 0.0, "6": 0.20673832896398806, "7": 0.0}}}