{"cis": {"stat": {"0": "MAE", "1": "MSE", "2": "RMSD", "3": "RMSD_step", "4": "pearsonr", "5": "kendalltau", "6": "chisq", "7": "percentage_fulfilled"}, "value": {"0": 0.42870616811866163, "1": 0.08757611511100963, "2": 0.5205298209429952, "3": 0.2877112750272012, "4": 0.28710303633859424, "5": 0.24066495746038513, "6": 1.9049915650358276, "7": 0.8888888888888888}, "up": {"0": 0.567467745477553, "1": 0.3234460430042313, "2": 0.6470467351099475, "3": 0.4702245326555295, "4": 0.6303491218727599, "5": 0.6232546435757895, "6": 2.924707675878026, "7": 0.0}, "low": {"0": 0.2990824294519289, "1": 0.0, "2": 0.3770555837258647, "3": 0.0, "4": 0.0, "5": 0.0, "6": 0.9825152700587156, "7": 0.0}}, "trans": {"stat": {"0": "MAE", "1": "MSE", "2": "RMSD", "3": "RMSD_step", "4": "pearsonr", "5": "kendalltau", "6": "chisq", "7": "percentage_fulfilled"}, "value": {"0": 0.4173585635563553, "1": 0.1365369133496397, "2": 0.48974113312242, "3": 0.31622776601683794, "4": 0.344186258708031, "5": 0.19289712886816485, "6": 0.9210837140265168, "7": 0.9}, "up": {"0": 0.5950288826791225, "1": 0.4295203957439887, "2": 0.6731220195604046, "3": 0.5477225575051661, "4": 0.8328349818937868, "5": 0.8421052631578948, "6": 1.7655926730206273, "7": 0.0}, "low": {"0": 0.27598226642649487, "1": 0.0, "2": 0.2941695140602438, "3": 0.0, "4": 0.0, "5": 0.0, "6": 0.33037211303616915, "7": 0.0}}}