{"minimum_sasa": 7.272414875030492, "minimum_psa": 4.941202402114868}