{"single": {"fulfil": {"best": 0.7352941176470589, "random": [0.5764705882352942, 0.6411764705882353, 0.6911764705882353, 0.7058823529411765, 0.7264705882352942], "low_energy": [0.5294117647058824, 0.6470588235294118, 0.7058823529411765, 0.7647058823529411, 0.8235294117647058], "LICUV": [0.7352941176470589, 0.8235294117647058, 0.7058823529411765, 0.7647058823529411, 0.7352941176470589], "NAMFIS": [0.6176470588235294, 0.8235294117647058, 0.7941176470588235, 0.8235294117647058, 0.8529411764705882]}, "rmsd": {"best": 0.42900242975307556, "random": [0.6246764008240105, 0.4573159214871866, 0.38610365533507285, 0.3841302913452471, 0.3751858959009665], "low_energy": [0.6799855685521435, 0.6185510529349582, 0.4662671345318337, 0.36747446844104625, 0.3800150906230277], "LICUV": [0.4974513065186243, 0.4088125480961293, 0.3641496384060302, 0.3784751364697101, 0.33495112333864524], "NAMFIS": [0.4885488410859301, 0.2504941970562249, 0.3081455893954028, 0.30620034589901113, 0.2961267601757068]}, "rmsd_stepwise": {"best": 0.0947131893417919, "random": [0.22491732685407273, 0.1813831487008552, 0.15771414763505276, 0.16707697838607855, 0.1818787362427611], "low_energy": [0.2672022807229186, 0.20986690460160412, 0.1277635684057263, 0.12862393885688161, 0.12126781251816644], "LICUV": [0.0947131893417919, 0.08357807199048721, 0.2029198624783569, 0.18210371963768981, 0.18250705062931608], "NAMFIS": [0.19870906903724112, 0.12004900959975615, 0.18311038136792207, 0.1569469749347736, 0.1548243786853159]}, "mae": {"best": 0.3340320923749136, "random": [0.47766095259610336, 0.3360563424473803, 0.29233429199781463, 0.28669675077747947, 0.2875148506747956], "low_energy": [0.5208776445949779, 0.4595261537189803, 0.3517689616179954, 0.2615689914612882, 0.28247901076847814], "LICUV": [0.3667976603788487, 0.2735511460768546, 0.26744696896780296, 0.2640248187464125, 0.24743515264114738], "NAMFIS": [0.3780928415410658, 0.2029114137878454, 0.2404248930340898, 0.21030145145780701, 0.20550175178625332]}, "bundle-size": [1, 3, 5, 10, 30]}}