{"single": {"fulfil": {"best": 0.5806451612903226, "random": [0.3645161290322581, 0.4999999999999999, 0.5096774193548388, 0.5290322580645161, 0.6225806451612904], "low_energy": [0.3870967741935484, 0.2903225806451613, 0.4838709677419355, 0.3870967741935484, 0.5806451612903226], "LICUV": [0.5806451612903226, 0.5806451612903226, 0.5806451612903226, 0.7096774193548387, 0.6774193548387096], "NAMFIS": [0.4838709677419355, 0.6451612903225806, 0.6774193548387096, 0.7096774193548387, 0.7096774193548387]}, "rmsd": {"best": 0.39341583209967523, "random": [0.5554664767804616, 0.3929425424065339, 0.37095353043854673, 0.31229627248734176, 0.2674880967106078], "low_energy": [0.5844242953500288, 0.5551966715476166, 0.49363874968089294, 0.47210377582757335, 0.2892317517146361], "LICUV": [0.5677047194364917, 0.5716881485702536, 0.5690473808606074, 0.3242921846823154, 0.22943522080509574], "NAMFIS": [0.40315669231799534, 0.31136791026642113, 0.21985243916931857, 0.1976321280034603, 0.1976321279604688]}, "rmsd_stepwise": {"best": 0.09584934415108716, "random": [0.16775754837101642, 0.13749657268323795, 0.11398697396138077, 0.12360155628092453, 0.10477962307433637], "low_energy": [0.16809175681655958, 0.17535218018825482, 0.13302922308105236, 0.16565607590387674, 0.11686772230230648], "LICUV": [0.13194573664713402, 0.13194573664713402, 0.13194573664713402, 0.08519427513705975, 0.0865839141731788], "NAMFIS": [0.1393301949535938, 0.15264337522473748, 0.1550026014349853, 0.1483565887291658, 0.1483565887291658]}, "mae": {"best": 0.29987918515359197, "random": [0.42273250536764817, 0.285852250997913, 0.26726695639787496, 0.23187415547224788, 0.1936002566213992], "low_energy": [0.4099743680031068, 0.39835911946813873, 0.33150292838447903, 0.3332223397176996, 0.2049888937477572], "LICUV": [0.3846540801755843, 0.38443823947457345, 0.3871590125336856, 0.22038560197721313, 0.176263244389697], "NAMFIS": [0.29987918515359197, 0.22866427863425612, 0.15950697717215284, 0.14376345418212358, 0.14376345415546773]}, "bundle-size": [1, 3, 5, 10, 30]}}