{"single": {"fulfil": {"best": 0.7727272727272727, "random": [0.5318181818181817, 0.6727272727272726, 0.7227272727272727, 0.8181818181818181, 0.8636363636363636], "low_energy": [0.6818181818181818, 0.5454545454545454, 0.6363636363636364, 0.7727272727272727, 0.7727272727272727], "LICUV": [0.7727272727272727, 0.6818181818181818, 0.7727272727272727, 0.7727272727272727, 0.8181818181818182], "NAMFIS": [0.6363636363636364, 0.8636363636363636, 0.8636363636363636, 0.8636363636363636, 0.8636363636363636]}, "rmsd": {"best": 0.2840970508528116, "random": [0.5340040813578781, 0.37289449905490796, 0.29914412696308756, 0.23827935489783303, 0.21132977118089252], "low_energy": [0.38610421116196597, 0.2614369474855978, 0.26995988150075506, 0.24234688065084548, 0.22955378208957683], "LICUV": [0.4299745840346681, 0.29135534301460897, 0.25996403459979, 0.26694807046387553, 0.2297085782330398], "NAMFIS": [0.3752812296509372, 0.1653147181605637, 0.18146188597985072, 0.17899340810724185, 0.1789934081051028]}, "rmsd_stepwise": {"best": 0.11849434202065975, "random": [0.36439268171273587, 0.25331321785856786, 0.1773682778124857, 0.12249672743843762, 0.08702144861046343], "low_energy": [0.28904230580566315, 0.3000681740720083, 0.28499601273127884, 0.11222947271307367, 0.13684762594679067], "LICUV": [0.1295797402795247, 0.21511096502207241, 0.1792154619952805, 0.12420657280221817, 0.10235854984940308], "NAMFIS": [0.2975047745988136, 0.08604966853245546, 0.08314827937868809, 0.09375984796760864, 0.09375984796760864]}, "mae": {"best": 0.22164947553114445, "random": [0.39805778505585393, 0.26109037350702546, 0.21067942991730754, 0.17009120824770432, 0.15208924391817844], "low_energy": [0.28995390631935797, 0.20736403322984137, 0.20593996026114675, 0.18109272508320393, 0.16613930785889697], "LICUV": [0.31203992843627915, 0.23591928347638183, 0.20439318139751214, 0.211406918928716, 0.16148130449487044], "NAMFIS": [0.27669322577389793, 0.12745093134880972, 0.1341541657440535, 0.12540521968306398, 0.125405219687505]}, "bundle-size": [1, 3, 5, 10, 30]}}