{"single": {"fulfil": {"best": 0.48, "random": [0.292, 0.4680000000000001, 0.532, 0.4960000000000001, 0.5040000000000001], "low_energy": [0.24, 0.36, 0.48, 0.48, 0.6], "LICUV": [0.48, 0.48, 0.56, 0.44, 0.4], "NAMFIS": [0.28, 0.52, 0.6, 0.6, 0.6]}, "rmsd": {"best": 0.37548253762193523, "random": [0.6547823223860325, 0.4415934629326671, 0.35390318017593364, 0.3390910178686186, 0.3433978528681265], "low_energy": [0.39647228917198735, 0.34204114117351525, 0.2862522252042368, 0.32318381954760994, 0.35170747125949225], "LICUV": [0.5707747902988985, 0.39917745012609085, 0.3363720859021776, 0.25417797778707313, 0.3313438455190216], "NAMFIS": [0.3998266752739239, 0.35991889032852203, 0.33688218799294495, 0.3290581535690315, 0.3290581535493709]}, "rmsd_stepwise": {"best": 0.08440379138403672, "random": [0.12222880824975826, 0.11634554191285537, 0.10907021392731417, 0.11612917676911247, 0.11466702596389163], "low_energy": [0.13198484761517132, 0.12899612397277674, 0.11378927893259536, 0.11499565209172036, 0.10671457257563274], "LICUV": [0.09562426470305535, 0.09264987857520372, 0.07722693830523122, 0.1188107739222331, 0.12196720870791457], "NAMFIS": [0.10774042880924505, 0.12596824996799783, 0.11725186565679878, 0.11842297074469965, 0.11842297074469965]}, "mae": {"best": 0.2761224956512451, "random": [0.4292155307006834, 0.29071450943167293, 0.2377371152659748, 0.23668819144759629, 0.23297357228932425], "low_energy": [0.29170885124206536, 0.2660552428140288, 0.22093109085036866, 0.24540929114917076, 0.23355718061016145], "LICUV": [0.36770680274963363, 0.2775311088147507, 0.22506968185179757, 0.20041619268086144, 0.24252861966385642], "NAMFIS": [0.3110009281158446, 0.24251566381211836, 0.21110976668122902, 0.20230280437434697, 0.20230280435273912]}, "bundle-size": [1, 3, 5, 10, 30]}}