{"single": {"fulfil": {"best": 0.7361111111111112, "random": [0.5833333333333334, 0.6291666666666667, 0.5458333333333333, 0.6194444444444445, 0.5611111111111111], "low_energy": [0.5694444444444444, 0.5, 0.5138888888888888, 0.5694444444444444, 0.5555555555555556], "LICUV": [0.7361111111111112, 0.7222222222222222, 0.7083333333333334, 0.7361111111111112, 0.6666666666666666], "NAMFIS": [0.6944444444444444, 0.625, 0.625, 0.625, 0.625]}, "rmsd": {"best": 1.4320969330099698, "random": [2.626282642680985, 2.1435017367588025, 2.103140624253208, 1.9254291664901306, 1.822897418532166], "low_energy": [2.539593993630075, 2.2270259111435586, 2.0918262272924104, 2.0599484863386364, 1.7988486953379328], "LICUV": [1.6819800222813428, 1.7205076861011113, 1.5771344579917623, 1.3995844734068215, 1.4162502708279625], "NAMFIS": [1.43209693300997, 1.4758182136687572, 1.475818213672514, 1.4758182136797158, 1.475818213702198]}, "mae": {"best": 1.1412930356131659, "random": [1.7882531793249974, 1.5444340246939703, 1.5918285492819124, 1.46439919058843, 1.43731376306514], "low_energy": [1.758015645212597, 1.6533873608099816, 1.6014228611700416, 1.5724619130498634, 1.4339002063673187], "LICUV": [1.2365883098708257, 1.2686940282116512, 1.2195476634717386, 1.109368525074123, 1.1342717421539166], "NAMFIS": [1.1417680356237623, 1.189488684625649, 1.1894886846285955, 1.1894886846339747, 1.1894886846510462]}, "bundle-size": [1, 3, 5, 10, 30]}}