{"single": {"stat": {"0": "MAE", "1": "MSE", "2": "RMSD", "3": "RMSD_step", "4": "pearsonr", "5": "kendalltau", "6": "chisq", "7": "percentage_fulfilled"}, "value": {"0": 0.35599497329457186, "1": 0.1837226025002591, "2": 0.6366482369993054, "3": 0.26983328186122635, "4": 0.6207938302335043, "5": 0.5611367436792953, "6": 5.756725902673858, "7": 0.75}, "up": {"0": 0.5392002753797193, "1": 0.3841023964191713, "2": 0.9255342012367849, "3": 0.4117118225751347, "4": 0.8827109853454292, "5": 0.7420802889415715, "6": 12.400416653591321, "7": 0.0}, "low": {"0": 0.21477774026117535, "1": 0.012273218901463566, "2": 0.30932915366427477, "3": 0.1035132841716463, "4": 0.29857648408128584, "5": 0.3489547392415056, "6": 1.2571090900035138, "7": 0.0}, "most-populated-1": {"0": 0.470343635559082, "1": 0.36486410188674906, "2": 0.7513206727468487, "3": 0.26983328186122635, "4": NaN, "5": NaN, "6": NaN, "7": 0.65}}}