{"single": {"stat": {"0": "MAE", "1": "MSE", "2": "RMSD", "3": "pearsonr", "4": "kendalltau", "5": "chisq", "6": "percentage_fulfilled"}, "value": {"0": 0.48001357836711345, "1": -0.039622763705608875, "2": 0.6598399718131704, "3": 0.4897895700266233, "4": 0.2908644588796348, "5": 6.084639673582775, "6": 0.45}, "up": {"0": 0.6301430566644843, "1": 0.17018848191360783, "2": 0.8619861550158444, "3": 0.7095369659680024, "4": 0.5236636296081131, "5": 9.969386428579677, "6": 0.0}, "low": {"0": 0.34906926039635683, "1": 0.0, "2": 0.47359080754083616, "3": 0.22269507946418018, "4": 0.032183886915755355, "5": 3.1842280358165076, "6": 0.0}, "most-populated-1": {"0": 0.470343635559082, "1": 0.36486410188674906, "2": 0.7513206727468487, "3": NaN, "4": NaN, "5": NaN, "6": 0.65}}}