{"minimum_sasa": 8.831162643432634, "minimum_psa": 7.035869121551514}