{"single": {"stat": {"0": "MAE", "1": "MSE", "2": "RMSD", "3": "RMSD_step", "4": "pearsonr", "5": "kendalltau", "6": "chisq", "7": "percentage_fulfilled"}, "value": {"0": 0.8813456776486164, "1": -0.655128135049046, "2": 1.0275977816584871, "3": 0.4830458915396479, "4": 0.4224124693237949, "5": 0.4773046784773316, "6": 17.522493214090336, "7": 0.9027777777777778}, "up": {"0": 1.0076869699503994, "1": -0.46494215904182395, "2": 1.1398788876770054, "3": 0.6412658816758287, "4": 0.5714843696216708, "5": 0.5986079808346796, "6": 21.539646655982867, "7": 0.0}, "low": {"0": 0.7599797028260762, "1": 0.0, "2": 0.9096965069556969, "3": 0.2748737083745107, "4": 0.2433131773828014, "5": 0.31860228335775714, "6": 13.741765787449086, "7": 0.0}, "most-populated-1": {"0": 0.6626346740457747, "1": -0.23077902727656918, "2": 0.998567362370518, "3": 0.4830458915396479, "4": NaN, "5": NaN, "6": NaN, "7": 0.9583333333333334}}}