{"single": {"stat": {"0": "MAE", "1": "MSE", "2": "RMSD", "3": "pearsonr", "4": "kendalltau", "5": "chisq", "6": "percentage_fulfilled"}, "value": {"0": 0.8813456776486164, "1": -0.655128135049046, "2": 1.0275977816584871, "3": 0.4224124693237949, "4": 0.4773046784773316, "5": 17.522493214090336, "6": 0.9027777777777778}, "up": {"0": 1.004303994244241, "1": -0.46676033233836667, "2": 1.1372520725620259, "3": 0.5718812706040466, "4": 0.5951631912143724, "5": 21.49491256275397, "6": 0.0}, "low": {"0": 0.7587318433478548, "1": 0.0, "2": 0.9088371446940715, "3": 0.24906022577355894, "4": 0.32156562214046724, "5": 13.793357082578469, "6": 0.0}, "most-populated-1": {"0": 0.6626346740457747, "1": -0.23077902727656918, "2": 0.998567362370518, "3": NaN, "4": NaN, "5": NaN, "6": 0.9583333333333334}}}