{"RMSD": {"value": {"5ead922859f5c96d-55_single": 0.6367809107214436, "eff35c6c3e18f0a3-56_single": 0.893306701936269, "5dc9eaf6e041f3f2-57_single": 1.0275977816584871, "f9df090456539245-58_single": 0.9478973321238335, "cc9e4f8eb83eb5e7-59_single": 0.8518657453104627, "36cc5f966dea67cb-60_single": 1.0135211093995975, "167326bf49040dbd-61_single": 1.1927771088333396, "474e13185acfa1a8-62_single": 0.8140445966064057, "8db033dcdd7bf626-63_single": 1.1811036825125771, "811158a8b531154d-64_single": 1.194363846325554, "45750abf2112f0e2-65_single": 1.2372345499332031, "8b69117d53937901-66_single": 1.2902162697836617, "11a7fb1e6aad7905-68_single": 0.8655397581799613, "f2825d3690a271d0-1_1_single": 0.27415639562264227, "421b10c8566b49cb-1_2_single": 0.3615751620995413, "79804846e6901cf6-22_single": 0.8128999246625285, "2f45361261b805e5-24_trans": 1.1509150518244258, "334abba1d29a4378-27_single": 0.5592577541120208, "74633fb83c0d5f89-28_single": 0.49645101295689376, "c4209a995bd14e57-29_single": 0.6204023834297856, "126bbd887309df40-30_single": 0.6996460311078699, "d1d453ef88c14913-31_single": 0.5140914708234909, "fa08f684840cbc89-32_single": 0.6247247539367264, "a03586fd58d627cd-33_single": 0.872170785124032, "ae86721015402cfa-35_single": 0.6704443817706397, "13607ce653c1715e-36_single": 0.2606017280766182, "439e771e612e69f6-38_single": 0.7592054915922472, "30d5ac208620d9ce-39_single": 0.5667234039907985, "4e7bd481d58354ec-40_single": 0.9289237190825659, "152ec36e3269fbd5-41_single": 0.632895192257853, "e3a36fd0612b2ce3-42_single": 0.5302836049060237, "b0163eba7e6d9b80-49_trans": 0.62598796165135, "4b93d27539017144-50_trans": 0.3857318471862661, "26e5e96f1ec47099-51_single": 0.4236641642228154, "777fb4f8db256554-52_cis": 0.45702024311005246}, "most-populated-1": {"5ead922859f5c96d-55_single": 0.714309397258778, "eff35c6c3e18f0a3-56_single": 1.1523574617391348, "5dc9eaf6e041f3f2-57_single": 0.998567362370518, "f9df090456539245-58_single": 1.074112385942084, "cc9e4f8eb83eb5e7-59_single": 0.8963060981917546, "36cc5f966dea67cb-60_single": 1.0191601418638965, "167326bf49040dbd-61_single": 1.1515288976988762, "474e13185acfa1a8-62_single": 1.4557497407339492, "8db033dcdd7bf626-63_single": 1.016186291527228, "811158a8b531154d-64_single": 1.094978693129572, "45750abf2112f0e2-65_single": 1.1937066384684925, "8b69117d53937901-66_single": 1.1015620560556896, "11a7fb1e6aad7905-68_single": 0.701279780592595, "f2825d3690a271d0-1_1_single": 0.4910472274198761, "421b10c8566b49cb-1_2_single": 0.62188285097231, "79804846e6901cf6-22_single": 0.8184113695825387, "2f45361261b805e5-24_trans": 1.180827200820233, "334abba1d29a4378-27_single": 0.71066140217055, "74633fb83c0d5f89-28_single": 0.6217878887535659, "c4209a995bd14e57-29_single": 0.6870434420277679, "126bbd887309df40-30_single": 0.7566578350888269, "d1d453ef88c14913-31_single": 0.5095815273401035, "fa08f684840cbc89-32_single": 0.617317229086944, "a03586fd58d627cd-33_single": 0.9365747990975447, "ae86721015402cfa-35_single": 0.851112038709749, "13607ce653c1715e-36_single": 0.41961002221054294, "439e771e612e69f6-38_single": 0.8513357234854549, "30d5ac208620d9ce-39_single": 0.7473736163332314, "4e7bd481d58354ec-40_single": 1.1976289090956087, "152ec36e3269fbd5-41_single": 0.7164269993026429, "e3a36fd0612b2ce3-42_single": 0.6894377129596264, "b0163eba7e6d9b80-49_trans": 0.6551460887152154, "4b93d27539017144-50_trans": 0.4307091236697994, "26e5e96f1ec47099-51_single": 0.6465629727770261, "777fb4f8db256554-52_cis": 0.5419487162591733}}, "MAE": {"value": {"5ead922859f5c96d-55_single": 0.4708736472922214, "eff35c6c3e18f0a3-56_single": 0.4808951565507503, "5dc9eaf6e041f3f2-57_single": 0.8813456776486164, "f9df090456539245-58_single": 0.768763671069283, "cc9e4f8eb83eb5e7-59_single": 0.6776081379979435, "36cc5f966dea67cb-60_single": 0.7908681764431248, "167326bf49040dbd-61_single": 0.8268107732352423, "474e13185acfa1a8-62_single": 0.6671149863580358, "8db033dcdd7bf626-63_single": 0.9832555707923445, "811158a8b531154d-64_single": 0.880442637785372, "45750abf2112f0e2-65_single": 1.0816051150025598, "8b69117d53937901-66_single": 1.1249389201456523, "11a7fb1e6aad7905-68_single": 0.7170311439300086, "f2825d3690a271d0-1_1_single": 0.2093344188594614, "421b10c8566b49cb-1_2_single": 0.26526811285804824, "79804846e6901cf6-22_single": 0.6176054393740255, "2f45361261b805e5-24_trans": 0.6703512170835707, "334abba1d29a4378-27_single": 0.40573430522059384, "74633fb83c0d5f89-28_single": 0.3298796655111532, "c4209a995bd14e57-29_single": 0.4424219095921496, "126bbd887309df40-30_single": 0.43761045606005783, "d1d453ef88c14913-31_single": 0.35741151566095963, "fa08f684840cbc89-32_single": 0.4163032831626371, "a03586fd58d627cd-33_single": 0.6009898871581439, "ae86721015402cfa-35_single": 0.31533214688143596, "13607ce653c1715e-36_single": 0.19877138091753335, "439e771e612e69f6-38_single": 0.46498349533320604, "30d5ac208620d9ce-39_single": 0.3709278986347745, "4e7bd481d58354ec-40_single": 0.5854651489577614, "152ec36e3269fbd5-41_single": 0.4085417708372778, "e3a36fd0612b2ce3-42_single": 0.37762315547994296, "b0163eba7e6d9b80-49_trans": 0.4108895278835223, "4b93d27539017144-50_trans": 0.2729973937466233, "26e5e96f1ec47099-51_single": 0.35184672141984963, "777fb4f8db256554-52_cis": 0.3378294072282443}, "most-populated-1": {"5ead922859f5c96d-55_single": 0.5595587183447444, "eff35c6c3e18f0a3-56_single": 0.7156608486175536, "5dc9eaf6e041f3f2-57_single": 0.6626346740457747, "f9df090456539245-58_single": 0.6987976673990488, "cc9e4f8eb83eb5e7-59_single": 0.6591569402638604, "36cc5f966dea67cb-60_single": 0.7101052159612827, "167326bf49040dbd-61_single": 0.7957647509627288, "474e13185acfa1a8-62_single": 0.9813856823527395, "8db033dcdd7bf626-63_single": 0.8073721871231541, "811158a8b531154d-64_single": 0.7341016542911529, "45750abf2112f0e2-65_single": 0.9447466551678853, "8b69117d53937901-66_single": 0.9226052761077881, "11a7fb1e6aad7905-68_single": 0.5353220562602199, "f2825d3690a271d0-1_1_single": 0.3616158747673035, "421b10c8566b49cb-1_2_single": 0.4837068623304368, "79804846e6901cf6-22_single": 0.6575844573974607, "2f45361261b805e5-24_trans": 0.6133234073804771, "334abba1d29a4378-27_single": 0.47429355697631836, "74633fb83c0d5f89-28_single": 0.4167423975467681, "c4209a995bd14e57-29_single": 0.5066341766234366, "126bbd887309df40-30_single": 0.5157560779109144, "d1d453ef88c14913-31_single": 0.34636890087127675, "fa08f684840cbc89-32_single": 0.403409847319126, "a03586fd58d627cd-33_single": 0.6727693533897399, "ae86721015402cfa-35_single": 0.5442941603167304, "13607ce653c1715e-36_single": 0.3054877727681939, "439e771e612e69f6-38_single": 0.5544333131313323, "30d5ac208620d9ce-39_single": 0.5020738386338756, "4e7bd481d58354ec-40_single": 0.7924156241581357, "152ec36e3269fbd5-41_single": 0.470673124725754, "e3a36fd0612b2ce3-42_single": 0.467660837502315, "b0163eba7e6d9b80-49_trans": 0.43933454036712644, "4b93d27539017144-50_trans": 0.31670905885242273, "26e5e96f1ec47099-51_single": 0.47392014169692975, "777fb4f8db256554-52_cis": 0.4397054407331677}}, "percentage_fulfilled": {"value": {"5ead922859f5c96d-55_single": 0.5294117647058824, "eff35c6c3e18f0a3-56_single": 0.5581395348837209, "5dc9eaf6e041f3f2-57_single": 0.9027777777777778, "f9df090456539245-58_single": 0.8125, "cc9e4f8eb83eb5e7-59_single": 0.9, "36cc5f966dea67cb-60_single": 0.9090909090909091, "167326bf49040dbd-61_single": 0.8351648351648352, "474e13185acfa1a8-62_single": 0.9303482587064676, "8db033dcdd7bf626-63_single": 0.7121212121212122, "811158a8b531154d-64_single": 0.87, "45750abf2112f0e2-65_single": 0.7475728155339806, "8b69117d53937901-66_single": 0.6808510638297872, "11a7fb1e6aad7905-68_single": 0.9302325581395349, "f2825d3690a271d0-1_1_single": 1.0, "421b10c8566b49cb-1_2_single": 1.0, "79804846e6901cf6-22_single": 0.5909090909090909, "2f45361261b805e5-24_trans": 0.8478260869565217, "334abba1d29a4378-27_single": 0.36, "74633fb83c0d5f89-28_single": 0.53125,