{"RMSD": {"value": {"583fbeed838cced5-22_single": 0.6606351758365747, "28159d44aa267024-55_single": 0.6524733236535579, "250c26e1ba562237-56_single": 0.9163325347305971, "12cee40b82354fab-57_single": 1.0662144006974386, "d6072f62493cc5af-58_single": 0.8884435062628627, "39f5beb490ee4833-59_single": 0.935647284216494, "610cc1e1311c2792-60_single": 1.2034454876123566, "5061cfcd53f488df-61_single": 1.1345375385254095, "ed2e9ab42cf3819c-62_single": 0.8738374432350061, "d3aa194ff18a9e75-63_single": 1.2016070430490067, "eab37e4b3e032de2-64_single": 1.1130739154243552, "7b17fe71946f4dd7-65_single": 1.2360562721697153, "bd34df1820fd3dd0-66_single": 1.4014453869110786, "cd3179da84da7836-68_single": 1.1458744637314235, "c1d9e06a52efb84d-1_1_single": 0.49250339546351485, "8ca570a3bee4327e-1_2_single": 1.0470910360464973, "069cca5a0bbb1937-24_cis": 0.8292293320463376, "069cca5a0bbb1937-24_trans": 1.089636404566778, "8b6552e2914a062f-27_single": 0.785518102836665, "babaf70b2b786682-28_single": 0.42592493590339064, "467c506b6744c831-29_single": 0.42986788664332376, "58f55feb935887fb-30_single": 0.5251647110270619, "7d461adf7ab73336-31_single": 0.33907018610719514, "b97accb0b36736bf-32_single": 0.5638319853080057, "d13fd5c825a5a7e9-33_single": 0.5871980081300702, "6621b58bd327078d-35_single": 0.46140662073445293, "2cfb6b191b7a46f2-36_single": 0.4788717462765387, "ae576072a28ef51e-38_single": 0.6598399718131704, "b29633ebde708f87-39_single": 0.3085649040279195, "5450f25d2ed9c22a-40_single": 0.5281847717871578, "4f62f5b571b6109b-41_single": 0.5361251382507929, "195d188bbd583ece-42_single": 0.49092877812543306, "5b93caea6ecd1712-49_trans": 0.6480707161359607, "5d2ce3dc4525e24d-50_trans": 0.5487482900692376, "5c9adcde9c03b8b1-51_single": 0.5432381308158871, "5cc032301cb44666-52_cis": 0.5205298209429952, "5cc032301cb44666-52_trans": 0.48974113312242, "41d574d4866a27a1-22_single": 0.7380710756707154}, "most-populated-1": {"583fbeed838cced5-22_single": 0.8346647602032334, "28159d44aa267024-55_single": 0.7604448673551732, "250c26e1ba562237-56_single": 1.0213457619039366, "12cee40b82354fab-57_single": 1.0288813314280885, "d6072f62493cc5af-58_single": 0.9649959714655061, "39f5beb490ee4833-59_single": 0.8329638958708785, "610cc1e1311c2792-60_single": 1.0817982748682722, "5061cfcd53f488df-61_single": 1.2581375293968204, "ed2e9ab42cf3819c-62_single": 0.8241985032724164, "d3aa194ff18a9e75-63_single": 1.1017051712172967, "eab37e4b3e032de2-64_single": 1.089714166166011, "7b17fe71946f4dd7-65_single": 1.1468918254740106, "bd34df1820fd3dd0-66_single": 1.1773717015200782, "cd3179da84da7836-68_single": 0.7301321313678912, "c1d9e06a52efb84d-1_1_single": 0.4923397311691502, "8ca570a3bee4327e-1_2_single": 0.528881890460076, "069cca5a0bbb1937-24_cis": 0.7927074617888556, "069cca5a0bbb1937-24_trans": 0.7887855004225903, "8b6552e2914a062f-27_single": 0.2254357211123103, "babaf70b2b786682-28_single": 0.3675651994994569, "467c506b6744c831-29_single": 0.5601661204685584, "58f55feb935887fb-30_single": 0.6702367826802982, "7d461adf7ab73336-31_single": 0.5418455444495922, "b97accb0b36736bf-32_single": 0.619183925024699, "d13fd5c825a5a7e9-33_single": 0.5776303585619427, "6621b58bd327078d-35_single": 0.8219323553231799, "2cfb6b191b7a46f2-36_single": 0.43781969304181695, "ae576072a28ef51e-38_single": 0.7513206727468487, "b29633ebde708f87-39_single": 0.7762171342701095, "5450f25d2ed9c22a-40_single": 0.4234209356157999, "4f62f5b571b6109b-41_single": 0.381242397670174, "195d188bbd583ece-42_single": 0.7103232990600079, "5b93caea6ecd1712-49_trans": 0.38700759715766064, "5d2ce3dc4525e24d-50_trans": 0.41085779380526116, "5c9adcde9c03b8b1-51_single": 0.3430992970177907, "5cc032301cb44666-52_cis": 0.6422230478094468, "5cc032301cb44666-52_trans": NaN, "41d574d4866a27a1-22_single": 0.8497194137621888}}, "MAE": {"value": {"583fbeed838cced5-22_single": 0.51190577617281, "28159d44aa267024-55_single": 0.47286624927712895, "250c26e1ba562237-56_single": 0.5198651916983605, "12cee40b82354fab-57_single": 0.8428091419915335, "d6072f62493cc5af-58_single": 0.7018178965458022, "39f5beb490ee4833-59_single": 0.7283629496504384, "610cc1e1311c2792-60_single": 0.9133776453108017, "5061cfcd53f488df-61_single": 0.8334711326003584, "ed2e9ab42cf3819c-62_single": 0.720746539269327, "d3aa194ff18a9e75-63_single": 1.0095462999167635, "eab37e4b3e032de2-64_single": 0.8820532148155102, "7b17fe71946f4dd7-65_single": 1.0517248832467059, "bd34df1820fd3dd0-66_single": 1.2446538752185303, "cd3179da84da7836-68_single": 0.931299369227285, "c1d9e06a52efb84d-1_1_single": 0.3567426285855204, "8ca570a3bee4327e-1_2_single": 0.8201243663582853, "069cca5a0bbb1937-24_cis": 0.637150930398918, "069cca5a0bbb1937-24_trans": 0.8088326905712387, "8b6552e2914a062f-27_single": 0.6249383027563264, "babaf70b2b786682-28_single": 0.3448731096071417, "467c506b6744c831-29_single": 0.319556310505745, "58f55feb935887fb-30_single": 0.3890019569924639, "7d461adf7ab73336-31_single": 0.2683275679003423, "b97accb0b36736bf-32_single": 0.4119816862075998, "d13fd5c825a5a7e9-33_single": 0.4985196134199694, "6621b58bd327078d-35_single": 0.3248971715587519, "2cfb6b191b7a46f2-36_single": 0.31568452408159425, "ae576072a28ef51e-38_single": 0.48001357836711345, "b29633ebde708f87-39_single": 0.22756402206976514, "5450f25d2ed9c22a-40_single": 0.36376970383444723, "4f62f5b571b6109b-41_single": 0.3078655773779373, "195d188bbd583ece-42_single": 0.33339667658795097, "5b93caea6ecd1712-49_trans": 0.4942002129059359, "5d2ce3dc4525e24d-50_trans": 0.4420586198335907, "5c9adcde9c03b8b1-51_single": 0.38464308826031857, "5cc032301cb44666-52_cis": 0.42870616811866163, "5cc032301cb44666-52_trans": 0.4173585635563553, "41d574d4866a27a1-22_single": 0.5067578617922689}, "most-populated-1": {"583fbeed838cced5-22_single": 0.6653179576180196, "28159d44aa267024-55_single": 0.5851687361212335, "250c26e1ba562237-56_single": 0.6188815802197123, "12cee40b82354fab-57_single": 0.7042084157466888, "d6072f62493cc5af-58_single": 0.7058320380747318, "39f5beb490ee4833-59_single": 0.6349314254872939, "610cc1e1311c2792-60_single": 0.7523951882665806, "5061cfcd53f488df-61_single": 0.8486540390894962, "ed2e9ab42cf3819c-62_single": 0.6211673810114313, "d3aa194ff18a9e75-63_single": 0.8808587789535522, "eab37e4b3e032de2-64_single": 0.7361716628074646, "7b17fe71946f4dd7-65_single": 0.9210893876344255, "bd34df1820fd3dd0-66_single": 0.9612230798031421, "cd3179da84da7836-68_single": 0.5405194856399713, "c1d9e06a52efb84d-1_1_single": 0.38411769211292257, "8ca570a3bee4327e-1_2_single": 0.4066677206754685, "069cca5a0bbb1937-24_cis": 0.5674069981697277, "069cca5a0bbb1937-24_trans": 0.5211694746432095, "8b6552e2914a062f-27_single": 0.1703903484344482, "babaf70b2b786682-28_single": 0.284299631267786, "467c506b6744c831-29_single": 0.4266232358255693, "58f55feb935887fb-30_single": 0.4095333509734182, "7d461adf7ab73336-31_single": 0.3963545207977293, "b97accb0b36736bf-32_single": 0.40503853172063825, "d13fd5c825a5a7e9-33_single": 0.48179027120272305, "6621b58bd327078d-35_single": 0.5475489021169726, "2cfb6b191b7a46f2-36_single": 0.34185269529169254, "ae576072a28ef51e-38_single": 0.470343635559082, "b29633ebde708f87-39_single": 0.47284048511135945, "5450f25d2ed9c22a-40_single": 0.23259047672666344, "4f62f5b571b6109b-41_single": 0.26293589360005143, "195d188bbd583ece-42_single": 0.4527127936790728, "5b93caea6ecd1712-49_trans": 0.29590612093607577, "5d2ce3dc4525e24d-50_trans": 0.29488712174551823, "5c9adcde9c03b8b1-51_single": 0.29361126899719225, "5cc032301cb44666-52_cis": 0.47366121345096157, "5cc032301cb44666-52_trans": NaN, "41d574d4866a27a1-22_single": 0.6742494535446165}}, "percentage_fulfilled": {"value": {"583fbeed838cced5-22_single": 0.6363636363636364, "28159d44aa267024-55_single": 0.5588235294117647, "250c26e1ba562237-56_single": 0.4418604651162791, "12cee40b82354fab-57_single": 0.7638888888888888, "d6072f62493cc5af-58_single": 0.859375, "39f5beb490ee4833-59_single": 0.8352941176470589,