{"RMSD": {"value": {"583fbeed838cced5-22_single": 0.7223100520945044, "28159d44aa267024-55_single": 0.4642069030218824, "250c26e1ba562237-56_single": 0.8091660296713371, "12cee40b82354fab-57_single": 1.1057330447214413, "d6072f62493cc5af-58_single": 0.9614798734993473, "39f5beb490ee4833-59_single": 0.8821757704221712, "610cc1e1311c2792-60_single": 1.058128992582093, "5061cfcd53f488df-61_single": 1.2098032764279774, "ed2e9ab42cf3819c-62_single": 0.8045585550209454, "d3aa194ff18a9e75-63_single": 1.1742356976201274, "eab37e4b3e032de2-64_single": 1.1894428638013386, "7b17fe71946f4dd7-65_single": 1.2995757852102738, "bd34df1820fd3dd0-66_single": 1.335593354817479, "cd3179da84da7836-68_single": 0.9017277920731401, "c1d9e06a52efb84d-1_1_single": 0.27868963237844774, "8ca570a3bee4327e-1_2_single": 0.3484472239437704, "069cca5a0bbb1937-24_cis": 0.6740203219326274, "069cca5a0bbb1937-24_trans": 0.765946874826301, "8b6552e2914a062f-27_single": 0.37614282084076334, "babaf70b2b786682-28_single": 0.20852110339777083, "467c506b6744c831-29_single": 0.29860464188396324, "58f55feb935887fb-30_single": 0.38600157698436566, "7d461adf7ab73336-31_single": 0.4551791596218216, "b97accb0b36736bf-32_single": 0.37244166559983055, "d13fd5c825a5a7e9-33_single": 0.4912968310075476, "6621b58bd327078d-35_single": 0.3414323982236706, "2cfb6b191b7a46f2-36_single": 0.2514969751190714, "ae576072a28ef51e-38_single": 0.6366482369993054, "b29633ebde708f87-39_single": 0.29812200875773553, "5450f25d2ed9c22a-40_single": 0.27635386195731415, "4f62f5b571b6109b-41_single": 0.2903766854188213, "195d188bbd583ece-42_single": 0.30044353018112113, "5b93caea6ecd1712-49_trans": 0.3554213778002022, "5d2ce3dc4525e24d-50_trans": 0.37591331182137677, "5c9adcde9c03b8b1-51_single": 0.19008138733861785, "5cc032301cb44666-52_cis": 0.45911369808977137, "5cc032301cb44666-52_trans": 0.44291175910035885, "41d574d4866a27a1-22_single": 0.7716043765347126}, "most-populated-1": {"583fbeed838cced5-22_single": 0.8346647602032334, "28159d44aa267024-55_single": 0.7604448673551732, "250c26e1ba562237-56_single": 1.0213457619039366, "12cee40b82354fab-57_single": 1.0288813314280885, "d6072f62493cc5af-58_single": 0.9649959714655061, "39f5beb490ee4833-59_single": 0.8329638958708785, "610cc1e1311c2792-60_single": 1.0817982748682722, "5061cfcd53f488df-61_single": 1.2581375293968204, "ed2e9ab42cf3819c-62_single": 0.8241985032724164, "d3aa194ff18a9e75-63_single": 1.1017051712172967, "eab37e4b3e032de2-64_single": 1.089714166166011, "7b17fe71946f4dd7-65_single": 1.1468918254740106, "bd34df1820fd3dd0-66_single": 1.1773717015200782, "cd3179da84da7836-68_single": 0.7301321313678912, "c1d9e06a52efb84d-1_1_single": 0.4923397311691502, "8ca570a3bee4327e-1_2_single": 0.528881890460076, "069cca5a0bbb1937-24_cis": 0.7927074617888556, "069cca5a0bbb1937-24_trans": 0.7887855004225903, "8b6552e2914a062f-27_single": 0.2254357211123103, "babaf70b2b786682-28_single": 0.3675651994994569, "467c506b6744c831-29_single": 0.5601661204685584, "58f55feb935887fb-30_single": 0.6702367826802982, "7d461adf7ab73336-31_single": 0.5418455444495922, "b97accb0b36736bf-32_single": 0.619183925024699, "d13fd5c825a5a7e9-33_single": 0.5776303585619427, "6621b58bd327078d-35_single": 0.8219323553231799, "2cfb6b191b7a46f2-36_single": 0.43781969304181695, "ae576072a28ef51e-38_single": 0.7513206727468487, "b29633ebde708f87-39_single": 0.7762171342701095, "5450f25d2ed9c22a-40_single": 0.4234209356157999, "4f62f5b571b6109b-41_single": 0.381242397670174, "195d188bbd583ece-42_single": 0.7103232990600079, "5b93caea6ecd1712-49_trans": 0.38700759715766064, "5d2ce3dc4525e24d-50_trans": 0.41085779380526116, "5c9adcde9c03b8b1-51_single": 0.3430992970177907, "5cc032301cb44666-52_cis": 0.6422230478094468, "5cc032301cb44666-52_trans": NaN, "41d574d4866a27a1-22_single": 0.8497194137621888}}, "MAE": {"value": {"583fbeed838cced5-22_single": 0.5507782049648882, "28159d44aa267024-55_single": 0.3268078167391364, "250c26e1ba562237-56_single": 0.40697270153996506, "12cee40b82354fab-57_single": 0.9557758982916611, "d6072f62493cc5af-58_single": 0.7945989762296517, "39f5beb490ee4833-59_single": 0.7088591984905621, "610cc1e1311c2792-60_single": 0.8315637834067986, "5061cfcd53f488df-61_single": 0.8735829568118922, "ed2e9ab42cf3819c-62_single": 0.6492562593506166, "d3aa194ff18a9e75-63_single": 1.0171712352270936, "eab37e4b3e032de2-64_single": 0.91098110802154, "7b17fe71946f4dd7-65_single": 1.1341242848699848, "bd34df1820fd3dd0-66_single": 1.1862290005833072, "cd3179da84da7836-68_single": 0.7569593781426411, "c1d9e06a52efb84d-1_1_single": 0.23328321228578222, "8ca570a3bee4327e-1_2_single": 0.26899945552679627, "069cca5a0bbb1937-24_cis": 0.4810521932999572, "069cca5a0bbb1937-24_trans": 0.45397842914282593, "8b6552e2914a062f-27_single": 0.23630412266861797, "babaf70b2b786682-28_single": 0.1523676667338485, "467c506b6744c831-29_single": 0.21345170454975573, "58f55feb935887fb-30_single": 0.26032176030217313, "7d461adf7ab73336-31_single": 0.32011171952087103, "b97accb0b36736bf-32_single": 0.25348225672169433, "d13fd5c825a5a7e9-33_single": 0.40921628561742396, "6621b58bd327078d-35_single": 0.2089301289328878, "2cfb6b191b7a46f2-36_single": 0.18108696859517825, "ae576072a28ef51e-38_single": 0.35599497329457186, "b29633ebde708f87-39_single": 0.18495587046223644, "5450f25d2ed9c22a-40_single": 0.197839171190944, "4f62f5b571b6109b-41_single": 0.23325518471258927, "195d188bbd583ece-42_single": 0.2224854786624734, "5b93caea6ecd1712-49_trans": 0.26843447879974436, "5d2ce3dc4525e24d-50_trans": 0.2537258254040599, "5c9adcde9c03b8b1-51_single": 0.16022300974557796, "5cc032301cb44666-52_cis": 0.3127036481197737, "5cc032301cb44666-52_trans": 0.3284794133658932, "41d574d4866a27a1-22_single": 0.595195451186414}, "most-populated-1": {"583fbeed838cced5-22_single": 0.6653179576180196, "28159d44aa267024-55_single": 0.5851687361212335, "250c26e1ba562237-56_single": 0.6188815802197123, "12cee40b82354fab-57_single": 0.7042084157466888, "d6072f62493cc5af-58_single": 0.7058320380747318, "39f5beb490ee4833-59_single": 0.6349314254872939, "610cc1e1311c2792-60_single": 0.7523951882665806, "5061cfcd53f488df-61_single": 0.8486540390894962, "ed2e9ab42cf3819c-62_single": 0.6211673810114313, "d3aa194ff18a9e75-63_single": 0.8808587789535522, "eab37e4b3e032de2-64_single": 0.7361716628074646, "7b17fe71946f4dd7-65_single": 0.9210893876344255, "bd34df1820fd3dd0-66_single": 0.9612230798031421, "cd3179da84da7836-68_single": 0.5405194856399713, "c1d9e06a52efb84d-1_1_single": 0.38411769211292257, "8ca570a3bee4327e-1_2_single": 0.4066677206754685, "069cca5a0bbb1937-24_cis": 0.5674069981697277, "069cca5a0bbb1937-24_trans": 0.5211694746432095, "8b6552e2914a062f-27_single": 0.1703903484344482, "babaf70b2b786682-28_single": 0.284299631267786, "467c506b6744c831-29_single": 0.4266232358255693, "58f55feb935887fb-30_single": 0.4095333509734182, "7d461adf7ab73336-31_single": 0.3963545207977293, "b97accb0b36736bf-32_single": 0.40503853172063825, "d13fd5c825a5a7e9-33_single": 0.48179027120272305, "6621b58bd327078d-35_single": 0.5475489021169726, "2cfb6b191b7a46f2-36_single": 0.34185269529169254, "ae576072a28ef51e-38_single": 0.470343635559082, "b29633ebde708f87-39_single": 0.47284048511135957, "5450f25d2ed9c22a-40_single": 0.23259047672666344, "4f62f5b571b6109b-41_single": 0.26293589360005143, "195d188bbd583ece-42_single": 0.4527127936790728, "5b93caea6ecd1712-49_trans": 0.29590612093607577, "5d2ce3dc4525e24d-50_trans": 0.29488712174551823, "5c9adcde9c03b8b1-51_single": 0.29361126899719225, "5cc032301cb44666-52_cis": 0.47366121345096157, "5cc032301cb44666-52_trans": NaN, "41d574d4866a27a1-22_single": 0.6742494535446165}}, "percentage_fulfilled": {"value": {"583fbeed838cced5-22_single": 0.5909090909090909, "28159d44aa267024-55_single": 0.6764705882352942, "250c26e1ba562237-56_single": 0.627906976744186, "12cee40b82354fab-57_single": 0.8194444444444444, "d6072f62493cc5af-58_single": 0.859375, "39f5beb490ee4833-59_single": 0.8705882352941177,