{"single": {"stat": {"0": "MAE", "1": "MSE", "2": "RMSD", "3": "pearsonr", "4": "kendalltau", "5": "chisq", "6": "percentage_fulfilled"}, "value": {"0": 0.6661595891890103, "1": 0.4100650069683482, "2": 0.9589610365783406, "3": 0.3231256840878116, "4": 0.26030430005647975, "5": 7.639741895698029, "6": 0.7727272727272727}, "up": {"0": 0.9834337272046647, "1": 0.7892311371691355, "2": 1.3333295977041235, "3": 0.6323757280986501, "4": 0.5727278357921612, "5": 14.759450545660144, "6": 0.0}, "low": {"0": 0.40638776895287737, "1": 0.0775606841478618, "2": 0.5151040456572978, "3": 0.0, "4": 0.0, "5": 2.2794920776111494, "6": 0.0}, "most-populated-1": {"0": 0.6371693325042723, "1": 0.5000789052789861, "2": 0.8147114360172815, "3": NaN, "4": NaN, "5": NaN, "6": 0.5454545454545454}}}