{"22": {"0": {"Atom 1": "(3,)", "Atom 2": "(26,)", "NMR exp": 3.19, "lower bound": 0.0, "upper bound": 3.5100000000000002, "md": [2.357608818354523], "lower": [2.1810996120103976], "upper": [4.192292305847378]}, "1": {"Atom 1": "(3,)", "Atom 2": "(13, 14)", "NMR exp": 1.83, "lower bound": 0.0, "upper bound": 3.16, "md": [3.520681284495387, 2.261980423478299], "lower": [2.9275885321196484, 2.125336830396753], "upper": [4.602295870448821, 4.306739545190156]}, "2": {"Atom 1": "(22,)", "Atom 2": "(26,)", "NMR exp": 2.93, "lower bound": 0.0, "upper bound": 3.22, "md": [2.3723801318469033], "lower": [2.182082101895279], "upper": [3.502032266847097]}, "3": {"Atom 1": "(19, 20)", "Atom 2": "(26,)", "NMR exp": 2.73, "lower bound": 0.0, "upper bound": 4.2700000000000005, "md": [4.100496652144175, 2.821952843666512], "lower": [3.1092684448036083, 2.5097023573861215], "upper": [4.273262971241837, 4.226234899568628]}, "4": {"Atom 1": "(16, 17)", "Atom 2": "(26,)", "NMR exp": 2.71, "lower bound": 0.0, "upper bound": 4.24, "md": [5.620927540746995, 5.3895481948221855], "lower": [3.3677866331321873, 4.390362395829734], "upper": [5.728442494234732, 5.582785115128309]}, "5": {"Atom 1": "(13, 14)", "Atom 2": "(26,)", "NMR exp": 2.63, "lower bound": 0.0, "upper bound": 4.14, "md": [5.062390818874925, 5.29483309339666], "lower": [2.7361500760990807, 3.9601627325903914], "upper": [5.4573240087098585, 5.65534773440412]}, "6": {"Atom 1": "(47,)", "Atom 2": "(59,)", "NMR exp": 2.57, "lower bound": 0.0, "upper bound": 2.83, "md": [2.7892975714016397], "lower": [2.2221101806086745], "upper": [3.559414861043121]}, "7": {"Atom 1": "(49,)", "Atom 2": "(59,)", "NMR exp": 3.39, "lower bound": 0.0, "upper bound": 3.73, "md": [4.805237204786551], "lower": [3.4250793969243096], "upper": [5.354623791164412]}, "8": {"Atom 1": "(61,)", "Atom 2": "(1,)", "NMR exp": 2.17, "lower bound": 0.0, "upper bound": 2.39, "md": [3.2431878084414234], "lower": [2.3206267747139844], "upper": [3.5709927567091957]}, "9": {"Atom 1": "(1,)", "Atom 2": "(3,)", "NMR exp": 2.6, "lower bound": 0.0, "upper bound": 2.86, "md": [2.195383056369066], "lower": [2.11499237234137], "upper": [2.8855254326802724]}, "10": {"Atom 1": "(1,)", "Atom 2": "(5, 6)", "NMR exp": 2.37, "lower bound": 0.0, "upper bound": 3.83, "md": [2.899852030218037, 3.106645269778861], "lower": [2.5129279277833176, 2.6988179785898216], "upper": [3.5008092860686784, 3.701348005045344]}, "11": {"Atom 1": "(16, 17)", "Atom 2": "(13, 14)", "NMR exp": 1.73, "lower bound": 0.0, "upper bound": 4.19, "md": [2.159781008233527, 3.1282626070501545, 2.5757550915980754, 2.357376508832863], "lower": [2.0891858218943535, 2.832940493600026, 2.518583047326896, 2.222613544328681], "upper": [2.3613413583557277, 3.1622410338619558, 2.9011073415877395, 2.4549635334612887]}, "12": {"Atom 1": "(26,)", "Atom 2": "(28,)", "NMR exp": 2.31, "lower bound": 0.0, "upper bound": 2.54, "md": [2.356564524247527], "lower": [2.180051314977445], "upper": [2.892430907986649]}, "13": {"Atom 1": "(28,)", "Atom 2": "(35, 36, 37, 39, 40, 41)", "NMR exp": 3.23, "lower bound": 0.0, "upper bound": 6.99, "md": [4.528212369143326, 2.8954080048341195, 2.7449395412533475, 1.9907307087095762, 2.474137759234228, 2.3831645969263024], "lower": [3.252600031022249, 2.380597812740238, 2.329010171469091, 1.9386814030288735, 2.225131367553652, 2.1793727389938526], "upper": [4.834660742646326, 4.357442632217479, 4.329031940587933, 4.146635092529483, 4.289923327015311, 4.268060259965553]}, "14": {"Atom 1": "(45,)", "Atom 2": "(50,)", "NMR exp": 2.75, "lower bound": 0.0, "upper bound": 3.02, "md": [2.831037227078332], "lower": [2.4613716172819564], "upper": [3.544542035183829]}, "15": {"Atom 1": "(45,)", "Atom 2": "(49,)", "NMR exp": 3.02, "lower bound": 0.0, "upper bound": 3.3200000000000003, "md": [2.3321795841681037], "lower": [2.1865905861975192], "upper": [3.0857089824209876]}, "16": {"Atom 1": "(47,)", "Atom 2": "(50,)", "NMR exp": 2.2600000000000002, "lower bound": 0.0, "upper bound": 2.49, "md": [2.3389306213329557], "lower": [2.245062532368391], "upper": [2.944295957799871]}, "17": {"Atom 1": "(47,)", "Atom 2": "(49,)", "NMR exp": 2.11, "lower bound": 0.0, "upper bound": 2.32, "md": [3.0829117286262067], "lower": [2.5276971180077754], "upper": [3.1283133879058536]}, "18": {"Atom 1": "(50,)", "Atom 2": "(54, 55)", "NMR exp": 2.6, "lower bound": 0.0, "upper bound": 6.0600000000000005, "md": [4.203014701704972, 3.0650242542449506], "lower": [3.0878074989816504, 2.3471611771736516], "upper": [4.239736505826417, 3.70264285831558]}, "19": {"Atom 1": "(49,)", "Atom 2": "(54, 55)", "NMR exp": 3.31, "lower bound": 0.0, "upper bound": 7.11, "md": [3.4019804301133103, 2.0333200783344703], "lower": [2.5857103766058507, 1.9646464121055869], "upper": [3.804411114229428, 3.4357362355547663]}, "20": {"Atom 1": "(59,)", "Atom 2": "(63, 64)", "NMR exp": 2.49, "lower bound": 0.0, "upper bound": 3.98, "md": [2.806474592086461, 4.005255456280391], "lower": [2.49597515946445, 2.9101534397091187], "upper": [3.569256745188306, 4.122651816547057]}, "21": {"Atom 1": "(61,)", "Atom 2": "(63, 64)", "NMR exp": 2.08, "lower bound": 0.0, "upper bound": 3.47, "md": [2.886546229346093, 2.5623192760781035], "lower": [2.4368852306836954, 2.343478068997299], "upper": [3.0318865321529467, 3.003068436860903]}}}