{"single": {"fulfil": {"best": 0.65625, "random": [0.4, 0.390625, 0.390625, 0.478125, 0.4375], "low_energy": [0.34375, 0.46875, 0.5, 0.5, 0.53125], "LICUV": [0.65625, 0.6875, 0.53125, 0.65625, 0.625], "NAMFIS": [0.65625, 0.75, 0.6875, 0.75, 0.75]}, "rmsd": {"best": 0.265191323720278, "random": [0.5807430927590522, 0.41034137514730123, 0.41424177000645435, 0.38433549801068245, 0.3684927804324224], "low_energy": [0.46975709794268505, 0.5472155262142677, 0.5251879691720631, 0.43777123014621466, 0.3777797682987443], "LICUV": [0.265191323720278, 0.2483247889052715, 0.2363930780467275, 0.22016806255621454, 0.23192294138524244], "NAMFIS": [0.265191323720278, 0.21673407371175574, 0.2127986782801546, 0.18245265737503832, 0.18055875867055426]}, "rmsd_stepwise": {"best": 0.10971554128745843, "random": [0.1689043551565976, 0.16328342972454196, 0.16358918732014627, 0.14015945331564744, 0.15556438820281476], "low_energy": [0.18375425165149242, 0.15134810867665313, 0.14866068747318506, 0.14900713070185603, 0.14230249470757708], "LICUV": [0.11788500752852331, 0.09536115561380326, 0.12549900398011132, 0.1046123797645384, 0.10550473923004597], "NAMFIS": [0.11788500752852331, 0.10526751635713648, 0.11263880326068808, 0.0804479645485204, 0.0804479645485204]}, "mae": {"best": 0.2043990814685821, "random": [0.4192931123077869, 0.3135902242942495, 0.31956061337137204, 0.29247119596382454, 0.28766999165188095], "low_energy": [0.358798103928566, 0.3818014759168229, 0.37183243774382807, 0.33859152944342835, 0.29456048229377735], "LICUV": [0.2043990814685821, 0.1929005296899558, 0.19215478154735233, 0.16797963930388132, 0.18307135822563192], "NAMFIS": [0.2043990814685821, 0.16696746961691136, 0.1670460953313094, 0.13978979423006438, 0.13919809281890777]}, "bundle-size": [1, 3, 5, 10, 30]}}