{"single": {"stat": {"0": "MAE", "1": "MSE", "2": "RMSD", "3": "pearsonr", "4": "kendalltau", "5": "chisq", "6": "percentage_fulfilled"}, "value": {"0": 0.3709278986347745, "1": 0.20001647488884816, "2": 0.5667234039907985, "3": 0.5667854444297701, "4": 0.3805461000566813, "5": 3.9816972221499394, "6": 0.6774193548387096}, "up": {"0": 0.5355601423683165, "1": 0.401718018460361, "2": 0.8365515313495242, "3": 0.8735105336577618, "4": 0.6220875577717326, "5": 8.95014966773733, "6": 0.0}, "low": {"0": 0.241926999661067, "1": 0.03219537975315713, "2": 0.3083363525307008, "3": 0.08243934286588991, "4": 0.11370358158992065, "5": 1.0286556933433757, "6": 0.0}, "most-populated-1": {"0": 0.5020738386338756, "1": 0.31066145250874166, "2": 0.7473736163332314, "3": NaN, "4": NaN, "5": NaN, "6": 0.5483870967741935}}}