{"single": {"stat": {"0": "MAE", "1": "MSE", "2": "RMSD", "3": "RMSD_step", "4": "pearsonr", "5": "kendalltau", "6": "chisq", "7": "percentage_fulfilled"}, "value": {"0": 0.3709278986347745, "1": 0.20001647488884816, "2": 0.5667234039907985, "3": 0.14574613368412553, "4": 0.5667854444297701, "5": 0.3805461000566813, "6": 3.9816972221499394, "7": 0.6774193548387096}, "up": {"0": 0.5405007292343852, "1": 0.39970155375381544, "2": 0.8363125422301004, "3": 0.18180213442388607, "4": 0.8750689737286882, "5": 0.6205639202565827, "6": 8.88165686526139, "7": 0.0}, "low": {"0": 0.2413108660002903, "1": 0.026625577983408234, "2": 0.30935564860020465, "3": 0.10281128678092842, "4": 0.06401773370878527, "5": 0.11295625632969786, "6": 1.0406299442129534, "7": 0.0}, "most-populated-1": {"0": 0.5020738386338756, "1": 0.31066145250874166, "2": 0.7473736163332314, "3": 0.14574613368412553, "4": NaN, "5": NaN, "6": NaN, "7": 0.5483870967741935}}}