{"single": {"fulfil": {"best": 0.4, "random": [0.276, 0.30400000000000005, 0.30800000000000005, 0.308, 0.344], "low_energy": [0.32, 0.28, 0.32, 0.32, 0.28], "LICUV": [0.4, 0.36, 0.36, 0.32, 0.36], "NAMFIS": [0.28, 0.28, 0.28, 0.28, 0.28]}, "rmsd": {"best": 0.4593460787831122, "random": [0.6728807008939741, 0.5801603585863481, 0.6014633488732847, 0.58282431711972, 0.5758197218127791], "low_energy": [0.7046770009531902, 0.5731186642518169, 0.5625560422264633, 0.5634907314001882, 0.5631144790056162], "LICUV": [0.4833338964524274, 0.5102701394603483, 0.5733957974975893, 0.5504288821547422, 0.5450848383425758], "NAMFIS": [0.4593460787831122, 0.4599304499877529, 0.45993044998780586, 0.45993044998798205, 0.4599304499884448]}, "mae": {"best": 0.3410461719512938, "random": [0.47532628093719476, 0.4212428711299176, 0.43117445068885935, 0.4281164051123666, 0.4174783359698764], "low_energy": [0.46990653266906723, 0.4187418910088009, 0.4132834021826086, 0.4160152355339865, 0.4156646766335134], "LICUV": [0.36037963752746577, 0.36218005767598094, 0.4029498764780175, 0.3944546684491219, 0.38766570445219517], "NAMFIS": [0.34802122192382806, 0.34702117122836773, 0.34702117122837683, 0.3470211712285484, 0.34702117122894033]}, "bundle-size": [1, 3, 5, 10, 30]}}