{"single": {"fulfil": {"best": 0.56, "random": [0.28400000000000003, 0.44800000000000006, 0.508, 0.46399999999999986, 0.4640000000000001], "low_energy": [0.4, 0.4, 0.44, 0.36, 0.44], "LICUV": [0.56, 0.52, 0.48, 0.56, 0.48], "NAMFIS": [0.32, 0.64, 0.64, 0.56, 0.56]}, "rmsd": {"best": 0.3482118235320407, "random": [0.6612821903511101, 0.4737955142745293, 0.4187510596529485, 0.3600693995402067, 0.34369143621403253], "low_energy": [0.7492279198748946, 0.3854239652923306, 0.39100298649485626, 0.26957649687300844, 0.29888600967248347], "LICUV": [0.3719057558183114, 0.36897006143489725, 0.2669658159161983, 0.27018462692663836, 0.3115345775486519], "NAMFIS": [0.3482118235320407, 0.17208701505806662, 0.16936625583707535, 0.1704626448463498, 0.17046264484937415]}, "mae": {"best": 0.2708427375793456, "random": [0.4507558957672118, 0.31983375528729924, 0.2610083632882597, 0.2490663177545748, 0.23901797197333496], "low_energy": [0.43748401489257804, 0.2812549322222189, 0.25247866242798783, 0.21826654043384155, 0.2249751610522855], "LICUV": [0.2766261016845703, 0.2681511987491506, 0.20648879234356385, 0.2080565378130543, 0.218480070520888], "NAMFIS": [0.2708427375793456, 0.1401767958836747, 0.13193063179279677, 0.12876922073748082, 0.12876922073350475]}, "bundle-size": [1, 3, 5, 10, 30]}}