{"single": {"fulfil": {"best": 0.56, "random": [0.304, 0.43600000000000005, 0.496, 0.5039999999999999, 0.472], "low_energy": [0.4, 0.4, 0.44, 0.36, 0.44], "LICUV": [0.56, 0.52, 0.48, 0.56, 0.48], "NAMFIS": [0.32, 0.64, 0.64, 0.56, 0.56]}, "rmsd": {"best": 0.3482118235320407, "random": [0.6887835061554842, 0.43390657780625075, 0.3289517195663082, 0.3600522863721361, 0.33655212710512855], "low_energy": [0.7492279198748946, 0.3854239652923306, 0.39100298649485626, 0.26957649687300844, 0.29888600967248347], "LICUV": [0.3719057558183114, 0.36897006143489725, 0.2669658159161983, 0.27018462692663836, 0.3115345775486519], "NAMFIS": [0.3482118235320407, 0.17208817726274447, 0.16936705351420228, 0.1704622453194747, 0.1704622453152217]}, "mae": {"best": 0.2708427375793456, "random": [0.4459449553298949, 0.30130960161903036, 0.23393720141129642, 0.24509705829630285, 0.2376363966502261], "low_energy": [0.43748401489257804, 0.2812549322222189, 0.25247866242798783, 0.21826654043384155, 0.2249751610522855], "LICUV": [0.2766261016845703, 0.2681511987491506, 0.20648879234356385, 0.2080565378130543, 0.218480070520888], "NAMFIS": [0.2708427375793456, 0.14018027671444414, 0.13193475531335663, 0.12877053212487474, 0.12877053211894363]}, "bundle-size": [1, 3, 5, 10, 30]}}