{"single": {"fulfil": {"best": 0.56, "random": [0.28800000000000003, 0.392, 0.5199999999999999, 0.476, 0.45599999999999985], "low_energy": [0.4, 0.4, 0.44, 0.36, 0.44], "LICUV": [0.56, 0.52, 0.48, 0.56, 0.48], "NAMFIS": [0.32, 0.64, 0.64, 0.56, 0.56]}, "rmsd": {"best": 0.3482118235320407, "random": [0.6449284722301543, 0.48636669677615396, 0.3913763885060382, 0.3223489660071273, 0.34285127992639525], "low_energy": [0.7492279198748946, 0.3854239652923306, 0.39100298649485626, 0.26957649687300844, 0.29888600967248347], "LICUV": [0.3719057558183114, 0.36897006143489725, 0.2669658159161983, 0.27018462692663836, 0.3115345775486519], "NAMFIS": [0.3482118235320407, 0.17208719817304435, 0.16936655038908321, 0.17046260557025766, 0.17046260556594606]}, "rmsd_stepwise": {"best": 0.06962758074211685, "random": [0.12376669861382845, 0.1220274824123146, 0.1018392220309706, 0.11265524704746063, 0.1167960057114155], "low_energy": [0.09728309205612247, 0.09779570542718116, 0.09427618999514135, 0.12214745187681969, 0.11747340124470726], "LICUV": [0.06962758074211685, 0.07581556568409949, 0.08301807032206904, 0.07835815209663896, 0.11232096865679174], "NAMFIS": [0.14007141035914505, 0.06867313885355758, 0.10266450214168478, 0.1109414259868693, 0.1109414259868693]}, "mae": {"best": 0.2708427375793456, "random": [0.4352229997634887, 0.3304250661737716, 0.2641755428894596, 0.23900196436987048, 0.23748652583883212], "low_energy": [0.43748401489257804, 0.2812549322222189, 0.25247866242798783, 0.21826654043384155, 0.2249751610522855], "LICUV": [0.2766261016845703, 0.2681511987491506, 0.20648879234356385, 0.2080565378130543, 0.218480070520888], "NAMFIS": [0.2708427375793456, 0.14017753626260626, 0.13193158942150496, 0.12876938767853746, 0.12876938767252305]}, "bundle-size": [1, 3, 5, 10, 30]}}