{"minimum_sasa": 8.258811950683594, "minimum_psa": 6.179558277130127}