{"single": {"stat": {"0": "MAE", "1": "MSE", "2": "RMSD", "3": "pearsonr", "4": "kendalltau", "5": "chisq", "6": "percentage_fulfilled"}, "value": {"0": 0.38464308826031857, "1": -0.254208205854917, "2": 0.5432381308158871, "3": 0.7015646154591276, "4": 0.49736145915484, "5": 2.0744102945694323, "6": 0.65}, "up": {"0": 0.5569649347790672, "1": -0.04883054398343519, "2": 0.7015881132098204, "3": 0.8548374128065321, "4": 0.769231105900953, "5": 3.519980069100995, "6": 0.0}, "low": {"0": 0.22472725553973494, "1": 0.0, "2": 0.3518045159243175, "3": 0.42846909259274235, "4": 0.15339008084336675, "5": 0.8141605100823998, "6": 0.0}, "most-populated-1": {"0": 0.29361126899719225, "1": 0.1341409130096434, "2": 0.3430992970177907, "3": NaN, "4": NaN, "5": NaN, "6": 0.55}}}