{"single": {"stat": {"0": "MAE", "1": "MSE", "2": "RMSD", "3": "RMSD_step", "4": "pearsonr", "5": "kendalltau", "6": "chisq", "7": "percentage_fulfilled"}, "value": {"0": 0.16022300974557796, "1": -0.008464434651814323, "2": 0.19008138733861785, "3": 0.06037383539249432, "4": 0.9470186020466632, "5": 0.7724975854958153, "6": 0.2216772523861015, "7": 0.95}, "up": {"0": 0.20631109472055997, "1": 0.07469516078410669, "2": 0.2304785361486959, "3": 0.10457055034760025, "4": 0.9814339479075992, "5": 0.9034265908532608, "6": 0.3116971321892941, "7": 0.0}, "low": {"0": 0.11562732898875563, "1": 0.0, "2": 0.1460092577005794, "3": 0.0, "4": 0.8792028663742526, "5": 0.6089200221571531, "6": 0.135021401220082, "7": 0.0}, "most-populated-1": {"0": 0.29361126899719225, "1": 0.1341409130096434, "2": 0.3430992970177907, "3": 0.06037383539249432, "4": NaN, "5": NaN, "6": NaN, "7": 0.55}}}