{"single": {"stat": {"0": "MAE", "1": "MSE", "2": "RMSD", "3": "RMSD_step", "4": "pearsonr", "5": "kendalltau", "6": "chisq", "7": "percentage_fulfilled"}, "value": {"0": 0.35741151566095963, "1": 0.16132915677138435, "2": 0.5140914708234909, "3": 0.08892693630166282, "4": 0.31431770703367445, "5": 0.20174507021934718, "6": 2.5935254969862522, "7": 0.52}, "up": {"0": 0.5094871299738959, "1": 0.35797394988756176, "2": 0.6717137398371484, "3": 0.11185705163287647, "4": 0.6643712446309376, "5": 0.5358006880400784, "6": 4.532050852211982, "7": 0.0}, "low": {"0": 0.21889875472949338, "1": 0.0, "2": 0.3454623406288142, "3": 0.06244997998398402, "4": 0.0, "5": 0.0, "6": 1.084187877658288, "7": 0.0}, "most-populated-1": {"0": 0.34636890087127675, "1": 0.13340738620758033, "2": 0.5095815273401035, "3": 0.08892693630166282, "4": NaN, "5": NaN, "6": NaN, "7": 0.44}}}