{"31": {"0": {"Atom 1": "(17,)", "Atom 2": "(37,)", "NMR exp": 2.5500000000000003, "lower bound": 2.43, "upper bound": 2.65, "md": [3.471695846554864]}, "1": {"Atom 1": "(1,)", "Atom 2": "(3,)", "NMR exp": 2.63, "lower bound": 2.5, "upper bound": 2.74, "md": [2.5324519233103193]}, "2": {"Atom 1": "(17,)", "Atom 2": "(19,)", "NMR exp": 2.47, "lower bound": 2.36, "upper bound": 2.57, "md": [2.203898108668101]}, "3": {"Atom 1": "(37,)", "Atom 2": "(39,)", "NMR exp": 2.35, "lower bound": 2.2600000000000002, "upper bound": 2.43, "md": [2.928730204084823]}, "4": {"Atom 1": "(50,)", "Atom 2": "(52, 53)", "NMR exp": 2.8000000000000003, "lower bound": 2.5300000000000002, "upper bound": 2.92, "md": [2.8347983581439067, 2.5396916779927]}, "5": {"Atom 1": "(50,)", "Atom 2": "(52, 53)", "NMR exp": 2.5, "lower bound": 2.39, "upper bound": 2.6, "md": [2.8347983581439067, 2.5396916779927]}, "6": {"Atom 1": "(57,)", "Atom 2": "(59,)", "NMR exp": 2.7, "lower bound": 2.4, "upper bound": 2.8000000000000003, "md": [2.2001660020278937]}, "7": {"Atom 1": "(1,)", "Atom 2": "(59,)", "NMR exp": 3.1, "lower bound": 2.4, "upper bound": 3.6, "md": [2.418636482084351]}, "8": {"Atom 1": "(17,)", "Atom 2": "(3,)", "NMR exp": 2.68, "lower bound": 2.54, "upper bound": 2.8000000000000003, "md": [2.135134753973184]}, "9": {"Atom 1": "(37,)", "Atom 2": "(19,)", "NMR exp": 2.46, "lower bound": 2.35, "upper bound": 2.5500000000000003, "md": [3.428542045696907]}, "10": {"Atom 1": "(50,)", "Atom 2": "(39,)", "NMR exp": 2.36, "lower bound": 2.2600000000000002, "upper bound": 2.44, "md": [2.710726905490466]}, "11": {"Atom 1": "(57,)", "Atom 2": "(52, 53)", "NMR exp": 2.3000000000000003, "lower bound": 2.21, "upper bound": 2.5, "md": [3.9981820197324898, 3.636138405750829]}, "12": {"Atom 1": "(57,)", "Atom 2": "(52, 53)", "NMR exp": 3.8000000000000003, "lower bound": 3.4, "upper bound": 4.2, "md": [3.9981820197324898, 3.636138405750829]}, "13": {"Atom 1": "(1,)", "Atom 2": "(5,)", "NMR exp": 2.73, "lower bound": 2.58, "upper bound": 2.86, "md": [2.6610929606282565]}, "14": {"Atom 1": "(17,)", "Atom 2": "(21, 22)", "NMR exp": 3.22, "lower bound": 2.98, "upper bound": 3.41, "md": [3.8544702538053954, 3.4198911490159243]}, "15": {"Atom 1": "(17,)", "Atom 2": "(21, 22)", "NMR exp": 2.9, "lower bound": 2.72, "upper bound": 3.0500000000000003, "md": [3.8544702538053954, 3.4198911490159243]}, "16": {"Atom 1": "(37,)", "Atom 2": "(41, 42)", "NMR exp": 3.2, "lower bound": 2.96, "upper bound": 3.39, "md": [3.2283971423998383, 2.949485012467938]}, "17": {"Atom 1": "(37,)", "Atom 2": "(41, 42)", "NMR exp": 2.9, "lower bound": 2.72, "upper bound": 3.0500000000000003, "md": [3.2283971423998383, 2.949485012467938]}, "18": {"Atom 1": "(1,)", "Atom 2": "(7, 8, 9, 11, 12, 13)", "NMR exp": 2.8000000000000003, "lower bound": 2.64, "upper bound": 2.93, "md": [3.0830621428331133, 3.0763380474700495, 3.0812290922346883, 2.7821428840784272, 2.7889968507899057, 2.7929968606659394]}, "19": {"Atom 1": "(39,)", "Atom 2": "(41, 42)", "NMR exp": 2.67, "lower bound": 2.5300000000000002, "upper bound": 2.79, "md": [2.558125569182723, 2.595081382060196]}, "20": {"Atom 1": "(39,)", "Atom 2": "(41, 42)", "NMR exp": 2.5500000000000003, "lower bound": 2.43, "upper bound": 2.65, "md": [2.558125569182723, 2.595081382060196]}, "21": {"Atom 1": "(19,)", "Atom 2": "(21, 22)", "NMR exp": 2.47, "lower bound": 2.36, "upper bound": 2.57, "md": [2.4785345703611963, 2.75337363471124]}, "22": {"Atom 1": "(19,)", "Atom 2": "(21, 22)", "NMR exp": 2.8000000000000003, "lower bound": 2.64, "upper bound": 2.93, "md": [2.4785345703611963, 2.75337363471124]}, "23": {"Atom 1": "(17,)", "Atom 2": "(7, 8, 9, 11, 12, 13)", "NMR exp": 2.8000000000000003, "lower bound": 2.64, "upper bound": 2.93, "md": [3.3075120280257404, 3.3096687812513856, 3.304098613828581, 3.562631202809816, 3.553779314970575, 3.5574193721839507]}, "24": {"Atom 1": "(25, 27, 29, 31, 33)", "Atom 2": "(7, 8, 9, 11, 12, 13)", "NMR exp": 2.8000000000000003, "lower bound": 2.64, "upper bound": 2.93, "md": [3.7355117554176815, 3.7506161754887333, 3.750108324219169, 4.294385546604901, 4.276562054057284, 4.274911050761812, 4.572865748491715, 4.581211985194826, 4.579029224247363, 4.97824932454217, 4.975921137186703, 4.96671958359703, 5.381413028423036, 5.378106551956452, 5.381874938497176, 5.778263111655145, 5.763924688668382, 5.76422287915368, 4.590358255198094, 4.592562675774407, 4.594284020216165, 4.924889952397515, 4.921304162136834, 4.908431461488754, 3.745828815285777, 3.7534306792345045, 3.763120845046995, 4.217342309936861, 4.209673970653525, 4.1957694087787205]}}}