{"single": {"stat": {"0": "MAE", "1": "MSE", "2": "RMSD", "3": "pearsonr", "4": "kendalltau", "5": "chisq", "6": "percentage_fulfilled"}, "value": {"0": 0.35741151566095963, "1": 0.16132915677138435, "2": 0.5140914708234909, "3": 0.31431770703367445, "4": 0.20174507021934718, "5": 2.5935254969862522, "6": 0.52}, "up": {"0": 0.5091089639187716, "1": 0.35551337842294933, "2": 0.6689204830922043, "3": 0.6593527167646109, "4": 0.540990552568258, "5": 4.490468179760448, "6": 0.0}, "low": {"0": 0.21530631417869842, "1": 0.0, "2": 0.3398721034087798, "3": 0.0, "4": 0.0, "5": 1.1142198130222976, "6": 0.0}, "most-populated-1": {"0": 0.34636890087127675, "1": 0.13340738620758033, "2": 0.5095815273401035, "3": NaN, "4": NaN, "5": NaN, "6": 0.44}}}