{"single": {"stat": {"0": "MAE", "1": "MSE", "2": "RMSD", "3": "RMSD_step", "4": "pearsonr", "5": "kendalltau", "6": "chisq", "7": "percentage_fulfilled"}, "value": {"0": 0.7283629496504384, "1": -0.5095200336454084, "2": 0.935647284216494, "3": 0.5568292588661372, "4": 0.5579457635500944, "5": 0.44549369359217467, "6": 36.003656741484896, "7": 0.8352941176470589}, "up": {"0": 0.8184219534953842, "1": -0.39293771214077655, "2": 1.0477729248800565, "3": 0.6597236498092567, "4": 0.6789799309985555, "5": 0.5404088155902672, "6": 45.18735090101328, "7": 0.0}, "low": {"0": 0.641587254707109, "1": 0.0, "2": 0.8223131860637258, "3": 0.44404557264793804, "4": 0.41369116104398124, "5": 0.34121132024312284, "6": 27.916259769686814, "7": 0.0}}}