{"single": {"stat": {"0": "MAE", "1": "MSE", "2": "RMSD", "3": "RMSD_step", "4": "pearsonr", "5": "kendalltau", "6": "chisq", "7": "percentage_fulfilled"}, "value": {"0": 0.7088591984905621, "1": -0.4959751986817006, "2": 0.8821757704221712, "3": 0.4825788567075607, "4": 0.6404410406730032, "5": 0.5606726463239061, "6": 32.39779470779318, "7": 0.8705882352941177}, "up": {"0": 0.7896745100851532, "1": -0.38691829424882196, "2": 0.9822143784962956, "3": 0.5880176067792127, "4": 0.746196940506032, "5": 0.6370726946474291, "6": 40.483831951422594, "7": 0.0}, "low": {"0": 0.6323210850483836, "1": 0.0, "2": 0.7867690205758346, "3": 0.3698171249176448, "4": 0.5122683711660387, "5": 0.471574396132167, "6": 25.570308092785822, "7": 0.0}}}