{"minimum_sasa": 9.990908279418932, "minimum_psa": 8.924104857444753}