{"single": {"stat": {"0": "MAE", "1": "MSE", "2": "RMSD", "3": "RMSD_step", "4": "pearsonr", "5": "kendalltau", "6": "chisq", "7": "percentage_fulfilled"}, "value": {"0": 0.7283629496504384, "1": -0.5095200336454084, "2": 0.935647284216494, "3": 0.5568292588661372, "4": 0.5579457635500944, "5": 0.44549369359217467, "6": 36.003656741484896, "7": 0.8352941176470589}, "up": {"0": 0.8179788784547378, "1": -0.391637939371882, "2": 1.049945684878864, "3": 0.6560162745696947, "4": 0.6804867982162597, "5": 0.5426873057839512, "6": 45.23106114758517, "7": 0.0}, "low": {"0": 0.6405141398044821, "1": 0.0, "2": 0.8231203511787126, "3": 0.44291813079646586, "4": 0.41452769239015386, "5": 0.338471931117976, "6": 27.980872844228784, "7": 0.0}}}