{"single": {"stat": {"0": "MAE", "1": "MSE", "2": "RMSD", "3": "RMSD_step", "4": "pearsonr", "5": "kendalltau", "6": "chisq", "7": "percentage_fulfilled"}, "value": {"0": 0.4708736472922214, "1": -0.016160695857287587, "2": 0.6367809107214436, "3": 0.23436397032870745, "4": 0.445323853032235, "5": 0.4234481691088764, "6": 4.4581631014256695, "7": 0.5294117647058824}, "up": {"0": 0.6246317716423779, "1": 0.20613853756347683, "2": 0.8206722894793688, "3": 0.30522713278420976, "4": 0.7130867969563642, "5": 0.621437127904095, "6": 7.74890652856892, "7": 0.0}, "low": {"0": 0.3368446832750058, "1": 0.0, "2": 0.4401551647057553, "3": 0.15048939771136505, "4": 0.18241879756093052, "5": 0.20809966795459706, "6": 1.9395140408758957, "7": 0.0}}}