{"single": {"stat": {"0": "MAE", "1": "MSE", "2": "RMSD", "3": "RMSD_step", "4": "pearsonr", "5": "kendalltau", "6": "chisq", "7": "percentage_fulfilled"}, "value": {"0": 0.4708736472922214, "1": -0.016160695857287587, "2": 0.6367809107214436, "3": 0.23436397032870745, "4": 0.445323853032235, "5": 0.4234481691088764, "6": 4.4581631014256695, "7": 0.5294117647058824}, "up": {"0": 0.6233726195118772, "1": 0.20685941976360903, "2": 0.8234588876265143, "3": 0.3052241220904441, "4": 0.7081946579391797, "5": 0.621824270517976, "6": 7.769702174853649, "7": 0.0}, "low": {"0": 0.3371697906795845, "1": 0.0, "2": 0.4348202786007672, "3": 0.15243127670411694, "4": 0.18306057278698581, "5": 0.2029785697510909, "6": 1.9178010096820213, "7": 0.0}}}