{"minimum_sasa": 14.075117149353048, "minimum_psa": 12.369244709014836}