{"single": {"stat": {"0": "MAE", "1": "MSE", "2": "RMSD", "3": "RMSD_step", "4": "pearsonr", "5": "kendalltau", "6": "chisq", "7": "percentage_fulfilled"}, "value": {"0": 0.43761045606005783, "1": 0.1670221583276695, "2": 0.6996460311078699, "3": 0.18614917445832296, "4": 0.5189192850495377, "5": 0.2473634885740325, "6": 5.812201355330511, "7": 0.3333333333333333}, "up": {"0": 0.6366483782529838, "1": 0.4160847234802118, "2": 0.9661767372127666, "3": 0.25289865019257773, "4": 0.8765865830922314, "5": 0.5114553950655293, "6": 11.546369833348697, "7": 0.0}, "low": {"0": 0.27086060849706756, "1": 0.0, "2": 0.3599043484673805, "3": 0.12677766263678758, "4": 0.0, "5": 0.0, "6": 1.5568780271230158, "7": 0.0}}}