{"single": {"stat": {"0": "MAE", "1": "MSE", "2": "RMSD", "3": "RMSD_step", "4": "pearsonr", "5": "kendalltau", "6": "chisq", "7": "percentage_fulfilled"}, "value": {"0": 0.43761045606005783, "1": 0.1670221583276695, "2": 0.6996460311078699, "3": 0.18614917445832296, "4": 0.5189192850495377, "5": 0.2473634885740325, "6": 5.812201355330511, "7": 0.3333333333333333}, "up": {"0": 0.6375719872759498, "1": 0.4098532190786345, "2": 0.9667333105988937, "3": 0.25302068975572106, "4": 0.8722168588580947, "5": 0.510541707391407, "6": 11.403183239103363, "7": 0.0}, "low": {"0": 0.26909410259861694, "1": 0.0, "2": 0.362798576312344, "3": 0.12726731590227594, "4": 0.0, "5": 0.0, "6": 1.5086628171908294, "7": 0.0}}}