{"single": {"fulfil": {"best": 0.8863636363636364, "random": [0.765909090909091, 0.8431818181818181, 0.8693181818181819, 0.8943181818181818, 0.9261363636363635], "low_energy": [0.8068181818181818, 0.8636363636363636, 0.8522727272727273, 0.8522727272727273, 0.9318181818181818], "LICUV": [0.8863636363636364, 0.9090909090909091, 0.9090909090909091, 0.9318181818181818, 0.9318181818181818], "NAMFIS": [0.8636363636363636, 0.8977272727272727, 0.9204545454545454, 0.9318181818181818, 0.9318181818181818]}, "rmsd": {"best": 1.140698998485813, "random": [1.9949595470648998, 1.258050636998543, 1.3123506333230484, 1.1036222015506663, 0.9136393806717453], "low_energy": [1.3454933929769308, 1.3072928701519964, 1.3130872407039897, 1.1087329047748615, 0.8689022996517356], "LICUV": [1.780913050651635, 1.0994796184591078, 0.8773935605384929, 0.8889256660069692, 0.9213002417424427], "NAMFIS": [1.140698998485813, 0.8742900982320485, 0.9002008230393, 0.8776398738846903, 0.8776398738431958]}, "rmsd_stepwise": {"best": 0.5046375837262725, "random": [0.7384218381388852, 0.6003522574831536, 0.5475148650406972, 0.48908150006278417, 0.40183114274590126], "low_energy": [0.6769752244694441, 0.5705858233589244, 0.5955326111214152, 0.5955326111214152, 0.3886164269208485], "LICUV": [0.5046375837262725, 0.44325756928367577, 0.44325756928367577, 0.3886164269208485, 0.3886164269208485], "NAMFIS": [0.5478262830164652, 0.4749401876217486, 0.40912878612530257, 0.37188096824851696, 0.37188096824851696]}, "mae": {"best": 0.7720294811508871, "random": [1.1860057631676844, 0.8833437363962974, 0.8990097274900013, 0.8268333697592795, 0.7629540248386123], "low_energy": [0.899070554158904, 0.9125002527840369, 0.9614653447612738, 0.872379260698885, 0.715484757133946], "LICUV": [0.9644386172294613, 0.7541160295997777, 0.7070832215539833, 0.7351805922968123, 0.7580563013106792], "NAMFIS": [0.7720294811508871, 0.6884249804014556, 0.7185062362517288, 0.714587268522634, 0.7145872684950029]}, "bundle-size": [1, 3, 5, 10, 30]}}