{"single": {"stat": {"0": "MAE", "1": "MSE", "2": "RMSD", "3": "RMSD_step", "4": "pearsonr", "5": "kendalltau", "6": "chisq", "7": "percentage_fulfilled"}, "value": {"0": 0.7088591984905621, "1": -0.4959751986817006, "2": 0.8821757704221712, "3": 0.4825788567075607, "4": 0.6404410406730032, "5": 0.5606726463239061, "6": 32.39779470779318, "7": 0.8705882352941177}, "up": {"0": 0.7877140105585994, "1": -0.3813951071986503, "2": 0.9829604817181932, "3": 0.5833977555463086, "4": 0.7448425282612744, "5": 0.6375561348840191, "6": 40.80376109645195, "7": 0.0}, "low": {"0": 0.6311941662659281, "1": 0.0, "2": 0.7855607528480214, "3": 0.3673414021398362, "4": 0.5132123673870815, "5": 0.47256357147104405, "6": 25.748317295094456, "7": 0.0}, "most-populated-1": {"0": 0.6349314254872939, "1": -0.2840960095910465, "2": 0.8329638958708785, "3": 0.4825788567075607, "4": NaN, "5": NaN, "6": NaN, "7": 0.9176470588235294}}}