{"single": {"stat": {"0": "MAE", "1": "MSE", "2": "RMSD", "3": "pearsonr", "4": "kendalltau", "5": "chisq", "6": "percentage_fulfilled"}, "value": {"0": 0.7283629496504384, "1": -0.5095200336454084, "2": 0.935647284216494, "3": 0.5579457635500944, "4": 0.44549369359217467, "5": 36.003656741484896, "6": 0.8352941176470589}, "up": {"0": 0.8199413812709597, "1": -0.3899501526954222, "2": 1.0491930921704737, "3": 0.6792209323359409, "4": 0.543079614409158, "5": 44.89898023844659, "6": 0.0}, "low": {"0": 0.642961164338479, "1": 0.0, "2": 0.8234232554735941, "3": 0.41183407441289754, "4": 0.3395882366482371, "5": 27.87220317609659, "6": 0.0}, "most-populated-1": {"0": 0.6349314254872939, "1": -0.2840960095910465, "2": 0.8329638958708785, "3": NaN, "4": NaN, "5": NaN, "6": 0.9176470588235294}}}