{"single": {"fulfil": {"best": 0.8543689320388349, "random": [0.7252427184466019, 0.7067961165048544, 0.7184466019417475, 0.7058252427184467, 0.7398058252427184], "low_energy": [0.7378640776699029, 0.7087378640776699, 0.7281553398058253, 0.7378640776699029, 0.7572815533980582], "LICUV": [0.8543689320388349, 0.8446601941747572, 0.8155339805825242, 0.7669902912621359, 0.7766990291262136], "NAMFIS": [0.8349514563106796, 0.7669902912621359, 0.7766990291262136, 0.7669902912621359, 0.7669902912621359]}, "rmsd": {"best": 1.136151452737486, "random": [1.8728562071275967, 1.499410839899346, 1.4061548045801928, 1.3541999214267446, 1.3000338201312374], "low_energy": [1.7843990487096504, 1.6216403686154999, 1.3788525651232884, 1.329649614527514, 1.3206600780088054], "LICUV": [1.2464351577917063, 0.9861884627346159, 1.0708252999212626, 1.1215791133847253, 1.1800865280803554], "NAMFIS": [1.136151452737486, 1.1210363713706881, 1.133590939978374, 1.1352087138953537, 1.135208713929806]}, "mae": {"best": 0.8534794177823852, "random": [1.2839900501723427, 1.1584709833432278, 1.1345799723381387, 1.1369703482237548, 1.1275375806225176], "low_energy": [1.2291118427387717, 1.168895176695741, 1.1369477177132727, 1.155333485162514, 1.1427405276977878], "LICUV": [0.9138064048822644, 0.7803348332136604, 0.8855309912893745, 0.9475708688125648, 1.028912801502655], "NAMFIS": [0.8534794177823852, 0.897009157387338, 0.920797671546605, 0.9325184436688567, 0.9325184437256797]}, "bundle-size": [1, 3, 5, 10, 30]}}