{"single": {"fulfil": {"best": 0.6601941747572816, "random": [0.5300970873786408, 0.5825242718446602, 0.6330097087378641, 0.6524271844660194, 0.6912621359223301], "low_energy": [0.4854368932038835, 0.5631067961165048, 0.5631067961165048, 0.6213592233009708, 0.7281553398058253], "LICUV": [0.6601941747572816, 0.7184466019417476, 0.7766990291262136, 0.7475728155339806, 0.8058252427184466], "NAMFIS": [0.5533980582524272, 0.7475728155339806, 0.7378640776699029, 0.7961165048543689, 0.8155339805825242]}, "rmsd": {"best": 2.27789356422493, "random": [2.9152077637655944, 2.4626406936042606, 2.110842700680902, 1.9903305066304242, 1.7003327294958275], "low_energy": [3.358750339849386, 2.617864069335905, 2.2395518219699007, 2.2147679436579493, 1.7548186634121377], "LICUV": [3.159682190409157, 2.060021567782447, 1.8015175674063735, 1.728558828240277, 1.268371432673225], "NAMFIS": [2.525087454102892, 1.5043736947550104, 1.3876325914538277, 1.2380952073000187, 1.186424353605359]}, "mae": {"best": 1.6073738706922063, "random": [2.070028723790807, 1.7854263106256962, 1.5346154075514167, 1.4503059409509826, 1.2828145912643287], "low_energy": [2.342689720172326, 1.9032615474804173, 1.6966583100047623, 1.6792051023443606, 1.3184657184079092], "LICUV": [2.0228471952734637, 1.429408632127279, 1.22665465107682, 1.1713547689681907, 0.9470757150569448], "NAMFIS": [1.738675948485587, 1.1077127525819408, 1.0423616229522286, 0.9606880751297247, 0.9340077752519591]}, "bundle-size": [1, 3, 5, 10, 30]}}