{"single": {"fulfil": {"best": 0.8543689320388349, "random": [0.7184466019417476, 0.6961165048543689, 0.712621359223301, 0.7097087378640776, 0.7533980582524271], "low_energy": [0.7378640776699029, 0.7087378640776699, 0.7281553398058253, 0.7378640776699029, 0.7572815533980582], "LICUV": [0.8543689320388349, 0.8446601941747572, 0.8155339805825242, 0.7669902912621359, 0.7766990291262136], "NAMFIS": [0.8349514563106796, 0.7669902912621359, 0.7766990291262136, 0.7669902912621359, 0.7669902912621359]}, "rmsd": {"best": 1.136151452737486, "random": [1.7303320702507676, 1.522473089935327, 1.4097210710543202, 1.3709960634002223, 1.3007998124519586], "low_energy": [1.7843990487096504, 1.6216403686154999, 1.3788525651232884, 1.329649614527514, 1.3206600780088054], "LICUV": [1.2464351577917063, 0.9861884627346159, 1.0708252999212626, 1.1215791133847253, 1.1800865280803554], "NAMFIS": [1.136151452737486, 1.1210340360738764, 1.1335892934343672, 1.13520883978681, 1.1352088397884028]}, "rmsd_stepwise": {"best": 0.5832616691994096, "random": [0.8324100116747861, 0.8733893923460248, 0.8487407787757828, 0.8542215101898494, 0.7864307709981373], "low_energy": [0.8125233379769969, 0.8571798420129803, 0.827676593658006, 0.8125233379769969, 0.7813356749139281], "LICUV": [0.5832616691994096, 0.6219293500911934, 0.6792342919059451, 0.7652653578734404, 0.7488502514048626], "NAMFIS": [0.6330692687448397, 0.7652653578734404, 0.7488502514048626, 0.7652653578734404, 0.7652653578734404]}, "mae": {"best": 0.8534794177823852, "random": [1.2173906334395546, 1.1805452259457156, 1.1285708713993436, 1.1483474884872011, 1.132828336448829], "low_energy": [1.2291118427387717, 1.168895176695741, 1.1369477177132727, 1.155333485162514, 1.1427405276977878], "LICUV": [0.9138064048822644, 0.7803348332136604, 0.8855309912893745, 0.9475708688125648, 1.028912801502655], "NAMFIS": [0.8534794177823852, 0.8970071590759067, 0.9208057793646862, 0.9325194966970939, 0.9325194967009975]}, "bundle-size": [1, 3, 5, 10, 30]}}