{"single": {"fulfil": {"best": 0.8543689320388349, "random": [0.7398058252427184, 0.7, 0.6854368932038835, 0.7213592233009709, 0.7543689320388349], "low_energy": [0.7378640776699029, 0.7087378640776699, 0.7281553398058253, 0.7378640776699029, 0.7572815533980582], "LICUV": [0.8543689320388349, 0.8446601941747572, 0.8155339805825242, 0.7669902912621359, 0.7766990291262136], "NAMFIS": [0.8349514563106796, 0.7669902912621359, 0.7766990291262136, 0.7669902912621359, 0.7669902912621359]}, "rmsd": {"best": 1.136151452737486, "random": [1.6918336582332336, 1.4602729191713983, 1.4755336864284918, 1.3620279871094882, 1.2921572543613464], "low_energy": [1.7843990487096504, 1.6216403686154999, 1.3788525651232884, 1.329649614527514, 1.3206600780088054], "LICUV": [1.2464351577917063, 0.9861884627346159, 1.0708252999212626, 1.1215791133847253, 1.1800865280803554], "NAMFIS": [1.136151452737486, 1.121034097903537, 1.1335892383308548, 1.1352083898350669, 1.1352083898545977]}, "mae": {"best": 0.8534794177823852, "random": [1.2035338698081597, 1.1373376760581007, 1.1849641473048007, 1.1428164330973738, 1.1256304775863768], "low_energy": [1.2291118427387717, 1.168895176695741, 1.1369477177132727, 1.155333485162514, 1.1427405276977878], "LICUV": [0.9138064048822644, 0.7803348332136604, 0.8855309912893745, 0.9475708688125648, 1.028912801502655], "NAMFIS": [0.8534794177823852, 0.8970072535841218, 0.920805758792851, 0.9325184611409977, 0.9325184611947513]}, "bundle-size": [1, 3, 5, 10, 30]}}