{"minimum_sasa": 12.684671401977539, "minimum_psa": 9.721884727478027}