{"single": {"stat": {"0": "MAE", "1": "MSE", "2": "RMSD", "3": "RMSD_step", "4": "pearsonr", "5": "kendalltau", "6": "chisq", "7": "percentage_fulfilled"}, "value": {"0": 0.2089301289328878, "1": 0.06834567408978307, "2": 0.3414323982236706, "3": 0.3620678160901296, "4": 0.6965697020804427, "5": 0.5622168872455557, "6": 1.1962005607149762, "7": 0.6206896551724138}, "up": {"0": 0.3160791998213621, "1": 0.20163509101312427, "2": 0.49535684816827535, "3": 0.5334391426213267, "4": 0.875784355113886, "5": 0.7719251957602961, "6": 2.425383834612785, "7": 0.0}, "low": {"0": 0.12243122907381941, "1": 0.0, "2": 0.1693209519731742, "3": 0.07595370640884734, "4": 0.458780442302143, "5": 0.2901701177983983, "6": 0.30002682162268157, "7": 0.0}}}