{"single": {"stat": {"0": "MAE", "1": "MSE", "2": "RMSD", "3": "RMSD_step", "4": "pearsonr", "5": "kendalltau", "6": "chisq", "7": "percentage_fulfilled"}, "value": {"0": 0.3248971715587519, "1": 0.013577016955195543, "2": 0.46140662073445293, "3": 0.46876948235375443, "4": 0.5726769829789158, "5": 0.44280799083942, "6": 2.0282958985473565, "7": 0.41379310344827586}, "up": {"0": 0.4543332608075706, "1": 0.19027107567189183, "2": 0.6354078207427369, "3": 0.6316739528372768, "4": 0.7995851204064401, "5": 0.6519848949822341, "6": 3.6496337613419176, "7": 0.0}, "low": {"0": 0.21704328166234632, "1": 0.0, "2": 0.2836730182837558, "3": 0.23323585771781918, "4": 0.3108546002522263, "5": 0.1982121768568316, "6": 0.8462711341735412, "7": 0.0}}}