{"35": {"0": {"Atom 1": "(1,)", "Atom 2": "(25,)", "NMR exp": 2.6, "lower bound": 2.47, "upper bound": 2.73, "md": [3.1682565187653373], "lower": [2.674698355660953], "upper": [3.781845298126332]}, "1": {"Atom 1": "(1,)", "Atom 2": "(66,)", "NMR exp": 2.15, "lower bound": 2.05, "upper bound": 2.25, "md": [2.272377133162019], "lower": [1.9941222868207003], "upper": [4.2803287740794005]}, "2": {"Atom 1": "(25,)", "Atom 2": "(32,)", "NMR exp": 2.68, "lower bound": 2.5500000000000003, "upper bound": 2.81, "md": [2.7096807062347117], "lower": [2.246518244135328], "upper": [3.968342845208192]}, "3": {"Atom 1": "(1,)", "Atom 2": "(3,)", "NMR exp": 2.5, "lower bound": 2.38, "upper bound": 2.62, "md": [2.234509101867207], "lower": [2.1391451381990576], "upper": [2.6234311444795337]}, "4": {"Atom 1": "(1,)", "Atom 2": "(68,)", "NMR exp": 2.58, "lower bound": 2.45, "upper bound": 2.71, "md": [2.3514867742773626], "lower": [2.100310050856249], "upper": [3.266230152763131]}, "5": {"Atom 1": "(1,)", "Atom 2": "(47,)", "NMR exp": 3.43, "lower bound": 3.2600000000000002, "upper bound": 3.6, "md": [4.923965075947123], "lower": [3.7032329465434333], "upper": [6.107622349125995]}, "6": {"Atom 1": "(1,)", "Atom 2": "(70,)", "NMR exp": 2.94, "lower bound": 2.79, "upper bound": 3.09, "md": [3.442863636998491], "lower": [2.7390888666966644], "upper": [4.223831525642372]}, "7": {"Atom 1": "(1,)", "Atom 2": "(5, 6)", "NMR exp": 3.17, "lower bound": 2.95, "upper bound": 4.29, "md": [2.7398562857570554, 3.277143186780089], "lower": [2.543131765349496, 2.855037573814326], "upper": [3.8423222505508283, 3.680670594200571]}, "8": {"Atom 1": "(1,)", "Atom 2": "(8, 9)", "NMR exp": 2.98, "lower bound": 2.83, "upper bound": 4.03, "md": [2.9711339915290313, 2.0422874381013423], "lower": [2.637819854589666, 1.9253101686624539], "upper": [4.219447302852437, 4.049774288460647]}, "9": {"Atom 1": "(3,)", "Atom 2": "(5, 6)", "NMR exp": 2.7600000000000002, "lower bound": 2.56, "upper bound": 3.85, "md": [2.3323075724639324, 2.4904136173245552], "lower": [2.2375187839029715, 2.3414934452791565], "upper": [2.783855387680887, 2.951107566371346]}, "10": {"Atom 1": "(3,)", "Atom 2": "(8, 9)", "NMR exp": 2.72, "lower bound": 2.59, "upper bound": 3.49, "md": [2.8387322318806136, 2.1553651362556225], "lower": [2.4565996008156916, 2.077901149779935], "upper": [3.493999371133387, 3.0942431179377694]}, "11": {"Atom 1": "(3,)", "Atom 2": "(11, 12)", "NMR exp": 3.22, "lower bound": 3.06, "upper bound": 3.96, "md": [3.1224066137071613, 3.2945966674942295], "lower": [2.3628204360120364, 2.5185692266863398], "upper": [4.515648193325327, 4.553876245396722]}, "12": {"Atom 1": "(5, 6)", "Atom 2": "(11, 12)", "NMR exp": 2.93, "lower bound": 2.91, "upper bound": 4.07, "md": [2.78515299512195, 2.7001457495510945, 2.6024758584877103, 1.8961631251004814], "lower": [2.447364752091147, 2.4187944740929446, 2.373776515941214, 1.8700395861541135], "upper": [3.5144015697551962, 3.4960222515932586, 3.4982394304240807, 3.228578152587688]}, "13": {"Atom 1": "(25,)", "Atom 2": "(27, 28)", "NMR exp": 2.6, "lower bound": 2.35, "upper bound": 3.75, "md": [2.0333846928655204, 1.9471535665251916], "lower": [1.9948484443697208, 1.9087238681084915], "upper": [2.8449216453509907, 2.7347526339660346]}, "14": {"Atom 1": "(25,)", "Atom 2": "(3,)", "NMR exp": 2.44, "lower bound": 2.32, "upper bound": 2.56, "md": [2.825339975693976], "lower": [2.447929509160938], "upper": [3.3478159143270227]}, "15": {"Atom 1": "(25,)", "Atom 2": "(5, 6)", "NMR exp": 3.73, "lower bound": 3.49, "upper bound": 4.86, "md": [2.761233986241965, 1.866727471621793], "lower": [2.3836804010235757, 1.781191137383267], "upper": [4.219147475959591, 4.09754876093258]}, "16": {"Atom 1": "(32,)", "Atom 2": "(27, 28)", "NMR exp": 2.45, "lower bound": 2.33, "upper bound": 3.48, "md": [2.380729894467822, 2.8542284071125676], "lower": [2.1583458051148354, 2.251399194154279], "upper": [3.0776922392846053, 3.3830793762036673]}, "17": {"Atom 1": "(32,)", "Atom 2": "(34,)", "NMR exp": 2.8000000000000003, "lower bound": 2.66, "upper bound": 2.94, "md": [2.715173708460549], "lower": [2.245252221120916], "upper": [2.936651889412981]}, "18": {"Atom 1": "(32,)", "Atom 2": "(36, 37)", "NMR exp": 2.94, "lower bound": 2.8000000000000003, "upper bound": 3.87, "md": [2.8187423668942166, 2.3915043400910805], "lower": [2.502765721577963, 2.2307050579765173], "upper": [3.6311920393362467, 3.1589549080595027]}, "19": {"Atom 1": "(34,)", "Atom 2": "(36, 37)", "NMR exp": 2.71, "lower bound": 2.57, "upper bound": 3.75, "md": [2.11214886866912, 2.9561431124728297], "lower": [2.0576228137689023, 2.510428566962779], "upper": [2.8719418264332077, 3.05690333188585]}, "20": {"Atom 1": "(45,)", "Atom 2": "(34,)", "NMR exp": 2.4, "lower bound": 2.2800000000000002, "upper bound": 2.52, "md": [2.9197151801598595], "lower": [2.3769742032661147], "upper": [3.0937206532261463]}, "21": {"Atom 1": "(45,)", "Atom 2": "(47,)", "NMR exp": 2.8000000000000003, "lower bound": 2.66, "upper bound": 2.94, "md": [2.946070737589376], "lower": [2.857693470389637], "upper": [3.006214487318599]}, "22": {"Atom 1": "(45,)", "Atom 2": "(49, 50)", "NMR exp": 3.17, "lower bound": 2.91, "upper bound": 4.32, "md": [2.9187112656904057, 2.6308782290689905], "lower": [2.5730865532218394, 2.3604208373127227], "upper": [3.6189288156871573, 3.353535403238804]}, "23": {"Atom 1": "(47,)", "Atom 2": "(49, 50)", "NMR exp": 2.7800000000000002, "lower bound": 2.64, "upper bound": 3.8200000000000003, "md": [3.2587884176916835, 2.624931345307945], "lower": [2.6325132940899265, 2.416583524839591], "upper": [3.274695806202696, 2.9999952229002576]}, "24": {"Atom 1": "(47,)", "Atom 2": "(55, 56)", "NMR exp": 2.93, "lower bound": 2.7800000000000002, "upper bound": 3.68, "md": [3.3588430707890704, 3.2732539752199354], "lower": [2.5261551782945952, 2.477696334242799], "upper": [4.595386818238808, 4.581939953453139]}, "25": {"Atom 1": "(66,)", "Atom 2": "(47,)", "NMR exp": 2.19, "lower bound": 2.08, "upper bound": 2.3000000000000003, "md": [2.316365017477104], "lower": [2.143068091977858], "upper": [2.600475520421699]}, "26": {"Atom 1": "(66,)", "Atom 2": "(68,)", "NMR exp": 2.7800000000000002, "lower bound": 2.64, "upper bound": 2.92, "md": [2.9033725775765453], "lower": [2.796583505219674], "upper": [2.9802275583784232]}, "27": {"Atom 1": "(66,)", "Atom 2": "(70,)", "NMR exp": 2.72, "lower bound": 2.59, "upper bound": 2.85, "md": [1.7771419509766082], "lower": [1.7770367860794067], "upper": [3.059935440398859]}, "28": {"Atom 1": "(68,)", "Atom 2": "(70,)", "NMR exp": 2.68, "lower bound": 2.5500000000000003, "upper bound": 2.81, "md": [2.2431120672232954], "lower": [2.1714273735496974], "upper": [2.8569031317411175]}}}