{"minimum_sasa": 8.694306373596191, "minimum_psa": 7.3365118026733525}