{"single": {"stat": {"0": "MAE", "1": "MSE", "2": "RMSD", "3": "RMSD_step", "4": "pearsonr", "5": "kendalltau", "6": "chisq", "7": "percentage_fulfilled"}, "value": {"0": 0.3248971715587519, "1": 0.013577016955195543, "2": 0.46140662073445293, "3": 0.46876948235375443, "4": 0.5726769829789158, "5": 0.44280799083942, "6": 2.0282958985473565, "7": 0.41379310344827586}, "up": {"0": 0.4520430958083394, "1": 0.1837839615619342, "2": 0.6332892872187731, "3": 0.6314510518136884, "4": 0.8015806335284381, "5": 0.6554117164426008, "6": 3.631032383969583, "7": 0.0}, "low": {"0": 0.21521306261293663, "1": 0.0, "2": 0.2851543041779652, "3": 0.23542954130364996, "4": 0.3164536397716056, "5": 0.20434531043873425, "6": 0.8537614784471201, "7": 0.0}}}