{"single": {"fulfil": {"best": 0.6213592233009708, "random": [0.5475728155339805, 0.5912621359223301, 0.5951456310679613, 0.6223300970873786, 0.6572815533980582], "low_energy": [0.5242718446601942, 0.5728155339805825, 0.5922330097087378, 0.5922330097087378, 0.6310679611650486], "LICUV": [0.6213592233009708, 0.6407766990291263, 0.6699029126213593, 0.6699029126213593, 0.6990291262135923], "NAMFIS": [0.5436893203883495, 0.5533980582524272, 0.6019417475728155, 0.6116504854368932, 0.6116504854368932]}, "rmsd": {"best": 2.0341504580418075, "random": [2.52537959801916, 1.9850979594487128, 1.995398904994388, 1.7511369485625299, 1.605928508427382], "low_energy": [2.7444817109879303, 2.058123713232533, 1.854285147264723, 1.8301575376867183, 1.686889968880654], "LICUV": [2.364668420909162, 1.9835404288511487, 1.7818968389515715, 1.64559090728256, 1.4476542650479267], "NAMFIS": [2.1607158476034702, 2.0316415633757443, 1.7516431854219796, 1.614119152863976, 1.6141191490936986]}, "mae": {"best": 1.4837021515207378, "random": [1.7988259200910914, 1.4916417564066964, 1.4987359303041028, 1.3527934066470007, 1.2563047594421584], "low_energy": [1.9723078880495233, 1.5293396265911658, 1.4308035789053153, 1.3784290873206517, 1.2920748236701805], "LICUV": [1.5585082919852242, 1.3817679250891157, 1.3106734241201408, 1.2435706177044437, 1.1015553209436926], "NAMFIS": [1.657119268352545, 1.5765709343178607, 1.3907519609807077, 1.2993014084675623, 1.2993014056471568]}, "bundle-size": [1, 3, 5, 10, 30]}}