{"single": {"fulfil": {"best": 0.8737864077669902, "random": [0.7466019417475728, 0.7631067961165049, 0.762135922330097, 0.783495145631068, 0.7699029126213592], "low_energy": [0.8349514563106796, 0.7864077669902912, 0.7766990291262136, 0.8252427184466019, 0.7961165048543689], "LICUV": [0.8737864077669902, 0.8543689320388349, 0.8737864077669902, 0.8640776699029126, 0.8155339805825242], "NAMFIS": [0.8737864077669902, 0.8640776699029126, 0.8252427184466019, 0.8252427184466019, 0.8252427184466019]}, "rmsd": {"best": 1.1224605551622007, "random": [1.7555119668885506, 1.3109735945256733, 1.2388338603933797, 1.177869721333356, 1.1614654511354496], "low_energy": [1.1620817658920966, 1.3251113091144133, 1.3508749432614102, 1.1961177883733713, 1.1218936675832505], "LICUV": [1.1224605551622007, 1.2056380325648877, 1.078951039273515, 1.0931357100920773, 1.0875671129602607], "NAMFIS": [1.1224605551622007, 1.0286303820847238, 1.05583315376455, 1.0566595178151161, 1.056659517815257]}, "mae": {"best": 0.8321730234090564, "random": [1.2131093856200428, 1.0396942936871052, 1.0149776543657356, 0.9935118992559653, 0.9912646204746578], "low_energy": [0.8698867640449005, 1.0256333336545775, 1.0937402587033138, 0.9982754360376651, 0.960203948229064], "LICUV": [0.8321730234090564, 0.9344009385663277, 0.8681976716171231, 0.8999444870577407, 0.9203962845905416], "NAMFIS": [0.8321730234090564, 0.8480085048907773, 0.8778312499236602, 0.8902347685453399, 0.8902347685454037]}, "bundle-size": [1, 3, 5, 10, 30]}}