{"single": {"fulfil": {"best": 0.8737864077669902, "random": [0.7436893203883495, 0.8077669902912621, 0.7699029126213592, 0.7786407766990291, 0.7796116504854369], "low_energy": [0.8349514563106796, 0.7864077669902912, 0.7766990291262136, 0.8252427184466019, 0.7961165048543689], "LICUV": [0.8737864077669902, 0.8543689320388349, 0.8737864077669902, 0.8640776699029126, 0.8155339805825242], "NAMFIS": [0.8737864077669902, 0.8640776699029126, 0.8252427184466019, 0.8252427184466019, 0.8252427184466019]}, "rmsd": {"best": 1.1224605551622007, "random": [1.6263147452389308, 1.265312753810872, 1.3038368233049475, 1.2111991975668577, 1.1587503889247492], "low_energy": [1.1620817658920966, 1.3251113091144133, 1.3508749432614102, 1.1961177883733713, 1.1218936675832505], "LICUV": [1.1224605551622007, 1.2056380325648877, 1.078951039273515, 1.0931357100920773, 1.0875671129602607], "NAMFIS": [1.1224605551622007, 1.028626745367854, 1.0558460786060833, 1.056683624363638, 1.056683624364827]}, "rmsd_stepwise": {"best": 0.528783179087078, "random": [0.7844807586438303, 0.6882243443316027, 0.7578509572867542, 0.7433662226302428, 0.7426858373621537], "low_energy": [0.6244220628880429, 0.732067162285734, 0.7488502514048626, 0.660685140115117, 0.7148901741981409], "LICUV": [0.528783179087078, 0.5925098827572822, 0.5587781399703622, 0.5805922653986846, 0.6792342919059451], "NAMFIS": [0.528783179087078, 0.5805922653986846, 0.660685140115117, 0.660685140115117, 0.660685140115117]}, "mae": {"best": 0.8321730234090564, "random": [1.1590387609398478, 1.0020876030847643, 1.0611226054160512, 1.015401471391303, 0.9982339091792916], "low_energy": [0.8698867640449005, 1.0256333336545775, 1.0937402587033138, 0.9982754360376651, 0.960203948229064], "LICUV": [0.8321730234090564, 0.9344009385663277, 0.8681976716171231, 0.8999444870577407, 0.9203962845905416], "NAMFIS": [0.8321730234090564, 0.8480073070599206, 0.8778504246435642, 0.8902497438483831, 0.8902497438509676]}, "bundle-size": [1, 3, 5, 10, 30]}}