{"single": {"fulfil": {"best": 0.8737864077669902, "random": [0.7524271844660195, 0.7553398058252427, 0.7718446601941747, 0.770873786407767, 0.7796116504854369], "low_energy": [0.8349514563106796, 0.7864077669902912, 0.7766990291262136, 0.8252427184466019, 0.7961165048543689], "LICUV": [0.8737864077669902, 0.8543689320388349, 0.8737864077669902, 0.8640776699029126, 0.8155339805825242], "NAMFIS": [0.8737864077669902, 0.8640776699029126, 0.8252427184466019, 0.8252427184466019, 0.8252427184466019]}, "rmsd": {"best": 1.1224605551622007, "random": [1.5037634357951284, 1.421863925725301, 1.2925764132982858, 1.2120367309545679, 1.153052461853943], "low_energy": [1.1620817658920966, 1.3251113091144133, 1.3508749432614102, 1.1961177883733713, 1.1218936675832505], "LICUV": [1.1224605551622007, 1.2056380325648877, 1.078951039273515, 1.0931357100920773, 1.0875671129602607], "NAMFIS": [1.1224605551622007, 1.0286305220888712, 1.0558390603234142, 1.0566659398893306, 1.0566659398931129]}, "mae": {"best": 0.8321730234090564, "random": [1.0940351412134262, 1.107135554680531, 1.0361455998167608, 1.0201154113571183, 0.9873312524726525], "low_energy": [0.8698867640449005, 1.0256333336545775, 1.0937402587033138, 0.9982754360376651, 0.960203948229064], "LICUV": [0.8321730234090564, 0.9344009385663277, 0.8681976716171231, 0.8999444870577407, 0.9203962845905416], "NAMFIS": [0.8321730234090564, 0.8480081347372509, 0.8778375981989636, 0.890239533756231, 0.8902395337631651]}, "bundle-size": [1, 3, 5, 10, 30]}}