{"minimum_sasa": 13.532675743103027, "minimum_psa": 11.062057495117188}