{"trans": {"stat": {"0": "MAE", "1": "MSE", "2": "RMSD", "3": "RMSD_step", "4": "pearsonr", "5": "kendalltau", "6": "chisq", "7": "percentage_fulfilled"}, "value": {"0": 0.2729973937466233, "1": 0.06189362455938539, "2": 0.3857318471862661, "3": 0.049521520093601265, "4": 0.5461166442723429, "5": 0.2761904761904762, "6": 1.2795295656135528, "7": 0.5238095238095238}, "up": {"0": 0.4017575728773503, "1": 0.23622823602372292, "2": 0.5558247489412468, "3": 0.0674889761721269, "4": 0.8612633735840161, "5": 0.5939086294416245, "6": 2.8088756531474077, "7": 0.0}, "low": {"0": 0.16960357393669234, "1": 0.0, "2": 0.22025425512579097, "3": 0.027013554579379474, "4": 0.05124231827982198, "5": 0.0, "6": 0.36300345227181907, "7": 0.0}}}