{"trans": {"stat": {"0": "MAE", "1": "MSE", "2": "RMSD", "3": "RMSD_step", "4": "pearsonr", "5": "kendalltau", "6": "chisq", "7": "percentage_fulfilled"}, "value": {"0": 0.2729973937466233, "1": 0.06189362455938539, "2": 0.3857318471862661, "3": 0.049521520093601265, "4": 0.5461166442723429, "5": 0.2761904761904762, "6": 1.2795295656135528, "7": 0.5238095238095238}, "up": {"0": 0.39933197829632405, "1": 0.22895451880009662, "2": 0.555058921980562, "3": 0.06722452593785228, "4": 0.8590854598446183, "5": 0.5940594059405941, "6": 2.863283057911842, "7": 0.0}, "low": {"0": 0.17185212191915458, "1": 0.0, "2": 0.21998481940617193, "3": 0.02714544139023842, "4": 0.022403138604596123, "5": 0.0, "6": 0.36789300447708, "7": 0.0}}}