{"minimum_sasa": 8.037774620056151, "minimum_psa": 6.00853623390199}