{"single": {"stat": {"0": "MAE", "1": "MSE", "2": "RMSD", "3": "pearsonr", "4": "kendalltau", "5": "chisq", "6": "percentage_fulfilled"}, "value": {"0": 0.461993768968067, "1": 0.25584281034884093, "2": 0.6607263456682326, "3": 0.6748041057438944, "4": 0.4867793004494179, "5": 3.0038515979585556, "6": 0.6}, "up": {"0": 0.6914209757569423, "1": 0.5392266701901235, "2": 0.9521326814616453, "3": 0.9145967236192127, "4": 0.7649117191530247, "5": 6.538323567427191, "6": 0.0}, "low": {"0": 0.28186091541159836, "1": 0.009359708618844914, "2": 0.3591934008917087, "3": 0.1658235505443153, "4": 0.1149394989717444, "5": 0.8397216570936076, "6": 0.0}, "most-populated-1": {"0": 0.4406595001220702, "1": 0.2953340930938718, "2": 0.6547544344012075, "3": NaN, "4": NaN, "5": NaN, "6": 0.6}}}