{"cis": {"fulfil": {"best": 1.0, "random": [0.8555555555555555, 0.961111111111111, 0.95, 0.9444444444444444, 0.9444444444444444], "low_energy": [0.8888888888888888, 0.8888888888888888, 0.9444444444444444, 1.0, 1.0], "LICUV": [1.0, 1.0, 1.0, 1.0, 1.0], "NAMFIS": [1.0, 1.0, 1.0, 1.0, 1.0]}, "rmsd": {"best": 0.44679952174610993, "random": [0.7245119118066077, 0.5129332549952789, 0.4664252335673755, 0.4356174721676541, 0.4289812682582115], "low_energy": [0.5884979495473234, 0.6034654643753212, 0.5802845206419314, 0.47386827503414836, 0.4165217610757737], "LICUV": [0.45382040271575763, 0.4469032023508891, 0.30209919960976467, 0.3366456332529714, 0.35705390703328027], "NAMFIS": [0.35966938824713035, 0.2685611228587877, 0.24449469903830096, 0.23576186781960443, 0.2357618678192443]}, "rmsd_stepwise": {"best": 0.0, "random": [0.3601635786110041, 0.13670731102939923, 0.13959464934014018, 0.1735063192440971, 0.18856180831641273], "low_energy": [0.3333333333333333, 0.3333333333333333, 0.23570226039551584, 0.0, 0.0], "LICUV": [0.0, 0.0, 0.0, 0.0, 0.0], "NAMFIS": [0.0, 0.0, 0.0, 0.0, 0.0]}, "mae": {"best": 0.3526333093643188, "random": [0.5754002813498178, 0.4484588229079155, 0.3849637947880571, 0.37704260292799663, 0.3819279350726756], "low_energy": [0.5099951028823851, 0.5258710649254998, 0.5096830259860384, 0.4084339418286699, 0.37217928009044815], "LICUV": [0.3817237748040092, 0.3410773978109375, 0.27486249531080503, 0.2936920745578547, 0.3155394833697652], "NAMFIS": [0.2728268527984618, 0.23107114925222166, 0.21954559495156212, 0.20787619821241776, 0.2078761982121864]}, "bundle-size": [1, 3, 5, 10, 30]}, "trans": {"fulfil": {"best": 1.0, "random": [0.9099999999999999, 0.99, 1.0, 1.0, 1.0], "low_energy": [0.9, 0.9, 0.8, 1.0, 1.0], "LICUV": [1.0, 1.0, 1.0, 1.0, 1.0], "NAMFIS": [0.8, 1.0, 1.0, 1.0, 1.0]}, "rmsd": {"best": 0.27597663927827504, "random": [0.5216854680406788, 0.3586263792125466, 0.3284730797715337, 0.3137212772954733, 0.291534548120997], "low_energy": [0.5446840920526433, 0.6287535289049925, 0.631707938037457, 0.34863947607176726, 0.3517638058115724], "LICUV": [0.27597663927827504, 0.2990368515415267, 0.25954388424423475, 0.2711248501202999, 0.27655640657017344], "NAMFIS": [0.7742623365483424, 0.3868810724721452, 0.3409748123262666, 0.334495794785669, 0.33449579477973396]}, "rmsd_stepwise": {"best": 0.0, "random": [0.20746052805387577, 0.03162277660168379, 0.0, 0.0, 0.0], "low_energy": [0.31622776601683794, 0.31622776601683794, 0.4472135954999579, 0.0, 0.0], "LICUV": [0.0, 0.0, 0.0, 0.0, 0.0], "NAMFIS": [0.4919349550499536, 0.0, 0.0, 0.0, 0.0]}, "mae": {"best": 0.20831700325012195, "random": [0.41469620609283436, 0.28731157247564804, 0.2680285937817641, 0.2640324164240337, 0.25301140662960453], "low_energy": [0.44708979129791243, 0.5322370431498685, 0.5248152776574194, 0.29173633670058813, 0.2961087374396357], "LICUV": [0.22823613166809076, 0.23331813781206093, 0.17611677995987826, 0.20231831439948414, 0.23055359670326112], "NAMFIS": [0.6298315048217772, 0.32857780190819985, 0.2817115154753272, 0.27697033124809944, 0.2769703312442823]}, "bundle-size": [1, 3, 5, 10, 30]}}