{"single": {"stat": {"0": "MAE", "1": "MSE", "2": "RMSD", "3": "RMSD_step", "4": "pearsonr", "5": "kendalltau", "6": "chisq", "7": "percentage_fulfilled"}, "value": {"0": 0.3567426285855204, "1": -0.17681646166505002, "2": 0.49250339546351485, "3": 0.21500000000000008, "4": 0.8253893000515424, "5": 0.65, "6": 1.1337790924700013, "7": 0.9375}, "up": {"0": 0.5311413341978524, "1": 0.05858994271059489, "2": 0.6573322655012364, "3": 0.37239092362730875, "4": 0.9379222115852482, "5": 0.8867924528301887, "6": 2.0469033183701004, "7": 0.0}, "low": {"0": 0.19709695838602487, "1": 0.0, "2": 0.2775992157193961, "3": 0.0, "4": 0.686396609203499, "5": 0.38178600160901077, "6": 0.40349169261550744, "7": 0.0}}}