{"11": {"0": {"Atom 1": "(92,)", "Atom 2": "(75,)", "NMR exp": 2.36, "lower bound": 0, "upper bound": 0, "md": [2.4191261796783157], "lower": [2.1761157042925126], "upper": [2.820590855456133]}, "1": {"Atom 1": "(73,)", "Atom 2": "(92,)", "NMR exp": 4.01, "lower bound": 0, "upper bound": 0, "md": [3.4555629470737026], "lower": [3.057745186500444], "upper": [4.075545642379634]}, "2": {"Atom 1": "(73,)", "Atom 2": "(56,)", "NMR exp": 2.62, "lower bound": 0, "upper bound": 0, "md": [2.101776220820562], "lower": [2.0207494831457304], "upper": [2.774466262082832]}, "3": {"Atom 1": "(54,)", "Atom 2": "(73,)", "NMR exp": 2.63, "lower bound": 0, "upper bound": 0, "md": [2.386301995832747], "lower": [2.2064294767274832], "upper": [3.3427315521038716]}, "4": {"Atom 1": "(54,)", "Atom 2": "(41, 42)", "NMR exp": 2.91, "lower bound": 0, "upper bound": 0, "md": [3.3788960689169656, 2.7883220799786574], "lower": [3.302651912155461, 2.5172485329003305], "upper": [4.187007905994633, 3.271031839839725]}, "5": {"Atom 1": "(54,)", "Atom 2": "(50,)", "NMR exp": 3.38, "lower bound": 0, "upper bound": 0, "md": [2.9917233483294066], "lower": [2.8247395028050564], "upper": [3.508631577381747]}, "6": {"Atom 1": "(54,)", "Atom 2": "(22,)", "NMR exp": 3.66, "lower bound": 0, "upper bound": 0, "md": [3.630384221438361], "lower": [3.4350944849994467], "upper": [3.9355829272519665]}, "7": {"Atom 1": "(54,)", "Atom 2": "(1,)", "NMR exp": 3.61, "lower bound": 0, "upper bound": 0, "md": [3.8397790974225807], "lower": [3.560229244279655], "upper": [4.323031967487736]}, "8": {"Atom 1": "(73,)", "Atom 2": "(1,)", "NMR exp": 3.55, "lower bound": 0, "upper bound": 0, "md": [3.455566425429547], "lower": [3.1487380064612873], "upper": [4.381715012080793]}, "9": {"Atom 1": "(41, 42)", "Atom 2": "(24, 25)", "NMR exp": 3.46, "lower bound": 0, "upper bound": 0, "md": [2.94782477718025, 4.9504922218486564, 2.9010941101021035, 3.1647132147635975], "lower": [2.549197966401934, 4.208134710342822, 2.6583542574622707, 2.8687616869677623], "upper": [4.258115832373242, 5.141221209592788, 4.7869070794944335, 4.871953331117641]}, "10": {"Atom 1": "(28,)", "Atom 2": "(41, 42)", "NMR exp": 3.09, "lower bound": 0, "upper bound": 0, "md": [3.11352266417491, 4.0938905690646745], "lower": [2.7132973128682565, 3.6143075266299247], "upper": [4.839569526067752, 5.558846891115404]}, "11": {"Atom 1": "(20,)", "Atom 2": "(3,)", "NMR exp": 2.88, "lower bound": 0, "upper bound": 0, "md": [1.855363922054766], "lower": [1.802936874743468], "upper": [2.5126820490826427]}, "12": {"Atom 1": "(41, 42)", "Atom 2": "(22,)", "NMR exp": 2.13, "lower bound": 0, "upper bound": 0, "md": [2.2885248381716568, 2.314756836931595], "lower": [2.122784178784429, 2.1175171537464363], "upper": [2.641909925238375, 2.609442327267771]}, "13": {"Atom 1": "(1,)", "Atom 2": "(96,)", "NMR exp": 3.79, "lower bound": 0, "upper bound": 0, "md": [2.7918129022740894], "lower": [2.503303395270302], "upper": [4.057003553342401]}, "14": {"Atom 1": "(1,)", "Atom 2": "(102, 103)", "NMR exp": 3.7, "lower bound": 0, "upper bound": 0, "md": [3.7449864842213425, 3.216517487604247], "lower": [2.775118084505453, 2.821124217141986], "upper": [4.790006492526453, 4.720634482284762]}, "15": {"Atom 1": "(1,)", "Atom 2": "(75,)", "NMR exp": 4.3, "lower bound": 0, "upper bound": 0, "md": [5.223470071694957], "lower": [3.9597754863250954], "upper": [5.505095739640808]}}}