{"single": {"stat": {"0": "MAE", "1": "MSE", "2": "RMSD", "3": "RMSD_step", "4": "pearsonr", "5": "kendalltau", "6": "chisq", "7": "percentage_fulfilled"}, "value": {"0": 0.3567426285855204, "1": -0.17681646166505002, "2": 0.49250339546351485, "3": 0.21500000000000008, "4": 0.8253893000515424, "5": 0.65, "6": 1.1337790924700013, "7": 0.9375}, "up": {"0": 0.5340299241081465, "1": 0.049968943999828534, "2": 0.6591615393462998, "3": 0.37239092362730875, "4": 0.93646427516969, "5": 0.8782608695652175, "6": 2.0421787773925546, "7": 0.0}, "low": {"0": 0.20224527635409476, "1": 0.0, "2": 0.2911774376240065, "3": 0.0, "4": 0.6844556693530082, "5": 0.38178600160901077, "6": 0.4013779576816653, "7": 0.0}}}