{"single": {"stat": {"0": "MAE", "1": "MSE", "2": "RMSD", "3": "RMSD_step", "4": "pearsonr", "5": "kendalltau", "6": "chisq", "7": "percentage_fulfilled"}, "value": {"0": 0.23328321228578222, "1": -0.0006923716795440849, "2": 0.27868963237844774, "3": 0.0, "4": 0.8905299883057898, "5": 0.65, "6": 0.37522516851218096, "7": 1.0}, "up": {"0": 0.30873177610008135, "1": 0.13367169400175016, "2": 0.33976502029377237, "3": 0.0, "4": 0.9532873139858808, "5": 0.8584070796460177, "6": 0.5742324263604494, "7": 0.0}, "low": {"0": 0.1585938495375821, "1": 0.0, "2": 0.20736930659633993, "3": 0.0, "4": 0.7869869585723772, "5": 0.33898550724637816, "6": 0.20468693585925143, "7": 0.0}}}