{"11": {"0": {"Atom 1": "(92,)", "Atom 2": "(75,)", "NMR exp": 2.36, "lower bound": 0, "upper bound": 0, "md": [2.279237358529488], "lower": [2.1110554394183767], "upper": [2.6660367956824427]}, "1": {"Atom 1": "(73,)", "Atom 2": "(92,)", "NMR exp": 4.01, "lower bound": 0, "upper bound": 0, "md": [3.6524747599087846], "lower": [3.2392650552921265], "upper": [4.137379436053555]}, "2": {"Atom 1": "(73,)", "Atom 2": "(56,)", "NMR exp": 2.62, "lower bound": 0, "upper bound": 0, "md": [2.5784585309247], "lower": [2.356534119079027], "upper": [2.97362870092799]}, "3": {"Atom 1": "(54,)", "Atom 2": "(73,)", "NMR exp": 2.63, "lower bound": 0, "upper bound": 0, "md": [2.9750306086780713], "lower": [2.650486355217687], "upper": [3.513428449109057]}, "4": {"Atom 1": "(54,)", "Atom 2": "(41, 42)", "NMR exp": 2.91, "lower bound": 0, "upper bound": 0, "md": [4.089301580426915, 2.870629311207492], "lower": [3.8814736823068965, 2.575474908528906], "upper": [4.340206781283114, 3.30916286889834]}, "5": {"Atom 1": "(54,)", "Atom 2": "(50,)", "NMR exp": 3.38, "lower bound": 0, "upper bound": 0, "md": [3.4646403096706915], "lower": [3.336371926917511], "upper": [3.5909770789647695]}, "6": {"Atom 1": "(54,)", "Atom 2": "(22,)", "NMR exp": 3.66, "lower bound": 0, "upper bound": 0, "md": [3.682989608396023], "lower": [3.471214952708312], "upper": [3.9638623443994616]}, "7": {"Atom 1": "(54,)", "Atom 2": "(1,)", "NMR exp": 3.61, "lower bound": 0, "upper bound": 0, "md": [3.9070670213734946], "lower": [3.6063140829923688], "upper": [4.357658118550433]}, "8": {"Atom 1": "(73,)", "Atom 2": "(1,)", "NMR exp": 3.55, "lower bound": 0, "upper bound": 0, "md": [3.9577239676097618], "lower": [3.530968076786614], "upper": [4.515823924086378]}, "9": {"Atom 1": "(41, 42)", "Atom 2": "(24, 25)", "NMR exp": 3.46, "lower bound": 0, "upper bound": 0, "md": [3.351212416045004, 4.105127496423869, 4.4399371215845935, 4.73765980354366], "lower": [2.798278490073598, 3.7379503837756523, 3.933679276158351, 4.416063132935527], "upper": [4.361017440314629, 4.591714355929894, 5.0162161580839, 5.086955816516474]}, "10": {"Atom 1": "(28,)", "Atom 2": "(41, 42)", "NMR exp": 3.09, "lower bound": 0, "upper bound": 0, "md": [3.4291268850641687, 4.497386940438673], "lower": [2.9209646788852552, 3.8938210396422472], "upper": [5.022352850508407, 5.741061221677355]}, "11": {"Atom 1": "(20,)", "Atom 2": "(3,)", "NMR exp": 2.88, "lower bound": 0, "upper bound": 0, "md": [2.3710593212668463], "lower": [2.2040733482799757], "upper": [2.6587794268821434]}, "12": {"Atom 1": "(41, 42)", "Atom 2": "(22,)", "NMR exp": 2.13, "lower bound": 0, "upper bound": 0, "md": [2.3215918405362004, 2.2834735687756234], "lower": [2.1412796449238947, 2.1012983028505645], "upper": [2.6618605095389625, 2.5909034351001705]}, "13": {"Atom 1": "(1,)", "Atom 2": "(96,)", "NMR exp": 3.79, "lower bound": 0, "upper bound": 0, "md": [3.4253576684452254], "lower": [2.8009049973581432], "upper": [4.148408794852268]}, "14": {"Atom 1": "(1,)", "Atom 2": "(102, 103)", "NMR exp": 3.7, "lower bound": 0, "upper bound": 0, "md": [3.305431693281973, 3.9106747552820704], "lower": [2.6263849775761594, 3.2872103714140337], "upper": [4.718110155611588, 4.911240684795846]}, "15": {"Atom 1": "(1,)", "Atom 2": "(75,)", "NMR exp": 4.3, "lower bound": 0, "upper bound": 0, "md": [3.929765961949849], "lower": [3.667080010736973], "upper": [4.319522441842909]}}}