{"single": {"stat": {"0": "MAE", "1": "MSE", "2": "RMSD", "3": "RMSD_step", "4": "pearsonr", "5": "kendalltau", "6": "chisq", "7": "percentage_fulfilled"}, "value": {"0": 0.23630412266861797, "1": -0.16845639318096362, "2": 0.37614282084076334, "3": 0.1931217232731729, "4": 0.7259481630501136, "5": 0.6353021930034268, "6": 0.9701654959628638, "7": 0.64}, "up": {"0": 0.3621824861851171, "1": -0.04530926560310538, "2": 0.5175693163150912, "3": 0.2569774303528132, "4": 0.8898799620850814, "5": 0.8153311341855606, "6": 1.7904636609539046, "7": 0.0}, "low": {"0": 0.13285899716678282, "1": 0.0, "2": 0.19703845157480063, "3": 0.11639501695177913, "4": 0.6010002957642904, "5": 0.3985255517890713, "6": 0.31793313695905623, "7": 0.0}}}