{"27": {"0": {"Atom 1": "(17,)", "Atom 2": "(37,)", "NMR exp": 2.65, "lower bound": 2.52, "upper bound": 2.79, "md": [3.4716516884242217], "lower": [2.5713943773840406], "upper": [4.514416060998887]}, "1": {"Atom 1": "(37,)", "Atom 2": "(50,)", "NMR exp": 3.8000000000000003, "lower bound": 3.4, "upper bound": 4.2, "md": [2.054577989986968], "lower": [1.8788125315517428], "upper": [3.580170538625002]}, "2": {"Atom 1": "(1,)", "Atom 2": "(3,)", "NMR exp": 2.97, "lower bound": 2.7800000000000002, "upper bound": 3.17, "md": [3.021387802654004], "lower": [2.872243330094782], "upper": [3.0589914204737254]}, "3": {"Atom 1": "(17,)", "Atom 2": "(19,)", "NMR exp": 2.93, "lower bound": 2.75, "upper bound": 3.12, "md": [3.135900313252214], "lower": [2.878940623430405], "upper": [3.159419067818734]}, "4": {"Atom 1": "(37,)", "Atom 2": "(39,)", "NMR exp": 2.71, "lower bound": 2.57, "upper bound": 2.86, "md": [1.942600417036184], "lower": [1.8967887306394466], "upper": [2.855831813046235]}, "5": {"Atom 1": "(50,)", "Atom 2": "(52, 53)", "NMR exp": 2.96, "lower bound": 2.77, "upper bound": 3.15, "md": [2.6225600430079172, 2.6261902668043207], "lower": [2.3124037776708164, 2.4385420648734883], "upper": [2.8557527869086803, 2.9143926019620405]}, "6": {"Atom 1": "(50,)", "Atom 2": "(52, 53)", "NMR exp": 2.49, "lower bound": 2.37, "upper bound": 2.6, "md": [2.6225600430079172, 2.6261902668043207], "lower": [2.3124037776708164, 2.4385420648734883], "upper": [2.8557527869086803, 2.9143926019620405]}, "7": {"Atom 1": "(57,)", "Atom 2": "(59,)", "NMR exp": 3.02, "lower bound": 2.82, "upper bound": 3.22, "md": [2.1786692235142566], "lower": [2.106572076138586], "upper": [2.9477717518196935]}, "8": {"Atom 1": "(1,)", "Atom 2": "(59,)", "NMR exp": 2.32, "lower bound": 2.23, "upper bound": 2.41, "md": [3.4703815781237233], "lower": [2.3069943051550816], "upper": [3.8558368737513455]}, "9": {"Atom 1": "(17,)", "Atom 2": "(3,)", "NMR exp": 2.1, "lower bound": 2.0300000000000002, "upper bound": 2.17, "md": [3.340323483902122], "lower": [2.1936404963530443], "upper": [3.462645515414069]}, "10": {"Atom 1": "(37,)", "Atom 2": "(19,)", "NMR exp": 2.99, "lower bound": 2.8000000000000003, "upper bound": 3.35, "md": [2.163918237731633], "lower": [2.031224349820226], "upper": [3.374087069177616]}, "11": {"Atom 1": "(50,)", "Atom 2": "(39,)", "NMR exp": 2.39, "lower bound": 2.29, "upper bound": 2.49, "md": [3.288558129779056], "lower": [2.381388355548166], "upper": [3.509296211573091]}, "12": {"Atom 1": "(57,)", "Atom 2": "(52, 53)", "NMR exp": 2.5500000000000003, "lower bound": 2.43, "upper bound": 2.67, "md": [3.0492807232432217, 2.959072234553075], "lower": [2.8307716029551315, 2.365663020801218], "upper": [3.4881551296440385, 3.2305018376756243]}, "13": {"Atom 1": "(57,)", "Atom 2": "(52, 53)", "NMR exp": 3.43, "lower bound": 3.14, "upper bound": 3.73, "md": [3.0492807232432217, 2.959072234553075], "lower": [2.8307716029551315, 2.365663020801218], "upper": [3.4881551296440385, 3.2305018376756243]}, "14": {"Atom 1": "(1,)", "Atom 2": "(5,)", "NMR exp": 2.58, "lower bound": 2.45, "upper bound": 2.7, "md": [4.244175224476839], "lower": [2.774248926368107], "upper": [4.2796856861411445]}, "15": {"Atom 1": "(17,)", "Atom 2": "(21, 22)", "NMR exp": 3.48, "lower bound": 3.18, "upper bound": 3.79, "md": [1.7494106738907114, 2.4747029083873224], "lower": [1.72186913576864, 2.2620489074255015], "upper": [3.3392628348568394, 2.980894336269329]}, "16": {"Atom 1": "(17,)", "Atom 2": "(21, 22)", "NMR exp": 2.49, "lower bound": 2.37, "upper bound": 2.6, "md": [1.7494106738907114, 2.4747029083873224], "lower": [1.72186913576864, 2.2620489074255015], "upper": [3.3392628348568394, 2.980894336269329]}, "17": {"Atom 1": "(37,)", "Atom 2": "(41, 42)", "NMR exp": 2.88, "lower bound": 2.71, "upper bound": 3.06, "md": [3.843215013276893, 3.022714486414596], "lower": [3.04351960549688, 2.6113927152908576], "upper": [4.018684954533384, 3.4786636540547105]}, "18": {"Atom 1": "(37,)", "Atom 2": "(41, 42)", "NMR exp": 4.16, "lower bound": 3.64, "upper bound": 4.68, "md": [3.843215013276893, 3.022714486414596], "lower": [3.04351960549688, 2.6113927152908576], "upper": [4.018684954533384, 3.4786636540547105]}, "19": {"Atom 1": "(1,)", "Atom 2": "(7, 8, 9, 11, 12, 13)", "NMR exp": 2.5500000000000003, "lower bound": 2.43, "upper bound": 2.67, "md": [3.0170320412769893, 2.948162867729166, 1.7891939316854235, 3.3891271507497445, 2.214197729227607, 2.161555031690989], "lower": [2.476904173081836, 2.4384026778751595, 1.713160571080611, 2.5714661447629106, 2.037224088379208, 2.0027941783823326], "upper": [4.513098608773365, 4.506795564763073, 4.394376570150975, 4.3132489593925785, 3.912803704459043, 3.894377977382014]}, "20": {"Atom 1": "(39,)", "Atom 2": "(41, 42)", "NMR exp": 3.22, "lower bound": 2.98, "upper bound": 3.47, "md": [1.9972343538228328, 2.3419528435672947], "lower": [1.9488128569500707, 2.2528552151688297], "upper": [2.888456318776398, 2.7734030725573917]}, "21": {"Atom 1": "(39,)", "Atom 2": "(41, 42)", "NMR exp": 2.6, "lower bound": 2.47, "upper bound": 2.73, "md": [1.9972343538228328, 2.3419528435672947], "lower": [1.9488128569500707, 2.2528552151688297], "upper": [2.888456318776398, 2.7734030725573917]}, "22": {"Atom 1": "(19,)", "Atom 2": "(21, 22)", "NMR exp": 2.65, "lower bound": 2.52, "upper bound": 2.79, "md": [2.6449435742116854, 2.415602303230633], "lower": [2.4146162835563816, 2.271519435718313], "upper": [2.979261385412413, 2.950220374612642]}, "23": {"Atom 1": "(19,)", "Atom 2": "(21, 22)", "NMR exp": 3.22, "lower bound": 2.98, "upper bound": 3.47, "md": [2.6449435742116854, 2.415602303230633], "lower": [2.4146162835563816, 2.271519435718313], "upper": [2.979261385412413, 2.950220374612642]}, "24": {"Atom 1": "(25, 27, 29, 31, 33)", "Atom 2": "(7, 8, 9, 11, 12, 13)", "NMR exp": 3.64, "lower bound": 3.29, "upper bound": 3.99, "md": [4.262580837474078, 4.57926408272029, 4.484551044169172, 2.089104720840434, 5.492004930811511, 4.741841384837547, 4.985332576773646, 5.492824071242051, 4.973945891541001, 2.2335681972534402, 5.263445869940972, 5.67642548056729, 6.203451675027869, 5.203237060056599, 4.460556586164692, 9.333436247059, 6.1172188004706936, 6.532607859212476, 7.7481113601629925, 5.2525411393779, 4.615958554730867, 4.4363607295074, 5.64162003687815, 2.4952478782757037, 10.78542188937463, 8.441245926349046, 1.9041176234140207, 4.971808631938774, 1.971288859840798, 2.945384701423477], "lower": [3.3594657167722484, 3.5446329067163354, 3.4884198941130675, 2.037219089505102, 4.178815335405412, 3.6421323657845672, 3.8792091723729243, 4.0899573211895, 3.874068098169996, 2.166389376172277, 4.107084388319383, 4.37596075789567, 4.6514121004422035, 4.300600350650343, 3.9292428822522827, 6.775710925596808, 4.859184594417387, 5.140442272058865, 4.9069656354735365, 3.9875517384996755, 3.7150888764073837, 3.676838235641833, 4.376699624086499, 2.369747383051168, 5.729891098966163, 5.254083699282649, 1.9029645919799805, 3.830260453104063, 1.8898320849308883, 2.5805050613608564], "upper": [7.088241787541559, 7.227185707390086, 7.185380053572551, 7.579812436789007, 8.110707096954922, 7.918900350848595, 8.685698730387307, 8.950330423688476, 8.67899300665903, 8.666656947269587, 9.179464125510297, 9.309155863873016, 9.939099973292858, 9.337752357393498, 8.768072527331567, 11.655099801092163, 9.879878026813737, 10.056647005403498, 10.054879353857485, 8.846871973784495, 8.497826343925494, 8.967529523465746, 9.281960508864504, 8.680776204630476, 10.905445694765888, 9.308822590453094, 6.472815937174628, 7.9547457123960665, 7.567655705058745, 7.640514206241427]}}}