{"single": {"stat": {"0": "MAE", "1": "MSE", "2": "RMSD", "3": "RMSD_step", "4": "pearsonr", "5": "kendalltau", "6": "chisq", "7": "percentage_fulfilled"}, "value": {"0": 0.6249383027563264, "1": -0.03779383699137867, "2": 0.785518102836665, "3": 0.197251108995615, "4": 0.04201043431696678, "5": -0.1045532683916956, "6": 5.458749895808656, "7": 0.2}, "up": {"0": 0.8194614407502598, "1": 0.26615032035553354, "2": 0.976985646787639, "3": 0.24047744108272845, "4": 0.4794952413010273, "5": 0.2156786712027538, "6": 8.398202887350266, "7": 0.0}, "low": {"0": 0.44502094789156876, "1": 0.0, "2": 0.5779691848335036, "3": 0.15023980830658698, "4": 0.0, "5": 0.0, "6": 2.909282678052543, "7": 0.0}}}