{"minimum_sasa": 8.533073806762678, "minimum_psa": 6.18261939048768}