{"single": {"stat": {"0": "MAE", "1": "MSE", "2": "RMSD", "3": "RMSD_step", "4": "pearsonr", "5": "kendalltau", "6": "chisq", "7": "percentage_fulfilled"}, "value": {"0": 0.6249383027563264, "1": -0.03779383699137867, "2": 0.785518102836665, "3": 0.197251108995615, "4": 0.04201043431696678, "5": -0.1045532683916956, "6": 5.458749895808656, "7": 0.2}, "up": {"0": 0.815192922754818, "1": 0.27676647063220927, "2": 0.9757225687455088, "3": 0.23958380573992488, "4": 0.4768128161133775, "5": 0.22028877643666014, "6": 8.435064222440742, "7": 0.0}, "low": {"0": 0.4445864311942029, "1": 0.0, "2": 0.5793247079942392, "3": 0.15001166585181885, "4": 0.0, "5": 0.0, "6": 2.911550162290738, "7": 0.0}}}