{"single": {"stat": {"0": "MAE", "1": "MSE", "2": "RMSD", "3": "pearsonr", "4": "kendalltau", "5": "chisq", "6": "percentage_fulfilled"}, "value": {"0": 0.31533214688143596, "1": 0.2177047526917932, "2": 0.6704443817706397, "3": 0.5284295109296308, "4": 0.5622168872455557, "5": 4.776647723343794, "6": 0.6551724137931034}, "up": {"0": 0.5565128716037641, "1": 0.4686509383402059, "2": 1.036308991052959, "3": 0.896552904074829, "4": 0.7802761310307617, "5": 11.47067039176829, "6": 0.0}, "low": {"0": 0.13606333052830152, "1": 0.02001252719690723, "2": 0.19136488429480436, "3": 0.0, "4": 0.27569890620832455, "5": 0.37356936372098637, "6": 0.0}, "most-populated-1": {"0": 0.5442941603167304, "1": 0.3661552287792336, "2": 0.851112038709749, "3": NaN, "4": NaN, "5": NaN, "6": 0.3103448275862069}}}