{"single": {"stat": {"0": "MAE", "1": "MSE", "2": "RMSD", "3": "RMSD_step", "4": "pearsonr", "5": "kendalltau", "6": "chisq", "7": "percentage_fulfilled"}, "value": {"0": 0.31533214688143596, "1": 0.2177047526917932, "2": 0.6704443817706397, "3": 0.2934103869538599, "4": 0.5284295109296308, "5": 0.5622168872455557, "6": 4.776647723343794, "7": 0.6551724137931034}, "up": {"0": 0.5534848650032032, "1": 0.47871205837051284, "2": 1.0366741542260536, "3": 0.4603887035029131, "4": 0.8959561195481088, "5": 0.7800932487465504, "6": 11.349353860140372, "7": 0.0}, "low": {"0": 0.13474634076919365, "1": 0.020873113915667357, "2": 0.18541514851139676, "3": 0.060258065707078756, "4": 0.0, "5": 0.28243662021922455, "6": 0.38214672331489713, "7": 0.0}, "most-populated-1": {"0": 0.5442941603167304, "1": 0.3661552287792336, "2": 0.851112038709749, "3": 0.2934103869538599, "4": NaN, "5": NaN, "6": NaN, "7": 0.3103448275862069}}}