{"minimum_sasa": 9.378706245422329, "minimum_psa": 8.056724071502668}