{"single": {"stat": {"0": "MAE", "1": "MSE", "2": "RMSD", "3": "pearsonr", "4": "kendalltau", "5": "chisq", "6": "percentage_fulfilled"}, "value": {"0": 0.9832555707923445, "1": -0.6657065731346948, "2": 1.1811036825125771, "3": 0.3493612524721161, "4": 0.3051643213862624, "5": 20.8525076182583, "6": 0.7121212121212122}, "up": {"0": 1.1428950806279556, "1": -0.4232511488460513, "2": 1.334878280022926, "3": 0.48318133887294523, "4": 0.4393500160732187, "5": 26.55564319843148, "6": 0.0}, "low": {"0": 0.8272703151557879, "1": 0.0, "2": 1.0164690186401308, "3": 0.21853823956215157, "4": 0.15770536643626734, "5": 15.674635264712638, "6": 0.0}, "most-populated-1": {"0": 0.8073721871231541, "1": -0.4163527055220171, "2": 1.016186291527228, "3": NaN, "4": NaN, "5": NaN, "6": 0.8787878787878788}}}