{"single": {"stat": {"0": "MAE", "1": "MSE", "2": "RMSD", "3": "RMSD_step", "4": "pearsonr", "5": "kendalltau", "6": "chisq", "7": "percentage_fulfilled"}, "value": {"0": 0.9832555707923445, "1": -0.6657065731346948, "2": 1.1811036825125771, "3": 0.8485281374238569, "4": 0.3493612524721161, "5": 0.3051643213862624, "6": 20.8525076182583, "7": 0.7121212121212122}, "up": {"0": 1.1420977092599671, "1": -0.4214278086774944, "2": 1.3379198605749134, "3": 0.9981801622771492, "4": 0.48592306354652726, "5": 0.4393011646834414, "6": 26.607109278356603, "7": 0.0}, "low": {"0": 0.8299410085624659, "1": 0.0, "2": 1.0180255109284753, "3": 0.6696901137726674, "4": 0.21192345629569834, "5": 0.15872843299232406, "6": 15.557934625046471, "7": 0.0}, "most-populated-1": {"0": 0.8073721871231541, "1": -0.4163527055220171, "2": 1.016186291527228, "3": 0.8485281374238569, "4": NaN, "5": NaN, "6": NaN, "7": 0.8787878787878788}}}