{"trans": {"stat": {"0": "MAE", "1": "MSE", "2": "RMSD", "3": "pearsonr", "4": "kendalltau", "5": "chisq", "6": "percentage_fulfilled"}, "value": {"0": 0.19029256721946072, "1": -0.07813761116805674, "2": 0.24942796669106346, "3": 0.836969384944055, "4": 0.6304347826086957, "5": 0.47117704007221245, "6": 0.5833333333333334}, "up": {"0": 0.2579107279177865, "1": 0.014270512589728187, "2": 0.3111633028244336, "3": 0.9267162850988793, "4": 0.8360747150953745, "5": 0.7300751949051459, "6": 0.0}, "low": {"0": 0.12711295310033272, "1": 0.0, "2": 0.17894856106355747, "3": 0.6421425585837197, "4": 0.3688212927756654, "5": 0.24805100751859518, "6": 0.0}, "most-populated-1": {"0": 0.24236025293668098, "1": 0.04681287566820763, "2": 0.2934291733357853, "3": NaN, "4": NaN, "5": NaN, "6": 0.5}}}