{"trans": {"stat": {"0": "MAE", "1": "MSE", "2": "RMSD", "3": "RMSD_step", "4": "pearsonr", "5": "kendalltau", "6": "chisq", "7": "percentage_fulfilled"}, "value": {"0": 0.19029256721946072, "1": -0.07813761116805674, "2": 0.24942796669106346, "3": 0.054285126876521136, "4": 0.836969384944055, "5": 0.6304347826086957, "6": 0.47117704007221245, "7": 0.5833333333333334}, "up": {"0": 0.25668217745220223, "1": 0.0155250213408404, "2": 0.31148055475466796, "3": 0.07621942692338078, "4": 0.9280005905091459, "5": 0.8307692307692309, "6": 0.7266897966965371, "7": 0.0}, "low": {"0": 0.12866963423514366, "1": 0.0, "2": 0.17918512854301435, "3": 0.024769247348553756, "4": 0.6440995684142496, "5": 0.368421052631579, "6": 0.2491020561350125, "7": 0.0}, "most-populated-1": {"0": 0.24236025293668098, "1": 0.04681287566820763, "2": 0.2934291733357853, "3": 0.054285126876521136, "4": NaN, "5": NaN, "6": NaN, "7": 0.5}}}