{"49a": {"0": {"Atom 1": "(1,)", "Atom 2": "(3,)", "NMR exp": 0.0, "lower bound": 2.7600000000000002, "upper bound": 2.7800000000000002, "md": [2.9483031281672205]}, "1": {"Atom 1": "(1,)", "Atom 2": "(5, 6)", "NMR exp": 0.0, "lower bound": 3.1, "upper bound": 4.0600000000000005, "md": [2.942160229625422, 3.142233081737254]}, "2": {"Atom 1": "(1,)", "Atom 2": "(74,)", "NMR exp": 0.0, "lower bound": 3.6, "upper bound": 3.8000000000000003, "md": [3.6127092164380468]}, "3": {"Atom 1": "(1,)", "Atom 2": "(80, 81)", "NMR exp": 0.0, "lower bound": 3.1, "upper bound": 4.2, "md": [3.3040894761619697, 3.2157870295724598]}, "4": {"Atom 1": "(3,)", "Atom 2": "(5, 6)", "NMR exp": 0.0, "lower bound": 2.4, "upper bound": 3.34, "md": [2.573150504591429, 2.5431489336099]}, "5": {"Atom 1": "(3,)", "Atom 2": "(8, 9)", "NMR exp": 0.0, "lower bound": 2.85, "upper bound": 3.84, "md": [2.8872347748373515, 2.8361695154624287]}, "6": {"Atom 1": "(25,)", "Atom 2": "(27, 28)", "NMR exp": 0.0, "lower bound": 2.44, "upper bound": 2.7, "md": [2.407340266185345, 2.8592972620543433]}, "7": {"Atom 1": "(32,)", "Atom 2": "(34,)", "NMR exp": 0.0, "lower bound": 2.72, "upper bound": 2.84, "md": [2.8923479011614606]}, "8": {"Atom 1": "(32,)", "Atom 2": "(36, 37)", "NMR exp": 0.0, "lower bound": 2.52, "upper bound": 3.42, "md": [2.609530762404709, 2.996087855381592]}, "9": {"Atom 1": "(32,)", "Atom 2": "(44,)", "NMR exp": 0.0, "lower bound": 2.4, "upper bound": 2.57, "md": [2.5139091448952424]}, "10": {"Atom 1": "(34,)", "Atom 2": "(36, 37)", "NMR exp": 0.0, "lower bound": 2.49, "upper bound": 3.39, "md": [2.679848643255258, 2.441171205552581]}, "11": {"Atom 1": "(44,)", "Atom 2": "(34,)", "NMR exp": 0.0, "lower bound": 3.0, "upper bound": 3.14, "md": [3.413403969243052]}, "12": {"Atom 1": "(44,)", "Atom 2": "(46,)", "NMR exp": 0.0, "lower bound": 2.64, "upper bound": 2.66, "md": [2.9363470456752188]}, "13": {"Atom 1": "(44,)", "Atom 2": "(48, 49)", "NMR exp": 0.0, "lower bound": 2.45, "upper bound": 2.62, "md": [2.5801567126057936, 2.7941356440248177]}, "14": {"Atom 1": "(44,)", "Atom 2": "(48, 49)", "NMR exp": 0.0, "lower bound": 3.08, "upper bound": 3.36, "md": [2.5801567126057936, 2.7941356440248177]}, "15": {"Atom 1": "(46,)", "Atom 2": "(65, 66)", "NMR exp": 0.0, "lower bound": 2.13, "upper bound": 4.3, "md": [2.6671098516329232, 2.2013740880798287]}, "16": {"Atom 1": "(46,)", "Atom 2": "(48, 49)", "NMR exp": 0.0, "lower bound": 2.67, "upper bound": 2.97, "md": [2.665310383551101, 2.6454218645953675]}, "17": {"Atom 1": "(46,)", "Atom 2": "(48, 49)", "NMR exp": 0.0, "lower bound": 2.52, "upper bound": 2.58, "md": [2.665310383551101, 2.6454218645953675]}, "18": {"Atom 1": "(74,)", "Atom 2": "(71, 72)", "NMR exp": 0.0, "lower bound": 2.83, "upper bound": 3.0300000000000002, "md": [2.939599459838753, 2.3061672686754315]}, "19": {"Atom 1": "(74,)", "Atom 2": "(71, 72)", "NMR exp": 0.0, "lower bound": 2.32, "upper bound": 2.38, "md": [2.939599459838753, 2.3061672686754315]}, "20": {"Atom 1": "(78,)", "Atom 2": "(1,)", "NMR exp": 0.0, "lower bound": 2.64, "upper bound": 2.71, "md": [2.747741880471836]}, "21": {"Atom 1": "(78,)", "Atom 2": "(74,)", "NMR exp": 0.0, "lower bound": 2.06, "upper bound": 2.15, "md": [2.1490516287856676]}, "22": {"Atom 1": "(78,)", "Atom 2": "(71, 72)", "NMR exp": 0.0, "lower bound": 3.14, "upper bound": 4.38, "md": [3.7595087482588636, 3.561151845018133]}, "23": {"Atom 1": "(78,)", "Atom 2": "(80, 81)", "NMR exp": 0.0, "lower bound": 2.13, "upper bound": 3.36, "md": [2.302355059739501, 2.8484888817956446]}}}