{"minimum_sasa": 7.979022111892711, "minimum_psa": 6.6586819553375385}