{"single": {"stat": {"0": "MAE", "1": "MSE", "2": "RMSD", "3": "RMSD_step", "4": "pearsonr", "5": "kendalltau", "6": "chisq", "7": "percentage_fulfilled"}, "value": {"0": 0.4163032831626371, "1": 0.1589546299389428, "2": 0.6247247539367264, "3": 0.14473035272533538, "4": 0.31099949020363216, "5": 0.28223364798563255, "6": 4.616879235614723, "7": 0.3125}, "up": {"0": 0.5909165941011884, "1": 0.3862987224710051, "2": 0.8652062136158986, "3": 0.1828427859090475, "4": 0.6270218000825712, "5": 0.5074359157933688, "6": 8.88421966385307, "7": 0.0}, "low": {"0": 0.2707683414725873, "1": 0.0, "2": 0.3606060269023822, "3": 0.10793299340776448, "4": 0.06532800958628882, "5": 0.029380148244461776, "6": 1.5330444972351633, "7": 0.0}}}