{"single": {"stat": {"0": "MAE", "1": "MSE", "2": "RMSD", "3": "RMSD_step", "4": "pearsonr", "5": "kendalltau", "6": "chisq", "7": "percentage_fulfilled"}, "value": {"0": 0.4163032831626371, "1": 0.1589546299389428, "2": 0.6247247539367264, "3": 0.14473035272533538, "4": 0.31099949020363216, "5": 0.28223364798563255, "6": 4.616879235614723, "7": 0.3125}, "up": {"0": 0.5925826383933014, "1": 0.3809069732286466, "2": 0.8721106839512506, "3": 0.18349259133091084, "4": 0.6179003772237958, "5": 0.5072506003427436, "6": 8.761347365157667, "7": 0.0}, "low": {"0": 0.2744478852169831, "1": 0.0, "2": 0.3652272933938689, "3": 0.10722311723608469, "4": 0.06776461371172719, "5": 0.037496826100047134, "6": 1.5216669070032232, "7": 0.0}}}