{"32": {"0": {"Atom 1": "(25,)", "Atom 2": "(32,)", "NMR exp": 2.64, "lower bound": 2.5100000000000002, "upper bound": 2.77, "md": [2.770230557101132]}, "1": {"Atom 1": "(65,)", "Atom 2": "(45,)", "NMR exp": 2.87, "lower bound": 2.7, "upper bound": 3.04, "md": [5.073877984555634]}, "2": {"Atom 1": "(25,)", "Atom 2": "(1,)", "NMR exp": 3.8000000000000003, "lower bound": 3.4, "upper bound": 4.2, "md": [2.913821253822698]}, "3": {"Atom 1": "(1,)", "Atom 2": "(3,)", "NMR exp": 2.6, "lower bound": 2.47, "upper bound": 2.73, "md": [2.2579289010088854]}, "4": {"Atom 1": "(25,)", "Atom 2": "(27, 28)", "NMR exp": 2.5, "lower bound": 2.39, "upper bound": 2.61, "md": [2.8485220903995354, 2.366613201057361]}, "5": {"Atom 1": "(25,)", "Atom 2": "(27, 28)", "NMR exp": 3.0500000000000003, "lower bound": 2.84, "upper bound": 3.2600000000000002, "md": [2.8485220903995354, 2.366613201057361]}, "6": {"Atom 1": "(32,)", "Atom 2": "(34,)", "NMR exp": 2.7, "lower bound": 2.56, "upper bound": 2.84, "md": [2.243131737298251]}, "7": {"Atom 1": "(45,)", "Atom 2": "(47,)", "NMR exp": 3.04, "lower bound": 2.84, "upper bound": 3.24, "md": [2.865663168060931]}, "8": {"Atom 1": "(65,)", "Atom 2": "(67,)", "NMR exp": 2.41, "lower bound": 2.31, "upper bound": 2.5100000000000002, "md": [2.8844377936525674]}, "9": {"Atom 1": "(1,)", "Atom 2": "(67,)", "NMR exp": 2.7800000000000002, "lower bound": 2.62, "upper bound": 2.94, "md": [2.382802075189113]}, "10": {"Atom 1": "(25,)", "Atom 2": "(3,)", "NMR exp": 2.2600000000000002, "lower bound": 2.18, "upper bound": 2.34, "md": [2.6360267049209987]}, "11": {"Atom 1": "(32,)", "Atom 2": "(27, 28)", "NMR exp": 3.1, "lower bound": 2.88, "upper bound": 3.3200000000000003, "md": [3.099792215041428, 3.156776779574568]}, "12": {"Atom 1": "(32,)", "Atom 2": "(27, 28)", "NMR exp": 3.5, "lower bound": 3.19, "upper bound": 3.81, "md": [3.099792215041428, 3.156776779574568]}, "13": {"Atom 1": "(45,)", "Atom 2": "(34,)", "NMR exp": 2.27, "lower bound": 2.18, "upper bound": 2.36, "md": [3.684105373670863]}, "14": {"Atom 1": "(65,)", "Atom 2": "(47,)", "NMR exp": 2.38, "lower bound": 2.2800000000000002, "upper bound": 2.48, "md": [3.6470266530910402]}, "15": {"Atom 1": "(45,)", "Atom 2": "(49, 50)", "NMR exp": 3.0, "lower bound": 2.8000000000000003, "upper bound": 3.2, "md": [2.5397196135860907, 2.6212888575686626]}, "16": {"Atom 1": "(32,)", "Atom 2": "(36, 37)", "NMR exp": 3.04, "lower bound": 2.84, "upper bound": 3.24, "md": [3.724677521403354, 3.25255546158731]}, "17": {"Atom 1": "(32,)", "Atom 2": "(36, 37)", "NMR exp": 3.5700000000000003, "lower bound": 3.24, "upper bound": 3.9, "md": [3.724677521403354, 3.25255546158731]}, "18": {"Atom 1": "(65,)", "Atom 2": "(49, 50)", "NMR exp": 3.0500000000000003, "lower bound": 2.84, "upper bound": 3.2600000000000002, "md": [4.210639689671776, 4.084690435738256]}, "19": {"Atom 1": "(1,)", "Atom 2": "(69,)", "NMR exp": 2.09, "lower bound": 2.02, "upper bound": 2.16, "md": [2.32490506630442]}, "20": {"Atom 1": "(1,)", "Atom 2": "(5, 6)", "NMR exp": 3.22, "lower bound": 2.98, "upper bound": 3.46, "md": [3.683142732395535, 3.293634892789719]}, "21": {"Atom 1": "(1,)", "Atom 2": "(5, 6)", "NMR exp": 3.0, "lower bound": 2.8000000000000003, "upper bound": 3.2, "md": [3.683142732395535, 3.293634892789719]}, "22": {"Atom 1": "(65,)", "Atom 2": "(69,)", "NMR exp": 2.77, "lower bound": 2.62, "upper bound": 2.92, "md": [3.0214190174491655]}, "23": {"Atom 1": "(67,)", "Atom 2": "(69,)", "NMR exp": 2.95, "lower bound": 2.7600000000000002, "upper bound": 3.14, "md": [2.4384253032307783]}, "24": {"Atom 1": "(1,)", "Atom 2": "(71, 72, 73, 75, 76, 77)", "NMR exp": 3.2800000000000002, "lower bound": 3.02, "upper bound": 3.54, "md": [3.8609417124266834, 3.8356343334619205, 3.8277830473587433, 3.353393989272485, 3.363964212714223, 3.342272000806735]}, "25": {"Atom 1": "(65,)", "Atom 2": "(71, 72, 73, 75, 76, 77)", "NMR exp": 2.92, "lower bound": 2.74, "upper bound": 3.1, "md": [2.753017650685481, 2.750149254225866, 2.74947405894818, 2.506209227295574, 2.512881626235793, 2.515802046552738]}, "26": {"Atom 1": "(34,)", "Atom 2": "(36, 37)", "NMR exp": 2.5300000000000002, "lower bound": 2.41, "upper bound": 2.65, "md": [2.5726630910444643, 2.7330908805993004]}, "27": {"Atom 1": "(34,)", "Atom 2": "(36, 37)", "NMR exp": 2.42, "lower bound": 2.32, "upper bound": 2.52, "md": [2.5726630910444643, 2.7330908805993004]}, "28": {"Atom 1": "(3,)", "Atom 2": "(5, 6)", "NMR exp": 2.5100000000000002, "lower bound": 2.39, "upper bound": 2.63, "md": [2.5023191577416, 2.78246433486379]}, "29": {"Atom 1": "(3,)", "Atom 2": "(5, 6)", "NMR exp": 2.62, "lower bound": 2.49, "upper bound": 2.75, "md": [2.5023191577416, 2.78246433486379]}, "30": {"Atom 1": "(67,)", "Atom 2": "(71, 72, 73, 75, 76, 77)", "NMR exp": 2.39, "lower bound": 2.29, "upper bound": 2.49, "md": [2.8327664370082273, 2.835658002937924, 2.832653035837719, 3.4717918908463914, 3.458822457008759, 3.460504256094949]}, "31": {"Atom 1": "(67,)", "Atom 2": "(71, 72, 73, 75, 76, 77)", "NMR exp": 2.45, "lower bound": 2.34, "upper bound": 2.56, "md": [2.8327664370082273, 2.835658002937924, 2.832653035837719, 3.4717918908463914, 3.458822457008759, 3.460504256094949]}}}