{"cis": {"fulfil": {"best": 0.5769230769230769, "random": [0.3346153846153846, 0.35384615384615387, 0.44230769230769235, 0.38461538461538464, 0.45], "low_energy": [0.34615384615384615, 0.3076923076923077, 0.38461538461538464, 0.46153846153846156, 0.46153846153846156], "LICUV": [0.5769230769230769, 0.5384615384615384, 0.5, 0.5384615384615384, 0.5], "NAMFIS": [0.2857142857142857, 0.42857142857142855, 0.42857142857142855, 0.42857142857142855, 0.42857142857142855]}, "rmsd": {"best": 0.2290276511752666, "random": [1.060035413121646, 0.6440146100442059, 0.5349601790672309, 0.55254703622905, 0.37478243341674317], "low_energy": [1.454145814051164, 0.9762832903265507, 1.0518892005865281, 0.3415448657286269, 0.3301565862249203], "LICUV": [0.2290276511752666, 0.35813548305420934, 0.35790839351155607, 0.361677648497919, 0.31261729435515323], "NAMFIS": [0.9975485145403212, 0.3451866680943666, 0.36273789269851847, 0.3627378926951785, 0.3627378926890108]}, "mae": {"best": 0.18016902483426614, "random": [0.5752525765162246, 0.3776152034722299, 0.33583274062953583, 0.3335678181720433, 0.2682198896656085], "low_energy": [0.6903028279084424, 0.4741274038118515, 0.489622224298189, 0.24970243905163103, 0.24419177382579213], "LICUV": [0.18016902483426614, 0.24326973784994793, 0.238671689389653, 0.24153711064555117, 0.22776730009263885], "NAMFIS": [0.603783806846255, 0.2494037687503531, 0.2559483376643434, 0.25594833766159625, 0.2559483376557203]}, "bundle-size": [1, 3, 5, 10, 30]}, "trans": {"fulfil": {"best": 0.5238095238095238, "random": [0.3, 0.4428571428571429, 0.457142857142857, 0.4523809523809524, 0.5142857142857142], "low_energy": [0.2857142857142857, 0.47619047619047616, 0.42857142857142855, 0.5238095238095238, 0.5238095238095238], "LICUV": [0.5238095238095238, 0.42857142857142855, 0.38095238095238093, 0.42857142857142855, 0.5238095238095238], "NAMFIS": [0.2857142857142857, 0.47619047619047616, 0.5238095238095238, 0.47619047619047616, 0.47619047619047616]}, "rmsd": {"best": 0.3425285853275794, "random": [0.6519505759307496, 0.507654171895412, 0.4112247955239221, 0.3989471037551342, 0.3799831394909695], "low_energy": [0.8389683235931044, 0.5364737378582382, 0.40870023828823754, 0.38453645335252623, 0.3955187557579866], "LICUV": [0.4639326863948488, 0.45450302478618265, 0.37348556746556655, 0.39839569984043377, 0.39351274439199574], "NAMFIS": [0.9660022316632769, 0.6859878685767972, 0.6968354530635907, 0.5975880147927448, 0.5975880146258532]}, "mae": {"best": 0.27003272556123264, "random": [0.4533164074307394, 0.33996610426043616, 0.29676157324725494, 0.281000651353217, 0.2646551640794631], "low_energy": [0.6091226539157685, 0.3366648115926997, 0.26347804446230233, 0.24484627258025823, 0.262849719655278], "LICUV": [0.3072932424999419, 0.31381686575231493, 0.2739692402214164, 0.2817536044209957, 0.26421787589763596], "NAMFIS": [0.6526703680129277, 0.4119915087805517, 0.4185352814263406, 0.38575392216779897, 0.38575392208328746]}, "bundle-size": [1, 3, 5, 10, 30]}}