{"cis": {"fulfil": {"best": 0.5769230769230769, "random": [0.3538461538461538, 0.37307692307692303, 0.4230769230769231, 0.40769230769230774, 0.4384615384615385], "low_energy": [0.34615384615384615, 0.3076923076923077, 0.38461538461538464, 0.46153846153846156, 0.46153846153846156], "LICUV": [0.5769230769230769, 0.5384615384615384, 0.5, 0.5384615384615384, 0.5], "NAMFIS": [0.2857142857142857, 0.42857142857142855, 0.42857142857142855, 0.42857142857142855, 0.42857142857142855]}, "rmsd": {"best": 0.2290276511752666, "random": [1.1710495794785214, 0.7526247324672838, 0.5834818869105474, 0.5371387834276992, 0.35646363648546214], "low_energy": [1.454145814051164, 0.9762832903265507, 1.0518892005865281, 0.3415448657286269, 0.3301565862249203], "LICUV": [0.2290276511752666, 0.35813548305420934, 0.35790839351155607, 0.361677648497919, 0.31261729435515323], "NAMFIS": [0.9975485145403212, 0.3452297790266736, 0.362701033518207, 0.3627010335155009, 0.3627010335028094]}, "rmsd_stepwise": {"best": 0.036977123905297025, "random": [0.19643143357571022, 0.1638618541679242, 0.13869780082062294, 0.16208205080381935, 0.10549952886311739], "low_energy": [0.21701648289047965, 0.18985064980338948, 0.16468209467848136, 0.10135144490640172, 0.10135144490640172], "LICUV": [0.036977123905297025, 0.03315174899667374, 0.037557647997137934, 0.1373863166403408, 0.037557647997137934], "NAMFIS": [0.20181615868101818, 0.053851648071345015, 0.05789974915645965, 0.05789974915645965, 0.05789974915645965]}, "mae": {"best": 0.18016902483426614, "random": [0.6135037848766032, 0.41466578524212594, 0.3545631366278973, 0.34669607503969135, 0.2616440725347835], "low_energy": [0.6903028279084424, 0.4741274038118515, 0.489622224298189, 0.24970243905163103, 0.24419177382579213], "LICUV": [0.18016902483426614, 0.24326973784994793, 0.238671689389653, 0.24153711064555117, 0.22776730009263885], "NAMFIS": [0.603783806846255, 0.24945507089547725, 0.25596780222015464, 0.25596780221610793, 0.2559678022039553]}, "bundle-size": [1, 3, 5, 10, 30]}, "trans": {"fulfil": {"best": 0.5238095238095238, "random": [0.32857142857142857, 0.45714285714285713, 0.46190476190476193, 0.5095238095238095, 0.5380952380952381], "low_energy": [0.2857142857142857, 0.47619047619047616, 0.42857142857142855, 0.5238095238095238, 0.5238095238095238], "LICUV": [0.5238095238095238, 0.42857142857142855, 0.38095238095238093, 0.42857142857142855, 0.5238095238095238], "NAMFIS": [0.2857142857142857, 0.47619047619047616, 0.5238095238095238, 0.47619047619047616, 0.47619047619047616]}, "rmsd": {"best": 0.3425285853275794, "random": [0.632040225057598, 0.4857152596329154, 0.41250838014806124, 0.41389198344363676, 0.3777293835962199], "low_energy": [0.8389683235931044, 0.5364737378582382, 0.40870023828823754, 0.38453645335252623, 0.3955187557579866], "LICUV": [0.4639326863948488, 0.45450302478618265, 0.37348556746556655, 0.39839569984043377, 0.39351274439199574], "NAMFIS": [0.9660022316632769, 0.6859370760029937, 0.6967833656696358, 0.5976508884209577, 0.5976508882310071]}, "rmsd_stepwise": {"best": 0.048316910181879495, "random": [0.13751806227913552, 0.07915367969725182, 0.05934107095682546, 0.055948497546429686, 0.04781878345035529], "low_energy": [0.17497278699979663, 0.05598681817645842, 0.05741453275459594, 0.05154748157905347, 0.05047394424471942], "LICUV": [0.048316910181879495, 0.11253041916786433, 0.06032649264034598, 0.0543467701760779, 0.04241237465421528], "NAMFIS": [0.17497278699979663, 0.10944122144960264, 0.10701579767670268, 0.1691012658002243, 0.1691012658002243]}, "mae": {"best": 0.27003272556123264, "random": [0.43123075612386047, 0.34203287276133293, 0.2887649759868913, 0.2899837984130511, 0.26130432853367747], "low_energy": [0.6091226539157685, 0.3366648115926997, 0.26347804446230233, 0.24484627258025823, 0.262849719655278], "LICUV": [0.3072932424999419, 0.31381686575231493, 0.2739692402214164, 0.2817536044209957, 0.26421787589763596], "NAMFIS": [0.6526703680129277, 0.41194412850194206, 0.4184812246684362, 0.38572701824985733, 0.38572701816546195]}, "bundle-size": [1, 3, 5, 10, 30]}}