{"cis": {"fulfil": {"best": 0.3076923076923077, "random": [0.24230769230769234, 0.3, 0.3038461538461539, 0.3230769230769231, 0.30769230769230765], "low_energy": [0.2692307692307692, 0.3076923076923077, 0.3076923076923077, 0.34615384615384615, 0.3076923076923077], "LICUV": [0.3076923076923077, 0.3076923076923077, 0.3076923076923077, 0.34615384615384615, 0.3076923076923077], "NAMFIS": [0.19047619047619047, 0.23809523809523808, 0.23809523809523808, 0.23809523809523808, 0.23809523809523808]}, "rmsd": {"best": 1.4923550652540327, "random": [2.064244238967371, 1.8062554030755913, 1.7601647206209683, 1.7438640250679243, 1.6894276197477747], "low_energy": [1.6387362158470153, 1.5138499154839284, 1.4834222224482272, 1.5917454335999994, 1.689427619747775], "LICUV": [1.4923550652540327, 1.746973538986176, 1.7468285283570153, 1.7260109159251351, 1.689427619747775], "NAMFIS": [1.9722192573814157, 1.9440897921864544, 1.949765724163393, 1.949765724163393, 1.949765724163393]}, "mae": {"best": 0.9730680106236383, "random": [1.3121818501032312, 1.1429697231396245, 1.113558543535555, 1.1002030137378025, 1.0600386772820882], "low_energy": [1.061939116991483, 0.97252100943029, 0.9481888776235294, 0.989561699228995, 1.0600386772820882], "LICUV": [0.9730680106236383, 1.0996723840875555, 1.0810066680049504, 1.0833933770718776, 1.0600386772820882], "NAMFIS": [1.3736240436917257, 1.3006574713896915, 1.3014421786492005, 1.3014421786492005, 1.3014421786492005]}, "bundle-size": [1, 3, 5, 10, 30]}, "trans": {"fulfil": {"best": 0.47619047619047616, "random": [0.2523809523809524, 0.34285714285714286, 0.3952380952380952, 0.39999999999999997, 0.419047619047619], "low_energy": [0.19047619047619047, 0.2857142857142857, 0.14285714285714285, 0.2857142857142857, 0.38095238095238093], "LICUV": [0.47619047619047616, 0.42857142857142855, 0.47619047619047616, 0.5238095238095238, 0.42857142857142855], "NAMFIS": [0.23809523809523808, 0.2857142857142857, 0.2857142857142857, 0.2857142857142857, 0.2857142857142857]}, "rmsd": {"best": 1.4586231941513503, "random": [2.075994583428726, 1.7747798048042636, 1.7927567090026488, 1.8256920988863445, 1.7181600603122298], "low_energy": [1.9722192573814157, 1.9608122063904745, 1.9726773889983236, 1.9490050562755974, 1.8619376096101217], "LICUV": [2.1026305848678333, 2.0869928966053592, 2.1011824838761686, 2.006944289442139, 1.7416728307890361], "NAMFIS": [2.0876592935771203, 2.0607793162733383, 2.0607793160139596, 2.060779314998613, 2.0607793131385903]}, "mae": {"best": 1.0051117052350726, "random": [1.3788944389252433, 1.1669821216796328, 1.1664367589300784, 1.200128349472008, 1.1348623316335051], "low_energy": [1.3736240436917257, 1.2742983934460859, 1.2678315150048374, 1.2435775908307185, 1.1853978450375842], "LICUV": [1.3428747267950145, 1.332005794943176, 1.3169200841924134, 1.2735458170044924, 1.1131116705694297], "NAMFIS": [1.3029574294317332, 1.2821618491949316, 1.2821618490946942, 1.2821618485879778, 1.282161847743834]}, "bundle-size": [1, 3, 5, 10, 30]}}