{"cis": {"fulfil": {"best": 0.5769230769230769, "random": [0.3730769230769231, 0.38461538461538464, 0.3961538461538462, 0.41538461538461535, 0.41923076923076924], "low_energy": [0.34615384615384615, 0.3076923076923077, 0.38461538461538464, 0.46153846153846156, 0.46153846153846156], "LICUV": [0.5769230769230769, 0.5384615384615384, 0.5, 0.5384615384615384, 0.5], "NAMFIS": [0.2857142857142857, 0.42857142857142855, 0.42857142857142855, 0.42857142857142855, 0.42857142857142855]}, "rmsd": {"best": 0.2290276511752666, "random": [1.1338491285774464, 0.7438426736502308, 0.6329382967338694, 0.5953478235759009, 0.4118339164336119], "low_energy": [1.454145814051164, 0.9762832903265507, 1.0518892005865281, 0.3415448657286269, 0.3301565862249203], "LICUV": [0.2290276511752666, 0.35813548305420934, 0.35790839351155607, 0.361677648497919, 0.31261729435515323], "NAMFIS": [0.9975485145403212, 0.3452369017822871, 0.36275884694980404, 0.3627588469489318, 0.3627588469202977]}, "mae": {"best": 0.18016902483426614, "random": [0.5903563742270835, 0.4307582861069449, 0.3905693403011485, 0.3487157423644329, 0.28909346478744596], "low_energy": [0.6903028279084424, 0.4741274038118515, 0.489622224298189, 0.24970243905163103, 0.24419177382579213], "LICUV": [0.18016902483426614, 0.24326973784994793, 0.238671689389653, 0.24153711064555117, 0.22776730009263885], "NAMFIS": [0.603783806846255, 0.24946536586460702, 0.2559939964989068, 0.2559939964962763, 0.25599399647022125]}, "bundle-size": [1, 3, 5, 10, 30]}, "trans": {"fulfil": {"best": 0.5238095238095238, "random": [0.319047619047619, 0.47619047619047616, 0.4333333333333333, 0.4904761904761904, 0.49523809523809514], "low_energy": [0.2857142857142857, 0.47619047619047616, 0.42857142857142855, 0.5238095238095238, 0.5238095238095238], "LICUV": [0.5238095238095238, 0.42857142857142855, 0.38095238095238093, 0.42857142857142855, 0.5238095238095238], "NAMFIS": [0.2857142857142857, 0.47619047619047616, 0.5238095238095238, 0.47619047619047616, 0.47619047619047616]}, "rmsd": {"best": 0.3425285853275794, "random": [0.6707059879344103, 0.4707521447536821, 0.4352938165868735, 0.4091458357541944, 0.38593142199664743], "low_energy": [0.8389683235931044, 0.5364737378582382, 0.40870023828823754, 0.38453645335252623, 0.3955187557579866], "LICUV": [0.4639326863948488, 0.45450302478618265, 0.37348556746556655, 0.39839569984043377, 0.39351274439199574], "NAMFIS": [0.9660022316632769, 0.6859090002065806, 0.6967398638781352, 0.5976320355090562, 0.5976320355029922]}, "mae": {"best": 0.27003272556123264, "random": [0.4601623968396867, 0.32557312846096065, 0.3086194734052453, 0.28453106562572617, 0.271113012228991], "low_energy": [0.6091226539157685, 0.3366648115926997, 0.26347804446230233, 0.24484627258025823, 0.262849719655278], "LICUV": [0.3072932424999419, 0.31381686575231493, 0.2739692402214164, 0.2817536044209957, 0.26421787589763596], "NAMFIS": [0.6526703680129277, 0.4119207013868308, 0.41846309766117007, 0.38569564172660586, 0.3856956417238865]}, "bundle-size": [1, 3, 5, 10, 30]}}