{"minimum_sasa": 8.643231391906738, "minimum_psa": 6.722326755523682}