{"single": {"fulfil": {"best": 0.96875, "random": [0.871875, 0.846875, 0.8578125, 0.8703125, 0.8515625], "low_energy": [0.828125, 0.84375, 0.84375, 0.859375, 0.8125], "LICUV": [0.96875, 0.9375, 0.921875, 0.921875, 0.921875], "NAMFIS": [0.953125, 0.9375, 0.9375, 0.9375, 0.9375]}, "rmsd": {"best": 0.7290105326171391, "random": [1.1350676616068305, 1.070157697714881, 1.042529209800844, 0.9541172623941175, 0.9274272393101948], "low_energy": [1.1596682641771798, 1.1623050450921988, 0.8811922821629872, 0.8925380407308685, 0.9547968914591913], "LICUV": [0.74150145819053, 0.7396542927434379, 0.7612466094916678, 0.7649702768328892, 0.8108588439661101], "NAMFIS": [0.7290105326171391, 0.6986991096752481, 0.7132215347124915, 0.7250851915284581, 0.7250851915319815]}, "rmsd_stepwise": {"best": 0.12374368670764585, "random": [0.48095195342013514, 0.5679397240911084, 0.5410312798065611, 0.5268072481817946, 0.5657800946591038], "low_energy": [0.5681659088681755, 0.5790617410950234, 0.5917400189272312, 0.5102082907989638, 0.6307237905771431], "LICUV": [0.12374368670764585, 0.3318979511837938, 0.3874999999999999, 0.4094584838539799, 0.4094584838539799], "NAMFIS": [0.26487025125521363, 0.3572901481989112, 0.3572901481989112, 0.3572901481989112, 0.3572901481989112]}, "mae": {"best": 0.5803311858326196, "random": [0.7926297267898915, 0.7616532509479997, 0.761907999114461, 0.7380845227487949, 0.7469922638156967], "low_energy": [0.770437967032194, 0.8071414388512914, 0.7001360957024766, 0.7110888330663842, 0.7656830812810416], "LICUV": [0.5879107676446437, 0.5972802137459907, 0.6052876487098258, 0.6191720318201737, 0.6683827781090934], "NAMFIS": [0.5816077739000319, 0.5501580178622627, 0.5711179424566186, 0.5833434527616354, 0.5833434527654444]}, "bundle-size": [1, 3, 5, 10, 30]}}