{"single": {"fulfil": {"best": 0.96875, "random": [0.846875, 0.834375, 0.8625, 0.875, 0.8421875], "low_energy": [0.828125, 0.84375, 0.84375, 0.859375, 0.8125], "LICUV": [0.96875, 0.9375, 0.921875, 0.921875, 0.921875], "NAMFIS": [0.953125, 0.9375, 0.9375, 0.9375, 0.9375]}, "rmsd": {"best": 0.7290105326171391, "random": [1.1749270925397552, 1.0624534104740841, 0.9676873017918396, 0.9580167450124352, 0.9385684906830416], "low_energy": [1.1596682641771798, 1.1623050450921988, 0.8811922821629872, 0.8925380407308685, 0.9547968914591913], "LICUV": [0.74150145819053, 0.7396542927434379, 0.7612466094916678, 0.7649702768328892, 0.8108588439661101], "NAMFIS": [0.7290105326171391, 0.6986891319507113, 0.7132199482179207, 0.7250419098890205, 0.7250419098906644]}, "mae": {"best": 0.5803311858326196, "random": [0.8453337037935851, 0.781140810331487, 0.7363284425937755, 0.7363148145996601, 0.759347212807272], "low_energy": [0.770437967032194, 0.8071414388512914, 0.7001360957024766, 0.7110888330663842, 0.7656830812810416], "LICUV": [0.5879107676446437, 0.5972802137459907, 0.6052876487098258, 0.6191720318201737, 0.6683827781090934], "NAMFIS": [0.5816077739000319, 0.55016134832035, 0.5711089402394967, 0.5834370430471354, 0.5834370430489253]}, "bundle-size": [1, 3, 5, 10, 30]}}