{"single": {"fulfil": {"best": 0.828125, "random": [0.68125, 0.7171875, 0.7375, 0.7375, 0.75625], "low_energy": [0.75, 0.8125, 0.78125, 0.765625, 0.765625], "LICUV": [0.828125, 0.828125, 0.828125, 0.859375, 0.859375], "NAMFIS": [0.65625, 0.6875, 0.6875, 0.6875, 0.6875]}, "rmsd": {"best": 1.2266370893195835, "random": [1.601107450313195, 1.4532804257840377, 1.3105436119035836, 1.3186642295792856, 1.2627995845334226], "low_energy": [1.29581149198664, 1.203920105138184, 1.1701417289521083, 1.190719045792559, 1.201432786964112], "LICUV": [1.2446067656102076, 1.2372591338529875, 1.20594830894855, 1.0652488658722692, 1.0844145560517904], "NAMFIS": [1.7411368409570591, 1.4078613400507836, 1.4078613144394987, 1.4078612903378533, 1.4078611930105505]}, "mae": {"best": 0.9034893494099377, "random": [1.1874465305358168, 1.106714363891455, 1.0138952647068, 1.044534605858777, 1.0179716183701353], "low_energy": [0.9989394098520278, 0.9246253118163575, 0.9385096890840072, 0.9541782606041336, 0.9575390629570955], "LICUV": [0.9358375538140533, 0.945383785916855, 0.9137559593937012, 0.8187458177798019, 0.8537391428007424], "NAMFIS": [1.302653899416327, 1.1103952388600855, 1.110395224989483, 1.1103952125254803, 1.1103951582737357]}, "bundle-size": [1, 3, 5, 10, 30]}}