{"single": {"fulfil": {"best": 0.96875, "random": [0.8296875, 0.846875, 0.8796875, 0.85625, 0.85], "low_energy": [0.828125, 0.84375, 0.84375, 0.859375, 0.8125], "LICUV": [0.96875, 0.9375, 0.921875, 0.921875, 0.921875], "NAMFIS": [0.953125, 0.9375, 0.9375, 0.9375, 0.9375]}, "rmsd": {"best": 0.7290105326171391, "random": [1.2059894118659293, 1.068052472066208, 1.006416974583472, 0.9730503158146663, 0.9215174177938149], "low_energy": [1.1596682641771798, 1.1623050450921988, 0.8811922821629872, 0.8925380407308685, 0.9547968914591913], "LICUV": [0.74150145819053, 0.7396542927434379, 0.7612466094916678, 0.7649702768328892, 0.8108588439661101], "NAMFIS": [0.7290105326171391, 0.6986906254109939, 0.7132202943448893, 0.7250451615370311, 0.7250451615370768]}, "mae": {"best": 0.5803311858326196, "random": [0.8528946796432135, 0.777672578630429, 0.7449651955352158, 0.7609421304051756, 0.742290518990967], "low_energy": [0.770437967032194, 0.8071414388512914, 0.7001360957024766, 0.7110888330663842, 0.7656830812810416], "LICUV": [0.5879107676446437, 0.5972802137459907, 0.6052876487098258, 0.6191720318201737, 0.6683827781090934], "NAMFIS": [0.5816077739000319, 0.550161575191775, 0.5711107001259823, 0.5834400636502215, 0.5834400636498478]}, "bundle-size": [1, 3, 5, 10, 30]}}