{"minimum_sasa": 9.411786079406738, "minimum_psa": 8.545350074768066}