{"single": {"fulfil": {"best": 0.8181818181818182, "random": [0.6727272727272728, 0.7045454545454546, 0.687878787878788, 0.7000000000000001, 0.7000000000000001], "low_energy": [0.6818181818181818, 0.696969696969697, 0.7121212121212122, 0.7424242424242424, 0.696969696969697], "LICUV": [0.8181818181818182, 0.803030303030303, 0.8181818181818182, 0.7575757575757576, 0.7424242424242424], "NAMFIS": [0.8181818181818182, 0.7878787878787878, 0.7878787878787878, 0.7878787878787878, 0.7878787878787878]}, "rmsd": {"best": 1.3601221798598098, "random": [1.9043146948251741, 1.8108256503674003, 1.7932573762150124, 1.6791784482583858, 1.6529611063511134], "low_energy": [1.5464526961912792, 1.6218574875973693, 1.701657173439352, 1.5811387037115587, 1.6780013609937612], "LICUV": [1.3601221798598098, 1.2960070620104072, 1.2829739948024426, 1.2907532680237792, 1.3233287087257086], "NAMFIS": [1.36012217985981, 1.3050669566549833, 1.3144588465590925, 1.3144588465620892, 1.3144588465718623]}, "mae": {"best": 1.0211241353641858, "random": [1.3993985996101839, 1.3726542771023795, 1.3861562492635966, 1.3042284064209198, 1.307422453783633], "low_energy": [1.1757258863160105, 1.2790659411965528, 1.3269966487310234, 1.24731541925877, 1.324630274888727], "LICUV": [1.0211241353641858, 1.022137310973997, 1.0179048883506785, 1.062819868860729, 1.0708135518516655], "NAMFIS": [1.0211241353641858, 1.0263098300905207, 1.0454618996531935, 1.0454618996558434, 1.0454618996643892]}, "bundle-size": [1, 3, 5, 10, 30]}}