{"single": {"stat": {"0": "MAE", "1": "MSE", "2": "RMSD", "3": "RMSD_step", "4": "pearsonr", "5": "kendalltau", "6": "chisq", "7": "percentage_fulfilled"}, "value": {"0": 0.32011171952087103, "1": 0.15549334674269435, "2": 0.4551791596218216, "3": 0.11445523142259596, "4": 0.3963675555365317, "5": 0.3755053618009819, "6": 1.943682488999712, "7": 0.44}, "up": {"0": 0.45492602452464664, "1": 0.3271112463967163, "2": 0.5953111007261711, "3": 0.16373362459153362, "4": 0.6652445202266264, "5": 0.6251111300463784, "6": 3.3477824009919637, "7": 0.0}, "low": {"0": 0.1998378518285255, "1": 0.0, "2": 0.2920188814523521, "3": 0.0695406354574818, "4": 0.1403645512482609, "5": 0.11976414181135742, "6": 0.7823314667282839, "7": 0.0}}}