{"31": {"0": {"Atom 1": "(17,)", "Atom 2": "(37,)", "NMR exp": 2.5500000000000003, "lower bound": 2.43, "upper bound": 2.65, "md": [3.6095101629573256], "lower": [3.230121780319375], "upper": [4.124435412175443]}, "1": {"Atom 1": "(1,)", "Atom 2": "(3,)", "NMR exp": 2.63, "lower bound": 2.5, "upper bound": 2.74, "md": [2.8653843352759827], "lower": [2.6554001901222377], "upper": [2.972647499555607]}, "2": {"Atom 1": "(17,)", "Atom 2": "(19,)", "NMR exp": 2.47, "lower bound": 2.36, "upper bound": 2.57, "md": [2.2021025953077684], "lower": [2.107162970769781], "upper": [2.312060036479416]}, "3": {"Atom 1": "(37,)", "Atom 2": "(39,)", "NMR exp": 2.35, "lower bound": 2.2600000000000002, "upper bound": 2.43, "md": [2.929996213040352], "lower": [2.8498080026246], "upper": [3.0011827579559913]}, "4": {"Atom 1": "(50,)", "Atom 2": "(52, 53)", "NMR exp": 2.8000000000000003, "lower bound": 2.5300000000000002, "upper bound": 2.92, "md": [2.6020848116137976, 2.6434819185359415], "lower": [2.3348383857119726, 2.40736911040566], "upper": [2.9177636785884213, 2.897607244141806]}, "5": {"Atom 1": "(50,)", "Atom 2": "(52, 53)", "NMR exp": 2.5, "lower bound": 2.39, "upper bound": 2.6, "md": [2.6020848116137976, 2.6434819185359415], "lower": [2.3348383857119726, 2.40736911040566], "upper": [2.9177636785884213, 2.897607244141806]}, "6": {"Atom 1": "(57,)", "Atom 2": "(59,)", "NMR exp": 2.7, "lower bound": 2.4, "upper bound": 2.8000000000000003, "md": [2.6812674968181955], "lower": [2.2214230190782405], "upper": [2.9347345620128453]}, "7": {"Atom 1": "(1,)", "Atom 2": "(59,)", "NMR exp": 3.1, "lower bound": 2.4, "upper bound": 3.6, "md": [3.0911306295750767], "lower": [2.463002460928118], "upper": [3.5084110197184133]}, "8": {"Atom 1": "(17,)", "Atom 2": "(3,)", "NMR exp": 2.68, "lower bound": 2.54, "upper bound": 2.8000000000000003, "md": [2.148550669467808], "lower": [2.0190028317261253], "upper": [2.33427386081855]}, "9": {"Atom 1": "(37,)", "Atom 2": "(19,)", "NMR exp": 2.46, "lower bound": 2.35, "upper bound": 2.5500000000000003, "md": [3.4491887594639916], "lower": [3.184593047427293], "upper": [3.596719992505721]}, "10": {"Atom 1": "(50,)", "Atom 2": "(39,)", "NMR exp": 2.36, "lower bound": 2.2600000000000002, "upper bound": 2.44, "md": [2.5735457063629177], "lower": [2.244661060243333], "upper": [3.259169840271724]}, "11": {"Atom 1": "(57,)", "Atom 2": "(52, 53)", "NMR exp": 2.3000000000000003, "lower bound": 2.21, "upper bound": 2.5, "md": [3.268658059851138, 2.282756504346698], "lower": [3.0313567453478143, 2.110901785770933], "upper": [3.6972135645551782, 3.1166682946799336]}, "12": {"Atom 1": "(57,)", "Atom 2": "(52, 53)", "NMR exp": 3.8000000000000003, "lower bound": 3.4, "upper bound": 4.2, "md": [3.268658059851138, 2.282756504346698], "lower": [3.0313567453478143, 2.110901785770933], "upper": [3.6972135645551782, 3.1166682946799336]}, "13": {"Atom 1": "(1,)", "Atom 2": "(5,)", "NMR exp": 2.73, "lower bound": 2.58, "upper bound": 2.86, "md": [2.9457789462301247], "lower": [2.581196237589022], "upper": [3.629843460970411]}, "14": {"Atom 1": "(17,)", "Atom 2": "(21, 22)", "NMR exp": 3.22, "lower bound": 2.98, "upper bound": 3.41, "md": [3.7585979889300742, 3.2650439273245304], "lower": [3.4604802911589165, 2.9579709750700185], "upper": [4.028458816250773, 3.6742479574730136]}, "15": {"Atom 1": "(17,)", "Atom 2": "(21, 22)", "NMR exp": 2.9, "lower bound": 2.72, "upper bound": 3.0500000000000003, "md": [3.7585979889300742, 3.2650439273245304], "lower": [3.4604802911589165, 2.9579709750700185], "upper": [4.028458816250773, 3.6742479574730136]}, "16": {"Atom 1": "(37,)", "Atom 2": "(41, 42)", "NMR exp": 3.2, "lower bound": 2.96, "upper bound": 3.39, "md": [2.984310622830305, 2.843449628328674], "lower": [2.6445059722205886, 2.4984710415839104], "upper": [3.557350166261921, 3.6102536348173335]}, "17": {"Atom 1": "(37,)", "Atom 2": "(41, 42)", "NMR exp": 2.9, "lower bound": 2.72, "upper bound": 3.0500000000000003, "md": [2.984310622830305, 2.843449628328674], "lower": [2.6445059722205886, 2.4984710415839104], "upper": [3.557350166261921, 3.6102536348173335]}, "18": {"Atom 1": "(1,)", "Atom 2": "(7, 8, 9, 11, 12, 13)", "NMR exp": 2.8000000000000003, "lower bound": 2.64, "upper bound": 2.93, "md": [3.3846096316044663, 3.3897861082414877, 3.401581298466331, 3.158431727753443, 3.1353292337945224, 3.156917998001614], "lower": [2.722347815842335, 2.728694563959888, 2.7334213943579035, 2.591327815922156, 2.5745970635746147, 2.5901446224212026], "upper": [4.5533961573359445, 4.553487317599929, 4.556158841073357, 4.426711652156731, 4.418668972336979, 4.428017717425379]}, "19": {"Atom 1": "(39,)", "Atom 2": "(41, 42)", "NMR exp": 2.67, "lower bound": 2.5300000000000002, "upper bound": 2.79, "md": [2.559946022972379, 2.552149193723739], "lower": [2.382734104369033, 2.379507782210589], "upper": [2.9693236682276103, 2.92739933692292]}, "20": {"Atom 1": "(39,)", "Atom 2": "(41, 42)", "NMR exp": 2.5500000000000003, "lower bound": 2.43, "upper bound": 2.65, "md": [2.559946022972379, 2.552149193723739], "lower": [2.382734104369033, 2.379507782210589], "upper": [2.9693236682276103, 2.92739933692292]}, "21": {"Atom 1": "(19,)", "Atom 2": "(21, 22)", "NMR exp": 2.47, "lower bound": 2.36, "upper bound": 2.57, "md": [2.5345674789546315, 2.6566161922388085], "lower": [2.345592837756157, 2.388487964119643], "upper": [2.949650977013975, 3.0067766505021507]}, "22": {"Atom 1": "(19,)", "Atom 2": "(21, 22)", "NMR exp": 2.8000000000000003, "lower bound": 2.64, "upper bound": 2.93, "md": [2.5345674789546315, 2.6566161922388085], "lower": [2.345592837756157, 2.388487964119643], "upper": [2.949650977013975, 3.0067766505021507]}, "23": {"Atom 1": "(17,)", "Atom 2": "(7, 8, 9, 11, 12, 13)", "NMR exp": 2.8000000000000003, "lower bound": 2.64, "upper bound": 2.93, "md": [3.4803162508020646, 3.470152864260707, 3.490721964840511, 3.476574393323241, 3.4797055174972624, 3.479930174082194], "lower": [2.8636364888052652, 2.8601152838950155, 2.8693262624403375, 2.7661627828616617, 2.7668408287009925, 2.7669472228633247], "upper": [4.756014118602192, 4.756179393588097, 4.758890931604991, 4.931515777095403, 4.931871381375247, 4.931135702180686]}, "24": {"Atom 1": "(25, 27, 29, 31, 33)", "Atom 2": "(7, 8, 9, 11, 12, 13)", "NMR exp": 2.8000000000000003, "lower bound": 2.64, "upper bound": 2.93, "md": [3.946997587701765, 3.867287767967416, 3.9414115837508654, 3.9962637962056555, 4.059654075927546, 4.00974684391849, 4.867536533119126, 4.821840524032794, 4.86878887443117, 4.811944277951855, 4.823092137270976, 4.8096278215347406, 5.781357611202991, 5.774253435364445, 5.769840690563093, 5.7893461614363035, 5.814769279843249, 5.8030157424010875, 4.850762572403021, 4.870688126558189, 4.829101719349476, 4.832959556715568, 4.833805507612719, 4.824024105788652, 3.961296994137061, 3.936540822325858, 3.939539793000063, 4.010353996479915, 4.0213984546144115, 4.015367231291118], "lower": [3.008619375167399, 2.9531411610434555, 2.9955197420958135, 3.0409935195664186, 3.0829190542957963, 3.048065716448116, 3.88124675566177, 3.86119886377696, 3.8802460951734723, 3.785204498528811, 3.79647862943176, 3.785424012849578, 4.748844784415841, 4.741135158654101, 4.745678187347051, 4.708406814251356, 4.720543996313036, 4.712664297689393, 3.8741277964288754, 3.878077138536711, 3.862353261597667, 3.810441153210193, 3.80126555216488, 3.7985502744002795, 3.0217870065242276, 2.9969955781431077, 3.0061664137281, 3.0492728580935013, 3.058971419757971, 3.0579127462663815],