{"single": {"stat": {"0": "MAE", "1": "MSE", "2": "RMSD", "3": "RMSD_step", "4": "pearsonr", "5": "kendalltau", "6": "chisq", "7": "percentage_fulfilled"}, "value": {"0": 0.2683275679003423, "1": 0.035436504312345116, "2": 0.33907018610719514, "3": 0.11948221624995074, "4": 0.5062803822777014, "5": 0.36711064161211304, "6": 1.0677713977367678, "7": 0.44}, "up": {"0": 0.35377613650612183, "1": 0.16706439294566353, "2": 0.42405443908822626, "3": 0.16806189270382854, "4": 0.7161805307906965, "5": 0.5893211020281619, "6": 1.7316644549216709, "7": 0.0}, "low": {"0": 0.19113680188441917, "1": 0.0, "2": 0.2435582096321218, "3": 0.0735119037979564, "4": 0.25137487877543646, "5": 0.09009365852103506, "6": 0.5364087515987682, "7": 0.0}}}