{"single": {"stat": {"0": "MAE", "1": "MSE", "2": "RMSD", "3": "RMSD_step", "4": "pearsonr", "5": "kendalltau", "6": "chisq", "7": "percentage_fulfilled"}, "value": {"0": 0.2683275679003423, "1": 0.035436504312345116, "2": 0.33907018610719514, "3": 0.11948221624995074, "4": 0.5062803822777014, "5": 0.36711064161211304, "6": 1.0677713977367678, "7": 0.44}, "up": {"0": 0.3525373340918074, "1": 0.16520566033399744, "2": 0.42765184974758974, "3": 0.16797886688593902, "4": 0.7169552684520237, "5": 0.5886570298690726, "6": 1.7354031670301604, "7": 0.0}, "low": {"0": 0.19169535306848048, "1": 0.0, "2": 0.23965684579610338, "3": 0.07413433740348234, "4": 0.26056189290285775, "5": 0.0993128702236397, "6": 0.5362442328646005, "7": 0.0}}}