{"single": {"fulfil": {"best": 0.8333333333333334, "random": [0.6787878787878788, 0.7212121212121212, 0.7378787878787879, 0.759090909090909, 0.7424242424242424], "low_energy": [0.7121212121212122, 0.7121212121212122, 0.696969696969697, 0.7424242424242424, 0.7272727272727273], "LICUV": [0.8333333333333334, 0.8787878787878788, 0.8636363636363636, 0.8484848484848485, 0.8636363636363636], "NAMFIS": [0.803030303030303, 0.8787878787878788, 0.8636363636363636, 0.8636363636363636, 0.8636363636363636]}, "rmsd": {"best": 1.1870860787030522, "random": [1.8942985375207375, 1.6361833086677753, 1.5589061544486984, 1.4811664558211615, 1.4129710651486271], "low_energy": [1.3897245371115083, 1.4683392371444972, 1.4309344240530628, 1.4361337777805776, 1.4867485499011448], "LICUV": [1.2919674977433557, 1.0927394638667305, 1.0950886602190946, 1.1242484834886262, 1.1985555465639246], "NAMFIS": [1.1870860787030522, 1.1234990279958752, 1.0946990648626358, 1.095984271148124, 1.0959842711703687]}, "mae": {"best": 0.9358915921413538, "random": [1.4059368278041027, 1.2756409014086878, 1.249150040989314, 1.1983326259668101, 1.1668950380157914], "low_energy": [1.0733423449776387, 1.1653156468975139, 1.1699366987758824, 1.180259772178948, 1.2344222391834152], "LICUV": [1.0357492511922661, 0.9058030553615743, 0.8895104089449685, 0.9308910719540956, 1.027259551133005], "NAMFIS": [0.9358915921413538, 0.9185400027634294, 0.899337396778386, 0.8888282482875, 0.8888282483325005]}, "bundle-size": [1, 3, 5, 10, 30]}}