{"single": {"fulfil": {"best": 0.9393939393939394, "random": [0.8212121212121211, 0.753030303030303, 0.762121212121212, 0.7848484848484848, 0.7742424242424242], "low_energy": [0.7424242424242424, 0.7575757575757576, 0.7727272727272727, 0.7424242424242424, 0.803030303030303], "LICUV": [0.9393939393939394, 0.8787878787878788, 0.8484848484848485, 0.8484848484848485, 0.803030303030303], "NAMFIS": [0.9090909090909091, 0.8484848484848485, 0.8939393939393939, 0.8333333333333334, 0.8333333333333334]}, "rmsd": {"best": 0.886743278295327, "random": [1.32244012047593, 1.272729548485848, 1.2488611604772035, 1.1962229862252116, 1.1894879268934104], "low_energy": [1.681182774778899, 1.1858894500579966, 1.1608620604368223, 1.1822603209166862, 1.1496105823473142], "LICUV": [0.9764118353819885, 0.9953716227874062, 1.061164042595891, 1.1273907558893368, 1.1671986844888498], "NAMFIS": [0.886743278295327, 0.9662302357972393, 1.007404159556616, 1.0803025940081412, 1.080302594009753]}, "mae": {"best": 0.7200623136578184, "random": [0.9830508894992596, 1.0183195833181726, 1.027732654564797, 1.0195892080224342, 1.0433259792056244], "low_energy": [1.1877874894575637, 0.9953591878732833, 0.9746054234687552, 1.003760545341036, 0.9929368439886792], "LICUV": [0.8027288046750154, 0.8434390982399151, 0.8909119358817372, 1.0055111417541156, 1.0468352539098642], "NAMFIS": [0.7200623136578184, 0.8042113387351114, 0.8496036084983785, 0.9301929303706924, 0.9301929303723099]}, "bundle-size": [1, 3, 5, 10, 30]}}