{"single": {"fulfil": {"best": 0.9393939393939394, "random": [0.7863636363636364, 0.7742424242424242, 0.7454545454545455, 0.7848484848484849, 0.7742424242424242], "low_energy": [0.7424242424242424, 0.7575757575757576, 0.7727272727272727, 0.7424242424242424, 0.803030303030303], "LICUV": [0.9393939393939394, 0.8787878787878788, 0.8484848484848485, 0.8484848484848485, 0.803030303030303], "NAMFIS": [0.9090909090909091, 0.8484848484848485, 0.8939393939393939, 0.8333333333333334, 0.8333333333333334]}, "rmsd": {"best": 0.886743278295327, "random": [1.4295711631825514, 1.2484589899817191, 1.2292850114967244, 1.1974807951032793, 1.2061670234119297], "low_energy": [1.681182774778899, 1.1858894500579966, 1.1608620604368223, 1.1822603209166862, 1.1496105823473142], "LICUV": [0.9764118353819885, 0.9953716227874062, 1.061164042595891, 1.1273907558893368, 1.1671986844888498], "NAMFIS": [0.886743278295327, 0.96626432296406, 1.00744408693121, 1.0802716176170635, 1.0802716176242562]}, "rmsd_stepwise": {"best": 0.371728150913834, "random": [0.7271607604718304, 0.7482958698992631, 0.7946567296680683, 0.7385730440017474, 0.758410462020438], "low_energy": [0.801513719423593, 0.7769403861535089, 0.7515640257812268, 0.801513719423593, 0.7101002916788755], "LICUV": [0.371728150913834, 0.541602560309064, 0.6090230627070626, 0.6090230627070626, 0.6980492298346349], "NAMFIS": [0.4060153751380418, 0.6090230627070626, 0.5045249791095129, 0.6400757530925301, 0.6400757530925301]}, "mae": {"best": 0.7200623136578184, "random": [1.0402505448370267, 0.9868084569740254, 1.0339248030896615, 1.0340512988980037, 1.0626171341139103], "low_energy": [1.1877874894575637, 0.9953591878732833, 0.9746054234687552, 1.003760545341036, 0.9929368439886792], "LICUV": [0.8027288046750154, 0.8434390982399151, 0.8909119358817372, 1.0055111417541156, 1.0468352539098642], "NAMFIS": [0.7200623136578184, 0.804249512457751, 0.8496018548962503, 0.9301510707632424, 0.9301510707700442]}, "bundle-size": [1, 3, 5, 10, 30]}}