{"single": {"fulfil": {"best": 0.9393939393939394, "random": [0.8106060606060606, 0.7621212121212121, 0.7484848484848485, 0.7878787878787878, 0.7636363636363637], "low_energy": [0.7424242424242424, 0.7575757575757576, 0.7727272727272727, 0.7424242424242424, 0.803030303030303], "LICUV": [0.9393939393939394, 0.8787878787878788, 0.8484848484848485, 0.8484848484848485, 0.803030303030303], "NAMFIS": [0.9090909090909091, 0.8484848484848485, 0.8939393939393939, 0.8333333333333334, 0.8333333333333334]}, "rmsd": {"best": 0.886743278295327, "random": [1.378148270510597, 1.2521013006323536, 1.2113223878835664, 1.1607522724269992, 1.2294559611533038], "low_energy": [1.681182774778899, 1.1858894500579966, 1.1608620604368223, 1.1822603209166862, 1.1496105823473142], "LICUV": [0.9764118353819885, 0.9953716227874062, 1.061164042595891, 1.1273907558893368, 1.1671986844888498], "NAMFIS": [0.886743278295327, 0.9662335707686769, 1.0074064156794316, 1.0803524408560445, 1.0803524408598397]}, "mae": {"best": 0.7200623136578184, "random": [1.0154329079570192, 1.0006910219404062, 1.0120455644915012, 0.9917358822958923, 1.0886439899069265], "low_energy": [1.1877874894575637, 0.9953591878732833, 0.9746054234687552, 1.003760545341036, 0.9929368439886792], "LICUV": [0.8027288046750154, 0.8434390982399151, 0.8909119358817372, 1.0055111417541156, 1.0468352539098642], "NAMFIS": [0.7200623136578184, 0.8042127467135611, 0.8495862458380513, 0.9302568099906692, 0.9302568099941618]}, "bundle-size": [1, 3, 5, 10, 30]}}