{"minimum_sasa": 8.746581077575684, "minimum_psa": 7.323919773101807}