{"50a": {"0": {"Atom 1": "(1,)", "Atom 2": "(78,)", "NMR exp": 0.0, "lower bound": 2.77, "upper bound": 3.0, "md": [2.235062181738165], "lower": [2.07895204808789], "upper": [3.1233939900596033]}, "1": {"Atom 1": "(1,)", "Atom 2": "(3,)", "NMR exp": 0.0, "lower bound": 2.43, "upper bound": 2.54, "md": [2.933504600127378], "lower": [2.8476915266514378], "upper": [3.008938363145734]}, "2": {"Atom 1": "(3,)", "Atom 2": "(5, 6)", "NMR exp": 0.0, "lower bound": 2.71, "upper bound": 2.93, "md": [2.2893579052560913, 2.050738215747062], "lower": [2.2010541664164545, 1.9979484162742842], "upper": [2.8418744436792402, 2.8047756162004815]}, "3": {"Atom 1": "(3,)", "Atom 2": "(5, 6)", "NMR exp": 0.0, "lower bound": 2.61, "upper bound": 2.75, "md": [2.2893579052560913, 2.050738215747062], "lower": [2.2010541664164545, 1.9979484162742842], "upper": [2.8418744436792402, 2.8047756162004815]}, "4": {"Atom 1": "(25,)", "Atom 2": "(3,)", "NMR exp": 0.0, "lower bound": 2.14, "upper bound": 2.18, "md": [1.807612400417461], "lower": [1.7770199694070887], "upper": [3.367795789329108]}, "5": {"Atom 1": "(25,)", "Atom 2": "(27, 28)", "NMR exp": 0.0, "lower bound": 2.22, "upper bound": 3.79, "md": [2.408639770502454, 2.3615815315488673], "lower": [2.2636570601993085, 2.2433405347343975], "upper": [2.7716757193907706, 2.893314144822414]}, "6": {"Atom 1": "(32,)", "Atom 2": "(34,)", "NMR exp": 0.0, "lower bound": 2.66, "upper bound": 2.87, "md": [2.6959165457368335], "lower": [2.6333243454719057], "upper": [2.92434711534366]}, "7": {"Atom 1": "(32,)", "Atom 2": "(36, 37)", "NMR exp": 0.0, "lower bound": 2.4, "upper bound": 3.3000000000000003, "md": [3.0432299813043997, 2.859545451683535], "lower": [2.4759351565085606, 2.4855662408621546], "upper": [3.630791177971377, 3.460617351802167]}, "8": {"Atom 1": "(34,)", "Atom 2": "(36, 37)", "NMR exp": 0.0, "lower bound": 2.42, "upper bound": 3.3200000000000003, "md": [2.5330070612160593, 2.3645837293363168], "lower": [2.3632678271553975, 2.2573742086752264], "upper": [2.8924521439883164, 2.839871060774602]}, "9": {"Atom 1": "(44,)", "Atom 2": "(32,)", "NMR exp": 0.0, "lower bound": 2.34, "upper bound": 2.4, "md": [2.5772011099371497], "lower": [2.2836915221026235], "upper": [2.8490724218114907]}, "10": {"Atom 1": "(44,)", "Atom 2": "(48, 49)", "NMR exp": 0.0, "lower bound": 2.29, "upper bound": 2.35, "md": [3.6980181379895303, 2.466577940930325], "lower": [2.4846150264495828, 2.3071112158023146], "upper": [3.9105439313858272, 3.3217652006641347]}, "11": {"Atom 1": "(44,)", "Atom 2": "(48, 49)", "NMR exp": 0.0, "lower bound": 3.15, "upper bound": 3.39, "md": [3.6980181379895303, 2.466577940930325], "lower": [2.4846150264495828, 2.3071112158023146], "upper": [3.9105439313858272, 3.3217652006641347]}, "12": {"Atom 1": "(46,)", "Atom 2": "(65, 66)", "NMR exp": 0.0, "lower bound": 2.08, "upper bound": 3.0300000000000002, "md": [3.445403783367371, 1.9833025600804597], "lower": [2.5717738347001804, 1.9169566291597344], "upper": [3.5847293823496313, 2.4282161960818005]}, "13": {"Atom 1": "(46,)", "Atom 2": "(48, 49)", "NMR exp": 0.0, "lower bound": 2.82, "upper bound": 3.0500000000000003, "md": [1.9825577431794301, 2.433031723263553], "lower": [1.938847535878636, 2.30953995334537], "upper": [2.781263607231543, 2.914955998502607]}, "14": {"Atom 1": "(46,)", "Atom 2": "(48, 49)", "NMR exp": 0.0, "lower bound": 2.45, "upper bound": 2.63, "md": [1.9825577431794301, 2.433031723263553], "lower": [1.938847535878636, 2.30953995334537], "upper": [2.781263607231543, 2.914955998502607]}, "15": {"Atom 1": "(78,)", "Atom 2": "(48, 49)", "NMR exp": 0.0, "lower bound": 3.15, "upper bound": 4.05, "md": [5.4291916474154025, 5.277597346189305], "lower": [4.370732195174797, 4.184539440741413], "upper": [7.095818174609405, 6.303493545673458]}, "16": {"Atom 1": "(78,)", "Atom 2": "(74,)", "NMR exp": 0.0, "lower bound": 3.52, "upper bound": 3.64, "md": [2.122842514398938], "lower": [2.0015651001285155], "upper": [2.4521788100648356]}, "17": {"Atom 1": "(78,)", "Atom 2": "(71, 72)", "NMR exp": 0.0, "lower bound": 2.5100000000000002, "upper bound": 2.54, "md": [2.8332627887212523, 4.13483750288421], "lower": [2.5872449775272273, 3.4204725286663265], "upper": [3.7623193930813077, 4.346213186000732]}, "18": {"Atom 1": "(78,)", "Atom 2": "(65, 66)", "NMR exp": 0.0, "lower bound": 3.0700000000000003, "upper bound": 4.2700000000000005, "md": [5.1826504978057875, 4.870727978597336], "lower": [3.8508779052637996, 4.456199372038327], "upper": [5.606407027313404, 5.494690492482967]}, "19": {"Atom 1": "(78,)", "Atom 2": "(80,)", "NMR exp": 0.0, "lower bound": 2.52, "upper bound": 2.62, "md": [2.509631501121297], "lower": [2.202900463224225], "upper": [2.861011558603467]}, "20": {"Atom 1": "(78,)", "Atom 2": "(82, 83, 84)", "NMR exp": 0.0, "lower bound": 2.46, "upper bound": 3.5100000000000002, "md": [2.678242800473845, 2.6379840808367634, 2.619155139960251], "lower": [2.4407199435403633, 2.405875242213831, 2.390625511496253], "upper": [3.658542039315641, 3.652683538501554, 3.65006028303336]}}}