{"trans": {"stat": {"0": "MAE", "1": "MSE", "2": "RMSD", "3": "pearsonr", "4": "kendalltau", "5": "chisq", "6": "percentage_fulfilled"}, "value": {"0": 0.4932094648310003, "1": -0.07164419300473285, "2": 0.6570509962835575, "3": 0.655100359265304, "4": 0.1818202630583513, "5": 2.7412892327345566, "6": 0.23809523809523808}, "up": {"0": 0.6969006448415396, "1": 0.21667260876983577, "2": 0.8859072507657408, "3": 0.8966813645015133, "4": 0.5519050735716042, "5": 4.702286425927671, "6": 0.0}, "low": {"0": 0.3229250138208143, "1": 0.0, "2": 0.39644921157217866, "3": 0.0, "4": 0.0, "5": 1.1562656592015, "6": 0.0}, "most-populated-1": {"0": 0.504066418693179, "1": 0.24151188123793801, "2": 0.8100779160417233, "3": NaN, "4": NaN, "5": NaN, "6": 0.38095238095238093}}}