{"minimum_sasa": 9.608651161193833, "minimum_psa": 4.320103037357323}