{"single": {"stat": {"0": "MAE", "1": "MSE", "2": "RMSD", "3": "RMSD_step", "4": "pearsonr", "5": "kendalltau", "6": "chisq", "7": "percentage_fulfilled"}, "value": {"0": 0.26899945552679627, "1": -0.14749083153389278, "2": 0.3484472239437704, "3": 0.0, "4": 0.9026880975676221, "5": 0.7333333333333334, "6": 0.5435683272641898, "7": 1.0}, "up": {"0": 0.3810794033517527, "1": 0.00680285364418057, "2": 0.4558570310493575, "3": 0.0, "4": 0.9715424218426485, "5": 0.8938053097345132, "6": 0.9183963848154366, "7": 0.0}, "low": {"0": 0.16761807293516348, "1": 0.0, "2": 0.21787461697391974, "3": 0.0, "4": 0.7981678965159961, "5": 0.5495495495495496, "6": 0.21943063098027024, "7": 0.0}}}