{"12": {"0": {"Atom 1": "(73,)", "Atom 2": "(56,)", "NMR exp": 2.38, "lower bound": 0, "upper bound": 0, "md": [2.826218122575537], "lower": [2.266314901473231], "upper": [3.362799458109203]}, "1": {"Atom 1": "(73,)", "Atom 2": "(1,)", "NMR exp": 4.24, "lower bound": 0, "upper bound": 0, "md": [2.6368969368809485], "lower": [2.481919324217326], "upper": [4.170955696258735]}, "2": {"Atom 1": "(73,)", "Atom 2": "(54,)", "NMR exp": 3.31, "lower bound": 0, "upper bound": 0, "md": [2.657024805271316], "lower": [2.377980968020681], "upper": [3.707292221401252]}, "3": {"Atom 1": "(92,)", "Atom 2": "(75,)", "NMR exp": 2.17, "lower bound": 0, "upper bound": 0, "md": [3.6425028425008157], "lower": [2.3825247430958885], "upper": [3.690436607504434]}, "4": {"Atom 1": "(20,)", "Atom 2": "(54,)", "NMR exp": 3.74, "lower bound": 0, "upper bound": 0, "md": [6.338869288274544], "lower": [4.4893956935630985], "upper": [6.5381604673322276]}, "5": {"Atom 1": "(20,)", "Atom 2": "(3,)", "NMR exp": 2.4, "lower bound": 0, "upper bound": 0, "md": [2.2465850014115727], "lower": [2.1005164743535487], "upper": [2.762240575973678]}, "6": {"Atom 1": "(20,)", "Atom 2": "(24, 25)", "NMR exp": 2.71, "lower bound": 0, "upper bound": 0, "md": [1.8611542818572053, 1.9966398954593272], "lower": [1.8098968104580504, 1.9240004093487473], "upper": [3.096222317230194, 2.6541060944087396]}, "7": {"Atom 1": "(1,)", "Atom 2": "(54,)", "NMR exp": 4.19, "lower bound": 0, "upper bound": 0, "md": [3.940309944541733], "lower": [3.6124286397278853], "upper": [4.627707060839225]}, "8": {"Atom 1": "(1,)", "Atom 2": "(94,)", "NMR exp": 3.57, "lower bound": 0, "upper bound": 0, "md": [2.805501467451277], "lower": [2.642099637858027], "upper": [3.4892304983224944]}, "9": {"Atom 1": "(1,)", "Atom 2": "(75,)", "NMR exp": 4.04, "lower bound": 0, "upper bound": 0, "md": [2.890366202449152], "lower": [2.721144224637437], "upper": [4.242361360582072]}, "10": {"Atom 1": "(1,)", "Atom 2": "(96,)", "NMR exp": 3.65, "lower bound": 0, "upper bound": 0, "md": [2.948622619804064], "lower": [2.5581920730751313], "upper": [4.08053287207534]}, "11": {"Atom 1": "(28, 36)", "Atom 2": "(41, 42)", "NMR exp": 4.42, "lower bound": 0, "upper bound": 0, "md": [7.400659298567279, 4.435562056911564, 3.050701372050741, 2.344038278180131], "lower": [3.9884232595569764, 3.7980068401600953, 2.632340414354897, 2.2046529145180105], "upper": [7.518989312395542, 5.781636328872328, 4.77389751681612, 5.219772751925472]}, "12": {"Atom 1": "(54,)", "Atom 2": "(44, 45)", "NMR exp": 3.42, "lower bound": 0, "upper bound": 0, "md": [4.6096000434349875, 3.0678163498159328], "lower": [4.299644574038274, 2.715257766528379], "upper": [4.951834424666047, 4.338126629386165]}, "13": {"Atom 1": "(54,)", "Atom 2": "(50,)", "NMR exp": 3.77, "lower bound": 0, "upper bound": 0, "md": [2.6383200464442265], "lower": [2.466286953125047], "upper": [3.462357451408949]}, "14": {"Atom 1": "(54,)", "Atom 2": "(41, 42)", "NMR exp": 3.05, "lower bound": 0, "upper bound": 0, "md": [4.057370340048286, 4.3806606158333405], "lower": [3.848897180756967, 2.9951282240103905], "upper": [4.3152435755265275, 4.571311945042904]}, "15": {"Atom 1": "(22,)", "Atom 2": "(41, 42)", "NMR exp": 2.23, "lower bound": 0, "upper bound": 0, "md": [1.9163681329341522, 2.3395504809513663], "lower": [1.8640528799006912, 2.1322019253291877], "upper": [2.482476637569848, 2.728805032373794]}}}