{"single": {"stat": {"0": "MAE", "1": "MSE", "2": "RMSD", "3": "RMSD_step", "4": "pearsonr", "5": "kendalltau", "6": "chisq", "7": "percentage_fulfilled"}, "value": {"0": 0.8201243663582853, "1": -0.1138652249505211, "2": 1.0470910360464973, "3": 0.26457040650836217, "4": 0.3521538947854709, "5": 0.19999999999999998, "6": 5.175936886860383, "7": 0.8125}, "up": {"0": 1.1586383705805123, "1": 0.43440307245358967, "2": 1.4143856714568803, "3": 0.40389633571004335, "4": 0.7076870964160671, "5": 0.5614035087719298, "6": 9.280385476796045, "7": 0.0}, "low": {"0": 0.5189994648506839, "1": 0.0, "2": 0.6634727424658549, "3": 0.0, "4": 0.0, "5": 0.0, "6": 2.202692670799679, "7": 0.0}}}