{"single": {"stat": {"0": "MAE", "1": "MSE", "2": "RMSD", "3": "RMSD_step", "4": "pearsonr", "5": "kendalltau", "6": "chisq", "7": "percentage_fulfilled"}, "value": {"0": 0.8201243663582853, "1": -0.1138652249505211, "2": 1.0470910360464973, "3": 0.26457040650836217, "4": 0.3521538947854709, "5": 0.19999999999999998, "6": 5.175936886860383, "7": 0.8125}, "up": {"0": 1.1582207988122686, "1": 0.4274662343892587, "2": 1.4154208721898676, "3": 0.40389633571004335, "4": 0.7100595845812178, "5": 0.5575221238938052, "6": 9.16666203109194, "7": 0.0}, "low": {"0": 0.5294048379796055, "1": 0.0, "2": 0.6654788054011166, "3": 0.0, "4": 0.0, "5": 0.0, "6": 2.149474161353232, "7": 0.0}}}