{"single": {"stat": {"0": "MAE", "1": "MSE", "2": "RMSD", "3": "RMSD_step", "4": "pearsonr", "5": "kendalltau", "6": "chisq", "7": "percentage_fulfilled"}, "value": {"0": 0.46498349533320604, "1": 0.2729835118203156, "2": 0.7592054915922472, "3": 0.29238673020504885, "4": 0.5803904260882461, "5": 0.5103160580222112, "6": 8.135736145180163, "7": 0.6}, "up": {"0": 0.6647392166392834, "1": 0.500921815683392, "2": 1.0479787958913507, "3": 0.42606887617268424, "4": 0.8253847064478919, "5": 0.6944797828219698, "6": 15.935472440624768, "7": 0.0}, "low": {"0": 0.3017371465951839, "1": 0.07421837194586396, "2": 0.4367935329952883, "3": 0.15264910666129933, "4": 0.2886610734558841, "5": 0.2862921179219724, "6": 2.4495824623163602, "7": 0.0}, "most-populated-1": {"0": 0.5544333131313323, "1": 0.37382954001426694, "2": 0.8513357234854549, "3": 0.29238673020504885, "4": NaN, "5": NaN, "6": NaN, "7": 0.475}}}