{"single": {"stat": {"0": "MAE", "1": "MSE", "2": "RMSD", "3": "pearsonr", "4": "kendalltau", "5": "chisq", "6": "percentage_fulfilled"}, "value": {"0": 0.46498349533320604, "1": 0.2729835118203156, "2": 0.7592054915922472, "3": 0.5803904260882461, "4": 0.5103160580222112, "5": 8.135736145180163, "6": 0.6}, "up": {"0": 0.6663281510685385, "1": 0.5017979940488613, "2": 1.0559332563362644, "3": 0.8258033318343938, "4": 0.6953739976860995, "5": 15.867303214537172, "6": 0.0}, "low": {"0": 0.2942713011526229, "1": 0.06974750937302224, "2": 0.43587630312205605, "3": 0.2790028698656723, "4": 0.29040469193557683, "5": 2.487234686868714, "6": 0.0}, "most-populated-1": {"0": 0.5544333131313323, "1": 0.37382954001426694, "2": 0.8513357234854549, "3": NaN, "4": NaN, "5": NaN, "6": 0.475}}}