{"single": {"fulfil": {"best": 0.9148936170212766, "random": [0.7978723404255319, 0.6574468085106384, 0.6297872340425531, 0.6063829787234043, 0.6021276595744682], "low_energy": [0.7659574468085106, 0.7659574468085106, 0.6595744680851063, 0.6170212765957447, 0.574468085106383], "LICUV": [0.9148936170212766, 0.8085106382978723, 0.7446808510638298, 0.6808510638297872, 0.6382978723404256], "NAMFIS": [0.9148936170212766, 0.7446808510638298, 0.7659574468085106, 0.8085106382978723, 0.8085106382978723]}, "rmsd": {"best": 1.002015582439335, "random": [1.292632989262118, 1.3348349676595819, 1.355939413996994, 1.4008238543071947, 1.4496205058830023], "low_energy": [1.573287414658553, 1.3675910267248093, 1.388056094114303, 1.459602758052164, 1.4398022417998007], "LICUV": [1.002015582439335, 1.2218262354812552, 1.2949125296729382, 1.3704332618691415, 1.4396634869758795], "NAMFIS": [1.002015582439335, 1.1284174775327565, 1.2096456029252385, 1.2280744620251, 1.2280744620288115]}, "mae": {"best": 0.8184992303239539, "random": [0.9911828865396217, 1.154744026947837, 1.1709864355925628, 1.2602416832837657, 1.333642575152828], "low_energy": [1.109317310312961, 1.178507620832268, 1.1992768350677767, 1.2800684573555132, 1.3083199251395103], "LICUV": [0.8184992303239539, 1.044498114870973, 1.1494476671020821, 1.249926365550162, 1.3547911035905462], "NAMFIS": [0.8184992303239539, 0.9581436237880576, 1.066418898334063, 1.0874264510117568, 1.0874264510156075]}, "bundle-size": [1, 3, 5, 10, 30]}}