{"single": {"fulfil": {"best": 0.9148936170212766, "random": [0.7978723404255319, 0.6361702127659574, 0.625531914893617, 0.5765957446808511, 0.6063829787234043], "low_energy": [0.7659574468085106, 0.7659574468085106, 0.6595744680851063, 0.6170212765957447, 0.574468085106383], "LICUV": [0.9148936170212766, 0.8085106382978723, 0.7446808510638298, 0.6808510638297872, 0.6382978723404256], "NAMFIS": [0.9148936170212766, 0.7446808510638298, 0.7659574468085106, 0.8085106382978723, 0.8085106382978723]}, "rmsd": {"best": 1.002015582439335, "random": [1.3429121468193368, 1.367108528145087, 1.3919842558113258, 1.4231026838076528, 1.4393622677555966], "low_energy": [1.573287414658553, 1.3675910267248093, 1.388056094114303, 1.459602758052164, 1.4398022417998007], "LICUV": [1.002015582439335, 1.2218262354812552, 1.2949125296729382, 1.3704332618691415, 1.4396634869758795], "NAMFIS": [1.002015582439335, 1.128402267849452, 1.2096641407971265, 1.2280826732144914, 1.2280826732174683]}, "rmsd_stepwise": {"best": 0.46676797279326243, "random": [0.7155263632982454, 0.9623592544843371, 0.9758798378494541, 1.040542841346162, 1.0032515557064028], "low_energy": [0.7740471149550345, 0.7740471149550345, 0.9335359455865251, 0.9901643964084414, 1.0437249168855074], "LICUV": [0.46676797279326243, 0.7001519591898937, 0.8084658442238579, 0.9038922925856512, 0.962266827241026], "NAMFIS": [0.46676797279326243, 0.8084658442238579, 0.7740471149550345, 0.7001519591898937, 0.7001519591898937]}, "mae": {"best": 0.8184992303239539, "random": [1.0400095531281006, 1.151734450055329, 1.2070511037341063, 1.2639751278060696, 1.3119724961872756], "low_energy": [1.109317310312961, 1.178507620832268, 1.1992768350677767, 1.2800684573555132, 1.3083199251395103], "LICUV": [0.8184992303239539, 1.044498114870973, 1.1494476671020821, 1.249926365550162, 1.3547911035905462], "NAMFIS": [0.8184992303239539, 0.9581257551929384, 1.0664393557411371, 1.0874389990533178, 1.0874389990573163]}, "bundle-size": [1, 3, 5, 10, 30]}}