{"single": {"fulfil": {"best": 0.9148936170212766, "random": [0.7702127659574468, 0.6595744680851062, 0.6212765957446809, 0.6085106382978724, 0.6063829787234043], "low_energy": [0.7659574468085106, 0.7659574468085106, 0.6595744680851063, 0.6170212765957447, 0.574468085106383], "LICUV": [0.9148936170212766, 0.8085106382978723, 0.7446808510638298, 0.6808510638297872, 0.6382978723404256], "NAMFIS": [0.9148936170212766, 0.7446808510638298, 0.7659574468085106, 0.8085106382978723, 0.8085106382978723]}, "rmsd": {"best": 1.002015582439335, "random": [1.3378915833428306, 1.3516825867746234, 1.3756191192879519, 1.4087781481643709, 1.4575089111065167], "low_energy": [1.573287414658553, 1.3675910267248093, 1.388056094114303, 1.459602758052164, 1.4398022417998007], "LICUV": [1.002015582439335, 1.2218262354812552, 1.2949125296729382, 1.3704332618691415, 1.4396634869758795], "NAMFIS": [1.002015582439335, 1.12839593769565, 1.209728329578263, 1.2281066863459293, 1.2281066863536028]}, "mae": {"best": 0.8184992303239539, "random": [1.021929860115051, 1.138322766489691, 1.1882601109462425, 1.252810778932326, 1.3393173520855641], "low_energy": [1.109317310312961, 1.178507620832268, 1.1992768350677767, 1.2800684573555132, 1.3083199251395103], "LICUV": [0.8184992303239539, 1.044498114870973, 1.1494476671020821, 1.249926365550162, 1.3547911035905462], "NAMFIS": [0.8184992303239539, 0.9581186352308251, 1.0664931082470106, 1.0874692393075622, 1.0874692393149579]}, "bundle-size": [1, 3, 5, 10, 30]}}