{"single": {"fulfil": {"best": 0.723404255319149, "random": [0.597872340425532, 0.6468085106382978, 0.6595744680851063, 0.6829787234042554, 0.6787234042553191], "low_energy": [0.6595744680851063, 0.6595744680851063, 0.7446808510638298, 0.6595744680851063, 0.6808510638297872], "LICUV": [0.723404255319149, 0.7446808510638298, 0.723404255319149, 0.723404255319149, 0.723404255319149], "NAMFIS": [0.6595744680851063, 0.7021276595744681, 0.723404255319149, 0.723404255319149, 0.723404255319149]}, "rmsd": {"best": 1.3202610971003779, "random": [1.6472421810351812, 1.5059625965419914, 1.4783448603379337, 1.455181061032735, 1.4144077463077736], "low_energy": [1.4570037532751063, 1.533909206867386, 1.4380503935407356, 1.4439082688763092, 1.4166494085224302], "LICUV": [1.4432609938911987, 1.4502834126663087, 1.477489943635796, 1.351324446006988, 1.367332084643918], "NAMFIS": [1.3202610971003779, 1.2782177327694066, 1.2590433844183373, 1.2590433844176447, 1.2590433844186002]}, "mae": {"best": 1.0518811966510528, "random": [1.373711373450908, 1.269652518684025, 1.2657594314623821, 1.236638572480082, 1.1983127361538704], "low_energy": [1.2095688708285068, 1.3375528081690866, 1.2369562607120332, 1.24837299994278, 1.209189990929746], "LICUV": [1.1914617406561019, 1.2103712876076558, 1.2260856363245092, 1.130047319963276, 1.1289476872980782], "NAMFIS": [1.0853891220498593, 1.0266433798578387, 1.0282968993933082, 1.0282968993929837, 1.0282968993948343]}, "bundle-size": [1, 3, 5, 10, 30]}}