{"minimum_sasa": 8.783180236816406, "minimum_psa": 7.331489086151123}