{"single": {"stat": {"0": "MAE", "1": "MSE", "2": "RMSD", "3": "pearsonr", "4": "kendalltau", "5": "chisq", "6": "percentage_fulfilled"}, "value": {"0": 0.4137459743788919, "1": 0.2672027338010365, "2": 0.5281355421420019, "3": 0.6048672688129693, "4": 0.4251636900922503, "5": 2.4031766785692774, "6": 0.7272727272727273}, "up": {"0": 0.5572096971078568, "1": 0.45614842183639503, "2": 0.6621442299050356, "3": 0.8230982288702645, "4": 0.6607142857142857, "5": 3.696915029781402, "6": 0.0}, "low": {"0": 0.2835311518048056, "1": 0.07534657706591745, "2": 0.37287717581197993, "3": 0.2988443999201937, "4": 0.13962550603820215, "5": 1.229743074647773, "6": 0.0}, "most-populated-1": {"0": 0.6416369862989945, "1": 0.6011542727730489, "2": 0.8199839049614513, "3": NaN, "4": NaN, "5": NaN, "6": 0.5909090909090909}}}