{"22": {"0": {"Atom 1": "(3,)", "Atom 2": "(26,)", "NMR exp": 3.19, "lower bound": 0.0, "upper bound": 3.5100000000000002, "md": [4.321490544770472], "lower": [4.126727659842673], "upper": [4.7033126518349935]}, "1": {"Atom 1": "(3,)", "Atom 2": "(13, 14)", "NMR exp": 1.83, "lower bound": 0.0, "upper bound": 3.16, "md": [3.2635770092042438, 2.498987723972538], "lower": [2.9638218147843585, 2.3200591292492962], "upper": [3.7507477819494297, 3.357322018733014]}, "2": {"Atom 1": "(22,)", "Atom 2": "(26,)", "NMR exp": 2.93, "lower bound": 0.0, "upper bound": 3.22, "md": [3.2701602711769913], "lower": [2.924578918528353], "upper": [3.5229493953747975]}, "3": {"Atom 1": "(19, 20)", "Atom 2": "(26,)", "NMR exp": 2.73, "lower bound": 0.0, "upper bound": 4.2700000000000005, "md": [3.104197499376126, 4.293158067499368], "lower": [2.791307004233124, 4.060699085479596], "upper": [3.546641329145074, 4.513646965385848]}, "4": {"Atom 1": "(16, 17)", "Atom 2": "(26,)", "NMR exp": 2.71, "lower bound": 0.0, "upper bound": 4.24, "md": [3.5093137973261848, 4.439108781853114], "lower": [2.6147588696640027, 4.027476480365273], "upper": [4.805676429267598, 4.951392164341295]}, "5": {"Atom 1": "(13, 14)", "Atom 2": "(26,)", "NMR exp": 2.63, "lower bound": 0.0, "upper bound": 4.14, "md": [2.347100724844273, 3.4589006858855154], "lower": [2.1737378362333772, 3.3664596917820693], "upper": [3.310795174946978, 4.263411843410381]}, "6": {"Atom 1": "(47,)", "Atom 2": "(59,)", "NMR exp": 2.57, "lower bound": 0.0, "upper bound": 2.83, "md": [3.5040731152043634], "lower": [3.370001493823942], "upper": [3.628213822446092]}, "7": {"Atom 1": "(49,)", "Atom 2": "(59,)", "NMR exp": 3.39, "lower bound": 0.0, "upper bound": 3.73, "md": [2.5554121479124805], "lower": [2.173716322308972], "upper": [3.6157542487211582]}, "8": {"Atom 1": "(61,)", "Atom 2": "(1,)", "NMR exp": 2.17, "lower bound": 0.0, "upper bound": 2.39, "md": [3.1316205497681744], "lower": [2.7388202894487113], "upper": [3.5214866123173616]}, "9": {"Atom 1": "(1,)", "Atom 2": "(3,)", "NMR exp": 2.6, "lower bound": 0.0, "upper bound": 2.86, "md": [2.888247823631397], "lower": [2.8064871664890285], "upper": [2.9723612086082203]}, "10": {"Atom 1": "(1,)", "Atom 2": "(5, 6)", "NMR exp": 2.37, "lower bound": 0.0, "upper bound": 3.83, "md": [3.3518988338025513, 2.4739243117801375], "lower": [2.9152485393849754, 2.2798514227081434], "upper": [3.616355888923906, 2.916292933056277]}, "11": {"Atom 1": "(16, 17)", "Atom 2": "(13, 14)", "NMR exp": 1.73, "lower bound": 0.0, "upper bound": 4.19, "md": [2.3325681001318235, 2.700804584875157, 2.9435438707286616, 2.4055515676479176], "lower": [2.225762937691231, 2.6003580673854616, 2.7653134636828565, 2.266337226567349], "upper": [2.4570696146299214, 2.8691106700197877, 3.0443224856849933, 2.5027137074244656]}, "12": {"Atom 1": "(26,)", "Atom 2": "(28,)", "NMR exp": 2.31, "lower bound": 0.0, "upper bound": 2.54, "md": [2.5198779492840524], "lower": [2.217329896866213], "upper": [2.9521659938795004]}, "13": {"Atom 1": "(28,)", "Atom 2": "(35, 36, 37, 39, 40, 41)", "NMR exp": 3.23, "lower bound": 0.0, "upper bound": 6.99, "md": [3.0804606017586185, 3.0570649856256438, 3.0443779563469, 2.8883711445449154, 2.904044452634057, 2.9234754289448253], "lower": [2.4474841104311067, 2.4338296551333145, 2.4298528359346316, 2.365444905168375, 2.3684901233226903, 2.3799180737893977], "upper": [4.495713744584369, 4.490738753945527, 4.489129886030735, 4.328116292379238, 4.3301457559378385, 4.334798218504301]}, "14": {"Atom 1": "(45,)", "Atom 2": "(50,)", "NMR exp": 2.75, "lower bound": 0.0, "upper bound": 3.02, "md": [2.7906023000955082], "lower": [2.5789217067490955], "upper": [3.536229943756788]}, "15": {"Atom 1": "(45,)", "Atom 2": "(49,)", "NMR exp": 3.02, "lower bound": 0.0, "upper bound": 3.3200000000000003, "md": [2.9961045762870024], "lower": [2.632552961601676], "upper": [3.610527788537021]}, "16": {"Atom 1": "(47,)", "Atom 2": "(50,)", "NMR exp": 2.2600000000000002, "lower bound": 0.0, "upper bound": 2.49, "md": [2.603967797287309], "lower": [2.3708029931862424], "upper": [3.0179209263529345]}, "17": {"Atom 1": "(47,)", "Atom 2": "(49,)", "NMR exp": 2.11, "lower bound": 0.0, "upper bound": 2.32, "md": [2.066596369434208], "lower": [2.0162819719061913], "upper": [2.7274108704264983]}, "18": {"Atom 1": "(50,)", "Atom 2": "(54, 55)", "NMR exp": 2.6, "lower bound": 0.0, "upper bound": 6.0600000000000005, "md": [3.6286646216221436, 2.3789929837954316], "lower": [3.4770204319307005, 2.1906519194037464], "upper": [3.9528741927125526, 3.185871866703158]}, "19": {"Atom 1": "(49,)", "Atom 2": "(54, 55)", "NMR exp": 3.31, "lower bound": 0.0, "upper bound": 7.11, "md": [3.6962932663747576, 2.558666209510905], "lower": [3.504895400973169, 2.257282531728762], "upper": [3.981023686772625, 3.305136094696132]}, "20": {"Atom 1": "(59,)", "Atom 2": "(63, 64)", "NMR exp": 2.49, "lower bound": 0.0, "upper bound": 3.98, "md": [2.7951107397993775, 3.3275757526562035], "lower": [2.459977073887469, 2.796262107806421], "upper": [3.651971993931617, 3.6649861808734085]}, "21": {"Atom 1": "(61,)", "Atom 2": "(63, 64)", "NMR exp": 2.08, "lower bound": 0.0, "upper bound": 3.47, "md": [2.5544398394624563, 2.0233569496115766], "lower": [2.38356272241621, 1.9811728383239582], "upper": [2.959151825701772, 2.5352794916398684]}}}