{"22": {"0": {"Atom 1": "(3,)", "Atom 2": "(26,)", "NMR exp": 3.19, "lower bound": 0.0, "upper bound": 3.5100000000000002, "md": [1.8520386928225974], "lower": [1.7595801294303164], "upper": [4.470095580532692]}, "1": {"Atom 1": "(3,)", "Atom 2": "(13, 14)", "NMR exp": 1.83, "lower bound": 0.0, "upper bound": 3.16, "md": [3.203174248521773, 3.8151744648305668], "lower": [2.6318569612883813, 2.3765555918837435], "upper": [4.582996290620898, 4.4340761188983935]}, "2": {"Atom 1": "(22,)", "Atom 2": "(26,)", "NMR exp": 2.93, "lower bound": 0.0, "upper bound": 3.22, "md": [2.4483583391594674], "lower": [2.1942952118056835], "upper": [3.5231702842028487]}, "3": {"Atom 1": "(19, 20)", "Atom 2": "(26,)", "NMR exp": 2.73, "lower bound": 0.0, "upper bound": 4.2700000000000005, "md": [2.7893146546221526, 3.001493369711495], "lower": [2.474844307951883, 2.747478364914935], "upper": [3.683138323717019, 4.286721112928875]}, "4": {"Atom 1": "(16, 17)", "Atom 2": "(26,)", "NMR exp": 2.71, "lower bound": 0.0, "upper bound": 4.24, "md": [2.887964211772076, 4.409361856775982], "lower": [2.4300543336551836, 4.0218712034397], "upper": [4.779339693413889, 5.4224713564929266]}, "5": {"Atom 1": "(13, 14)", "Atom 2": "(26,)", "NMR exp": 2.63, "lower bound": 0.0, "upper bound": 4.14, "md": [2.959497804193637, 4.555901749626819], "lower": [2.449771137607397, 3.933749385782806], "upper": [5.156857782120813, 5.9118044367596525]}, "6": {"Atom 1": "(47,)", "Atom 2": "(59,)", "NMR exp": 2.57, "lower bound": 0.0, "upper bound": 2.83, "md": [2.9829950460122627], "lower": [2.1890457553000973], "upper": [3.566855072123867]}, "7": {"Atom 1": "(49,)", "Atom 2": "(59,)", "NMR exp": 3.39, "lower bound": 0.0, "upper bound": 3.73, "md": [1.9064756928478954], "lower": [1.813875917231981], "upper": [4.054428134680725]}, "8": {"Atom 1": "(61,)", "Atom 2": "(1,)", "NMR exp": 2.17, "lower bound": 0.0, "upper bound": 2.39, "md": [2.958344310852407], "lower": [2.2872351386151895], "upper": [3.550172135043135]}, "9": {"Atom 1": "(1,)", "Atom 2": "(3,)", "NMR exp": 2.6, "lower bound": 0.0, "upper bound": 2.86, "md": [2.178738163271034], "lower": [2.0993921652136938], "upper": [2.869054219432603]}, "10": {"Atom 1": "(1,)", "Atom 2": "(5, 6)", "NMR exp": 2.37, "lower bound": 0.0, "upper bound": 3.83, "md": [2.6100178765851587, 3.154838008351708], "lower": [2.353266910710552, 2.6860585633744076], "upper": [3.378022560140203, 3.7452559360522977]}, "11": {"Atom 1": "(16, 17)", "Atom 2": "(13, 14)", "NMR exp": 1.73, "lower bound": 0.0, "upper bound": 4.19, "md": [2.302190061851255, 2.8950474269540343, 2.780529867098117, 2.3051038182758052], "lower": [2.19027500624521, 2.728310815210475, 2.6752687122677794, 2.1918790303982187], "upper": [2.42298969040882, 3.0052844749048577, 2.95670470145638, 2.422739426247819]}, "12": {"Atom 1": "(26,)", "Atom 2": "(28,)", "NMR exp": 2.31, "lower bound": 0.0, "upper bound": 2.54, "md": [2.355550737109385], "lower": [2.1782945713159787], "upper": [2.8913509386980736]}, "13": {"Atom 1": "(28,)", "Atom 2": "(35, 36, 37, 39, 40, 41)", "NMR exp": 3.23, "lower bound": 0.0, "upper bound": 6.99, "md": [1.8228414173489427, 5.65795046597352, 5.650464846681895, 1.9922452910136423, 2.7789128475311466, 2.735358794897382], "lower": [1.7874052159175775, 3.715290021761823, 3.7138358066244512, 1.934995400877552, 2.3377655622845466, 2.320276055056731], "upper": [4.09367877312661, 5.712242962352853, 5.695510491546766, 4.128417381303758, 4.352182084956452, 4.34551459763573]}, "14": {"Atom 1": "(45,)", "Atom 2": "(50,)", "NMR exp": 2.75, "lower bound": 0.0, "upper bound": 3.02, "md": [2.7468145549545318], "lower": [2.4351543101842976], "upper": [3.4255258034411162]}, "15": {"Atom 1": "(45,)", "Atom 2": "(49,)", "NMR exp": 3.02, "lower bound": 0.0, "upper bound": 3.3200000000000003, "md": [2.440820155776535], "lower": [2.2546137871766687], "upper": [3.131485516247016]}, "16": {"Atom 1": "(47,)", "Atom 2": "(50,)", "NMR exp": 2.2600000000000002, "lower bound": 0.0, "upper bound": 2.49, "md": [2.52400683922069], "lower": [2.36401648234975], "upper": [2.996397466531305]}, "17": {"Atom 1": "(47,)", "Atom 2": "(49,)", "NMR exp": 2.11, "lower bound": 0.0, "upper bound": 2.32, "md": [2.659925776290378], "lower": [2.4214169202624625], "upper": [2.989729810961559]}, "18": {"Atom 1": "(50,)", "Atom 2": "(54, 55)", "NMR exp": 2.6, "lower bound": 0.0, "upper bound": 6.0600000000000005, "md": [3.1903464251633475, 2.559682889281003], "lower": [2.3787550588270503, 2.2612418056741213], "upper": [3.761626297097135, 3.5229956287538284]}, "19": {"Atom 1": "(49,)", "Atom 2": "(54, 55)", "NMR exp": 3.31, "lower bound": 0.0, "upper bound": 7.11, "md": [3.0345210037659824, 2.5930959397722217], "lower": [2.394641156384165, 2.284346677032676], "upper": [3.754320405638201, 3.4874041766334707]}, "20": {"Atom 1": "(59,)", "Atom 2": "(63, 64)", "NMR exp": 2.49, "lower bound": 0.0, "upper bound": 3.98, "md": [2.538646674933448, 3.068944622042267], "lower": [2.319420450870723, 2.5818931811053982], "upper": [3.3897280041260256, 3.681917466718136]}, "21": {"Atom 1": "(61,)", "Atom 2": "(63, 64)", "NMR exp": 2.08, "lower bound": 0.0, "upper bound": 3.47, "md": [1.9414058080167926, 2.425053613488858], "lower": [1.9104614211160484, 2.2862234319497], "upper": [2.5937375005565433, 2.9600494691165475]}}}