{"single": {"stat": {"0": "MAE", "1": "MSE", "2": "RMSD", "3": "pearsonr", "4": "kendalltau", "5": "chisq", "6": "percentage_fulfilled"}, "value": {"0": 0.45790273156989253, "1": -0.01593652775492688, "2": 0.6259201759042243, "3": -0.15180593281626972, "4": -0.04338405000941329, "5": 3.3916630699627595, "6": 0.7727272727272727}, "up": {"0": 0.6484079180684889, "1": 0.23979870208116566, "2": 0.8279123077964462, "3": 0.4427272784834795, "4": 0.34609465731362093, "5": 5.940753437176395, "6": 0.0}, "low": {"0": 0.28952310967885797, "1": 0.0, "2": 0.3932102708440667, "3": 0.0, "4": 0.0, "5": 1.3286580651068647, "6": 0.0}, "most-populated-1": {"0": 0.5813364848223599, "1": 0.43644261316819616, "2": 0.805451088801933, "3": NaN, "4": NaN, "5": NaN, "6": 0.5909090909090909}}}