{"22": {"0": {"Atom 1": "(3,)", "Atom 2": "(26,)", "NMR exp": 3.19, "lower bound": 0.0, "upper bound": 3.5100000000000002, "md": [3.097536525117822], "lower": [2.7540950993857534], "upper": [3.948302886552026]}, "1": {"Atom 1": "(3,)", "Atom 2": "(13, 14)", "NMR exp": 1.83, "lower bound": 0.0, "upper bound": 3.16, "md": [4.557011154931694, 4.484295703812704], "lower": [4.422186868261756, 4.232355003606734], "upper": [4.703975768916859, 4.624158646840068]}, "2": {"Atom 1": "(22,)", "Atom 2": "(26,)", "NMR exp": 2.93, "lower bound": 0.0, "upper bound": 3.22, "md": [3.480813477124186], "lower": [3.359558275486778], "upper": [3.6145957940293485]}, "3": {"Atom 1": "(19, 20)", "Atom 2": "(26,)", "NMR exp": 2.73, "lower bound": 0.0, "upper bound": 4.2700000000000005, "md": [3.3138197449627325, 4.332239758697236], "lower": [2.8798250623571082, 4.087640422171913], "upper": [3.7664213338509525, 4.529410446798536]}, "4": {"Atom 1": "(16, 17)", "Atom 2": "(26,)", "NMR exp": 2.71, "lower bound": 0.0, "upper bound": 4.24, "md": [2.913163878955812, 4.409937138134904], "lower": [2.482882217276887, 4.054775163254352], "upper": [3.928747259672928, 4.770329713501769]}, "5": {"Atom 1": "(13, 14)", "Atom 2": "(26,)", "NMR exp": 2.63, "lower bound": 0.0, "upper bound": 4.14, "md": [2.734922925311364, 4.013120289453305], "lower": [2.382938669205837, 3.7724874444752827], "upper": [3.125486132431331, 4.247096246362226]}, "6": {"Atom 1": "(47,)", "Atom 2": "(59,)", "NMR exp": 2.57, "lower bound": 0.0, "upper bound": 2.83, "md": [3.582757284234482], "lower": [3.4744017658011304], "upper": [3.685600204967264]}, "7": {"Atom 1": "(49,)", "Atom 2": "(59,)", "NMR exp": 3.39, "lower bound": 0.0, "upper bound": 3.73, "md": [3.4927297861744684], "lower": [2.6461613033887987], "upper": [4.923582486678028]}, "8": {"Atom 1": "(61,)", "Atom 2": "(1,)", "NMR exp": 2.17, "lower bound": 0.0, "upper bound": 2.39, "md": [2.945405082695771], "lower": [2.2432955251456237], "upper": [3.5421168481993193]}, "9": {"Atom 1": "(1,)", "Atom 2": "(3,)", "NMR exp": 2.6, "lower bound": 0.0, "upper bound": 2.86, "md": [2.7972851418754847], "lower": [2.5866863598470022], "upper": [2.9614271306561846]}, "10": {"Atom 1": "(1,)", "Atom 2": "(5, 6)", "NMR exp": 2.37, "lower bound": 0.0, "upper bound": 3.83, "md": [2.9617348706175175, 2.816100579741603], "lower": [2.555200925966465, 2.5712581503670173], "upper": [3.452633457840875, 3.5129816440774455]}, "11": {"Atom 1": "(16, 17)", "Atom 2": "(13, 14)", "NMR exp": 1.73, "lower bound": 0.0, "upper bound": 4.19, "md": [2.324382739094565, 2.8413613583382116, 2.7947417019178533, 2.323619767590271], "lower": [2.2106834113577225, 2.69394203814019, 2.685482042194953, 2.210515690592873], "upper": [2.4323215168821193, 2.988879442903711, 2.9627543407871206, 2.4298391944026374]}, "12": {"Atom 1": "(26,)", "Atom 2": "(28,)", "NMR exp": 2.31, "lower bound": 0.0, "upper bound": 2.54, "md": [2.955691559887678], "lower": [2.8352600209869125], "upper": [3.015886060834095]}, "13": {"Atom 1": "(28,)", "Atom 2": "(35, 36, 37, 39, 40, 41)", "NMR exp": 3.23, "lower bound": 0.0, "upper bound": 6.99, "md": [3.1480832813470503, 3.145544294657475, 3.161847477604741, 2.806273053401491, 2.7916983067817087, 2.794972932987021], "lower": [2.467339509533245, 2.4622368450594148, 2.471910178301888, 2.345141793730471, 2.339014829737857, 2.3387501145663356], "upper": [4.443914142829328, 4.4434560372888425, 4.449582697517859, 4.3562168932342225, 4.351582549136532, 4.352240007403262]}, "14": {"Atom 1": "(45,)", "Atom 2": "(50,)", "NMR exp": 2.75, "lower bound": 0.0, "upper bound": 3.02, "md": [2.9678212468417944], "lower": [2.583097426276096], "upper": [3.54999350548079]}, "15": {"Atom 1": "(45,)", "Atom 2": "(49,)", "NMR exp": 3.02, "lower bound": 0.0, "upper bound": 3.3200000000000003, "md": [2.6518382864578105], "lower": [2.405462906604649], "upper": [3.2609630334174993]}, "16": {"Atom 1": "(47,)", "Atom 2": "(50,)", "NMR exp": 2.2600000000000002, "lower bound": 0.0, "upper bound": 2.49, "md": [2.5868272188815506], "lower": [2.40333408098346], "upper": [3.018159962956619]}, "17": {"Atom 1": "(47,)", "Atom 2": "(49,)", "NMR exp": 2.11, "lower bound": 0.0, "upper bound": 2.32, "md": [2.6788080627137183], "lower": [2.4329310570195783], "upper": [3.004740425527361]}, "18": {"Atom 1": "(50,)", "Atom 2": "(54, 55)", "NMR exp": 2.6, "lower bound": 0.0, "upper bound": 6.0600000000000005, "md": [3.6601966251460376, 2.5065241263557327], "lower": [3.489233603442201, 2.2518209940568052], "upper": [3.9848147964041067, 3.3106265365961978]}, "19": {"Atom 1": "(49,)", "Atom 2": "(54, 55)", "NMR exp": 3.31, "lower bound": 0.0, "upper bound": 7.11, "md": [3.7068519456413775, 2.5435345489309715], "lower": [3.512967642496615, 2.272169259717419], "upper": [3.9731431377054585, 3.2523118187455813]}, "20": {"Atom 1": "(59,)", "Atom 2": "(63, 64)", "NMR exp": 2.49, "lower bound": 0.0, "upper bound": 3.98, "md": [2.708807412235165, 2.931638106688614], "lower": [2.4122011657545044, 2.491513878224329], "upper": [3.490121143362778, 3.473820810134997]}, "21": {"Atom 1": "(61,)", "Atom 2": "(63, 64)", "NMR exp": 2.08, "lower bound": 0.0, "upper bound": 3.47, "md": [2.624009489365941, 2.4475201821997676], "lower": [2.3914771896596974, 2.315596701116988], "upper": [2.941170181798964, 2.944447508328379]}}}