{"single": {"stat": {"0": "MAE", "1": "MSE", "2": "RMSD", "3": "pearsonr", "4": "kendalltau", "5": "chisq", "6": "percentage_fulfilled"}, "value": {"0": 0.4813406629701738, "1": 0.4247721552916381, "2": 0.7186554051005662, "3": 0.24714449274501935, "4": 0.39045645008471963, "5": 5.662057765060264, "6": 0.6818181818181818}, "up": {"0": 0.7378630463477375, "1": 0.7000739907799746, "2": 1.094126823646064, "3": 0.8392361790987592, "4": 0.7176061455419173, "5": 13.637331756529427, "6": 0.0}, "low": {"0": 0.3013124226519231, "1": 0.21480184730005406, "2": 0.36737830080400646, "3": 0.0, "4": 0.013631914767275174, "5": 1.2232330634774198, "6": 0.0}, "most-populated-1": {"0": 0.619353030378168, "1": 0.5973323037407614, "2": 0.8895704165685597, "3": NaN, "4": NaN, "5": NaN, "6": 0.5909090909090909}}}