{"single": {"fulfil": {"best": 0.96875, "random": [0.8375, 0.8421875, 0.8734375, 0.8546875, 0.85], "low_energy": [0.828125, 0.84375, 0.84375, 0.859375, 0.8125], "LICUV": [0.96875, 0.9375, 0.921875, 0.921875, 0.921875], "NAMFIS": [0.953125, 0.9375, 0.9375, 0.9375, 0.9375]}, "rmsd": {"best": 0.7290105326171391, "random": [1.2703129898174308, 1.1182311235656943, 0.9298231112731485, 0.9409107861405704, 0.916415153032719], "low_energy": [1.1596682641771798, 1.1623050450921988, 0.8811922821629872, 0.8925380407308685, 0.9547968914591913], "LICUV": [0.74150145819053, 0.7396542927434379, 0.7612466094916678, 0.7649702768328892, 0.8108588439661101], "NAMFIS": [0.7290105326171391, 0.6986894382378901, 0.7132199296492946, 0.7250519338709809, 0.7250519338714032]}, "rmsd_stepwise": {"best": 0.12374368670764585, "random": [0.5589944759366453, 0.5737644839510082, 0.5133954297766989, 0.5496864881178978, 0.5705659344532331], "low_energy": [0.5681659088681755, 0.5790617410950234, 0.5917400189272312, 0.5102082907989638, 0.6307237905771431], "LICUV": [0.12374368670764585, 0.3318979511837938, 0.3874999999999999, 0.4094584838539799, 0.4094584838539799], "NAMFIS": [0.26487025125521363, 0.3572901481989112, 0.3572901481989112, 0.3572901481989112, 0.3572901481989112]}, "mae": {"best": 0.5803311858326196, "random": [0.8804102612659334, 0.8049970077501243, 0.718706656138887, 0.733811528144285, 0.7386893850125513], "low_energy": [0.770437967032194, 0.8071414388512914, 0.7001360957024766, 0.7110888330663842, 0.7656830812810416], "LICUV": [0.5879107676446437, 0.5972802137459907, 0.6052876487098258, 0.6191720318201737, 0.6683827781090934], "NAMFIS": [0.5816077739000319, 0.5501619961116453, 0.5711099138799163, 0.5834302551537809, 0.5834302551535914]}, "bundle-size": [1, 3, 5, 10, 30]}}