{"minimum_sasa": 8.364619970321655, "minimum_psa": 7.250122776031489}