{"single": {"stat": {"0": "MAE", "1": "MSE", "2": "RMSD", "3": "RMSD_step", "4": "pearsonr", "5": "kendalltau", "6": "chisq", "7": "percentage_fulfilled"}, "value": {"0": 0.5854651489577614, "1": 0.2884185900328358, "2": 0.9289237190825659, "3": 0.38737845702299617, "4": 0.43830995257276645, "5": 0.40000121933189753, "6": 8.224292056708812, "7": 0.5517241379310345}, "up": {"0": 0.868526247189927, "1": 0.627429993751439, "2": 1.2882062993448824, "3": 0.5191617081891372, "4": 0.6587641794533381, "5": 0.6185627573954942, "6": 15.65188812640068, "7": 0.0}, "low": {"0": 0.3485165098189174, "1": 0.0, "2": 0.5050942264592558, "3": 0.2273001205938441, "4": 0.1922651214603285, "5": 0.16580582515085904, "6": 2.5281664290741683, "7": 0.0}, "most-populated-1": {"0": 0.7924156241581357, "1": 0.6378284289919095, "2": 1.1976289090956087, "3": 0.38737845702299617, "4": NaN, "5": NaN, "6": NaN, "7": 0.5172413793103449}}}