{"40": {"0": {"Atom 1": "(1,)", "Atom 2": "(25,)", "NMR exp": [2.7600000000000002], "lower bound": 2.49, "upper bound": 3.04, "md": [3.0290791979633624]}, "1": {"Atom 1": "(25,)", "Atom 2": "(32,)", "NMR exp": [3.7800000000000002], "lower bound": 3.4, "upper bound": 4.15, "md": [2.7510267946642544]}, "2": {"Atom 1": "(25,)", "Atom 2": "(45,)", "NMR exp": [3.2], "lower bound": 2.88, "upper bound": 3.52, "md": [6.09942225411915]}, "3": {"Atom 1": "(32,)", "Atom 2": "(45,)", "NMR exp": [2.46], "lower bound": 2.22, "upper bound": 2.71, "md": [4.294418637977799]}, "4": {"Atom 1": "(45,)", "Atom 2": "(66,)", "NMR exp": [3.5700000000000003], "lower bound": 3.21, "upper bound": 3.92, "md": [4.437318878355208]}, "5": {"Atom 1": "(1,)", "Atom 2": "(3,)", "NMR exp": [2.83], "lower bound": 2.54, "upper bound": 3.11, "md": [2.68461432903022]}, "6": {"Atom 1": "(1,)", "Atom 2": "(68,)", "NMR exp": [2.12], "lower bound": 1.9100000000000001, "upper bound": 2.34, "md": [2.2123146272923977]}, "7": {"Atom 1": "(1,)", "Atom 2": "(5, 6)", "NMR exp": [2.35, 3.22], "lower bound": 2.12, "upper bound": 3.5500000000000003, "md": [2.818732981039957, 2.4954552746331746]}, "8": {"Atom 1": "(1,)", "Atom 2": "(72, 73, 74, 76, 77, 78)", "NMR exp": [3.4], "lower bound": 3.06, "upper bound": 5.5, "md": [3.1405162999327167, 3.1089237238708542, 3.118459266911044, 4.054085757074153, 4.061488502165213, 4.074179123520025]}, "9": {"Atom 1": "(3,)", "Atom 2": "(5, 6)", "NMR exp": [2.54, 2.59], "lower bound": 2.29, "upper bound": 2.85, "md": [2.610111713544849, 2.658054084728611]}, "10": {"Atom 1": "(11, 12)", "Atom 2": "(14,)", "NMR exp": [3.04], "lower bound": 2.8000000000000003, "upper bound": 4.11, "md": [2.6632397380352972, 2.6607525559255323]}, "11": {"Atom 1": "(25,)", "Atom 2": "(3,)", "NMR exp": [2.87], "lower bound": 2.58, "upper bound": 3.16, "md": [2.3876922110005885]}, "12": {"Atom 1": "(25,)", "Atom 2": "(27, 28)", "NMR exp": [2.66, 2.71], "lower bound": 2.42, "upper bound": 3.58, "md": [2.636525769849298, 2.494767661359284]}, "13": {"Atom 1": "(32,)", "Atom 2": "(27, 28)", "NMR exp": [2.16, 2.85], "lower bound": 2.25, "upper bound": 3.41, "md": [2.390111869213324, 3.261759057037332]}, "14": {"Atom 1": "(32,)", "Atom 2": "(34,)", "NMR exp": [2.85], "lower bound": 2.57, "upper bound": 3.14, "md": [2.4780873749303844]}, "15": {"Atom 1": "(32,)", "Atom 2": "(36, 37)", "NMR exp": [2.36], "lower bound": 2.12, "upper bound": 3.2600000000000002, "md": [3.0436651668722234, 3.0869588762460785]}, "16": {"Atom 1": "(34,)", "Atom 2": "(36, 37)", "NMR exp": [2.38], "lower bound": 2.15, "upper bound": 3.2800000000000002, "md": [2.8323792985828686, 2.50763453454027]}, "17": {"Atom 1": "(45,)", "Atom 2": "(27, 28)", "NMR exp": [3.31], "lower bound": 2.98, "upper bound": 4.21, "md": [5.808513354285811, 6.8478865488294955]}, "18": {"Atom 1": "(45,)", "Atom 2": "(49, 50)", "NMR exp": [3.3200000000000003], "lower bound": 2.99, "upper bound": 4.22, "md": [3.0471502147043026, 2.6527949005077276]}, "19": {"Atom 1": "(45,)", "Atom 2": "(36, 37)", "NMR exp": [2.85], "lower bound": 2.56, "upper bound": 3.75, "md": [4.574885321225339, 5.1893795411120065]}, "20": {"Atom 1": "(45,)", "Atom 2": "(52, 53)", "NMR exp": [3.09], "lower bound": 2.7800000000000002, "upper bound": 3.99, "md": [2.739143594060562, 2.7527343742292776]}, "21": {"Atom 1": "(45,)", "Atom 2": "(55, 56)", "NMR exp": [3.54], "lower bound": 3.19, "upper bound": 4.44, "md": [4.047310369986846, 4.185273053077914]}, "22": {"Atom 1": "(47,)", "Atom 2": "(49, 50)", "NMR exp": [2.82], "lower bound": 2.54, "upper bound": 3.72, "md": [2.4882919098274727, 2.5824357922528427]}, "23": {"Atom 1": "(66,)", "Atom 2": "(47,)", "NMR exp": [2.19], "lower bound": 1.97, "upper bound": 2.41, "md": [2.5295104509051565]}, "24": {"Atom 1": "(66,)", "Atom 2": "(68,)", "NMR exp": [2.82], "lower bound": 2.5300000000000002, "upper bound": 3.1, "md": [2.3809337310558507]}, "25": {"Atom 1": "(66,)", "Atom 2": "(70,)", "NMR exp": [2.44], "lower bound": 2.19, "upper bound": 2.68, "md": [2.7563078209067027]}, "26": {"Atom 1": "(66,)", "Atom 2": "(49, 50)", "NMR exp": [3.63], "lower bound": 3.27, "upper bound": 4.53, "md": [2.8666264848810994, 3.4195268756397206]}, "27": {"Atom 1": "(68,)", "Atom 2": "(70,)", "NMR exp": [2.96], "lower bound": 2.66, "upper bound": 3.25, "md": [2.8383413902638255]}, "28": {"Atom 1": "(68,)", "Atom 2": "(72, 73, 74, 76, 77, 78)", "NMR exp": [2.75], "lower bound": 2.48, "upper bound": 4.86, "md": [2.8812009822530027, 2.8770097722890338, 2.877258938818334, 2.8706708731680424, 2.865254743542046, 2.87180312976622]}}}