{"single": {"stat": {"0": "MAE", "1": "MSE", "2": "RMSD", "3": "pearsonr", "4": "kendalltau", "5": "chisq", "6": "percentage_fulfilled"}, "value": {"0": 0.5854651489577614, "1": 0.2884185900328358, "2": 0.9289237190825659, "3": 0.43830995257276645, "4": 0.40000121933189753, "5": 8.224292056708812, "6": 0.5517241379310345}, "up": {"0": 0.8737833527065708, "1": 0.6203586576361803, "2": 1.2858394385585725, "3": 0.6620413475143356, "4": 0.6106105433497967, "5": 15.504262747986575, "6": 0.0}, "low": {"0": 0.3521985761113329, "1": 0.0, "2": 0.4976544501181939, "3": 0.1859683930689254, "4": 0.16278703347235715, "5": 2.4837217959177598, "6": 0.0}, "most-populated-1": {"0": 0.7924156241581357, "1": 0.6378284289919095, "2": 1.1976289090956087, "3": NaN, "4": NaN, "5": NaN, "6": 0.5172413793103449}}}