{"single": {"fulfil": {"best": 0.7096774193548387, "random": [0.5548387096774194, 0.703225806451613, 0.6935483870967742, 0.7322580645161291, 0.7741935483870968], "low_energy": [0.5483870967741935, 0.5806451612903226, 0.5806451612903226, 0.6774193548387096, 0.7419354838709677], "LICUV": [0.7096774193548387, 0.8064516129032258, 0.7419354838709677, 0.8064516129032258, 0.8709677419354839], "NAMFIS": [0.6129032258064516, 0.7096774193548387, 0.8709677419354839, 0.9032258064516129, 0.9032258064516129]}, "rmsd": {"best": 0.3828130633367264, "random": [0.7372559823137104, 0.5187541773570243, 0.5101570541671142, 0.46817206992772525, 0.3500579589653262], "low_energy": [0.6505951140196486, 0.6264562073896578, 0.6096193592204658, 0.4329937506612569, 0.37747985723209043], "LICUV": [0.5415766536806267, 0.4657038030727707, 0.4186319589214516, 0.35816557112976166, 0.22846279493167476], "NAMFIS": [0.3828130633367264, 0.356168902633779, 0.24710184684864525, 0.24625437611384104, 0.24625437606155925]}, "rmsd_stepwise": {"best": 0.22306515755744794, "random": [0.4028128656344922, 0.3137858660641288, 0.29698410141518256, 0.2978764441902654, 0.19365674619896092], "low_energy": [0.35378141602206964, 0.3775985237806026, 0.3775985237806026, 0.2992787027763316, 0.20190224399206724], "LICUV": [0.36639921819891247, 0.24037604947517202, 0.29400460825881525, 0.24037604947517202, 0.09474924461355201], "NAMFIS": [0.43213647784452425, 0.3005425202057322, 0.10666498654590792, 0.09675376128389353, 0.09675376128389353]}, "mae": {"best": 0.2841724571104973, "random": [0.5009605350340565, 0.3342723103022612, 0.32407657040703763, 0.28736428961020083, 0.24259758577830454], "low_energy": [0.44654121060525204, 0.4088199011775326, 0.40237681132211683, 0.3078688671827206, 0.27233196035305224], "LICUV": [0.34623970985412583, 0.268988835823038, 0.2475227041418853, 0.22344103500233886, 0.16713367185595837], "NAMFIS": [0.2841724571104973, 0.26414210535446636, 0.19979415496368447, 0.1998693054673245, 0.1998693054397773]}, "bundle-size": [1, 3, 5, 10, 30]}}