{"single": {"fulfil": {"best": 0.38235294117647056, "random": [0.21764705882352944, 0.23235294117647057, 0.22941176470588234, 0.26470588235294124, 0.2647058823529412], "low_energy": [0.17647058823529413, 0.23529411764705882, 0.2647058823529412, 0.23529411764705882, 0.2647058823529412], "LICUV": [0.38235294117647056, 0.35294117647058826, 0.35294117647058826, 0.29411764705882354, 0.29411764705882354], "NAMFIS": [0.17647058823529413, 0.2647058823529412, 0.2647058823529412, 0.20588235294117646, 0.20588235294117646]}, "rmsd": {"best": 2.379678985234623, "random": [3.127683416110199, 2.8683589068408923, 2.6123944569961055, 2.5026351438451746, 2.371508568946765], "low_energy": [3.3889664241611803, 2.6520785145896815, 2.679208663324498, 2.5867534914057404, 2.36071898414838], "LICUV": [2.8853912003971525, 2.665377425819525, 2.4277552061501377, 2.3116422807304327, 2.2364847224753484], "NAMFIS": [2.66280301532013, 1.9759250057651734, 1.9672636144933926, 1.9240456686645309, 1.924045671739691]}, "mae": {"best": 1.7191915007198553, "random": [2.394409176952698, 2.2436239165490175, 2.0816404106980992, 1.9998291936719277, 1.9236675655183142], "low_energy": [2.6292958455927224, 2.000126977385009, 2.004556591008377, 2.0059790678821066, 1.907634667418274], "LICUV": [2.0620292951078962, 1.9584005100876236, 1.8608373489690546, 1.7857983022037212, 1.7493323590748207], "NAMFIS": [2.0945880188661454, 1.6560947873750838, 1.6670857586268664, 1.6335436838230726, 1.633543686354722]}, "bundle-size": [1, 3, 5, 10, 30]}}