{"single": {"fulfil": {"best": 0.6764705882352942, "random": [0.5352941176470588, 0.6411764705882353, 0.7147058823529412, 0.7264705882352942, 0.7235294117647059], "low_energy": [0.5294117647058824, 0.6764705882352942, 0.6470588235294118, 0.6176470588235294, 0.7058823529411765], "LICUV": [0.6764705882352942, 0.7352941176470589, 0.6176470588235294, 0.7058823529411765, 0.7647058823529411], "NAMFIS": [0.6176470588235294, 0.7058823529411765, 0.7647058823529411, 0.8235294117647058, 0.8235294117647058]}, "rmsd": {"best": 0.5004228393278355, "random": [0.6408439963438493, 0.4672144185670496, 0.4139198324674093, 0.37862765775130347, 0.3795525445371851], "low_energy": [0.5921014821560706, 0.48944285110429675, 0.43130830010934895, 0.4226430135036428, 0.39545288304307735], "LICUV": [0.5754907195731589, 0.3863858446406408, 0.457814463230914, 0.4246778230104012, 0.37868022594301237], "NAMFIS": [0.5324178154701235, 0.4033541313484933, 0.3882874752242593, 0.3289464070208314, 0.32894640701610994]}, "mae": {"best": 0.3784449044395894, "random": [0.507650424452389, 0.35234349690932015, 0.3046704768420974, 0.28607290895867343, 0.2808386875331992], "low_energy": [0.4973805820240693, 0.3882150964024033, 0.34621813951360514, 0.3233319497236196, 0.2782674391181517], "LICUV": [0.45037162163678324, 0.28626611288795883, 0.32312118791189137, 0.31095049106132455, 0.26646195581828214], "NAMFIS": [0.3784449044395894, 0.30391083377992406, 0.26362972657921013, 0.2076730287413073, 0.20767302873569685]}, "bundle-size": [1, 3, 5, 10, 30]}}