{"single": {"fulfil": {"best": 0.6764705882352942, "random": [0.5352941176470589, 0.6647058823529413, 0.711764705882353, 0.7147058823529412, 0.6852941176470588], "low_energy": [0.5294117647058824, 0.6764705882352942, 0.6470588235294118, 0.6176470588235294, 0.7058823529411765], "LICUV": [0.6764705882352942, 0.7352941176470589, 0.6176470588235294, 0.7058823529411765, 0.7647058823529411], "NAMFIS": [0.6176470588235294, 0.7058823529411765, 0.7647058823529411, 0.8235294117647058, 0.8235294117647058]}, "rmsd": {"best": 0.5004228393278355, "random": [0.6240383422803498, 0.45766317516517196, 0.40454579724405076, 0.39744895546888453, 0.3825692679952695], "low_energy": [0.5921014821560706, 0.48944285110429675, 0.43130830010934895, 0.4226430135036428, 0.39545288304307735], "LICUV": [0.5754907195731589, 0.3863858446406408, 0.457814463230914, 0.4246778230104012, 0.37868022594301237], "NAMFIS": [0.5324178154701235, 0.40335432814138267, 0.38829310403951145, 0.32895773294617736, 0.3289577329433235]}, "rmsd_stepwise": {"best": 0.16087993330796874, "random": [0.24902819387824565, 0.1776497752063483, 0.15688027528920587, 0.17052460288030286, 0.1907908979610506], "low_energy": [0.25495097567963926, 0.18747548859392096, 0.1892321947487048, 0.23008949665421108, 0.18431111804580347], "LICUV": [0.18290949224395428, 0.15291289331242303, 0.19497360303988057, 0.18845345813317654, 0.18068497121656077], "NAMFIS": [0.20739986953311454, 0.16156404667026195, 0.15411035007422438, 0.1445072764298617, 0.1445072764298617]}, "mae": {"best": 0.3784449044395894, "random": [0.48767703834701964, 0.33817506853345974, 0.3074462675032271, 0.28812146035109537, 0.2793414500518969], "low_energy": [0.4973805820240693, 0.3882150964024033, 0.34621813951360514, 0.3233319497236196, 0.2782674391181517], "LICUV": [0.45037162163678324, 0.28626611288795883, 0.32312118791189137, 0.31095049106132455, 0.26646195581828214], "NAMFIS": [0.3784449044395894, 0.3039084421404734, 0.2636387902451248, 0.20769460895033887, 0.2076946089466803]}, "bundle-size": [1, 3, 5, 10, 30]}}