{"minimum_sasa": 13.417095184326172, "minimum_psa": 11.468221664428711}