{"cis": {"fulfil": {"best": 0.8205128205128205, "random": [0.7128205128205128, 0.7615384615384615, 0.7974358974358974, 0.8153846153846154, 0.8102564102564103], "low_energy": [0.6923076923076923, 0.7692307692307693, 0.7692307692307693, 0.7692307692307693, 0.8461538461538461], "LICUV": [0.8205128205128205, 0.8974358974358975, 0.8717948717948718, 0.8717948717948718, 0.8461538461538461], "NAMFIS": [0.7608695652173914, 0.8260869565217391, 0.8260869565217391, 0.8695652173913043, 0.8695652173913043]}, "rmsd": {"best": 0.5429296371390381, "random": [0.9005898678545673, 0.747738002557736, 0.6322491087213284, 0.5934278065672114, 0.5442168416341722], "low_energy": [0.7539555978752946, 0.6021337327530256, 0.5533916963011295, 0.5742200797680249, 0.4136327159053157], "LICUV": [0.6698979521540518, 0.6002098771787039, 0.6448616380257525, 0.6699234811793779, 0.40782051933989133], "NAMFIS": [1.0836824737823698, 1.1205795305929593, 1.0059011765844847, 1.0040947015497548, 1.0040947014704824]}, "rmsd_stepwise": {"best": 0.12938711543668344, "random": [0.26130832975480717, 0.2679200614340676, 0.2430928213937224, 0.2571962346695599, 0.2391738653303118], "low_energy": [0.2930563960777026, 0.2798717655073572, 0.27843887143896623, 0.2797480551477961, 0.09176335227373085], "LICUV": [0.2805671910932366, 0.26518498623239767, 0.267111807954493, 0.267111807954493, 0.09176335227373085], "NAMFIS": [0.16280823609120773, 0.13915896446619727, 0.13915896446619727, 0.12478677466155932, 0.12478677466155932]}, "mae": {"best": 0.4018876353288306, "random": [0.5737134578655927, 0.43654508647349904, 0.38581023382206203, 0.3579465421724361, 0.35920511518522297], "low_energy": [0.5643469248062524, 0.43381169137705344, 0.35294342704315623, 0.35209936977448747, 0.3205827573473633], "LICUV": [0.4034730625152586, 0.3558042182541405, 0.39860178063517077, 0.3996252931450574, 0.31802024657187916], "NAMFIS": [0.6571526185325953, 0.6187660442104486, 0.5703117103581417, 0.5618684419985951, 0.5618684419764023]}, "bundle-size": [1, 3, 5, 10, 30]}, "trans": {"fulfil": {"best": 0.9347826086956522, "random": [0.8043478260869567, 0.8717391304347826, 0.9, 0.9130434782608695, 0.9152173913043479], "low_energy": [0.7608695652173914, 0.8043478260869565, 0.8913043478260869, 0.9130434782608695, 0.9347826086956522], "LICUV": [0.9347826086956522, 1.0, 0.9782608695652174, 1.0, 0.9782608695652174], "NAMFIS": [0.717948717948718, 0.6923076923076923, 0.7692307692307693, 0.8205128205128205, 0.8205128205128205]}, "rmsd": {"best": 0.36217537680446993, "random": [1.0046222930172817, 0.6931993437050962, 0.61662085059456, 0.563883190489061, 0.5587313347315858], "low_energy": [0.46925481113405926, 0.48647358760683745, 0.47885703465972257, 0.4898917760921622, 0.5098650904916538], "LICUV": [0.5708344209579514, 0.47800827255437706, 0.4506347769933971, 0.44406148979836957, 0.4836155966848279], "NAMFIS": [0.9605393012600982, 1.0338401040616612, 0.46411761036948224, 0.3744194160954238, 0.3750178643889283]}, "rmsd_stepwise": {"best": 0.08445477307797453, "random": [0.16396615728912717, 0.12263518796737158, 0.10791721884768146, 0.09854222880379584, 0.09760992083898952], "low_energy": [0.17537537381037976, 0.15951011961900594, 0.11873426669229285, 0.09548503183404101, 0.08868606086248473], "LICUV": [0.08445477307797453, 0.0, 0.05455352377731189, 0.0, 0.05455352377731189], "NAMFIS": [0.2915080154591347, 0.2903534539231938, 0.12260003764587203, 0.10753651735156093, 0.10753651735156093]}, "mae": {"best": 0.26918085367783245, "random": [0.5687002180348271, 0.44405897160359, 0.40955902501392966, 0.3947661525582612, 0.39808389419602863], "low_energy": [0.34124459038610033, 0.352410343297097, 0.3403659863917278, 0.35019450253589274, 0.3535475296919888], "LICUV": [0.37468785804250954, 0.31096962639694264, 0.30693476538169395, 0.3118410758119861, 0.3517630472332941], "NAMFIS": [0.504123420959864, 0.4966942573900562, 0.3078737293527057, 0.2679958992486608, 0.2687646826580797]}, "bundle-size": [1, 3, 5, 10, 30]}}