{"single": {"stat": {"0": "MAE", "1": "MSE", "2": "RMSD", "3": "RMSD_step", "4": "pearsonr", "5": "kendalltau", "6": "chisq", "7": "percentage_fulfilled"}, "value": {"0": 0.6176054393740255, "1": 0.5007158140863912, "2": 0.8128999246625285, "3": 0.3225537305487399, "4": 0.2913850042663687, "5": 0.18221301003953583, "6": 6.616564513454042, "7": 0.5909090909090909}, "up": {"0": 0.8577489147668315, "1": 0.7842326278244854, "2": 1.1073684407528719, "3": 0.5201966411411607, "4": 0.683218255357181, "5": 0.5089326298701299, "6": 13.269666734201707, "7": 0.0}, "low": {"0": 0.41886830271886955, "1": 0.24217258099352995, "2": 0.5162905341021516, "3": 0.12037488612729916, "4": 0.0, "5": 0.0, "6": 2.3992080025941087, "7": 0.0}}}