{"single": {"stat": {"0": "MAE", "1": "MSE", "2": "RMSD", "3": "RMSD_step", "4": "pearsonr", "5": "kendalltau", "6": "chisq", "7": "percentage_fulfilled"}, "value": {"0": 0.6176054393740255, "1": 0.5007158140863912, "2": 0.8128999246625285, "3": 0.3225537305487399, "4": 0.2913850042663687, "5": 0.18221301003953583, "6": 6.616564513454042, "7": 0.5909090909090909}, "up": {"0": 0.8512778303366534, "1": 0.7867281075371049, "2": 1.1116626997031065, "3": 0.5201833149443593, "4": 0.675736187418344, "5": 0.506793938444113, "6": 13.41598416756459, "7": 0.0}, "low": {"0": 0.4185348406376786, "1": 0.2468072088799347, "2": 0.5181801947560076, "3": 0.1184367878966359, "4": 0.0, "5": 0.0, "6": 2.402325361952155, "7": 0.0}}}