{"cis": {"fulfil": {"best": 0.5769230769230769, "random": [0.34615384615384615, 0.38846153846153847, 0.4115384615384615, 0.4269230769230769, 0.4461538461538462], "low_energy": [0.34615384615384615, 0.3076923076923077, 0.38461538461538464, 0.46153846153846156, 0.46153846153846156], "LICUV": [0.5769230769230769, 0.5384615384615384, 0.5, 0.5384615384615384, 0.5], "NAMFIS": [0.2857142857142857, 0.42857142857142855, 0.42857142857142855, 0.42857142857142855, 0.42857142857142855]}, "rmsd": {"best": 0.2290276511752666, "random": [1.206255617590599, 0.7459065972761763, 0.8328060645610635, 0.48002133428937926, 0.39412255578004174], "low_energy": [1.454145814051164, 0.9762832903265507, 1.0518892005865281, 0.3415448657286269, 0.3301565862249203], "LICUV": [0.2290276511752666, 0.35813548305420934, 0.35790839351155607, 0.361677648497919, 0.31261729435515323], "NAMFIS": [0.9975485145403212, 0.34524008632073416, 0.36274322655593744, 0.3627432265528105, 0.36274322654749275]}, "rmsd_stepwise": {"best": 0.036977123905297025, "random": [0.20283355676187123, 0.1490641262226631, 0.16560117611004932, 0.14751659933987799, 0.13170184052311112], "low_energy": [0.21701648289047965, 0.18985064980338948, 0.16468209467848136, 0.10135144490640172, 0.10135144490640172], "LICUV": [0.036977123905297025, 0.03315174899667374, 0.037557647997137934, 0.1373863166403408, 0.037557647997137934], "NAMFIS": [0.20181615868101818, 0.053851648071345015, 0.05789974915645965, 0.05789974915645965, 0.05789974915645965]}, "mae": {"best": 0.18016902483426614, "random": [0.636814186151211, 0.4300471173504393, 0.4216421978337654, 0.3061232124815259, 0.27974421088238316], "low_energy": [0.6903028279084424, 0.4741274038118515, 0.489622224298189, 0.24970243905163103, 0.24419177382579213], "LICUV": [0.18016902483426614, 0.24326973784994793, 0.238671689389653, 0.24153711064555117, 0.22776730009263885], "NAMFIS": [0.603783806846255, 0.2494703378332598, 0.2559963403098867, 0.2559963403068079, 0.25599634030228136]}, "bundle-size": [1, 3, 5, 10, 30]}, "trans": {"fulfil": {"best": 0.5238095238095238, "random": [0.319047619047619, 0.43809523809523804, 0.47142857142857136, 0.5, 0.5380952380952382], "low_energy": [0.2857142857142857, 0.47619047619047616, 0.42857142857142855, 0.5238095238095238, 0.5238095238095238], "LICUV": [0.5238095238095238, 0.42857142857142855, 0.38095238095238093, 0.42857142857142855, 0.5238095238095238], "NAMFIS": [0.2857142857142857, 0.47619047619047616, 0.5238095238095238, 0.47619047619047616, 0.47619047619047616]}, "rmsd": {"best": 0.3425285853275794, "random": [0.7646987208720072, 0.5030524907171808, 0.43717191309146075, 0.4172575776772085, 0.3710599838139549], "low_energy": [0.8389683235931044, 0.5364737378582382, 0.40870023828823754, 0.38453645335252623, 0.3955187557579866], "LICUV": [0.4639326863948488, 0.45450302478618265, 0.37348556746556655, 0.39839569984043377, 0.39351274439199574], "NAMFIS": [0.9660022316632769, 0.685965532001436, 0.6968221480987529, 0.5976770427218235, 0.5976770427212287]}, "rmsd_stepwise": {"best": 0.048316910181879495, "random": [0.15722891955860546, 0.10487539199725415, 0.08310851680627748, 0.0669751218966848, 0.048112174946607106], "low_energy": [0.17497278699979663, 0.05598681817645842, 0.05741453275459594, 0.05154748157905347, 0.05047394424471942], "LICUV": [0.048316910181879495, 0.11253041916786433, 0.06032649264034598, 0.0543467701760779, 0.04241237465421528], "NAMFIS": [0.17497278699979663, 0.10944122144960264, 0.10701579767670268, 0.1691012658002243, 0.1691012658002243]}, "mae": {"best": 0.27003272556123264, "random": [0.5147162243298119, 0.3444576228248491, 0.30915132564699677, 0.2867214015556291, 0.2603662102464976], "low_energy": [0.6091226539157685, 0.3366648115926997, 0.26347804446230233, 0.24484627258025823, 0.262849719655278], "LICUV": [0.3072932424999419, 0.31381686575231493, 0.2739692402214164, 0.2817536044209957, 0.26421787589763596], "NAMFIS": [0.6526703680129277, 0.4119694271910778, 0.41850651801226074, 0.38576972609161314, 0.3857697260913208]}, "bundle-size": [1, 3, 5, 10, 30]}}