{"trans": {"stat": {"0": "MAE", "1": "MSE", "2": "RMSD", "3": "RMSD_step", "4": "pearsonr", "5": "kendalltau", "6": "chisq", "7": "percentage_fulfilled"}, "value": {"0": 0.26843447879974436, "1": 0.009907299234557928, "2": 0.3554213778002022, "3": 0.1626729848499744, "4": 0.7304509280862069, "5": 0.5797101449275361, "6": 0.9447102262813284, "7": 0.4166666666666667}, "up": {"0": 0.364481164467997, "1": 0.15500743949574727, "2": 0.4607668352567055, "3": 0.25761354696472527, "4": 0.8694580854638013, "5": 0.7734375, "6": 1.532454673888734, "7": 0.0}, "low": {"0": 0.1813417439540582, "1": 0.0, "2": 0.23960974262136217, "3": 0.03989569734528608, "4": 0.5746169410119856, "5": 0.33846007604562744, "6": 0.45077807047173585, "7": 0.0}}}