{"minimum_sasa": 7.934304175376873, "minimum_psa": 6.013942704200747}