{"49a": {"0": {"Atom 1": "(1,)", "Atom 2": "(3,)", "NMR exp": 0.0, "lower bound": 2.7600000000000002, "upper bound": 2.7800000000000002, "md": [3.1142653435493868], "lower": [2.824812403031578], "upper": [3.136524442068147]}, "1": {"Atom 1": "(1,)", "Atom 2": "(5, 6)", "NMR exp": 0.0, "lower bound": 3.1, "upper bound": 4.0600000000000005, "md": [2.779503312012858, 4.124796943664108], "lower": [2.406237346815182, 2.532165308559999], "upper": [3.588822992679271, 4.168341917950909]}, "2": {"Atom 1": "(1,)", "Atom 2": "(74,)", "NMR exp": 0.0, "lower bound": 3.6, "upper bound": 3.8000000000000003, "md": [5.443115198050269], "lower": [4.504399208538619], "upper": [5.617604970455395]}, "3": {"Atom 1": "(1,)", "Atom 2": "(80, 81)", "NMR exp": 0.0, "lower bound": 3.1, "upper bound": 4.2, "md": [2.5256035588081454, 3.766721188575936], "lower": [2.315025100515921, 3.0711881170236617], "upper": [3.463698449850028, 3.8062692557356894]}, "4": {"Atom 1": "(3,)", "Atom 2": "(5, 6)", "NMR exp": 0.0, "lower bound": 2.4, "upper bound": 3.34, "md": [3.2241545102106435, 2.0235649796473876], "lower": [2.427478287471454, 1.9851112099847052], "upper": [3.24301660783528, 2.5460634657857657]}, "5": {"Atom 1": "(3,)", "Atom 2": "(8, 9)", "NMR exp": 0.0, "lower bound": 2.85, "upper bound": 3.84, "md": [2.2562295873772475, 2.7325952943442253], "lower": [2.1702791775694332, 2.482621842353182], "upper": [3.724678986680721, 3.7592160749607864]}, "6": {"Atom 1": "(25,)", "Atom 2": "(27, 28)", "NMR exp": 0.0, "lower bound": 2.44, "upper bound": 2.7, "md": [2.554500914172866, 2.5503887156542757], "lower": [2.363147954917796, 2.356387092886914], "upper": [2.705252762539238, 2.9758990306781943]}, "7": {"Atom 1": "(32,)", "Atom 2": "(34,)", "NMR exp": 0.0, "lower bound": 2.72, "upper bound": 2.84, "md": [2.6188912935387734], "lower": [2.560181912173607], "upper": [2.950498308116031]}, "8": {"Atom 1": "(32,)", "Atom 2": "(36, 37)", "NMR exp": 0.0, "lower bound": 2.52, "upper bound": 3.42, "md": [4.057711909672384, 2.096235991288418], "lower": [3.664370479463714, 2.0245796479976623], "upper": [4.125896762176613, 3.033923355970531]}, "9": {"Atom 1": "(32,)", "Atom 2": "(44,)", "NMR exp": 0.0, "lower bound": 2.4, "upper bound": 2.57, "md": [2.011815665093421], "lower": [1.910025649051966], "upper": [2.862332087308121]}, "10": {"Atom 1": "(34,)", "Atom 2": "(36, 37)", "NMR exp": 0.0, "lower bound": 2.49, "upper bound": 3.39, "md": [2.789067322827535, 2.699779318735179], "lower": [2.4392052999358538, 2.355835177812492], "upper": [2.8515181779667724, 2.744423264511177]}, "11": {"Atom 1": "(44,)", "Atom 2": "(34,)", "NMR exp": 0.0, "lower bound": 3.0, "upper bound": 3.14, "md": [2.547157971502548], "lower": [2.3749095801466273], "upper": [3.5490092636695625]}, "12": {"Atom 1": "(44,)", "Atom 2": "(46,)", "NMR exp": 0.0, "lower bound": 2.64, "upper bound": 2.66, "md": [2.6508159680683474], "lower": [2.5902261405461027], "upper": [2.9050628729572336]}, "13": {"Atom 1": "(44,)", "Atom 2": "(48, 49)", "NMR exp": 0.0, "lower bound": 2.45, "upper bound": 2.62, "md": [2.2156121179445374, 1.9730132076045317], "lower": [2.083623318768153, 1.9079028848093067], "upper": [3.424033593876459, 3.148351718516796]}, "14": {"Atom 1": "(44,)", "Atom 2": "(48, 49)", "NMR exp": 0.0, "lower bound": 3.08, "upper bound": 3.36, "md": [2.2156121179445374, 1.9730132076045317], "lower": [2.083623318768153, 1.9079028848093067], "upper": [3.424033593876459, 3.148351718516796]}, "15": {"Atom 1": "(46,)", "Atom 2": "(65, 66)", "NMR exp": 0.0, "lower bound": 2.13, "upper bound": 4.3, "md": [4.096365705330497, 3.914580673581856], "lower": [3.915208841584194, 3.8262320337759372], "upper": [4.320993233185963, 4.3020376744873925]}, "16": {"Atom 1": "(46,)", "Atom 2": "(48, 49)", "NMR exp": 0.0, "lower bound": 2.67, "upper bound": 2.97, "md": [2.50275987993334, 2.5183722237035977], "lower": [2.324088512563952, 2.3445093550256475], "upper": [2.784926626322902, 3.0094743317946624]}, "17": {"Atom 1": "(46,)", "Atom 2": "(48, 49)", "NMR exp": 0.0, "lower bound": 2.52, "upper bound": 2.58, "md": [2.50275987993334, 2.5183722237035977], "lower": [2.324088512563952, 2.3445093550256475], "upper": [2.784926626322902, 3.0094743317946624]}, "18": {"Atom 1": "(74,)", "Atom 2": "(71, 72)", "NMR exp": 0.0, "lower bound": 2.83, "upper bound": 3.0300000000000002, "md": [2.7694353495374706, 2.079434638321077], "lower": [2.661690421795977, 2.0231534971876015], "upper": [2.9594138181543514, 2.333717117714798]}, "19": {"Atom 1": "(74,)", "Atom 2": "(71, 72)", "NMR exp": 0.0, "lower bound": 2.32, "upper bound": 2.38, "md": [2.7694353495374706, 2.079434638321077], "lower": [2.661690421795977, 2.0231534971876015], "upper": [2.9594138181543514, 2.333717117714798]}, "20": {"Atom 1": "(78,)", "Atom 2": "(1,)", "NMR exp": 0.0, "lower bound": 2.64, "upper bound": 2.71, "md": [1.9596594142201165], "lower": [1.8497421835429966], "upper": [3.0532402701185397]}, "21": {"Atom 1": "(78,)", "Atom 2": "(74,)", "NMR exp": 0.0, "lower bound": 2.06, "upper bound": 2.15, "md": [3.479995213127387], "lower": [2.4434889614157673], "upper": [3.602012063650913]}, "22": {"Atom 1": "(78,)", "Atom 2": "(71, 72)", "NMR exp": 0.0, "lower bound": 3.14, "upper bound": 4.38, "md": [1.734488050666417, 4.431139253038613], "lower": [1.671086587435218, 3.1661059119406607], "upper": [2.95392163890845, 4.628471760280544]}, "23": {"Atom 1": "(78,)", "Atom 2": "(80, 81)", "NMR exp": 0.0, "lower bound": 2.13, "upper bound": 3.36, "md": [2.124755607082546, 3.142983356018636], "lower": [2.057505970251135, 2.3114028407847647], "upper": [2.7439287248501945, 3.160593082137874]}}}