{"trans": {"stat": {"0": "MAE", "1": "MSE", "2": "RMSD", "3": "RMSD_step", "4": "pearsonr", "5": "kendalltau", "6": "chisq", "7": "percentage_fulfilled"}, "value": {"0": 0.4942002129059359, "1": 0.02643042441782927, "2": 0.6480707161359607, "3": 0.21913893994450193, "4": 0.6630023255384725, "5": 0.41454819536903004, "6": 3.405139208999086, "7": 0.2916666666666667}, "up": {"0": 0.6718855198316186, "1": 0.30106408078180025, "2": 0.8511598192777934, "3": 0.30398130763828995, "4": 0.8814366835498548, "5": 0.68732749863767, "6": 5.827432556978166, "7": 0.0}, "low": {"0": 0.3347318060383737, "1": 0.0, "2": 0.4280273488108911, "3": 0.11283607176717818, "4": 0.2308391545526129, "5": 0.07984790874524714, "6": 1.4987603263982134, "7": 0.0}}}