{"trans": {"stat": {"0": "MAE", "1": "MSE", "2": "RMSD", "3": "RMSD_step", "4": "pearsonr", "5": "kendalltau", "6": "chisq", "7": "percentage_fulfilled"}, "value": {"0": 0.4942002129059359, "1": 0.02643042441782927, "2": 0.6480707161359607, "3": 0.21913893994450193, "4": 0.6630023255384725, "5": 0.41454819536903004, "6": 3.405139208999086, "7": 0.2916666666666667}, "up": {"0": 0.6682730524677563, "1": 0.2971119004483479, "2": 0.8511794789064554, "3": 0.3041266954131443, "4": 0.8836883150665666, "5": 0.6917365955138275, "6": 5.835771191160913, "7": 0.0}, "low": {"0": 0.34092713127220203, "1": 0.0, "2": 0.4350212334943431, "3": 0.11257404970359149, "4": 0.2342777005897843, "5": 0.07858086076020403, "6": 1.489723587293628, "7": 0.0}}}