{"49a": {"0": {"Atom 1": "(1,)", "Atom 2": "(3,)", "NMR exp": 0.0, "lower bound": 2.7600000000000002, "upper bound": 2.7800000000000002, "md": [2.8265320168612758], "lower": [2.7247761465289306], "upper": [2.9329201226135644]}, "1": {"Atom 1": "(1,)", "Atom 2": "(5, 6)", "NMR exp": 0.0, "lower bound": 3.1, "upper bound": 4.0600000000000005, "md": [3.1284869345481847, 2.42979147965726], "lower": [2.485760282252823, 2.2510627997164216], "upper": [3.60524386907193, 2.970195877405599]}, "2": {"Atom 1": "(1,)", "Atom 2": "(74,)", "NMR exp": 0.0, "lower bound": 3.6, "upper bound": 3.8000000000000003, "md": [4.477368172713614], "lower": [4.253542853813909], "upper": [4.869815568352383]}, "3": {"Atom 1": "(1,)", "Atom 2": "(80, 81)", "NMR exp": 0.0, "lower bound": 3.1, "upper bound": 4.2, "md": [3.388172723256424, 3.033865926315201], "lower": [3.1279891404818465, 2.824674646549599], "upper": [3.5561856251287947, 3.296608144681791]}, "4": {"Atom 1": "(3,)", "Atom 2": "(5, 6)", "NMR exp": 0.0, "lower bound": 2.4, "upper bound": 3.34, "md": [2.3943507903333994, 2.476637963455447], "lower": [2.2816031696191295, 2.3612483910778623], "upper": [2.663881891962836, 2.6920123587852793]}, "5": {"Atom 1": "(3,)", "Atom 2": "(8, 9)", "NMR exp": 0.0, "lower bound": 2.85, "upper bound": 3.84, "md": [3.637580580102369, 3.3036711005138826], "lower": [3.2974520582839757, 2.594558447337271], "upper": [3.812175202656774, 3.7891132125615044]}, "6": {"Atom 1": "(25,)", "Atom 2": "(27, 28)", "NMR exp": 0.0, "lower bound": 2.44, "upper bound": 2.7, "md": [2.4411117123785733, 2.9597737285294903], "lower": [2.3032782098791507, 2.8819058847367702], "upper": [2.6328209290576408, 3.025733830779817]}, "7": {"Atom 1": "(32,)", "Atom 2": "(34,)", "NMR exp": 0.0, "lower bound": 2.72, "upper bound": 2.84, "md": [2.9329807380569797], "lower": [2.860228122647351], "upper": [3.000786771078255]}, "8": {"Atom 1": "(32,)", "Atom 2": "(36, 37)", "NMR exp": 0.0, "lower bound": 2.52, "upper bound": 3.42, "md": [3.6632244191543943, 2.910373818270136], "lower": [3.5550765076504387, 2.6949548931457947], "upper": [3.8165040304813997, 3.21276280326757]}, "9": {"Atom 1": "(32,)", "Atom 2": "(44,)", "NMR exp": 0.0, "lower bound": 2.4, "upper bound": 2.57, "md": [2.368124947789094], "lower": [2.17273093712536], "upper": [3.1548454189238653]}, "10": {"Atom 1": "(34,)", "Atom 2": "(36, 37)", "NMR exp": 0.0, "lower bound": 2.49, "upper bound": 3.39, "md": [2.4360759549316544, 2.347460324305997], "lower": [2.3313713919417953, 2.2419845378310312], "upper": [2.556316303466394, 2.473464067740181]}, "11": {"Atom 1": "(44,)", "Atom 2": "(34,)", "NMR exp": 0.0, "lower bound": 3.0, "upper bound": 3.14, "md": [3.333950007886873], "lower": [2.5580254363283266], "upper": [3.583209959170404]}, "12": {"Atom 1": "(44,)", "Atom 2": "(46,)", "NMR exp": 0.0, "lower bound": 2.64, "upper bound": 2.66, "md": [2.8768300472950505], "lower": [2.7852684328416952], "upper": [2.960656440206881]}, "13": {"Atom 1": "(44,)", "Atom 2": "(48, 49)", "NMR exp": 0.0, "lower bound": 2.45, "upper bound": 2.62, "md": [3.1493702977031033, 2.9702025672330885], "lower": [2.625898173367311, 2.696954206861785], "upper": [3.5465246723402584, 3.359392359153537]}, "14": {"Atom 1": "(44,)", "Atom 2": "(48, 49)", "NMR exp": 0.0, "lower bound": 3.08, "upper bound": 3.36, "md": [3.1493702977031033, 2.9702025672330885], "lower": [2.625898173367311, 2.696954206861785], "upper": [3.5465246723402584, 3.359392359153537]}, "15": {"Atom 1": "(46,)", "Atom 2": "(65, 66)", "NMR exp": 0.0, "lower bound": 2.13, "upper bound": 4.3, "md": [4.0520794750119995, 4.200273326800043], "lower": [3.8934464217533256, 4.019851492430461], "upper": [4.293274905168328, 4.420535820948767]}, "16": {"Atom 1": "(46,)", "Atom 2": "(48, 49)", "NMR exp": 0.0, "lower bound": 2.67, "upper bound": 2.97, "md": [2.4109101359772453, 2.917094185167876], "lower": [2.2766830719867226, 2.5866195632744806], "upper": [2.6924353136550874, 3.0404491621688643]}, "17": {"Atom 1": "(46,)", "Atom 2": "(48, 49)", "NMR exp": 0.0, "lower bound": 2.52, "upper bound": 2.58, "md": [2.4109101359772453, 2.917094185167876], "lower": [2.2766830719867226, 2.5866195632744806], "upper": [2.6924353136550874, 3.0404491621688643]}, "18": {"Atom 1": "(74,)", "Atom 2": "(71, 72)", "NMR exp": 0.0, "lower bound": 2.83, "upper bound": 3.0300000000000002, "md": [2.8208877023509293, 2.2767502477470996], "lower": [2.689965317795347, 2.172297983778471], "upper": [2.9809546503429516, 2.4022043677420273]}, "19": {"Atom 1": "(74,)", "Atom 2": "(71, 72)", "NMR exp": 0.0, "lower bound": 2.32, "upper bound": 2.38, "md": [2.8208877023509293, 2.2767502477470996], "lower": [2.689965317795347, 2.172297983778471], "upper": [2.9809546503429516, 2.4022043677420273]}, "20": {"Atom 1": "(78,)", "Atom 2": "(1,)", "NMR exp": 0.0, "lower bound": 2.64, "upper bound": 2.71, "md": [2.867983507639197], "lower": [2.498891613227909], "upper": [3.1840387403554566]}, "21": {"Atom 1": "(78,)", "Atom 2": "(74,)", "NMR exp": 0.0, "lower bound": 2.06, "upper bound": 2.15, "md": [2.405080618545674], "lower": [2.246053628534074], "upper": [2.839099113405425]}, "22": {"Atom 1": "(78,)", "Atom 2": "(71, 72)", "NMR exp": 0.0, "lower bound": 3.14, "upper bound": 4.38, "md": [2.5793789452584073, 3.058526597811505], "lower": [2.289359427832411, 2.7460046129641618], "upper": [3.1991835623453047, 3.654190702875183]}, "23": {"Atom 1": "(78,)", "Atom 2": "(80, 81)", "NMR exp": 0.0, "lower bound": 2.13, "upper bound": 3.36, "md": [2.693573708484484, 2.279300840941072], "lower": [2.5178155147550725, 2.1775882668700213], "upper": [2.824753034171407, 2.5574171480871994]}}}