{"single": {"fulfil": {"best": 0.8, "random": [0.51, 0.65, 0.675, 0.745, 0.775], "low_energy": [0.6, 0.8, 0.8, 0.75, 0.7], "LICUV": [0.8, 0.7, 0.65, 0.75, 0.8], "NAMFIS": [0.6, 0.85, 0.75, 0.9, 0.9]}, "rmsd": {"best": 0.3143857054750914, "random": [0.7508618438556529, 0.44673946757042404, 0.3617093234876241, 0.2858586870899541, 0.23856109767517836], "low_energy": [0.5394592367874829, 0.3504772786586525, 0.3143460782178443, 0.3216450144767155, 0.2725025773453934], "LICUV": [0.33161542281009504, 0.3047092266428844, 0.29235740737358995, 0.33757502993636623, 0.2643598683676672], "NAMFIS": [0.44373913032248946, 0.2159036569986101, 0.22855476335353458, 0.22077711530240604, 0.2207771152960383]}, "rmsd_stepwise": {"best": 0.12592160259463026, "random": [0.25329190287771935, 0.16044396067742478, 0.1568313577475339, 0.12724881384290251, 0.11678000951358754], "low_energy": [0.19087954316793618, 0.17263762625800905, 0.13404756618454516, 0.148353463053614, 0.14657762448614053], "LICUV": [0.12592160259463026, 0.14751271131668625, 0.15938946012832847, 0.13740451229854142, 0.12343014218577252], "NAMFIS": [0.20852457888699844, 0.09947361459201129, 0.14119578605610017, 0.07134423592694787, 0.07134423592694787]}, "mae": {"best": 0.24188163232803322, "random": [0.5503350840091704, 0.33966030160764515, 0.27577952540331785, 0.2162668114402706, 0.1790765491873622], "low_energy": [0.40112295246124263, 0.2588150510700987, 0.24863913368015603, 0.23360156466451415, 0.21560407543181775], "LICUV": [0.24188163232803322, 0.2470076886345852, 0.25475230388031805, 0.27254375526955055, 0.21668860553877273], "NAMFIS": [0.31618102121353137, 0.18563794940313055, 0.20185884185043435, 0.19163771932401402, 0.19163771931817725]}, "bundle-size": [1, 3, 5, 10, 30]}}