{"single": {"fulfil": {"best": 0.8604651162790697, "random": [0.722093023255814, 0.7848837209302326, 0.7825581395348837, 0.8465116279069766, 0.8465116279069766], "low_energy": [0.7906976744186046, 0.7906976744186046, 0.8488372093023255, 0.8604651162790697, 0.8255813953488372], "LICUV": [0.8604651162790697, 0.8953488372093024, 0.8953488372093024, 0.9186046511627907, 0.9186046511627907], "NAMFIS": [0.8488372093023255, 0.8488372093023255, 0.8837209302325582, 0.8837209302325582, 0.8837209302325582]}, "rmsd": {"best": 0.946898436908316, "random": [2.1037847626232926, 1.5450875459249984, 1.760160563245344, 1.1968090912366398, 1.1419296425362124], "low_energy": [2.3216647151413907, 2.2621898826699933, 1.679991801907327, 1.149062227879178, 1.2222669652615155], "LICUV": [0.9872381853042909, 0.8636442735764277, 0.9089572769183849, 0.9115706309886823, 0.9069183477189721], "NAMFIS": [1.0052660109439044, 0.9022046162151782, 0.8955568130177541, 0.8818822941242029, 0.8818822942521076]}, "rmsd_stepwise": {"best": 0.5373275818646926, "random": [0.7750317909067466, 0.6941643791649099, 0.709094340073546, 0.5923388856875503, 0.593319939741148], "low_energy": [0.6889493180130868, 0.7062017631191231, 0.5915096963957839, 0.5657881927627753, 0.6207647196879846], "LICUV": [0.5541597452502427, 0.48043100804212463, 0.49379875384849387, 0.4293044672273924, 0.4293044672273924], "NAMFIS": [0.5820972507256201, 0.5915096963957839, 0.5230723192473394, 0.5230723192473394, 0.5230723192473394]}, "mae": {"best": 0.6722224146820778, "random": [1.285127375846685, 1.0489033930564942, 1.148650766799126, 0.919536133756299, 0.9158692686742395], "low_energy": [1.2684987977493638, 1.3301484061746154, 0.998197473274109, 0.9025818587449809, 0.9618925554745894], "LICUV": [0.7230292960654856, 0.6655867965264104, 0.7057171296197766, 0.7454342104780692, 0.7370883103778121], "NAMFIS": [0.6788883084474606, 0.6897122676022749, 0.6925321645079351, 0.6832904236027347, 0.6832904238544704]}, "bundle-size": [1, 3, 5, 10, 30]}}