{"single": {"stat": {"0": "MAE", "1": "MSE", "2": "RMSD", "3": "RMSD_step", "4": "pearsonr", "5": "kendalltau", "6": "chisq", "7": "percentage_fulfilled"}, "value": {"0": 0.3890019569924639, "1": -0.1928399279447388, "2": 0.5251647110270619, "3": 0.127148207485071, "4": 0.5238885624277211, "5": 0.35091099541897636, "6": 3.300069945307124, "7": 0.42424242424242425}, "up": {"0": 0.5129912611100276, "1": -0.023619351802560855, "2": 0.6446638179594337, "3": 0.15010097611375825, "4": 0.7694006309316358, "5": 0.595896681904746, "6": 5.052138078565887, "7": 0.0}, "low": {"0": 0.27540692221047236, "1": 0.0, "2": 0.39393524486523085, "3": 0.10168281044205034, "4": 0.06611695644852929, "5": 0.07897175242907646, "6": 1.7590197389406326, "7": 0.0}}}