{"single": {"stat": {"0": "MAE", "1": "MSE", "2": "RMSD", "3": "RMSD_step", "4": "pearsonr", "5": "kendalltau", "6": "chisq", "7": "percentage_fulfilled"}, "value": {"0": 0.26032176030217313, "1": -0.006700524588202085, "2": 0.38600157698436566, "3": 0.17108388869118266, "4": 0.791748546255413, "5": 0.5158199878016647, "6": 1.5434970056463733, "7": 0.5151515151515151}, "up": {"0": 0.3649353681468509, "1": 0.13627356724867018, "2": 0.5346523513676777, "3": 0.24117766618546313, "4": 0.9340130963657556, "5": 0.7114407441951681, "6": 2.7923069838424928, "7": 0.0}, "low": {"0": 0.17200487174681742, "1": 0.0, "2": 0.22903610019579385, "3": 0.107068018573142, "4": 0.249921186025399, "5": 0.2822928284761652, "6": 0.5599191128030425, "7": 0.0}}}