{"minimum_sasa": 8.512205276489283, "minimum_psa": 6.239730205535864}