{"30": {"0": {"Atom 1": "(50,)", "Atom 2": "(57,)", "NMR exp": 2.38, "lower bound": 2.2800000000000002, "upper bound": 2.48, "md": [2.5828536797280757], "lower": [2.258667243695548], "upper": [3.474756780675998]}, "1": {"Atom 1": "(17,)", "Atom 2": "(1,)", "NMR exp": 2.4, "lower bound": 2.3000000000000003, "upper bound": 2.5, "md": [3.4055544067991144], "lower": [2.339179576320456], "upper": [4.443192009106994]}, "2": {"Atom 1": "(1,)", "Atom 2": "(3,)", "NMR exp": 3.13, "lower bound": 2.91, "upper bound": 3.35, "md": [2.8905848376085492], "lower": [2.7959091026203766], "upper": [2.9774033878815316]}, "3": {"Atom 1": "(17,)", "Atom 2": "(19,)", "NMR exp": 2.72, "lower bound": 2.57, "upper bound": 2.87, "md": [2.2098394621677047], "lower": [2.110837676432094], "upper": [2.5007485165308054]}, "4": {"Atom 1": "(37,)", "Atom 2": "(39,)", "NMR exp": 2.75, "lower bound": 2.6, "upper bound": 2.9, "md": [2.8785289034295323], "lower": [2.7197874321677036], "upper": [2.9718672031239093]}, "5": {"Atom 1": "(50,)", "Atom 2": "(52, 53)", "NMR exp": 3.0, "lower bound": 2.8000000000000003, "upper bound": 3.2, "md": [2.398341786694332, 2.7654411113296025], "lower": [2.2496961310700683, 2.524455605890022], "upper": [2.799711447702429, 2.9243955220214364]}, "6": {"Atom 1": "(50,)", "Atom 2": "(52, 53)", "NMR exp": 2.46, "lower bound": 2.35, "upper bound": 2.57, "md": [2.398341786694332, 2.7654411113296025], "lower": [2.2496961310700683, 2.524455605890022], "upper": [2.799711447702429, 2.9243955220214364]}, "7": {"Atom 1": "(57,)", "Atom 2": "(59,)", "NMR exp": 2.69, "lower bound": 2.5500000000000003, "upper bound": 2.83, "md": [2.7850209685304015], "lower": [2.32960864011923], "upper": [2.956810337453093]}, "8": {"Atom 1": "(1,)", "Atom 2": "(59,)", "NMR exp": 2.2800000000000002, "lower bound": 2.19, "upper bound": 2.37, "md": [2.2911882101693277], "lower": [2.122015424805565], "upper": [2.6540996074719034]}, "9": {"Atom 1": "(17,)", "Atom 2": "(3,)", "NMR exp": 2.91, "lower bound": 2.73, "upper bound": 3.09, "md": [2.1443946760742083], "lower": [2.0125297823199872], "upper": [2.654300052348007]}, "10": {"Atom 1": "(37,)", "Atom 2": "(19,)", "NMR exp": 2.95, "lower bound": 2.7600000000000002, "upper bound": 3.14, "md": [3.49642447705421], "lower": [3.2397568099684797], "upper": [3.6240330005466728]}, "11": {"Atom 1": "(50,)", "Atom 2": "(39,)", "NMR exp": 2.34, "lower bound": 2.25, "upper bound": 2.43, "md": [2.337386544061807], "lower": [2.1468707477760494], "upper": [3.14072366558946]}, "12": {"Atom 1": "(57,)", "Atom 2": "(52, 53)", "NMR exp": 2.74, "lower bound": 2.59, "upper bound": 2.89, "md": [2.5959503898307528, 2.9769634363509687], "lower": [2.263287389096394, 2.231647659891776], "upper": [3.0362650957497808, 3.507780121692024]}, "13": {"Atom 1": "(57,)", "Atom 2": "(52, 53)", "NMR exp": 3.2600000000000002, "lower bound": 3.0100000000000002, "upper bound": 3.5100000000000002, "md": [2.5959503898307528, 2.9769634363509687], "lower": [2.263287389096394, 2.231647659891776], "upper": [3.0362650957497808, 3.507780121692024]}, "14": {"Atom 1": "(1,)", "Atom 2": "(19,)", "NMR exp": 4.5, "lower bound": 3.84, "upper bound": 5.16, "md": [5.833335190998153], "lower": [5.2721966263064015], "upper": [6.263323584044995]}, "15": {"Atom 1": "(1,)", "Atom 2": "(5,)", "NMR exp": 2.79, "lower bound": 2.63, "upper bound": 2.95, "md": [2.664267666189021], "lower": [2.394210269195144], "upper": [3.4792106625248893]}, "16": {"Atom 1": "(17,)", "Atom 2": "(21, 22)", "NMR exp": 3.15, "lower bound": 2.92, "upper bound": 3.38, "md": [3.6561280388313273, 3.2692170503595697], "lower": [3.236832666022913, 2.9332567342159956], "upper": [4.003385077313842, 3.6931047369467382]}, "17": {"Atom 1": "(17,)", "Atom 2": "(21, 22)", "NMR exp": 2.93, "lower bound": 2.75, "upper bound": 3.11, "md": [3.6561280388313273, 3.2692170503595697], "lower": [3.236832666022913, 2.9332567342159956], "upper": [4.003385077313842, 3.6931047369467382]}, "18": {"Atom 1": "(37,)", "Atom 2": "(21, 22)", "NMR exp": 2.96, "lower bound": 2.77, "upper bound": 3.15, "md": [2.7196755272998683, 2.5896640882233855], "lower": [2.343777983263954, 2.2418528946745435], "upper": [3.589483905273487, 3.6584759844686214]}, "19": {"Atom 1": "(37,)", "Atom 2": "(21, 22)", "NMR exp": 3.0, "lower bound": 2.8000000000000003, "upper bound": 3.2, "md": [2.7196755272998683, 2.5896640882233855], "lower": [2.343777983263954, 2.2418528946745435], "upper": [3.589483905273487, 3.6584759844686214]}, "20": {"Atom 1": "(37,)", "Atom 2": "(41, 42)", "NMR exp": 3.22, "lower bound": 2.98, "upper bound": 3.46, "md": [3.045761775653131, 3.027209275191066], "lower": [2.7646867998654967, 2.625176250314869], "upper": [3.5505241549974516, 3.5665309923808572]}, "21": {"Atom 1": "(37,)", "Atom 2": "(41, 42)", "NMR exp": 3.08, "lower bound": 2.87, "upper bound": 3.29, "md": [3.045761775653131, 3.027209275191066], "lower": [2.7646867998654967, 2.625176250314869], "upper": [3.5505241549974516, 3.5665309923808572]}, "22": {"Atom 1": "(39,)", "Atom 2": "(41, 42)", "NMR exp": 2.63, "lower bound": 2.5, "upper bound": 2.7600000000000002, "md": [2.7020664344451837, 2.539070466944153], "lower": [2.4237014486331327, 2.384132033737191], "upper": [3.0354042879444583, 2.8572375790299906]}, "23": {"Atom 1": "(39,)", "Atom 2": "(41, 42)", "NMR exp": 2.94, "lower bound": 2.75, "upper bound": 3.13, "md": [2.7020664344451837, 2.539070466944153], "lower": [2.4237014486331327, 2.384132033737191], "upper": [3.0354042879444583, 2.8572375790299906]}, "24": {"Atom 1": "(19,)", "Atom 2": "(21, 22)", "NMR exp": 2.75, "lower bound": 2.6, "upper bound": 2.9, "md": [2.523694048125376, 2.653132032813333], "lower": [2.340058947177344, 2.3838895631810133], "upper": [2.9436858748955794, 3.0053223880471545]}, "25": {"Atom 1": "(19,)", "Atom 2": "(21, 22)", "NMR exp": 2.84, "lower bound": 2.67, "upper bound": 3.0100000000000002, "md": [2.523694048125376, 2.653132032813333], "lower": [2.340058947177344, 2.3838895631810133], "upper": [2.9436858748955794, 3.0053223880471545]}, "26": {"Atom 1": "(1,)", "Atom 2": "(7, 8, 9, 11, 12, 13)", "NMR exp": 3.0, "lower bound": 2.8000000000000003, "upper bound": 3.2, "md": [3.304993275435727, 3.316930267933391, 3.316195430618884, 2.830376226984357, 2.845661451814758, 2.8621983808287075], "lower": [2.6003470451696047, 2.6025560796936085, 2.6082495955371185, 2.3254966287044834, 2.3327787725063236, 2.3400814994479835], "upper": [4.480464500504065, 4.481111695285089, 4.480658176251642, 4.153859816131868, 4.158332482815933, 4.162988537938935]}, "27": {"Atom 1": "(1,)", "Atom 2": "(7, 8, 9, 11, 12, 13)", "NMR exp": 3.52, "lower bound": 3.2, "upper bound": 3.84, "md": [3.304993275435727, 3.316930267933391, 3.316195430618884, 2.830376226984357, 2.845661451814758, 2.8621983808287075], "lower": [2.6003470451696047, 2.6025560796936085, 2.6082495955371185, 2.3254966287044834, 2.3327787725063236, 2.3400814994479835], "upper": [4.480464500504065, 4.481111695285089, 4.480658176251642, 4.153859816131868, 4.158332482815933, 4.162988537938935]}, "28": {"Atom 1": "(3,)", "Atom 2": "(5,)", "NMR exp": 2.72, "lower bound": 2.57, "upper bound": 2.87, "md": [2.6454640688546065], "lower": [2.41432612597015], "upper": [3.021484444794349]}, "29": {"Atom 1": "(3,)", "Atom 2": "(7, 8, 9, 11, 12, 13)", "NMR exp": 3.2600000000000002, "lower bound": 3.0100000000000002, "upper bound": 3.5100000000000002, "md": [2.9237210177460966, 2.9186669690591267, 2.939617190059601, 2.903406729938973, 2.8973145277522425, 2.8925533143782522], "lower": [2.512930416747266, 2.5118590476733034, 2.5195546071709476, 2.4975364493543895, 2.495628097046617, 2.4940008924141344], "upper": [3.7224562036598097, 3.7201371085340957, 3.7253831399012185, 3.7308333589437197, 3.726190431679552, 3.7262376945908207]}, "30": {"Atom 1": "(3,)", "Atom 2": "(7, 8, 9, 11, 12, 13)", "NMR exp": 2.95, "lower bound": 2.7600000000000002, "upper bound": 3.14,