{"single": {"stat": {"0": "MAE", "1": "MSE", "2": "RMSD", "3": "RMSD_step", "4": "pearsonr", "5": "kendalltau", "6": "chisq", "7": "percentage_fulfilled"}, "value": {"0": 0.3890019569924639, "1": -0.1928399279447388, "2": 0.5251647110270619, "3": 0.127148207485071, "4": 0.5238885624277211, "5": 0.35091099541897636, "6": 3.300069945307124, "7": 0.42424242424242425}, "up": {"0": 0.5127376677215004, "1": -0.022771136559256673, "2": 0.6446245083046312, "3": 0.14943352630977114, "4": 0.7706192563405414, "5": 0.5970359591669674, "6": 5.061255544696971, "7": 0.0}, "low": {"0": 0.2723561289855953, "1": 0.0, "2": 0.3966391579338671, "3": 0.10157770563136, "4": 0.0600753751659589, "5": 0.07706889299728867, "6": 1.760004867955785, "7": 0.0}}}