{"single": {"stat": {"0": "MAE", "1": "MSE", "2": "RMSD", "3": "pearsonr", "4": "kendalltau", "5": "chisq", "6": "percentage_fulfilled"}, "value": {"0": 0.35184672141984963, "1": 0.15273489701260187, "2": 0.4236641642228154, "3": 0.785831066802947, "4": 0.4656149830385737, "5": 1.188984802509334, "6": 0.55}, "up": {"0": 0.45921082005470326, "1": 0.3265124226544296, "2": 0.5295159236060892, "3": 0.9300940985532141, "4": 0.7500115743419994, "5": 1.869202086183254, "6": 0.0}, "low": {"0": 0.2525615192645222, "1": 0.0, "2": 0.30907923110644886, "3": 0.4527779481087038, "4": 0.10614525139664804, "5": 0.6248787394524826, "6": 0.0}, "most-populated-1": {"0": 0.47392014169692975, "1": 0.29554698896408066, "2": 0.6465629727770261, "3": NaN, "4": NaN, "5": NaN, "6": 0.55}}}