{"single": {"stat": {"0": "MAE", "1": "MSE", "2": "RMSD", "3": "RMSD_step", "4": "pearsonr", "5": "kendalltau", "6": "chisq", "7": "percentage_fulfilled"}, "value": {"0": 0.35184672141984963, "1": 0.15273489701260187, "2": 0.4236641642228154, "3": 0.23599258462926326, "4": 0.785831066802947, "5": 0.4656149830385737, "6": 1.188984802509334, "7": 0.55}, "up": {"0": 0.4611916327000801, "1": 0.32568147822485666, "2": 0.5293982604502916, "3": 0.3218844894915419, "4": 0.9285966328314504, "5": 0.7486173711276163, "6": 1.9030017156421128, "7": 0.0}, "low": {"0": 0.25191073077576626, "1": 0.0, "2": 0.3101103665180483, "3": 0.1407956185108851, "4": 0.4633534578246437, "5": 0.10854889027744365, "6": 0.6239654819143441, "7": 0.0}, "most-populated-1": {"0": 0.47392014169692975, "1": 0.29554698896408066, "2": 0.6465629727770261, "3": 0.23599258462926326, "4": NaN, "5": NaN, "6": NaN, "7": 0.55}}}