{"single": {"stat": {"0": "MAE", "1": "MSE", "2": "RMSD", "3": "RMSD_step", "4": "pearsonr", "5": "kendalltau", "6": "chisq", "7": "percentage_fulfilled"}, "value": {"0": 0.33339667658795097, "1": -0.08397503469333704, "2": 0.49092877812543306, "3": 0.33611882135483806, "4": 0.5177252852704224, "5": 0.44636285473857784, "6": 2.292072400495593, "7": 0.7586206896551724}, "up": {"0": 0.4777938102566786, "1": 0.09018372292744692, "2": 0.6776408817494398, "3": 0.5140832984363499, "4": 0.8100392814969425, "5": 0.67684887743609, "6": 4.205744864689991, "7": 0.0}, "low": {"0": 0.21420233925757665, "1": 0.0, "2": 0.2901860721743412, "3": 0.09949874371066203, "4": 0.19144797124592328, "5": 0.1713554987212276, "6": 0.8703756378622984, "7": 0.0}}}