{"42": {"0": {"Atom 1": "(1,)", "Atom 2": "(25,)", "NMR exp": [3.02], "lower bound": 2.72, "upper bound": 3.3200000000000003, "md": [2.551654868561018], "lower": [2.2179826107035128], "upper": [3.6030928258771024]}, "1": {"Atom 1": "(1,)", "Atom 2": "(45,)", "NMR exp": [3.66], "lower bound": 3.29, "upper bound": 4.03, "md": [4.522954392606195], "lower": [3.599431693705311], "upper": [5.649107461052236]}, "2": {"Atom 1": "(1,)", "Atom 2": "(65,)", "NMR exp": [3.45], "lower bound": 3.11, "upper bound": 3.8000000000000003, "md": [3.815581834099933], "lower": [3.0873268308779513], "upper": [4.460983457688444]}, "3": {"Atom 1": "(32,)", "Atom 2": "(45,)", "NMR exp": [2.59], "lower bound": 2.33, "upper bound": 2.85, "md": [2.412188251581714], "lower": [2.1534267558755977], "upper": [3.035947455813559]}, "4": {"Atom 1": "(45,)", "Atom 2": "(65,)", "NMR exp": [3.33], "lower bound": 3.0, "upper bound": 3.66, "md": [3.6167040713734364], "lower": [2.7717239556514692], "upper": [4.348465538629065]}, "5": {"Atom 1": "(1,)", "Atom 2": "(3,)", "NMR exp": [2.74], "lower bound": 2.47, "upper bound": 3.0100000000000002, "md": [2.9184511099044275], "lower": [2.834508603113307], "upper": [2.995460693235181]}, "6": {"Atom 1": "(1,)", "Atom 2": "(67,)", "NMR exp": [2.11], "lower bound": 1.9000000000000001, "upper bound": 2.32, "md": [2.144398411734036], "lower": [2.0183089161123693], "upper": [2.413151251403447]}, "7": {"Atom 1": "(1,)", "Atom 2": "(5, 6)", "NMR exp": [3.0300000000000002], "lower bound": 2.73, "upper bound": 4.23, "md": [2.9135393092590838, 2.4744287403309704], "lower": [2.528428705536074, 2.271523489634035], "upper": [3.631553001469969, 3.0717406447638758]}, "8": {"Atom 1": "(3,)", "Atom 2": "(5, 6)", "NMR exp": [2.54], "lower bound": 2.29, "upper bound": 3.69, "md": [2.5624336893633024, 2.704127214355987], "lower": [2.3990889623854774, 2.4424762999061422], "upper": [2.926272180476726, 3.0263936272259166]}, "9": {"Atom 1": "(3,)", "Atom 2": "(11, 12)", "NMR exp": [3.21], "lower bound": 2.89, "upper bound": 4.43, "md": [3.053063278669814, 3.196704891687179], "lower": [2.3570226761949353, 2.4756945605279768], "upper": [4.535690123672061, 4.551503534868472]}, "10": {"Atom 1": "(25,)", "Atom 2": "(27, 28)", "NMR exp": [2.4, 2.7], "lower bound": 2.16, "upper bound": 2.97, "md": [2.5467491647594933, 2.7279346734364327], "lower": [2.363473559876688, 2.387337162638538], "upper": [2.836877438078906, 2.9618954203686445]}, "11": {"Atom 1": "(25,)", "Atom 2": "(3,)", "NMR exp": [2.37], "lower bound": 2.13, "upper bound": 2.61, "md": [2.646671564417645], "lower": [2.2757688978726813], "upper": [3.3278890174360933]}, "12": {"Atom 1": "(25,)", "Atom 2": "(5, 6)", "NMR exp": [3.69], "lower bound": 3.3200000000000003, "upper bound": 4.96, "md": [3.5993641939021774, 3.6404125709578206], "lower": [3.0251545690914345, 3.1558991746615885], "upper": [4.2884935971219615, 4.316952260026643]}, "13": {"Atom 1": "(32,)", "Atom 2": "(27, 28)", "NMR exp": [2.32, 3.31], "lower bound": 2.09, "upper bound": 3.64, "md": [2.205351184230683, 3.0892440389832836], "lower": [2.0724297897499695, 2.8893782959078393], "upper": [2.4536194016048762, 3.353910669935273]}, "14": {"Atom 1": "(32,)", "Atom 2": "(34,)", "NMR exp": [3.41], "lower bound": 3.0, "upper bound": 3.75, "md": [2.8867422390875697], "lower": [2.791920334750138], "upper": [2.972236939719232]}, "15": {"Atom 1": "(32,)", "Atom 2": "(36, 37)", "NMR exp": [3.41], "lower bound": 3.0700000000000003, "upper bound": 4.65, "md": [2.7472690590098963, 2.4552648997150803], "lower": [2.439180776737837, 2.2486492318713034], "upper": [3.5071681594338044, 3.034474760174664]}, "16": {"Atom 1": "(34,)", "Atom 2": "(36, 37)", "NMR exp": [2.81], "lower bound": 2.5300000000000002, "upper bound": 3.99, "md": [2.6438505642073475, 2.627825316988107], "lower": [2.4330111437530686, 2.4161201364755938], "upper": [3.0036792005036883, 2.9900128442300264]}, "17": {"Atom 1": "(45,)", "Atom 2": "(34,)", "NMR exp": [3.44], "lower bound": 3.1, "upper bound": 3.7800000000000002, "md": [3.165871434738658], "lower": [2.304400059915692], "upper": [3.529768917017531]}, "18": {"Atom 1": "(45,)", "Atom 2": "(47,)", "NMR exp": [2.69], "lower bound": 2.42, "upper bound": 2.96, "md": [2.8312905227723983], "lower": [2.431618375739992], "upper": [2.967408081166757]}, "19": {"Atom 1": "(45,)", "Atom 2": "(27, 28)", "NMR exp": [3.61], "lower bound": 3.25, "upper bound": 4.87, "md": [3.345454947977118, 4.618527248990943], "lower": [3.0184586004390193, 4.331211289110978], "upper": [4.328565536291675, 5.303851184445721]}, "20": {"Atom 1": "(45,)", "Atom 2": "(49, 50)", "NMR exp": [3.09, 3.15], "lower bound": 2.7800000000000002, "upper bound": 3.47, "md": [2.843497679232367, 2.934144318625821], "lower": [2.5363092926124247, 2.5778275634747554], "upper": [3.5823653436316127, 3.5096611850725066]}, "21": {"Atom 1": "(45,)", "Atom 2": "(36, 37)", "NMR exp": [3.38], "lower bound": 3.04, "upper bound": 4.62, "md": [3.0340962175786848, 3.182010793125114], "lower": [2.6460214907668322, 2.7692914930037937], "upper": [3.846258298851438, 3.9731393755209963]}, "22": {"Atom 1": "(47,)", "Atom 2": "(49, 50)", "NMR exp": [2.65, 2.85], "lower bound": 2.39, "upper bound": 3.14, "md": [2.6540450274827707, 2.509317094038381], "lower": [2.40896763581891, 2.3336674559252937], "upper": [3.0149238284699744, 2.9193934977439118]}, "23": {"Atom 1": "(65,)", "Atom 2": "(47,)", "NMR exp": [2.14], "lower bound": 1.93, "upper bound": 2.35, "md": [2.2462373816423296], "lower": [2.1085160888724657], "upper": [2.539391319917188]}, "24": {"Atom 1": "(65,)", "Atom 2": "(67,)", "NMR exp": [2.7800000000000002], "lower bound": 2.5, "upper bound": 3.06, "md": [2.8544877104259085], "lower": [2.7625588397680225], "upper": [2.945369905975624]}, "25": {"Atom 1": "(65,)", "Atom 2": "(49, 50)", "NMR exp": [3.67, 3.7800000000000002], "lower bound": 3.3000000000000003, "upper bound": 4.16, "md": [3.3973247074834423, 3.579570312077688], "lower": [2.8294808224236627, 2.8298794241009464], "upper": [4.21220901154784, 4.207337359225794]}, "26": {"Atom 1": "(65,)", "Atom 2": "(69, 70)", "NMR exp": [3.08], "lower bound": 2.77, "upper bound": 4.29, "md": [2.800763163725705, 2.411489763631991], "lower": [2.4600972585778593, 2.2260580827543164], "upper": [3.5504414108507807, 2.8904997983644196]}, "27": {"Atom 1": "(67,)", "Atom 2": "(69, 70)", "NMR exp": [2.5300000000000002], "lower bound": 2.2800000000000002, "upper bound": 3.68, "md": [2.614323654408342, 2.6642673909790364], "lower": [2.425019510480154, 2.433092456789357], "upper": [2.985894840518523, 3.017823431802769]}, "28": {"Atom 1": "(67,)", "Atom 2": "(75, 76)", "NMR exp": [2.75], "lower bound": 2.48, "upper bound": 3.93, "md": [3.1820927463969886, 3.2578265393829056], "lower": [2.459776733391066, 2.5104019574183454], "upper": [4.522360678948997, 4.500834032572888]}}}