{"single": {"stat": {"0": "MAE", "1": "MSE", "2": "RMSD", "3": "RMSD_step", "4": "pearsonr", "5": "kendalltau", "6": "chisq", "7": "percentage_fulfilled"}, "value": {"0": 0.2224854786624734, "1": -0.022650527623566872, "2": 0.30044353018112113, "3": 0.266535887471734, "4": 0.8187003305606827, "5": 0.6732434217880208, "6": 0.800113899320462, "7": 0.7931034482758621}, "up": {"0": 0.30006023602886256, "1": 0.08954067364695123, "2": 0.3942207311629521, "3": 0.4300280664457083, "4": 0.9132356407650196, "5": 0.8112244897959183, "6": 1.3149389643733687, "7": 0.0}, "low": {"0": 0.15570159375086193, "1": 0.0, "2": 0.20370307140850402, "3": 0.08845415722867123, "4": 0.7051592761441755, "5": 0.4980631025602699, "6": 0.3900153969645074, "7": 0.0}}}