{"single": {"stat": {"0": "MAE", "1": "MSE", "2": "RMSD", "3": "RMSD_step", "4": "pearsonr", "5": "kendalltau", "6": "chisq", "7": "percentage_fulfilled"}, "value": {"0": 0.33339667658795097, "1": -0.08397503469333704, "2": 0.49092877812543306, "3": 0.33611882135483806, "4": 0.5177252852704224, "5": 0.44636285473857784, "6": 2.292072400495593, "7": 0.7586206896551724}, "up": {"0": 0.47814028082227433, "1": 0.08687111317318495, "2": 0.6794456153815355, "3": 0.5152568827026125, "4": 0.8182606668840938, "5": 0.6828644501278772, "6": 4.254693021490853, "7": 0.0}, "low": {"0": 0.21347824286657613, "1": 0.0, "2": 0.2938364801788088, "3": 0.09947698827625581, "4": 0.19238055725946024, "5": 0.1701030927835052, "6": 0.8758850772597659, "7": 0.0}}}