{"minimum_sasa": 8.976923723220823, "minimum_psa": 7.342436790466309}