{"42": {"0": {"Atom 1": "(1,)", "Atom 2": "(25,)", "NMR exp": [3.02], "lower bound": 2.72, "upper bound": 3.3200000000000003, "md": [2.469697946719044], "lower": [2.1640454734688577], "upper": [3.5424168868970654]}, "1": {"Atom 1": "(1,)", "Atom 2": "(45,)", "NMR exp": [3.66], "lower bound": 3.29, "upper bound": 4.03, "md": [3.4444621995088394], "lower": [3.096602305281499], "upper": [5.484202209121915]}, "2": {"Atom 1": "(1,)", "Atom 2": "(65,)", "NMR exp": [3.45], "lower bound": 3.11, "upper bound": 3.8000000000000003, "md": [3.1954110007220375], "lower": [2.5348329375067333], "upper": [4.399449523574636]}, "3": {"Atom 1": "(32,)", "Atom 2": "(45,)", "NMR exp": [2.59], "lower bound": 2.33, "upper bound": 2.85, "md": [2.34253909173223], "lower": [2.104311387743498], "upper": [2.9812143611137456]}, "4": {"Atom 1": "(45,)", "Atom 2": "(65,)", "NMR exp": [3.33], "lower bound": 3.0, "upper bound": 3.66, "md": [2.7177329143701043], "lower": [2.396423648407777], "upper": [4.280090056100605]}, "5": {"Atom 1": "(1,)", "Atom 2": "(3,)", "NMR exp": [2.74], "lower bound": 2.47, "upper bound": 3.0100000000000002, "md": [2.5449939542916016], "lower": [2.4947955809761333], "upper": [2.9392753554854107]}, "6": {"Atom 1": "(1,)", "Atom 2": "(67,)", "NMR exp": [2.11], "lower bound": 1.9000000000000001, "upper bound": 2.32, "md": [2.176441025966582], "lower": [2.0372368673710612], "upper": [2.4436745923385765]}, "7": {"Atom 1": "(1,)", "Atom 2": "(5, 6)", "NMR exp": [3.0300000000000002], "lower bound": 2.73, "upper bound": 4.23, "md": [2.9809761729320825, 3.266622982744475], "lower": [2.54768406662397, 2.4817510763604425], "upper": [3.6445238638566586, 3.7073725716752888]}, "8": {"Atom 1": "(3,)", "Atom 2": "(5, 6)", "NMR exp": [2.54], "lower bound": 2.29, "upper bound": 3.69, "md": [2.240140226131573, 2.225486391170216], "lower": [2.170402130558563, 2.15165438961603], "upper": [2.7459793173331812, 2.8831376931089228]}, "9": {"Atom 1": "(3,)", "Atom 2": "(11, 12)", "NMR exp": [3.21], "lower bound": 2.89, "upper bound": 4.43, "md": [1.757235358030481, 4.280501758261376], "lower": [1.735654359315837, 3.096840650322026], "upper": [4.29749599052037, 4.745773010247246]}, "10": {"Atom 1": "(25,)", "Atom 2": "(27, 28)", "NMR exp": [2.4, 2.7], "lower bound": 2.16, "upper bound": 2.97, "md": [2.5311523124834663, 2.123959332022191], "lower": [2.356303386417025, 2.0674322259373414], "upper": [2.8298237700012323, 2.8707481057039943]}, "11": {"Atom 1": "(25,)", "Atom 2": "(3,)", "NMR exp": [2.37], "lower bound": 2.13, "upper bound": 2.61, "md": [2.770857136280836], "lower": [2.31463626762535], "upper": [3.3541603668826094]}, "12": {"Atom 1": "(25,)", "Atom 2": "(5, 6)", "NMR exp": [3.69], "lower bound": 3.3200000000000003, "upper bound": 4.96, "md": [3.573052168946546, 3.067982368528238], "lower": [3.0115578260419062, 2.751602619194544], "upper": [4.283482071709935, 4.1610844806371805]}, "13": {"Atom 1": "(32,)", "Atom 2": "(27, 28)", "NMR exp": [2.32, 3.31], "lower bound": 2.09, "upper bound": 3.64, "md": [2.5392459710365474, 3.4247761723009194], "lower": [2.197920043075496, 3.052723186356066], "upper": [2.8397107322397996, 3.5637562792084125]}, "14": {"Atom 1": "(32,)", "Atom 2": "(34,)", "NMR exp": [3.41], "lower bound": 3.0, "upper bound": 3.75, "md": [3.12347626598701], "lower": [2.8843474331735197], "upper": [3.143927125063012]}, "15": {"Atom 1": "(32,)", "Atom 2": "(36, 37)", "NMR exp": [3.41], "lower bound": 3.0700000000000003, "upper bound": 4.65, "md": [2.7532426269146972, 2.5476777496870375], "lower": [2.4416381862238374, 2.298626954494728], "upper": [3.5102667781997976, 3.129637601756211]}, "16": {"Atom 1": "(34,)", "Atom 2": "(36, 37)", "NMR exp": [2.81], "lower bound": 2.5300000000000002, "upper bound": 3.99, "md": [1.9681216530711567, 2.5761597038660895], "lower": [1.9374061644151364, 2.3935541345993174], "upper": [2.8140201843588897, 2.964989748129572]}, "17": {"Atom 1": "(45,)", "Atom 2": "(34,)", "NMR exp": [3.44], "lower bound": 3.1, "upper bound": 3.7800000000000002, "md": [1.8046551446351011], "lower": [1.7532481280100582], "upper": [3.471089739535585]}, "18": {"Atom 1": "(45,)", "Atom 2": "(47,)", "NMR exp": [2.69], "lower bound": 2.42, "upper bound": 2.96, "md": [2.802006077261918], "lower": [2.3632620568562452], "upper": [2.9624441594821374]}, "19": {"Atom 1": "(45,)", "Atom 2": "(27, 28)", "NMR exp": [3.61], "lower bound": 3.25, "upper bound": 4.87, "md": [2.0224323212800526, 3.658885830186845], "lower": [1.9369156138970314, 3.5523596205648467], "upper": [3.856578937215912, 4.915551608998336]}, "20": {"Atom 1": "(45,)", "Atom 2": "(49, 50)", "NMR exp": [3.09, 3.15], "lower bound": 2.7800000000000002, "upper bound": 3.47, "md": [2.013222917928432, 2.946605843042584], "lower": [1.9435342757895144, 2.584058271137868], "upper": [3.261350909732341, 3.514584013553261]}, "21": {"Atom 1": "(45,)", "Atom 2": "(36, 37)", "NMR exp": [3.38], "lower bound": 3.04, "upper bound": 4.62, "md": [3.232150989930868, 4.790043798612505], "lower": [2.732115817863032, 3.46188386534868], "upper": [3.927340195898154, 4.85632220629883]}, "22": {"Atom 1": "(47,)", "Atom 2": "(49, 50)", "NMR exp": [2.65, 2.85], "lower bound": 2.39, "upper bound": 3.14, "md": [2.7046132616401315, 2.245388708082839], "lower": [2.421993445320326, 2.159451309757563], "upper": [3.022441638959077, 2.7412741791468758]}, "23": {"Atom 1": "(65,)", "Atom 2": "(47,)", "NMR exp": [2.14], "lower bound": 1.93, "upper bound": 2.35, "md": [3.0107185743267304], "lower": [2.271971649658906], "upper": [3.267417229198842]}, "24": {"Atom 1": "(65,)", "Atom 2": "(67,)", "NMR exp": [2.7800000000000002], "lower bound": 2.5, "upper bound": 3.06, "md": [2.8145030244898686], "lower": [2.732579254724907], "upper": [2.9277437867254643]}, "25": {"Atom 1": "(65,)", "Atom 2": "(49, 50)", "NMR exp": [3.67, 3.7800000000000002], "lower bound": 3.3000000000000003, "upper bound": 4.16, "md": [3.17042113335706, 3.537665588205978], "lower": [2.7479525128240594, 2.80604794092969], "upper": [4.1768916295169545, 4.201712133570807]}, "26": {"Atom 1": "(65,)", "Atom 2": "(69, 70)", "NMR exp": [3.08], "lower bound": 2.77, "upper bound": 4.29, "md": [2.8051483484849387, 2.4719198796747723], "lower": [2.4615837657651327, 2.2606821129541625], "upper": [3.5517603906027744, 2.9568305298942366]}, "27": {"Atom 1": "(67,)", "Atom 2": "(69, 70)", "NMR exp": [2.5300000000000002], "lower bound": 2.2800000000000002, "upper bound": 3.68, "md": [2.5361832275299974, 2.7266630489057695], "lower": [2.3867533671357304, 2.4494320182439426], "upper": [2.939196141280604, 3.0286660296228978]}, "28": {"Atom 1": "(67,)", "Atom 2": "(75, 76)", "NMR exp": [2.75], "lower bound": 2.48, "upper bound": 3.93, "md": [3.4559754067432316, 4.282649694479234], "lower": [2.5408117328892756, 3.166281556525056], "upper": [4.54925334316422, 4.690713509647112]}}}