{"single": {"stat": {"0": "MAE", "1": "MSE", "2": "RMSD", "3": "RMSD_step", "4": "pearsonr", "5": "kendalltau", "6": "chisq", "7": "percentage_fulfilled"}, "value": {"0": 0.8268107732352423, "1": -0.1463603512976339, "2": 1.1927771088333396, "3": 0.6019200049073732, "4": 0.4724645943857448, "5": 0.5103226529629142, "6": 30.35174944251245, "7": 0.8351648351648352}, "up": {"0": 1.0140318102948147, "1": 0.10733792042794339, "2": 1.442010765691718, "3": 0.7395424781059413, "4": 0.5962470194907813, "5": 0.6161207957195179, "6": 44.42334983222858, "7": 0.0}, "low": {"0": 0.6585118086918654, "1": 0.0, "2": 0.9235149957144435, "3": 0.4437601569801832, "4": 0.32954779065992124, "5": 0.3915920867817938, "6": 18.32671627830914, "7": 0.0}}}