{"single": {"stat": {"0": "MAE", "1": "MSE", "2": "RMSD", "3": "RMSD_step", "4": "pearsonr", "5": "kendalltau", "6": "chisq", "7": "percentage_fulfilled"}, "value": {"0": 0.8268107732352423, "1": -0.1463603512976339, "2": 1.1927771088333396, "3": 0.6019200049073732, "4": 0.4724645943857448, "5": 0.5103226529629142, "6": 30.35174944251245, "7": 0.8351648351648352}, "up": {"0": 1.0117340954208476, "1": 0.10332979484086707, "2": 1.4454704876479008, "3": 0.7371611719336506, "4": 0.6006997963816288, "5": 0.6158203621679661, "6": 44.473307349338185, "7": 0.0}, "low": {"0": 0.6611927406605291, "1": 0.0, "2": 0.9272247873434541, "3": 0.4437601569801832, "4": 0.32837023736720267, "5": 0.39099834397676814, "6": 18.245458653127887, "7": 0.0}}}