{"single": {"stat": {"0": "MAE", "1": "MSE", "2": "RMSD", "3": "pearsonr", "4": "kendalltau", "5": "chisq", "6": "percentage_fulfilled"}, "value": {"0": 0.511203000278673, "1": 0.4096220857491408, "2": 0.6015263847826721, "3": 0.566095948158007, "4": 0.4511941200978982, "5": 3.2095203041258276, "6": 0.5909090909090909}, "up": {"0": 0.6506196475059125, "1": 0.5862850710137126, "2": 0.7411921270198213, "3": 0.8472603332559413, "4": 0.743119266055046, "5": 4.974420846978797, "6": 0.0}, "low": {"0": 0.3823775693829518, "1": 0.22008824658146162, "2": 0.454195263179173, "3": 0.15891483096309175, "4": 0.11312217194570136, "5": 1.8030439023957323, "6": 0.0}, "most-populated-1": {"0": 0.6085876300118186, "1": 0.5641864317113702, "2": 0.7911528013987852, "3": NaN, "4": NaN, "5": NaN, "6": 0.5909090909090909}}}