{"single": {"fulfil": {"best": 0.59375, "random": [0.4, 0.38125, 0.409375, 0.4125, 0.490625], "low_energy": [0.25, 0.375, 0.28125, 0.40625, 0.375], "LICUV": [0.59375, 0.5, 0.53125, 0.59375, 0.53125], "NAMFIS": [0.46875, 0.6875, 0.59375, 0.53125, 0.53125]}, "rmsd": {"best": 0.3191908681954187, "random": [0.6056607525682777, 0.49286431170238104, 0.41608690685886235, 0.41686225091713114, 0.398479905029515], "low_energy": [0.7191612806872464, 0.4305795578924088, 0.43415193007481345, 0.40574048528835477, 0.41798337352366166], "LICUV": [0.3966291413813209, 0.5462326523380993, 0.41486443867302064, 0.32519163106708376, 0.33469125477761996], "NAMFIS": [0.3191908681954187, 0.23828750597625686, 0.23902172684289433, 0.25296448417153083, 0.25296448419634887]}, "rmsd_stepwise": {"best": 0.09455487824538718, "random": [0.13388488872022047, 0.14362324334317803, 0.1423389121966329, 0.1476193025831931, 0.14076907150558318], "low_energy": [0.1626825897261289, 0.1512138386524196, 0.16438331728006944, 0.14996874674411328, 0.1561849864743727], "LICUV": [0.09455487824538718, 0.1412776521605593, 0.13600321687371955, 0.13400093283257392, 0.13732943966972264], "NAMFIS": [0.1121104366238933, 0.07798236980241106, 0.09897916447414576, 0.12588437154786128, 0.12588437154786128]}, "mae": {"best": 0.24255734682083124, "random": [0.39880255304276935, 0.33671743181865427, 0.29544129659175733, 0.2938176069392081, 0.27286219785639493], "low_energy": [0.49568561613559714, 0.30776525608248806, 0.3331761405001109, 0.30146969388605366, 0.30065843741389575], "LICUV": [0.25347320109605787, 0.31565953942468244, 0.2505779725212938, 0.2197339248234171, 0.2232138511560045], "NAMFIS": [0.24255734682083124, 0.18268287555074136, 0.17660276756649168, 0.18346751340066414, 0.18346751341877598]}, "bundle-size": [1, 3, 5, 10, 30]}}