{"single": {"fulfil": {"best": 0.6590909090909091, "random": [0.5306818181818183, 0.5886363636363636, 0.5943181818181819, 0.615909090909091, 0.6454545454545454], "low_energy": [0.5340909090909091, 0.5795454545454546, 0.5909090909090909, 0.6022727272727273, 0.6590909090909091], "LICUV": [0.6590909090909091, 0.6704545454545454, 0.6590909090909091, 0.6704545454545454, 0.7272727272727273], "NAMFIS": [0.5909090909090909, 0.5340909090909091, 0.5, 0.5113636363636364, 0.5227272727272727]}, "rmsd": {"best": 2.3718983869455696, "random": [3.255136631778914, 2.6256731490333576, 2.585705083562554, 2.218954615258706, 1.9584723971359383], "low_energy": [2.932260869969042, 2.7302233473896425, 2.457425287948731, 2.1086324872460604, 1.8905939269741006], "LICUV": [2.4908594504880246, 2.212320904245665, 1.9343060965043843, 2.0133482755986067, 1.714027684515025], "NAMFIS": [2.419479819673121, 2.3747590356519552, 2.381077359844676, 2.3909900259301615, 2.4104377263171606]}, "mae": {"best": 1.661626137115738, "random": [2.230560923706401, 1.8233993966113384, 1.8278143449079394, 1.6140253385521042, 1.445138874806305], "low_energy": [2.070207690650766, 1.9056690300091506, 1.7523218716039943, 1.5394363644256275, 1.3738502983234044], "LICUV": [1.672304134477268, 1.5233832414893542, 1.3861241584991781, 1.3904976774933904, 1.2063518203813686], "NAMFIS": [1.7170597314834595, 1.8097347714767822, 1.8656379071999287, 1.8784734289363656, 1.8954368744235937]}, "bundle-size": [1, 3, 5, 10, 30]}}