{"single": {"fulfil": {"best": 0.8275862068965517, "random": [0.5862068965517241, 0.6517241379310346, 0.6586206896551724, 0.6689655172413793, 0.6862068965517242], "low_energy": [0.4827586206896552, 0.5862068965517241, 0.5862068965517241, 0.5862068965517241, 0.7241379310344828], "LICUV": [0.8275862068965517, 0.8620689655172413, 0.896551724137931, 0.8275862068965517, 0.7931034482758621], "NAMFIS": [0.7931034482758621, 0.896551724137931, 0.896551724137931, 0.9310344827586207, 0.9310344827586207]}, "rmsd": {"best": 0.3642348998330209, "random": [0.7237805412627194, 0.566455041256313, 0.4854813998433401, 0.40721581457718264, 0.3702276071071897], "low_energy": [0.8051953146427436, 0.580104710461109, 0.5702269380295937, 0.5228229651963572, 0.34421858697952407], "LICUV": [0.5770657597508502, 0.325174908407279, 0.26701333874606387, 0.290764646975968, 0.30424050485833354], "NAMFIS": [0.3819496169634373, 0.22743895759764712, 0.23939511194956326, 0.2321671855037572, 0.23216718544581716]}, "rmsd_stepwise": {"best": 0.1452227777327434, "random": [0.40430011108273883, 0.3540857832149977, 0.32188256029559204, 0.34098098881255856, 0.30371266491600235], "low_energy": [0.537446067863622, 0.371023746800195, 0.36638494924666704, 0.371023746800195, 0.27146473702541163], "LICUV": [0.2522177493822516, 0.11380564194244083, 0.1030567302759622, 0.3456627816538681, 0.34785549913126584], "NAMFIS": [0.3338438619144151, 0.32406895817892284, 0.2347412368457278, 0.0842000900974209, 0.0842000900974209]}, "mae": {"best": 0.2574185292474155, "random": [0.5034675971392926, 0.3833596807941737, 0.3445005508169041, 0.29709516139460146, 0.28307836590250235], "low_energy": [0.5468860675548683, 0.4204130698576785, 0.41224846759915174, 0.34637296997498745, 0.2558028933976827], "LICUV": [0.3338645520703545, 0.21319889794910007, 0.19015203445523982, 0.20182034519688621, 0.22145918285919144], "NAMFIS": [0.2699975128831533, 0.16714887360101527, 0.1705440736107781, 0.16176378351853915, 0.16176378346416814]}, "bundle-size": [1, 3, 5, 10, 30]}}