{"single": {"fulfil": {"best": 0.5416666666666666, "random": [0.2708333333333333, 0.3625, 0.38333333333333336, 0.3666666666666667, 0.3791666666666667], "low_energy": [0.16666666666666666, 0.0, 0.16666666666666666, 0.20833333333333334, 0.16666666666666666], "LICUV": [0.5416666666666666, 0.4583333333333333, 0.5, 0.5833333333333334, 0.5416666666666666], "NAMFIS": [0.5, 0.4583333333333333, 0.5, 0.5416666666666666, 0.5416666666666666]}, "rmsd": {"best": 0.30086261237383477, "random": [0.7017716624432855, 0.5411762065576098, 0.4845699792831996, 0.45372337852703104, 0.39879218527431537], "low_energy": [0.7572398551950283, 0.8369699380565035, 0.691527686168661, 0.5091369114194854, 0.48726710050079797], "LICUV": [0.45822202974316784, 0.3837392576854505, 0.46029256381672373, 0.3173700841188002, 0.3599054092610296], "NAMFIS": [0.30086261237383477, 0.3774468494844036, 0.37048319320354545, 0.3248146737202057, 0.3246785381817189]}, "rmsd_stepwise": {"best": 0.07502777263564915, "random": [0.18238385005631502, 0.17559116370919686, 0.1660707016488883, 0.18088620666653188, 0.1607945310983506], "low_energy": [0.18114220932736796, 0.2209826539195629, 0.20431797114628297, 0.2016494483007578, 0.2036643480500862], "LICUV": [0.07502777263564915, 0.1786873433309328, 0.18670386534116887, 0.1420973844469582, 0.16688319268278637], "NAMFIS": [0.12630980431726846, 0.14300349646075086, 0.14153915830374758, 0.1411707004539775, 0.1411707004539775]}, "mae": {"best": 0.22397610664367681, "random": [0.5078991912206012, 0.38839582781090654, 0.3484840534611661, 0.33066274442690435, 0.3026451767691274], "low_energy": [0.5914980232715604, 0.6852663499317647, 0.5561047678918825, 0.4238383356768541, 0.4050137066946156], "LICUV": [0.29339979132016486, 0.2863750743686831, 0.32174183507056847, 0.2028624907214491, 0.2312757436682682], "NAMFIS": [0.22397610664367681, 0.24861944885274823, 0.23940609975643445, 0.18309062011053645, 0.18305988390574188]}, "bundle-size": [1, 3, 5, 10, 30]}}