{"single": {"fulfil": {"best": 0.888235294117647, "random": [0.7817647058823529, 0.7958823529411765, 0.8270588235294116, 0.8488235294117648, 0.8617647058823531], "low_energy": [0.788235294117647, 0.8529411764705882, 0.8470588235294118, 0.8529411764705882, 0.8647058823529412], "LICUV": [0.888235294117647, 0.8823529411764706, 0.9058823529411765, 0.9, 0.8941176470588236], "NAMFIS": [0.8529411764705882, 0.8588235294117647, 0.8647058823529412, 0.8764705882352941, 0.8764705882352941]}, "rmsd": {"best": 0.9543214390318184, "random": [1.6942499809457394, 1.3369074938144136, 1.1756073203182458, 1.0001403354608471, 0.9753797264014882], "low_energy": [1.5241944418445732, 1.258868786602239, 1.0088331786410099, 0.9669200332733772, 0.9268550681225559], "LICUV": [1.0452125201746063, 0.8720198721988895, 0.8746775251577322, 0.8830315881355982, 0.8522668450175025], "NAMFIS": [1.0482714779344982, 0.8588125569046617, 0.8800462488072245, 0.8744876754368424, 0.8744876754369975]}, "rmsd_stepwise": {"best": 0.43325036913191556, "random": [0.6545265670474656, 0.6456984192554893, 0.5805434840465065, 0.534181293379554, 0.5058430838960024], "low_energy": [0.6518751233714845, 0.527312832699349, 0.5414034051045702, 0.527312832699349, 0.4979369201722123], "LICUV": [0.43325036913191556, 0.45755102576266893, 0.38615754176090294, 0.40518695757419837, 0.42336189497597326], "NAMFIS": [0.5082264432780518, 0.5063711728622418, 0.49127684779202707, 0.47372118878712005, 0.47372118878712005]}, "mae": {"best": 0.6891358852386473, "random": [1.0458181304090162, 0.9128595260445544, 0.84805020023928, 0.8076205826449243, 0.7986928807725732], "low_energy": [0.9930453475783849, 0.8211141473024113, 0.7540381523422642, 0.7332686589991166, 0.7358327739434157], "LICUV": [0.7148865391226376, 0.6591442344575466, 0.6721189595496441, 0.7098718127476734, 0.7011747675972755], "NAMFIS": [0.7327498688417321, 0.6719768525606132, 0.7005984740816924, 0.7005568795766218, 0.7005568795674038]}, "bundle-size": [1, 3, 5, 10, 30]}}