{"single": {"fulfil": {"best": 0.7586206896551724, "random": [0.5758620689655173, 0.6310344827586207, 0.6172413793103448, 0.6379310344827586, 0.6172413793103447], "low_energy": [0.41379310344827586, 0.4827586206896552, 0.6206896551724138, 0.6551724137931034, 0.6206896551724138], "LICUV": [0.7586206896551724, 0.7586206896551724, 0.7931034482758621, 0.8275862068965517, 0.7241379310344828], "NAMFIS": [0.6206896551724138, 0.7931034482758621, 0.8620689655172413, 0.8620689655172413, 0.8620689655172413]}, "rmsd": {"best": 0.3792698692665725, "random": [0.6601430903273585, 0.5455917342208675, 0.4981604324669172, 0.456039653603115, 0.41652200645404597], "low_energy": [0.7666136738421251, 0.672933077512267, 0.5575968031309492, 0.451282619650642, 0.43700120414108656], "LICUV": [0.4667368079602676, 0.36292024536407586, 0.36662504944977475, 0.2996960369901437, 0.30056105511325826], "NAMFIS": [0.3792698692665725, 0.3193498489269609, 0.2931992608587422, 0.26398500141582476, 0.2639850013750395]}, "rmsd_stepwise": {"best": 0.16178956106302264, "random": [0.4180692179354549, 0.36732779858280795, 0.35416839799979094, 0.3107910783875391, 0.3659715904278183], "low_energy": [0.445819663556682, 0.4920961498423405, 0.36339870760592313, 0.3670619603808337, 0.37126531084183295], "LICUV": [0.34953170642032383, 0.14621665549733923, 0.1409206183979306, 0.12873388750870318, 0.16098832684176315], "NAMFIS": [0.36473892410684755, 0.25910988216292097, 0.2500275846850669, 0.25317296799646277, 0.25317296799646277]}, "mae": {"best": 0.2980720605521365, "random": [0.4810012545256779, 0.37973961186725463, 0.37210875332817417, 0.3458247092134748, 0.3254774557347249], "low_energy": [0.6006944432751884, 0.5019237000863257, 0.3952609863408297, 0.3479933452957384, 0.34598510968113305], "LICUV": [0.323267194484842, 0.26294156230699184, 0.2620248406781282, 0.232355802793687, 0.2327549061263214], "NAMFIS": [0.2980720605521365, 0.2542001205420104, 0.23999518516606738, 0.2193790106936271, 0.21937901065912666]}, "bundle-size": [1, 3, 5, 10, 30]}}