{"single": {"stat": {"0": "MAE", "1": "MSE", "2": "RMSD", "3": "RMSD_step", "4": "pearsonr", "5": "kendalltau", "6": "chisq", "7": "percentage_fulfilled"}, "value": {"0": 0.4808951565507503, "1": 0.2118642850869685, "2": 0.893306701936269, "3": 0.4765818214725983, "4": 0.3980881459539154, "5": 0.4246835929130566, "6": -5.10719528474387, "7": 0.5581395348837209}, "up": {"0": 0.7383092294326373, "1": 0.37415170483377613, "2": 1.3605824196242386, "3": 0.6422628507152313, "4": 0.704523354261953, "5": 0.5787675003959526, "6": 7.85401157215609, "7": 0.0}, "low": {"0": 0.29406258442504246, "1": 0.061711708321677126, "2": 0.41992236545207523, "3": 0.25177878009740956, "4": 0.25500919995192944, "5": 0.2539859604076041, "6": 0.0, "7": 0.0}}}