{"minimum_sasa": 13.244006891250617, "minimum_psa": 9.634932670593248}