{"single": {"stat": {"0": "MAE", "1": "MSE", "2": "RMSD", "3": "RMSD_step", "4": "pearsonr", "5": "kendalltau", "6": "chisq", "7": "percentage_fulfilled"}, "value": {"0": 0.4808951565507503, "1": 0.2118642850869685, "2": 0.893306701936269, "3": 0.4765818214725983, "4": 0.3980881459539154, "5": 0.4246835929130566, "6": -5.10719528474387, "7": 0.5581395348837209}, "up": {"0": 0.7379374918854107, "1": 0.37291799717745105, "2": 1.3657838746148119, "3": 0.6405968328608055, "4": 0.7023717186333974, "5": 0.5750323757490411, "6": 7.95929501162708, "7": 0.0}, "low": {"0": 0.29094331713074595, "1": 0.06215223623239032, "2": 0.4208323744975692, "3": 0.25022768701386916, "4": 0.2569559997480353, "5": 0.2558548461862781, "6": 0.0, "7": 0.0}}}