{"single": {"stat": {"0": "MAE", "1": "MSE", "2": "RMSD", "3": "RMSD_step", "4": "pearsonr", "5": "kendalltau", "6": "chisq", "7": "percentage_fulfilled"}, "value": {"0": 0.3298796655111532, "1": 0.09168277883411731, "2": 0.49645101295689376, "3": 0.15555344740634966, "4": 0.5589549611829709, "5": 0.38289285114390637, "6": 2.912875906921273, "7": 0.53125}, "up": {"0": 0.4641703543206363, "1": 0.26637830515089034, "2": 0.6443830038570778, "3": 0.20337158087585003, "4": 0.808316049512402, "5": 0.634643774577931, "6": 5.179933538772312, "7": 0.0}, "low": {"0": 0.20576295577086218, "1": 0.0, "2": 0.3306178818691055, "3": 0.10322911411031291, "4": 0.22018195435808016, "5": 0.08235069874807996, "6": 1.207512006463639, "7": 0.0}}}