{"single": {"stat": {"0": "MAE", "1": "MSE", "2": "RMSD", "3": "RMSD_step", "4": "pearsonr", "5": "kendalltau", "6": "chisq", "7": "percentage_fulfilled"}, "value": {"0": 0.3298796655111532, "1": 0.09168277883411731, "2": 0.49645101295689376, "3": 0.15555344740634966, "4": 0.5589549611829709, "5": 0.38289285114390637, "6": 2.912875906921273, "7": 0.53125}, "up": {"0": 0.4650017379091423, "1": 0.26400574513715364, "2": 0.6433535401150157, "3": 0.2033786876470556, "4": 0.8035806260266118, "5": 0.6341519085530986, "6": 5.1762666105840305, "7": 0.0}, "low": {"0": 0.206395391448748, "1": 0.0, "2": 0.33443421928863903, "3": 0.10363698664087062, "4": 0.22432110718817855, "5": 0.08465840727799427, "6": 1.1806908446553683, "7": 0.0}}}