{"single": {"stat": {"0": "MAE", "1": "MSE", "2": "RMSD", "3": "RMSD_step", "4": "pearsonr", "5": "kendalltau", "6": "chisq", "7": "percentage_fulfilled"}, "value": {"0": 0.4808951565507503, "1": 0.2118642850869685, "2": 0.893306701936269, "3": 0.4765818214725983, "4": 0.3980881459539154, "5": 0.4246835929130566, "6": -5.10719528474387, "7": 0.5581395348837209}, "up": {"0": 0.7377877695517897, "1": 0.37535230454696983, "2": 1.374856422461043, "3": 0.6481498239215181, "4": 0.704192844083473, "5": 0.5735463293037003, "6": 7.892642784539314, "7": 0.0}, "low": {"0": 0.29109001773470483, "1": 0.06300076339371748, "2": 0.42100043175812113, "3": 0.24885108055347196, "4": 0.2550074334991254, "5": 0.25725740120371654, "6": 0.0, "7": 0.0}, "most-populated-1": {"0": 0.7156608486175536, "1": 0.485251761369927, "2": 1.1523574617391348, "3": 0.4765818214725983, "4": NaN, "5": NaN, "6": NaN, "7": 0.5581395348837209}}}