{"single": {"stat": {"0": "MAE", "1": "MSE", "2": "RMSD", "3": "pearsonr", "4": "kendalltau", "5": "chisq", "6": "percentage_fulfilled"}, "value": {"0": 0.4808951565507503, "1": 0.2118642850869685, "2": 0.893306701936269, "3": 0.3980881459539154, "4": 0.4246835929130566, "5": -5.10719528474387, "6": 0.5581395348837209}, "up": {"0": 0.738735651222015, "1": 0.37413570815215214, "2": 1.3777279300914544, "3": 0.7035971484100028, "4": 0.5771284100344337, "5": 8.0173168745737, "6": 0.0}, "low": {"0": 0.29337421424829313, "1": 0.06223048313646162, "2": 0.42375163116122955, "3": 0.25381165337278905, "4": 0.25698974485069837, "5": 0.0, "6": 0.0}, "most-populated-1": {"0": 0.7156608486175536, "1": 0.485251761369927, "2": 1.1523574617391348, "3": NaN, "4": NaN, "5": NaN, "6": 0.5581395348837209}}}