{"56": {"0": {"Atom 1": "(13,)", "Atom 2": "(7, 8)", "NMR exp": [2.38, 2.51], "lower bound": 2.14, "upper bound": 2.54, "md": [3.3340208476381568, 3.25782999421451]}, "1": {"Atom 1": "(32,)", "Atom 2": "(13,)", "NMR exp": [3.12], "lower bound": 2.81, "upper bound": 3.43, "md": [4.55719296756759]}, "2": {"Atom 1": "(75,)", "Atom 2": "(92,)", "NMR exp": [2.17], "lower bound": 1.95, "upper bound": 2.39, "md": [2.7540006328150084]}, "3": {"Atom 1": "(127,)", "Atom 2": "(116,)", "NMR exp": [2.28], "lower bound": 2.06, "upper bound": 2.51, "md": [3.841532354533174]}, "4": {"Atom 1": "(127,)", "Atom 2": "(118,)", "NMR exp": [2.49], "lower bound": 2.24, "upper bound": 2.74, "md": [2.239733798036689]}, "5": {"Atom 1": "(127,)", "Atom 2": "(120, 121)", "NMR exp": [3.48], "lower bound": 3.13, "upper bound": 4.83, "md": [3.2867219059748902, 2.983916154515438]}, "6": {"Atom 1": "(146,)", "Atom 2": "(127,)", "NMR exp": [2.59], "lower bound": 2.33, "upper bound": 2.85, "md": [4.427984316859988]}, "7": {"Atom 1": "(146,)", "Atom 2": "(131,)", "NMR exp": [2.96], "lower bound": 2.67, "upper bound": 3.26, "md": [3.3735530033523435]}, "8": {"Atom 1": "(13,)", "Atom 2": "(15,)", "NMR exp": [2.22], "lower bound": 2.0, "upper bound": 2.44, "md": [2.806318895046706]}, "9": {"Atom 1": "(51,)", "Atom 2": "(55, 56)", "NMR exp": [2.42], "lower bound": 2.18, "upper bound": 3.66, "md": [2.5932718443902774, 2.735525042618369]}, "10": {"Atom 1": "(51,)", "Atom 2": "(58, 59)", "NMR exp": [2.68], "lower bound": 2.41, "upper bound": 3.95, "md": [2.630701318904496, 2.7071073516498654]}, "11": {"Atom 1": "(64,)", "Atom 2": "(53,)", "NMR exp": [3.88], "lower bound": 3.49, "upper bound": 4.27, "md": [4.137828671031697]}, "12": {"Atom 1": "(64,)", "Atom 2": "(55, 56)", "NMR exp": [3.5], "lower bound": 3.15, "upper bound": 4.85, "md": [3.101333032306998, 3.206666838057687]}, "13": {"Atom 1": "(64,)", "Atom 2": "(58, 59)", "NMR exp": [3.44], "lower bound": 3.1, "upper bound": 4.79, "md": [2.75198302707362, 2.73559122241393]}, "14": {"Atom 1": "(64,)", "Atom 2": "(61, 62)", "NMR exp": [3.03], "lower bound": 2.73, "upper bound": 4.34, "md": [2.6604189934548104, 2.6491740767568928]}, "15": {"Atom 1": "(53,)", "Atom 2": "(55, 56)", "NMR exp": [2.16], "lower bound": 1.94, "upper bound": 3.37, "md": [2.618421802551049, 2.5116070508250976]}, "16": {"Atom 1": "(53,)", "Atom 2": "(61, 62)", "NMR exp": [4.53], "lower bound": 4.07, "upper bound": 5.98, "md": [3.7106347394057027, 3.4072746992477563]}, "17": {"Atom 1": "(55, 56)", "Atom 2": "(58, 59)", "NMR exp": [2.51], "lower bound": 2.26, "upper bound": 4.76, "md": [2.903904227377936, 2.4646631297155643, 2.4976572023516863, 2.8918784471085037]}, "18": {"Atom 1": "(75,)", "Atom 2": "(79, 80)", "NMR exp": [2.98, 2.52], "lower bound": 2.27, "upper bound": 2.91, "md": [2.4686222689038337, 2.5915225274317217]}, "19": {"Atom 1": "(75,)", "Atom 2": "(82, 83)", "NMR exp": [2.69, 2.73], "lower bound": 2.42, "upper bound": 2.85, "md": [3.096695176932373, 3.1169874013063215]}, "20": {"Atom 1": "(77,)", "Atom 2": "(79, 80)", "NMR exp": [2.46, 2.7], "lower bound": 2.22, "upper bound": 2.7, "md": [2.478063669933199, 2.7458959977142174]}, "21": {"Atom 1": "(77,)", "Atom 2": "(82, 83)", "NMR exp": [2.55, 2.54], "lower bound": 2.29, "upper bound": 2.66, "md": [2.80968975463808, 2.8647600454458324]}, "22": {"Atom 1": "(92,)", "Atom 2": "(96, 97)", "NMR exp": [2.82], "lower bound": 2.54, "upper bound": 4.1, "md": [2.437300764192203, 2.8237601984658722]}, "23": {"Atom 1": "(92,)", "Atom 2": "(99, 100)", "NMR exp": [2.95], "lower bound": 2.66, "upper bound": 4.25, "md": [2.982852850248899, 2.87457632694783]}, "24": {"Atom 1": "(105,)", "Atom 2": "(94,)", "NMR exp": [3.1], "lower bound": 2.79, "upper bound": 3.41, "md": [3.9172895074156777]}, "25": {"Atom 1": "(105,)", "Atom 2": "(96, 97)", "NMR exp": [3.13], "lower bound": 2.82, "upper bound": 4.45, "md": [3.168476837133785, 3.067973025792398]}, "26": {"Atom 1": "(105,)", "Atom 2": "(99, 100)", "NMR exp": [3.17], "lower bound": 2.85, "upper bound": 4.49, "md": [2.7338231492777028, 2.742165309301438]}, "27": {"Atom 1": "(105,)", "Atom 2": "(102, 103)", "NMR exp": [3.05], "lower bound": 2.75, "upper bound": 4.36, "md": [2.6604902355656965, 2.659780388316431]}, "28": {"Atom 1": "(94,)", "Atom 2": "(96, 97)", "NMR exp": [2.16], "lower bound": 1.95, "upper bound": 3.38, "md": [2.6761280844726563, 2.614182580001257]}, "29": {"Atom 1": "(94,)", "Atom 2": "(102, 103)", "NMR exp": [2.83], "lower bound": 2.54, "upper bound": 4.11, "md": [3.0945798673270346, 2.981253531368658]}, "30": {"Atom 1": "(116,)", "Atom 2": "(120, 121)", "NMR exp": [2.91], "lower bound": 2.62, "upper bound": 4.2, "md": [2.641783508707039, 2.911143687345452]}, "31": {"Atom 1": "(118,)", "Atom 2": "(120, 121)", "NMR exp": [2.01], "lower bound": 1.81, "upper bound": 3.21, "md": [2.613172228057655, 2.55941149513921]}, "32": {"Atom 1": "(127,)", "Atom 2": "(129,)", "NMR exp": [2.72], "lower bound": 2.45, "upper bound": 2.99, "md": [2.93725460264509]}, "33": {"Atom 1": "(127,)", "Atom 2": "(131,)", "NMR exp": [2.45], "lower bound": 2.21, "upper bound": 2.7, "md": [2.497736109967904]}, "34": {"Atom 1": "(127,)", "Atom 2": "(133, 134, 135)", "NMR exp": [2.96, 2.65], "lower bound": 2.39, "upper bound": 2.96, "md": [3.580305325627492, 3.586184999341632, 3.5868950305967133]}, "35": {"Atom 1": "(129,)", "Atom 2": "(133, 134, 135)", "NMR exp": [2.52, 2.5], "lower bound": 2.25, "upper bound": 2.62, "md": [2.9458608099346044, 2.9450818185569636, 2.9474071101938515]}, "36": {"Atom 1": "(131,)", "Atom 2": "(133, 134, 135)", "NMR exp": [2.58, 3.21], "lower bound": 2.32, "upper bound": 3.08, "md": [2.556399304772552, 2.5558304673265937, 2.555319283368151]}, "37": {"Atom 1": "(131,)", "Atom 2": "(137, 138)", "NMR exp": [2.47], "lower bound": 2.23, "upper bound": 3.72, "md": [2.690937945970563, 2.5086228297968085]}, "38": {"Atom 1": "(131,)", "Atom 2": "(140, 141, 142)", "NMR exp": [3.0], "lower bound": 2.7, "upper bound": 4.3, "md": [2.9682829020868193, 2.9689674315299523, 2.9702143374712913]}, "39": {"Atom 1": "(133, 134, 135)", "Atom 2": "(133, 134, 135)", "NMR exp": [1.75], "lower bound": 1.57, "upper bound": 1.93, "md": [1.7593539392735664, 1.7594764967139493, 1.7593539392735664, 1.7593487262549785, 1.7594764967139493, 1.7593487262549785]}, "40": {"Atom 1": "(146,)", "Atom 2": "(148,)", "NMR exp": [2.59], "lower bound": 2.33, "upper bound": 2.85, "md": [2.943146441077139]}, "41": {"Atom 1": "(146,)", "Atom 2": "(150, 151)", "NMR exp": [2.84, 2.59], "lower bound": 2.33, "upper bound": 2.86, "md": [2.404128303158795, 3.522128286978838]}, "42": {"Atom 1": "(148,)", "Atom 2": "(150, 151)", "NMR exp": [-2.05], "lower bound": 1.84, "upper bound": 3.25, "md": [2.9898369874893675, 2.5117857703758593]}}}