{"single": {"fulfil": {"best": 0.68, "random": [0.45600000000000007, 0.38, 0.352, 0.292, 0.25200000000000006], "low_energy": [0.48, 0.28, 0.36, 0.24, 0.2], "LICUV": [0.68, 0.56, 0.48, 0.32, 0.28], "NAMFIS": [0.48, 0.52, 0.56, 0.48, 0.48]}, "rmsd": {"best": 0.25698116596218085, "random": [0.6264677219568611, 0.5321569836026738, 0.4621773250059188, 0.44831609236188996, 0.4535724640379282], "low_energy": [0.6333874436339128, 0.4929259733483866, 0.4529704718133717, 0.47805492803117294, 0.48713637208927196], "LICUV": [0.5456260701239547, 0.2904861068514523, 0.30549953937712576, 0.4419946362692779, 0.40398021485726626], "NAMFIS": [0.25698116596218085, 0.289208785090885, 0.30456390710212733, 0.3136190641461286, 0.3136190643530937]}, "mae": {"best": 0.20254629173278807, "random": [0.4119422631645202, 0.36928658880719345, 0.3431272842912022, 0.3473911479071371, 0.3668010711735391], "low_energy": [0.382136929321289, 0.3575384315946287, 0.32786410255540943, 0.3688735906612819, 0.3746975550366678], "LICUV": [0.317737425994873, 0.21860799961316027, 0.2252974249022337, 0.3123718858325294, 0.3085316386764791], "NAMFIS": [0.20254629173278807, 0.2160721539315793, 0.22287186511912857, 0.23199122490766427, 0.2319912251066112]}, "bundle-size": [1, 3, 5, 10, 30]}}