{"single": {"fulfil": {"best": 0.44, "random": [0.3, 0.3, 0.312, 0.31600000000000006, 0.32799999999999996], "low_energy": [0.32, 0.32, 0.32, 0.32, 0.32], "LICUV": [0.44, 0.44, 0.4, 0.36, 0.36], "NAMFIS": [0.32, 0.36, 0.36, 0.36, 0.36]}, "rmsd": {"best": 0.41550599423636664, "random": [0.6685638311649293, 0.668683837869111, 0.5908628337704279, 0.6021231630252826, 0.6046998790481684], "low_energy": [0.49414007860084325, 0.5656729503509493, 0.5448305393642496, 0.5521682941129111, 0.5536855927492431], "LICUV": [0.5453029648399674, 0.5735951081060021, 0.5478258909530392, 0.570031282810293, 0.560712638158641], "NAMFIS": [0.41550599423636664, 0.4448327342654862, 0.4448327342659126, 0.4448327342688864, 0.44483273427704034]}, "mae": {"best": 0.353411309814453, "random": [0.49618604866027816, 0.5055609257464738, 0.4597485638618359, 0.47009356113250345, 0.4741352444006762], "low_energy": [0.397870058441162, 0.4398682464510289, 0.4275422069564632, 0.42546498383973363, 0.4341924587354821], "LICUV": [0.39917061080932614, 0.43520314363017343, 0.41596591648634573, 0.43559666388125073, 0.4318744536424247], "NAMFIS": [0.353411309814453, 0.3556224731816029, 0.3556224731839713, 0.3556224731860093, 0.3556224731886224]}, "bundle-size": [1, 3, 5, 10, 30]}}