{"single": {"fulfil": {"best": 0.68, "random": [0.44399999999999995, 0.41200000000000003, 0.352, 0.2920000000000001, 0.26000000000000006], "low_energy": [0.48, 0.28, 0.36, 0.24, 0.2], "LICUV": [0.68, 0.56, 0.48, 0.32, 0.28], "NAMFIS": [0.48, 0.52, 0.56, 0.48, 0.48]}, "rmsd": {"best": 0.25698116596218085, "random": [0.5568206761855135, 0.44533190374947135, 0.48725476261714384, 0.43250541410999743, 0.47872716951771854], "low_energy": [0.6333874436339128, 0.4929259733483866, 0.4529704718133717, 0.47805492803117294, 0.48713637208927196], "LICUV": [0.5456260701239547, 0.2904861068514523, 0.30549953937712576, 0.4419946362692779, 0.40398021485726626], "NAMFIS": [0.25698116596218085, 0.28919974425573813, 0.30452446147313816, 0.313600103805056, 0.31360010382335407]}, "rmsd_stepwise": {"best": 0.10547037498748169, "random": [0.157511036330598, 0.17894811793036708, 0.1982906665086823, 0.2066712470668727, 0.213989996073229], "low_energy": [0.18853116453255142, 0.19366982212001949, 0.16959952830123082, 0.21226398658274553, 0.2214678306210633], "LICUV": [0.12715345060201858, 0.16351146748775752, 0.17189531698100438, 0.2140934375453857, 0.21637929660667624], "NAMFIS": [0.15100993344810135, 0.13706932552544351, 0.1555763478167552, 0.1760340876080539, 0.1760340876080539]}, "mae": {"best": 0.20254629173278807, "random": [0.36930191600799556, 0.3240664768090552, 0.36226573481649255, 0.3434489694320827, 0.37615976759786574], "low_energy": [0.382136929321289, 0.3575384315946287, 0.32786410255540943, 0.3688735906612819, 0.3746975550366678], "LICUV": [0.317737425994873, 0.21860799961316027, 0.2252974249022337, 0.3123718858325294, 0.3085316386764791], "NAMFIS": [0.20254629173278807, 0.21605393636996872, 0.22282565598730186, 0.2319635832851668, 0.23196358330014036]}, "bundle-size": [1, 3, 5, 10, 30]}}