{"single": {"fulfil": {"best": 0.68, "random": [0.4800000000000001, 0.4, 0.33599999999999997, 0.30000000000000004, 0.248], "low_energy": [0.48, 0.28, 0.36, 0.24, 0.2], "LICUV": [0.68, 0.56, 0.48, 0.32, 0.28], "NAMFIS": [0.48, 0.52, 0.56, 0.48, 0.48]}, "rmsd": {"best": 0.25698116596218085, "random": [0.6243449426914266, 0.5268805472611536, 0.4358331175847412, 0.4432937166537971, 0.45436623404734017], "low_energy": [0.6333874436339128, 0.4929259733483866, 0.4529704718133717, 0.47805492803117294, 0.48713637208927196], "LICUV": [0.5456260701239547, 0.2904861068514523, 0.30549953937712576, 0.4419946362692779, 0.40398021485726626], "NAMFIS": [0.25698116596218085, 0.28921356380654356, 0.30456582746777155, 0.3136184501476787, 0.31361845021494383]}, "mae": {"best": 0.20254629173278807, "random": [0.4054259796524048, 0.3692038962523493, 0.3386308142398728, 0.34453606912642903, 0.3625516749235972], "low_energy": [0.382136929321289, 0.3575384315946287, 0.32786410255540943, 0.3688735906612819, 0.3746975550366678], "LICUV": [0.317737425994873, 0.21860799961316027, 0.2252974249022337, 0.3123718858325294, 0.3085316386764791], "NAMFIS": [0.20254629173278807, 0.2160724522011941, 0.22286561480150247, 0.2320008322030275, 0.23200083225874607]}, "bundle-size": [1, 3, 5, 10, 30]}}