{"minimum_sasa": 7.942696571350098, "minimum_psa": 5.541828155517578}