{"single": {"fulfil": {"best": 0.35, "random": [0.24000000000000005, 0.26, 0.24, 0.275, 0.26999999999999996], "low_energy": [0.2, 0.25, 0.25, 0.25, 0.25], "LICUV": [0.35, 0.35, 0.35, 0.35, 0.3], "NAMFIS": [0.35, 0.35, 0.35, 0.35, 0.35]}, "rmsd": {"best": 0.8131917342544661, "random": [1.14075847330111, 0.9874107545334165, 1.0036729937878883, 0.9627478400335757, 0.9486702904399333], "low_energy": [1.194859557751334, 1.1911418240655385, 1.2021811621407272, 1.0740657980589956, 1.0142918042327502], "LICUV": [1.045800203924738, 0.9221661657152254, 0.8973916511251407, 0.8992203877335632, 0.9376660669519187], "NAMFIS": [0.8131917342544661, 0.7368197993682737, 0.736819799368219, 0.736819799367966, 0.7368197993676594]}, "mae": {"best": 0.6185759091377256, "random": [0.8678015665054319, 0.7599624416508688, 0.7704704666146125, 0.7359147520161582, 0.7198795229468382], "low_energy": [0.9501140360832212, 0.9142359772036723, 0.9306245333444514, 0.8282608537883416, 0.7595835125492256], "LICUV": [0.7731624779701232, 0.7072350223853265, 0.6892290513782381, 0.6599529891044007, 0.6944275717191161], "NAMFIS": [0.6185759091377256, 0.5512783920658879, 0.5512783920658654, 0.5512783920657588, 0.5512783920654085]}, "bundle-size": [1, 3, 5, 10, 30]}}