{"single": {"fulfil": {"best": 0.8, "random": [0.47000000000000003, 0.6599999999999999, 0.66, 0.73, 0.7649999999999999], "low_energy": [0.6, 0.8, 0.8, 0.75, 0.7], "LICUV": [0.8, 0.7, 0.65, 0.75, 0.8], "NAMFIS": [0.6, 0.85, 0.75, 0.9, 0.9]}, "rmsd": {"best": 0.3143857054750914, "random": [0.7873611343318405, 0.44243828257428247, 0.3345833282888345, 0.3111255684167607, 0.2546127988000534], "low_energy": [0.5394592367874829, 0.3504772786586525, 0.3143460782178443, 0.3216450144767155, 0.2725025773453934], "LICUV": [0.33161542281009504, 0.3047092266428844, 0.29235740737358995, 0.33757502993636623, 0.2643598683676672], "NAMFIS": [0.44373913032248946, 0.21590296999122185, 0.2285532997022787, 0.22077563996977578, 0.22077563996972663]}, "rmsd_stepwise": {"best": 0.12592160259463026, "random": [0.2623815253546756, 0.16616013421523773, 0.154072522093306, 0.1394998012000513, 0.12240091503034838], "low_energy": [0.19087954316793618, 0.17263762625800905, 0.13404756618454516, 0.148353463053614, 0.14657762448614053], "LICUV": [0.12592160259463026, 0.14751271131668625, 0.15938946012832847, 0.13740451229854142, 0.12343014218577252], "NAMFIS": [0.20852457888699844, 0.09947361459201129, 0.14119578605610017, 0.07134423592694787, 0.07134423592694787]}, "mae": {"best": 0.24188163232803322, "random": [0.5491973045587539, 0.3253402583244701, 0.25813434085323694, 0.22854458358070992, 0.1855780209725792], "low_energy": [0.40112295246124263, 0.2588150510700987, 0.24863913368015603, 0.23360156466451415, 0.21560407543181775], "LICUV": [0.24188163232803322, 0.2470076886345852, 0.25475230388031805, 0.27254375526955055, 0.21668860553877273], "NAMFIS": [0.31618102121353137, 0.1856381879707903, 0.20185799664036191, 0.19163746724862096, 0.19163746724856906]}, "bundle-size": [1, 3, 5, 10, 30]}}