{"single": {"fulfil": {"best": 0.8, "random": [0.5499999999999999, 0.6249999999999999, 0.695, 0.7300000000000001, 0.77], "low_energy": [0.6, 0.8, 0.8, 0.75, 0.7], "LICUV": [0.8, 0.7, 0.65, 0.75, 0.8], "NAMFIS": [0.6, 0.85, 0.75, 0.9, 0.9]}, "rmsd": {"best": 0.3143857054750914, "random": [0.6470150791459238, 0.43980838815078016, 0.3176129840349874, 0.29297267598229937, 0.2612486458416281], "low_energy": [0.5394592367874829, 0.3504772786586525, 0.3143460782178443, 0.3216450144767155, 0.2725025773453934], "LICUV": [0.33161542281009504, 0.3047092266428844, 0.29235740737358995, 0.33757502993636623, 0.2643598683676672], "NAMFIS": [0.44373913032248946, 0.21590673553661746, 0.22856326355403944, 0.22080370145819012, 0.22080370145795788]}, "mae": {"best": 0.24188163232803322, "random": [0.4674392739772796, 0.33417056754713925, 0.2551477858603881, 0.2239797174472656, 0.18976611529996276], "low_energy": [0.40112295246124263, 0.2588150510700987, 0.24863913368015603, 0.23360156466451415, 0.21560407543181775], "LICUV": [0.24188163232803322, 0.2470076886345852, 0.25475230388031805, 0.27254375526955055, 0.21668860553877273], "NAMFIS": [0.31618102121353137, 0.18563427721496992, 0.2018619061060123, 0.1916173907617074, 0.19161739076138912]}, "bundle-size": [1, 3, 5, 10, 30]}}