{"minimum_sasa": 5.78628396987915, "minimum_psa": 3.9831910133361816}